timestamp,open,high,low,close,volume
2024-11-22 07:00:00+01:00,461.6,999.9,461.6,503.7,112.9191
2024-11-22 13:00:00+01:00,502.5,520.0,485.2,488.0,109.5555
2024-11-22 19:00:00+01:00,490.0,520.0,485.0,511.3,208.1929
2024-11-23 01:00:00+01:00,513.4,535.0,505.3,517.0,94.9469
2024-11-23 07:00:00+01:00,519.1,540.4,518.3,521.5,387.5341
2024-11-23 13:00:00+01:00,523.7,547.0,504.7,521.7,392.8482
2024-11-23 19:00:00+01:00,519.4,539.4,498.1,518.1,497.0415
2024-11-24 01:00:00+01:00,525.3,547.9,525.3,537.3,185.2144
2024-11-24 07:00:00+01:00,542.0,553.0,512.4,512.4,292.5683
2024-11-24 13:00:00+01:00,512.4,522.3,486.9,499.5,398.9811
2024-11-24 19:00:00+01:00,500.0,528.5,499.4,526.3,140.5395
2024-11-25 01:00:00+01:00,528.8,539.9,514.0,533.9,635.4692
2024-11-25 07:00:00+01:00,535.0,540.9,513.9,524.9,124.6681
2024-11-25 13:00:00+01:00,524.5,540.0,493.1,514.1,356.4274
2024-11-25 19:00:00+01:00,512.6,566.3,510.4,547.1,837.7773
2024-11-26 01:00:00+01:00,547.8,574.1,542.8,570.5,233.4282
2024-11-26 07:00:00+01:00,565.0,565.3,503.4,518.0,861.1197
2024-11-26 13:00:00+01:00,514.7,542.4,509.1,533.2,237.2657
2024-11-26 19:00:00+01:00,534.5,573.1,518.0,558.9,335.1993
2024-11-27 01:00:00+01:00,556.8,570.8,515.0,541.8,210.7529
2024-11-27 07:00:00+01:00,543.0,578.1,542.7,572.2,211.0359
2024-11-27 13:00:00+01:00,571.9,594.0,559.4,580.2,298.9222
2024-11-27 19:00:00+01:00,579.1,589.2,559.6,562.2,399.0626
2024-11-28 01:00:00+01:00,561.8,580.7,555.3,580.7,104.8856
2024-11-28 07:00:00+01:00,573.8,581.9,550.0,566.3,178.2543
2024-11-28 13:00:00+01:00,570.5,591.4,551.5,579.5,263.969
2024-11-28 19:00:00+01:00,576.3,616.0,576.3,595.3,485.6785
2024-11-29 01:00:00+01:00,597.1,620.2,584.3,615.7,287.2218
2024-11-29 07:00:00+01:00,617.8,641.6,604.0,623.5,503.0345
2024-11-29 13:00:00+01:00,625.9,672.0,610.9,627.9,700.1899
2024-11-29 19:00:00+01:00,626.5,627.5,611.1,619.0,1195.1707
2024-11-30 01:00:00+01:00,616.5,621.7,609.6,619.4,375.2662
2024-11-30 07:00:00+01:00,619.4,631.7,609.2,622.1,428.1158
2024-11-30 13:00:00+01:00,629.5,685.1,628.2,664.1,1899.8268
2024-11-30 19:00:00+01:00,664.8,687.0,638.0,678.4,686.9836
2024-12-01 01:00:00+01:00,678.4,680.5,646.2,648.4,218.4412
2024-12-01 07:00:00+01:00,649.1,655.2,640.3,652.3,270.7107
2024-12-01 13:00:00+01:00,652.1,660.7,636.2,643.1,549.2697
2024-12-01 19:00:00+01:00,642.6,650.2,626.9,637.8,372.2336
2024-12-02 01:00:00+01:00,636.7,646.2,600.8,608.9,286.7355
2024-12-02 07:00:00+01:00,607.2,622.9,571.5,585.9,1015.9907
2024-12-02 13:00:00+01:00,586.0,612.3,565.0,567.8,1239.0257
2024-12-02 19:00:00+01:00,568.1,608.2,568.0,607.5,813.2655
2024-12-03 01:00:00+01:00,606.5,619.0,590.5,612.1,418.6974
2024-12-03 07:00:00+01:00,614.5,629.7,598.1,615.3,506.8744
2024-12-03 13:00:00+01:00,614.7,615.3,567.1,602.9,1000.8324
2024-12-03 19:00:00+01:00,602.9,624.8,596.0,619.6,622.0437
2024-12-04 01:00:00+01:00,621.2,667.0,617.8,660.3,406.6394
2024-12-04 07:00:00+01:00,659.4,728.5,600.0,695.4,1380.628
2024-12-04 13:00:00+01:00,695.3,706.4,661.3,674.4,879.2684
2024-12-04 19:00:00+01:00,674.4,688.9,644.0,657.0,628.2004
2024-12-05 01:00:00+01:00,657.4,688.9,624.7,665.0,546.7692
2024-12-05 07:00:00+01:00,665.0,680.4,656.1,676.9,615.6835
2024-12-05 13:00:00+01:00,677.6,723.8,674.4,712.5,1009.5932
2024-12-05 19:00:00+01:00,716.0,724.9,650.1,681.5,4021.5622
2024-12-06 01:00:00+01:00,678.5,748.8,673.1,726.7,1001.5508
2024-12-06 07:00:00+01:00,727.0,745.9,702.0,727.6,1043.0978
2024-12-06 13:00:00+01:00,727.8,743.4,700.0,726.2,560.8979
2024-12-06 19:00:00+01:00,724.4,726.9,700.4,703.9,715.1513
2024-12-07 01:00:00+01:00,707.8,720.0,699.0,713.6,214.842
2024-12-07 07:00:00+01:00,710.4,719.4,692.9,701.9,668.8016
2024-12-07 13:00:00+01:00,703.0,708.3,686.6,688.1,362.0071
2024-12-07 19:00:00+01:00,688.3,705.4,688.3,699.0,223.3155
2024-12-08 01:00:00+01:00,700.0,710.0,682.2,684.0,147.1164
2024-12-08 07:00:00+01:00,683.8,698.3,676.1,690.2,1550.8898
2024-12-08 13:00:00+01:00,689.1,704.0,685.3,701.0,1043.606
2024-12-08 19:00:00+01:00,701.5,716.5,686.4,713.9,602.2794
2024-12-09 01:00:00+01:00,712.0,714.6,664.7,681.5,1674.725
2024-12-09 07:00:00+01:00,682.2,682.2,650.1,652.0,913.0795
2024-12-09 13:00:00+01:00,651.5,737.0,642.0,649.6,1411.1704
2024-12-09 19:00:00+01:00,649.6,654.1,402.0,602.4,3312.6528
2024-12-10 01:00:00+01:00,597.6,613.7,551.3,585.4,850.9542
2024-12-10 07:00:00+01:00,585.4,606.8,574.0,590.5,855.085
2024-12-10 13:00:00+01:00,590.0,590.0,529.9,533.1,1755.7247
2024-12-10 19:00:00+01:00,534.3,589.0,530.2,575.6,828.8013
2024-12-11 01:00:00+01:00,574.1,576.2,551.4,570.6,398.4278
2024-12-11 07:00:00+01:00,570.2,590.0,568.0,576.8,386.7755
2024-12-11 13:00:00+01:00,576.8,620.5,576.8,602.1,1332.6414
2024-12-11 19:00:00+01:00,602.8,614.0,599.3,601.9,377.1187
2024-12-12 01:00:00+01:00,601.6,645.0,600.0,626.6,653.5132
2024-12-12 07:00:00+01:00,627.7,635.1,605.6,607.7,3175.3804
2024-12-12 13:00:00+01:00,608.9,624.5,599.7,614.3,603.632
2024-12-12 19:00:00+01:00,613.8,616.2,566.4,577.9,1172.8108
2024-12-13 01:00:00+01:00,577.0,584.0,567.5,574.2,1130.697
2024-12-13 07:00:00+01:00,573.7,580.0,562.3,573.9,1235.5108
2024-12-13 13:00:00+01:00,575.2,591.8,569.1,574.2,1990.0751
2024-12-13 19:00:00+01:00,571.5,578.7,565.1,578.3,975.1969
2024-12-14 01:00:00+01:00,577.1,587.5,571.5,580.0,204.4074
2024-12-14 07:00:00+01:00,581.0,587.0,576.2,578.8,320.3907
2024-12-14 13:00:00+01:00,579.5,580.0,540.7,543.0,735.7474
2024-12-14 19:00:00+01:00,542.7,563.9,538.3,560.6,970.9184
2024-12-15 01:00:00+01:00,560.3,566.3,552.2,556.6,182.3386
2024-12-15 07:00:00+01:00,557.7,559.8,540.0,559.0,324.1346
2024-12-15 13:00:00+01:00,558.6,574.4,556.2,566.9,450.2662
2024-12-15 19:00:00+01:00,566.0,576.6,546.6,571.8,783.6019
2024-12-16 01:00:00+01:00,574.5,585.4,555.2,563.9,509.8012
2024-12-16 07:00:00+01:00,566.3,568.4,535.0,536.7,835.9154
2024-12-16 13:00:00+01:00,535.7,555.4,535.6,550.7,1077.8902
2024-12-16 19:00:00+01:00,551.4,559.4,538.4,541.5,717.7391
2024-12-17 01:00:00+01:00,541.7,541.7,528.3,535.0,985.745
2024-12-17 07:00:00+01:00,534.6,539.9,524.3,536.5,1148.6659
2024-12-17 13:00:00+01:00,536.6,544.1,519.1,537.9,1290.8597
2024-12-17 19:00:00+01:00,537.0,538.9,509.6,518.6,1130.5656
2024-12-18 01:00:00+01:00,519.6,530.7,508.1,517.0,380.8067
2024-12-18 07:00:00+01:00,516.2,538.3,511.5,526.6,785.6267
2024-12-18 13:00:00+01:00,526.7,535.0,516.3,529.6,891.615
2024-12-18 19:00:00+01:00,529.1,537.4,480.0,500.2,2252.1315
2024-12-19 01:00:00+01:00,499.3,505.4,452.0,496.0,3183.534
2024-12-19 07:00:00+01:00,495.9,500.0,484.3,489.2,2129.5486
2024-12-19 13:00:00+01:00,490.6,494.4,440.8,455.3,5143.4653
2024-12-19 19:00:00+01:00,454.2,489.9,432.0,447.0,4566.543
2024-12-20 01:00:00+01:00,447.5,470.0,439.3,450.6,2206.1638
2024-12-20 07:00:00+01:00,450.3,455.9,399.0,401.7,3823.3876
2024-12-20 13:00:00+01:00,400.8,474.4,399.9,473.3,3435.7491
2024-12-20 19:00:00+01:00,473.1,480.4,458.8,472.9,1222.7963
2024-12-21 01:00:00+01:00,472.1,498.0,472.1,497.9,477.7149
2024-12-21 07:00:00+01:00,497.9,508.0,481.4,487.4,793.3672
2024-12-21 13:00:00+01:00,487.8,487.8,451.1,462.7,950.2111
2024-12-21 19:00:00+01:00,461.8,463.8,441.0,454.7,786.7006
2024-12-22 01:00:00+01:00,455.0,460.0,441.4,449.4,349.3794
2024-12-22 07:00:00+01:00,448.0,472.8,447.9,464.9,430.2937
2024-12-22 13:00:00+01:00,464.4,470.2,449.1,459.2,441.034
2024-12-22 19:00:00+01:00,459.9,461.8,439.2,449.7,670.3289
2024-12-23 01:00:00+01:00,449.5,467.2,440.0,458.2,368.1904
2024-12-23 07:00:00+01:00,459.0,464.3,448.4,455.7,408.4929
2024-12-23 13:00:00+01:00,456.3,463.7,442.1,455.0,650.6822
2024-12-23 19:00:00+01:00,454.6,505.0,450.5,483.9,3110.3931
2024-12-24 01:00:00+01:00,483.9,498.2,475.4,498.2,578.0682
2024-12-24 07:00:00+01:00,498.4,502.8,485.8,494.2,708.6432
2024-12-24 13:00:00+01:00,494.2,521.0,488.4,497.3,1045.8296
2024-12-24 19:00:00+01:00,497.8,504.1,485.6,504.0,633.0272
2024-12-25 01:00:00+01:00,502.9,506.4,497.5,505.3,223.9872
2024-12-25 07:00:00+01:00,506.7,513.1,494.7,500.4,838.1651
2024-12-25 13:00:00+01:00,499.7,521.2,494.7,504.2,1459.1406
2024-12-25 19:00:00+01:00,505.6,506.7,490.5,499.6,583.1142
2024-12-26 01:00:00+01:00,501.7,504.5,478.0,482.8,1116.1537
2024-12-26 07:00:00+01:00,481.7,484.2,469.7,477.3,830.5193
2024-12-26 13:00:00+01:00,477.7,478.8,464.5,469.5,839.7714
2024-12-26 19:00:00+01:00,468.9,475.7,463.8,471.4,594.1686
2024-12-27 01:00:00+01:00,473.7,475.9,466.9,472.3,414.6151
2024-12-27 07:00:00+01:00,472.8,495.2,463.5,493.8,1179.4112
2024-12-27 13:00:00+01:00,494.9,494.9,465.6,479.9,862.9152
2024-12-27 19:00:00+01:00,480.0,482.0,462.6,467.5,599.9602
2024-12-28 01:00:00+01:00,468.4,470.4,462.8,466.5,86.0861
2024-12-28 07:00:00+01:00,465.5,468.3,458.1,467.6,397.5805
2024-12-28 13:00:00+01:00,466.9,475.7,461.8,470.1,717.7653
2024-12-28 19:00:00+01:00,470.1,475.3,466.0,471.0,471.1078
2024-12-29 01:00:00+01:00,471.3,473.0,464.5,467.6,133.9467
2024-12-29 07:00:00+01:00,467.9,470.5,464.2,467.5,251.1699
2024-12-29 13:00:00+01:00,467.3,468.8,450.6,455.6,1076.6793
2024-12-29 19:00:00+01:00,455.0,460.8,452.8,459.0,1643.2946
2024-12-30 01:00:00+01:00,458.1,474.6,456.4,468.9,420.5448
2024-12-30 07:00:00+01:00,470.0,478.8,459.6,464.8,713.2008
2024-12-30 13:00:00+01:00,464.6,473.1,441.0,457.0,1221.1553
2024-12-30 19:00:00+01:00,457.0,468.4,447.3,450.7,1004.1067
2024-12-31 01:00:00+01:00,449.0,450.9,435.6,438.7,482.7538
2024-12-31 07:00:00+01:00,439.0,449.7,438.3,444.0,590.97
2024-12-31 13:00:00+01:00,444.5,458.4,438.2,443.2,875.0409
2024-12-31 19:00:00+01:00,443.9,448.7,439.3,440.5,765.0608
2025-01-01 01:00:00+01:00,440.5,447.8,440.0,444.4,365.1653
2025-01-01 07:00:00+01:00,445.3,448.6,433.4,445.7,562.368
2025-01-01 13:00:00+01:00,445.1,452.2,440.8,452.1,691.9332
2025-01-01 19:00:00+01:00,452.4,489.9,450.6,488.7,1856.2249
2025-01-02 01:00:00+01:00,488.5,545.4,486.0,525.5,3334.9877
2025-01-02 07:00:00+01:00,525.9,531.0,507.4,521.0,3390.6307
2025-01-02 13:00:00+01:00,520.6,530.0,506.1,512.8,1666.9685
2025-01-02 19:00:00+01:00,512.6,525.1,508.5,521.7,1299.1158
2025-01-03 01:00:00+01:00,522.2,529.2,517.2,527.2,386.4918
2025-01-03 07:00:00+01:00,527.0,558.1,523.5,556.8,1801.302
2025-01-03 13:00:00+01:00,557.0,571.6,540.7,552.7,3202.8146
2025-01-03 19:00:00+01:00,553.1,565.7,547.9,552.5,1123.2363
2025-01-04 01:00:00+01:00,554.0,562.5,545.2,556.8,689.9659
2025-01-04 07:00:00+01:00,558.1,577.2,557.4,566.6,1048.3779
2025-01-04 13:00:00+01:00,565.9,586.4,554.5,561.3,1526.3412
2025-01-04 19:00:00+01:00,562.9,575.1,559.6,560.3,943.9021
2025-01-05 01:00:00+01:00,559.8,562.9,551.8,560.9,275.0291
2025-01-05 07:00:00+01:00,559.8,564.4,547.6,555.5,824.0909
2025-01-05 13:00:00+01:00,553.6,566.0,543.0,557.0,780.9044
2025-01-05 19:00:00+01:00,557.0,572.7,554.1,563.4,584.3169
2025-01-06 01:00:00+01:00,563.4,573.5,550.7,555.9,629.9736
2025-01-06 07:00:00+01:00,555.9,561.8,543.1,548.5,965.9413
2025-01-06 13:00:00+01:00,547.8,588.9,541.2,561.9,2513.542
2025-01-06 19:00:00+01:00,561.9,569.5,549.5,556.1,753.8278
2025-01-07 01:00:00+01:00,556.1,558.9,532.5,534.2,1063.5158
2025-01-07 07:00:00+01:00,534.6,543.5,532.0,536.1,635.0174
2025-01-07 13:00:00+01:00,534.9,540.3,512.0,515.3,2157.8661
2025-01-07 19:00:00+01:00,515.0,520.4,497.5,498.8,1722.4985
2025-01-08 01:00:00+01:00,499.7,501.8,470.1,471.1,969.3218
2025-01-08 07:00:00+01:00,472.4,482.6,455.2,469.3,2442.2206
2025-01-08 13:00:00+01:00,469.2,477.1,438.1,457.4,2758.2505
2025-01-08 19:00:00+01:00,456.5,474.1,450.7,468.3,1722.8897
2025-01-09 01:00:00+01:00,467.2,475.6,457.5,458.3,695.6946
2025-01-09 07:00:00+01:00,458.3,463.1,445.8,452.5,1386.1544
2025-01-09 13:00:00+01:00,452.5,468.2,435.0,447.8,1725.7021
2025-01-09 19:00:00+01:00,446.8,450.2,427.7,432.0,1907.4342
2025-01-10 01:00:00+01:00,434.4,444.2,426.6,437.0,840.8108
2025-01-10 07:00:00+01:00,437.4,478.1,437.2,447.5,2405.74
2025-01-10 13:00:00+01:00,447.1,448.5,420.1,445.7,3465.2649
2025-01-10 19:00:00+01:00,444.2,444.6,433.8,439.0,836.6805
2025-01-11 01:00:00+01:00,439.0,439.9,430.2,434.3,622.4504
2025-01-11 07:00:00+01:00,435.2,437.3,428.1,434.2,701.8198
2025-01-11 13:00:00+01:00,434.5,436.7,428.0,431.7,949.3589
2025-01-11 19:00:00+01:00,432.7,459.2,430.7,445.0,1916.909
2025-01-12 01:00:00+01:00,447.1,450.6,440.1,450.2,981.8759
2025-01-12 07:00:00+01:00,450.4,451.8,433.8,443.2,901.5942
2025-01-12 13:00:00+01:00,442.6,451.2,439.6,450.5,1919.4246
2025-01-12 19:00:00+01:00,450.7,451.7,435.7,443.9,1456.7526
2025-01-13 01:00:00+01:00,443.0,458.2,422.1,422.5,1700.6714
2025-01-13 07:00:00+01:00,422.6,425.0,392.1,393.4,4569.647
2025-01-13 13:00:00+01:00,393.4,416.1,383.6,399.1,4196.9261
2025-01-13 19:00:00+01:00,399.3,428.7,392.0,420.9,2852.0773
2025-01-14 01:00:00+01:00,420.3,428.0,416.8,420.2,636.1579
2025-01-14 07:00:00+01:00,420.7,433.3,417.5,420.2,3866.699
2025-01-14 13:00:00+01:00,420.6,427.2,410.2,414.4,4138.4433
2025-01-14 19:00:00+01:00,416.1,421.8,410.6,416.9,2936.2219
2025-01-15 01:00:00+01:00,416.9,422.5,411.8,415.6,1997.8401
2025-01-15 07:00:00+01:00,415.4,419.7,402.5,405.8,2561.3392
2025-01-15 13:00:00+01:00,405.8,448.7,402.2,440.0,7728.6449
2025-01-15 19:00:00+01:00,440.1,471.7,438.8,458.4,4330.5292
2025-01-16 01:00:00+01:00,459.9,460.5,440.5,452.5,713.1719
2025-01-16 07:00:00+01:00,452.0,456.5,439.8,455.0,1057.0869
2025-01-16 13:00:00+01:00,454.9,469.1,443.3,456.0,2357.2144
2025-01-16 19:00:00+01:00,456.0,457.8,439.0,445.9,986.9041
2025-01-17 01:00:00+01:00,445.9,458.3,445.9,456.7,781.0433
2025-01-17 07:00:00+01:00,456.8,477.9,453.2,473.4,2087.5256
2025-01-17 13:00:00+01:00,472.0,492.1,470.4,475.3,3798.4474
2025-01-17 19:00:00+01:00,475.9,493.7,472.6,485.2,1441.4896
2025-01-18 01:00:00+01:00,486.3,495.1,447.1,447.1,1187.0877
2025-01-18 07:00:00+01:00,447.0,458.0,441.8,451.9,2140.9258
2025-01-18 13:00:00+01:00,451.9,460.8,439.6,444.7,1794.5967
2025-01-18 19:00:00+01:00,445.0,462.0,441.6,457.4,993.7814
2025-01-19 01:00:00+01:00,457.0,467.3,443.3,448.6,1492.713
2025-01-19 07:00:00+01:00,448.7,448.8,408.6,421.1,6410.0793
2025-01-19 13:00:00+01:00,421.1,486.5,420.2,465.0,4985.5953
2025-01-19 19:00:00+01:00,465.2,467.1,417.6,426.2,6012.8694
2025-01-20 01:00:00+01:00,425.8,431.0,412.4,420.9,1768.8137
2025-01-20 07:00:00+01:00,422.8,469.5,420.6,447.8,3853.403
2025-01-20 13:00:00+01:00,448.8,448.8,405.0,418.2,3193.0686
2025-01-20 19:00:00+01:00,419.5,427.1,404.8,406.6,1922.8754
2025-01-21 01:00:00+01:00,407.3,407.7,386.4,387.7,1362.0416
2025-01-21 07:00:00+01:00,387.9,412.0,386.0,405.5,2136.0461
2025-01-21 13:00:00+01:00,406.0,430.0,395.7,425.7,2025.6975
2025-01-21 19:00:00+01:00,425.6,437.5,411.5,427.1,3321.2938
2025-01-22 01:00:00+01:00,425.9,434.2,416.6,427.2,590.0159
2025-01-22 07:00:00+01:00,426.1,431.1,413.5,419.9,1162.4745
2025-01-22 13:00:00+01:00,420.3,421.6,407.3,412.2,1708.2781
2025-01-22 19:00:00+01:00,412.4,415.4,397.9,399.7,2816.428
2025-01-23 01:00:00+01:00,399.0,399.0,386.4,389.7,762.663
2025-01-23 07:00:00+01:00,389.3,394.4,378.5,381.2,1949.6599
2025-01-23 13:00:00+01:00,381.2,396.9,375.4,387.5,3045.1754
2025-01-23 19:00:00+01:00,387.8,407.6,370.3,380.0,2886.3153
2025-01-24 01:00:00+01:00,380.2,384.2,362.8,384.2,1411.5857
2025-01-24 07:00:00+01:00,384.2,390.7,379.5,387.7,1625.9309
2025-01-24 13:00:00+01:00,388.2,390.0,375.9,382.5,3526.4162
2025-01-24 19:00:00+01:00,383.2,384.6,369.4,372.6,2419.2319
2025-01-25 01:00:00+01:00,371.3,374.5,363.1,370.7,635.868
2025-01-25 07:00:00+01:00,370.7,374.5,363.5,373.4,1257.6916
2025-01-25 13:00:00+01:00,373.3,383.7,369.7,383.2,1911.0327
2025-01-25 19:00:00+01:00,382.9,419.1,380.6,408.4,4041.8561
2025-01-26 01:00:00+01:00,408.7,421.3,402.4,405.5,1777.609
2025-01-26 07:00:00+01:00,406.4,431.2,405.5,429.9,1941.8504
2025-01-26 13:00:00+01:00,430.6,463.0,421.6,457.2,4695.9512
2025-01-26 19:00:00+01:00,457.2,460.5,428.9,433.1,3884.655
2025-01-27 01:00:00+01:00,432.9,442.4,412.8,416.8,2522.9082
2025-01-27 07:00:00+01:00,416.4,423.9,385.8,399.0,6820.0626
2025-01-27 13:00:00+01:00,398.7,479.0,398.7,437.9,15651.4559
2025-01-27 19:00:00+01:00,438.2,455.4,429.6,446.3,9478.4981
2025-01-28 01:00:00+01:00,446.1,455.9,428.5,451.2,2489.907
2025-01-28 07:00:00+01:00,450.4,450.4,431.9,444.8,4145.6824
2025-01-28 13:00:00+01:00,445.5,461.4,434.9,458.5,2857.3158
2025-01-28 19:00:00+01:00,457.9,464.3,436.5,450.9,3359.9073
2025-01-29 01:00:00+01:00,450.7,469.0,443.9,463.9,1104.7079
2025-01-29 07:00:00+01:00,465.2,498.0,461.7,478.6,3679.6586
2025-01-29 13:00:00+01:00,478.1,483.5,452.3,464.3,2852.7619
2025-01-29 19:00:00+01:00,467.5,475.7,441.2,449.1,5542.7578
2025-01-30 01:00:00+01:00,449.1,464.4,444.7,461.5,812.6375
2025-01-30 07:00:00+01:00,462.6,470.5,449.1,468.6,1279.0325
2025-01-30 13:00:00+01:00,467.6,479.0,458.3,469.0,2227.5393
2025-01-30 19:00:00+01:00,469.4,470.1,451.5,453.0,1269.955
2025-01-31 01:00:00+01:00,453.3,460.0,445.5,449.0,702.0106
2025-01-31 07:00:00+01:00,448.4,463.9,448.4,462.5,1070.5972
2025-01-31 13:00:00+01:00,462.0,476.9,457.3,465.5,1925.0368
2025-01-31 19:00:00+01:00,465.2,470.8,447.4,448.7,4019.7407
2025-02-01 01:00:00+01:00,449.0,471.1,443.0,467.4,1047.3872
2025-02-01 07:00:00+01:00,467.4,467.4,418.9,422.9,2576.0321
2025-02-01 13:00:00+01:00,423.5,429.5,410.9,418.3,2591.2979
2025-02-01 19:00:00+01:00,418.4,418.5,390.4,393.6,4013.4176
2025-02-02 01:00:00+01:00,393.1,405.7,378.4,394.0,1895.2372
2025-02-02 07:00:00+01:00,393.4,393.4,374.2,379.4,2068.251
2025-02-02 13:00:00+01:00,379.0,391.7,361.1,364.1,6668.8407
2025-02-02 19:00:00+01:00,364.3,375.2,336.6,352.0,12899.1583
2025-02-03 01:00:00+01:00,350.0,350.1,239.9,312.8,19863.8065
2025-02-03 07:00:00+01:00,312.6,336.5,307.0,324.9,8637.6511
2025-02-03 13:00:00+01:00,324.6,364.4,303.5,351.0,9370.5883
2025-02-03 19:00:00+01:00,350.9,412.9,337.9,399.6,7431.7851
2025-02-04 01:00:00+01:00,398.6,400.9,350.4,357.1,2217.8822
2025-02-04 07:00:00+01:00,357.0,370.8,347.1,362.5,2784.7292
2025-02-04 13:00:00+01:00,363.2,384.9,362.0,371.7,6444.811
2025-02-04 19:00:00+01:00,370.6,393.4,352.0,358.4,7121.4098
2025-02-05 01:00:00+01:00,358.6,363.0,350.2,360.6,1436.6616
2025-02-05 07:00:00+01:00,359.7,370.4,353.9,367.6,3901.3691
2025-02-05 13:00:00+01:00,368.3,369.6,343.0,348.1,5847.3538
2025-02-05 19:00:00+01:00,347.9,364.8,341.2,350.2,2567.9769
2025-02-06 01:00:00+01:00,350.1,360.3,343.5,356.7,718.6443
2025-02-06 07:00:00+01:00,356.8,376.7,354.6,364.5,1992.2053
2025-02-06 13:00:00+01:00,365.8,367.0,336.0,338.7,3506.4353
2025-02-06 19:00:00+01:00,337.1,340.4,323.7,326.1,3896.8879
2025-02-07 01:00:00+01:00,326.3,342.4,325.9,330.2,867.6164
2025-02-07 07:00:00+01:00,330.0,339.6,318.9,335.4,4455.0598
2025-02-07 13:00:00+01:00,335.4,352.9,322.0,325.8,4234.6043
2025-02-07 19:00:00+01:00,326.2,334.4,307.6,320.0,2705.7195
2025-02-08 01:00:00+01:00,319.3,326.8,318.0,324.8,817.5218
2025-02-08 07:00:00+01:00,324.8,343.5,324.1,342.5,2459.8889
2025-02-08 13:00:00+01:00,341.0,344.2,327.9,343.4,1620.3354
2025-02-08 19:00:00+01:00,343.2,353.2,340.5,350.2,2005.2812
2025-02-09 01:00:00+01:00,351.4,370.3,345.0,369.6,2839.1123
2025-02-09 07:00:00+01:00,370.1,370.2,355.4,359.6,1631.275
2025-02-09 13:00:00+01:00,359.2,367.0,348.3,359.9,2103.893
2025-02-09 19:00:00+01:00,359.1,368.0,343.1,364.8,2675.4552
2025-02-10 01:00:00+01:00,366.6,379.2,350.7,377.0,1394.7614
2025-02-10 07:00:00+01:00,379.2,393.6,378.1,390.6,2291.0965
2025-02-10 13:00:00+01:00,390.1,399.5,383.4,393.7,2442.2024
2025-02-10 19:00:00+01:00,392.6,395.7,381.5,387.4,1617.6582
2025-02-11 01:00:00+01:00,387.0,423.1,386.1,416.8,1954.4162
2025-02-11 07:00:00+01:00,417.1,437.4,416.0,427.0,3459.1627
2025-02-11 13:00:00+01:00,427.8,427.8,409.3,414.2,4451.0439
2025-02-11 19:00:00+01:00,414.4,425.9,402.2,412.2,2882.4878
2025-02-12 01:00:00+01:00,412.2,416.2,392.8,396.4,1277.9688
2025-02-12 07:00:00+01:00,396.1,403.6,389.0,395.2,1411.0358
2025-02-12 13:00:00+01:00,395.5,408.0,372.1,407.2,5565.2579
2025-02-12 19:00:00+01:00,407.2,418.8,396.7,402.9,2532.7159
2025-02-13 01:00:00+01:00,403.2,415.0,396.7,398.9,796.2232
2025-02-13 07:00:00+01:00,398.2,402.7,384.7,385.2,1309.9249
2025-02-13 13:00:00+01:00,385.3,388.0,368.8,377.1,2847.3524
2025-02-13 19:00:00+01:00,376.6,388.8,374.5,382.7,1204.2691
2025-02-14 01:00:00+01:00,383.7,390.0,376.6,380.5,710.3344
2025-02-14 07:00:00+01:00,380.5,403.1,379.1,392.0,1724.4946
2025-02-14 13:00:00+01:00,392.0,406.9,389.3,402.9,1741.37
2025-02-14 19:00:00+01:00,403.8,405.5,382.5,391.9,1495.8558
2025-02-15 01:00:00+01:00,391.6,401.8,385.2,397.8,870.2061
2025-02-15 07:00:00+01:00,397.6,398.8,380.6,384.1,973.4675
2025-02-15 13:00:00+01:00,384.2,385.0,375.3,377.0,1084.4571
2025-02-15 19:00:00+01:00,376.9,382.2,371.1,375.4,900.5951
2025-02-16 01:00:00+01:00,375.1,376.7,363.2,368.2,760.7771
2025-02-16 07:00:00+01:00,368.3,373.2,362.5,372.9,657.9471
2025-02-16 13:00:00+01:00,372.4,373.5,360.8,363.1,917.1298
2025-02-16 19:00:00+01:00,363.1,364.5,355.3,360.5,1211.8368
2025-02-17 01:00:00+01:00,359.8,365.4,346.4,354.7,974.7893
2025-02-17 07:00:00+01:00,354.4,365.4,351.2,363.3,1174.5043
2025-02-17 13:00:00+01:00,363.3,377.9,353.3,353.4,2211.8814
2025-02-17 19:00:00+01:00,353.2,367.6,346.6,360.8,1650.5208
2025-02-18 01:00:00+01:00,361.0,362.7,350.7,350.7,421.2633
2025-02-18 07:00:00+01:00,350.6,367.2,347.9,364.1,1379.5109
2025-02-18 13:00:00+01:00,363.6,373.9,352.9,355.3,2177.569
2025-02-18 19:00:00+01:00,355.1,387.4,353.6,375.4,4023.5191
2025-02-19 01:00:00+01:00,376.3,381.6,367.8,381.6,1014.9046
2025-02-19 07:00:00+01:00,381.7,404.3,378.3,404.3,2668.8036
2025-02-19 13:00:00+01:00,404.2,432.0,401.8,414.0,7922.3146
2025-02-19 19:00:00+01:00,414.3,420.6,407.1,420.1,2486.6612
2025-02-20 01:00:00+01:00,420.0,455.9,417.2,444.0,3818.545
2025-02-20 07:00:00+01:00,444.9,469.8,444.7,458.9,5188.2374
2025-02-20 13:00:00+01:00,458.7,465.5,441.9,449.4,3583.8747
2025-02-20 19:00:00+01:00,449.3,466.8,448.2,466.1,2097.1384
2025-02-21 01:00:00+01:00,465.6,472.9,452.7,463.9,1756.9072
2025-02-21 07:00:00+01:00,463.7,495.3,463.6,472.3,5001.0792
2025-02-21 13:00:00+01:00,471.5,475.0,436.0,446.7,5591.2996
2025-02-21 19:00:00+01:00,446.8,451.3,424.6,444.2,6423.4403
2025-02-22 01:00:00+01:00,442.9,450.6,426.8,433.6,2390.717
2025-02-22 07:00:00+01:00,433.6,438.9,423.1,436.3,1911.1106
2025-02-22 13:00:00+01:00,436.3,463.0,432.8,444.7,3571.8111
2025-02-22 19:00:00+01:00,444.9,448.9,428.5,432.6,2238.0514
2025-02-23 01:00:00+01:00,432.4,442.9,429.5,430.1,474.0215
2025-02-23 07:00:00+01:00,430.0,440.7,418.7,423.8,1565.0595
2025-02-23 13:00:00+01:00,422.4,430.4,415.5,424.3,1884.0174
2025-02-23 19:00:00+01:00,423.7,434.3,422.1,434.0,1564.9811
2025-02-24 01:00:00+01:00,434.5,438.4,402.7,412.2,2029.9459
2025-02-24 07:00:00+01:00,412.0,431.4,402.7,427.9,3834.4158
2025-02-24 13:00:00+01:00,427.7,449.0,420.0,428.4,10802.3626
2025-02-24 19:00:00+01:00,428.5,431.3,395.9,397.0,6741.2722
2025-02-25 01:00:00+01:00,397.1,407.8,378.5,384.7,3848.6753
2025-02-25 07:00:00+01:00,384.8,388.0,355.4,368.7,7024.3685
2025-02-25 13:00:00+01:00,368.2,379.6,353.1,363.9,4766.1032
2025-02-25 19:00:00+01:00,364.7,399.4,355.6,379.2,7473.0613
2025-02-26 01:00:00+01:00,378.4,388.2,368.3,372.1,1111.1954
2025-02-26 07:00:00+01:00,372.4,383.1,365.7,372.4,2068.258
2025-02-26 13:00:00+01:00,372.6,379.1,356.4,363.6,9258.6028
2025-02-26 19:00:00+01:00,364.3,366.9,338.2,350.9,9063.248
2025-02-27 01:00:00+01:00,351.7,365.6,344.9,365.0,1287.7274
2025-02-27 07:00:00+01:00,364.8,370.1,357.6,358.4,5984.409
2025-02-27 13:00:00+01:00,358.4,359.3,340.7,347.4,6200.093
2025-02-27 19:00:00+01:00,347.5,349.6,322.6,329.8,4108.7684
2025-02-28 01:00:00+01:00,330.1,330.8,297.4,302.4,4301.7549
2025-02-28 07:00:00+01:00,302.1,313.4,296.0,309.1,4443.3542
2025-02-28 13:00:00+01:00,309.0,334.6,305.9,326.7,4690.683
2025-02-28 19:00:00+01:00,326.3,333.7,324.9,326.3,1909.98
2025-03-01 01:00:00+01:00,326.6,339.8,320.4,329.5,2113.4015
2025-03-01 07:00:00+01:00,329.2,330.7,318.4,321.9,2043.5464
2025-03-01 13:00:00+01:00,321.8,333.4,315.9,331.1,2487.1772
2025-03-01 19:00:00+01:00,331.1,340.0,327.9,337.7,1742.194
2025-03-02 01:00:00+01:00,337.6,349.0,332.9,340.7,1102.9356
2025-03-02 07:00:00+01:00,340.8,343.6,334.8,335.8,1410.3593
2025-03-02 13:00:00+01:00,335.7,362.0,320.6,352.1,9291.0505
2025-03-02 19:00:00+01:00,352.8,358.7,341.0,353.5,4138.636
2025-03-03 01:00:00+01:00,353.5,355.6,339.6,346.9,1603.9706
2025-03-03 07:00:00+01:00,346.9,348.2,319.0,329.4,3819.6352
2025-03-03 13:00:00+01:00,328.8,334.6,316.0,319.5,3419.1117
2025-03-03 19:00:00+01:00,319.4,320.0,292.5,295.3,8763.8342
2025-03-04 01:00:00+01:00,295.1,298.9,274.5,286.6,24663.1921
2025-03-04 07:00:00+01:00,286.6,287.9,269.3,273.2,9688.5886
2025-03-04 13:00:00+01:00,273.1,285.4,257.5,281.3,10226.3892
2025-03-04 19:00:00+01:00,281.5,294.5,279.3,287.2,4716.8144
2025-03-05 01:00:00+01:00,287.2,296.3,284.9,290.9,1420.9903
2025-03-05 07:00:00+01:00,290.2,304.3,287.3,297.2,3730.9367
2025-03-05 13:00:00+01:00,296.9,312.6,292.5,306.5,6699.705
2025-03-05 19:00:00+01:00,306.0,306.9,298.2,299.6,2427.5104
2025-03-06 01:00:00+01:00,299.9,312.1,295.3,311.6,1720.8358
2025-03-06 07:00:00+01:00,311.1,311.4,286.5,292.2,3055.767
2025-03-06 13:00:00+01:00,292.4,294.6,281.2,292.2,4402.2485
2025-03-06 19:00:00+01:00,291.0,292.0,283.0,288.0,1849.1602
2025-03-07 01:00:00+01:00,288.0,292.5,271.7,282.7,2168.3277
2025-03-07 07:00:00+01:00,283.0,294.0,278.1,291.6,2470.5181
2025-03-07 13:00:00+01:00,291.4,293.2,272.5,280.8,4305.2503
2025-03-07 19:00:00+01:00,280.4,290.7,271.6,275.0,3610.4098
2025-03-08 01:00:00+01:00,275.3,281.1,271.7,277.1,1254.4019
2025-03-08 07:00:00+01:00,277.0,278.8,267.2,269.0,2662.9022
2025-03-08 13:00:00+01:00,269.0,274.6,265.5,273.2,1824.3763
2025-03-08 19:00:00+01:00,273.3,284.3,272.4,276.0,2962.6364
2025-03-09 01:00:00+01:00,276.2,278.2,269.2,271.3,921.4074
2025-03-09 07:00:00+01:00,271.3,277.0,262.6,266.5,3099.0996
2025-03-09 13:00:00+01:00,266.1,267.8,245.3,246.6,6382.2204
2025-03-09 19:00:00+01:00,246.5,252.4,238.4,243.6,5887.4311
2025-03-10 01:00:00+01:00,243.7,256.8,241.9,255.0,2249.222
2025-03-10 07:00:00+01:00,255.0,256.6,242.1,250.0,3485.0231
2025-03-10 13:00:00+01:00,249.8,252.3,213.3,216.1,8132.7268
2025-03-10 19:00:00+01:00,215.7,230.7,212.2,225.2,8226.3671
2025-03-11 01:00:00+01:00,225.3,234.4,212.4,233.6,5801.6976
2025-03-11 07:00:00+01:00,233.3,250.1,230.6,242.6,8401.7709
2025-03-11 13:00:00+01:00,242.6,261.1,235.1,250.5,16500.705
2025-03-11 19:00:00+01:00,250.5,271.9,250.5,260.5,11905.698
2025-03-12 01:00:00+01:00,260.5,268.7,254.4,264.0,4909.6714
2025-03-12 07:00:00+01:00,263.2,271.8,256.5,264.1,10221.6561
2025-03-12 13:00:00+01:00,264.1,275.3,247.0,254.0,14053.0922
2025-03-12 19:00:00+01:00,254.3,264.2,253.9,259.5,3780.1253
2025-03-13 01:00:00+01:00,259.4,262.0,250.3,251.1,2594.4246
2025-03-13 07:00:00+01:00,251.1,259.6,247.2,255.3,5979.4898
2025-03-13 13:00:00+01:00,255.1,257.9,236.4,237.0,9245.5093
2025-03-13 19:00:00+01:00,237.1,241.0,234.9,238.0,6422.0684
2025-03-14 01:00:00+01:00,238.3,245.8,237.4,245.1,2580.981
2025-03-14 07:00:00+01:00,245.1,247.8,242.5,245.0,3724.8343
2025-03-14 13:00:00+01:00,244.8,255.9,241.1,250.6,11105.7347
2025-03-14 19:00:00+01:00,250.6,262.1,250.2,256.2,6927.9234
2025-03-15 01:00:00+01:00,256.1,263.2,255.6,256.9,3391.9643
2025-03-15 07:00:00+01:00,256.7,265.7,253.0,265.2,3918.8482
2025-03-15 13:00:00+01:00,265.0,267.6,257.7,260.9,6438.1434
2025-03-15 19:00:00+01:00,260.4,263.3,256.3,258.5,3357.1296
2025-03-16 01:00:00+01:00,258.2,260.1,251.3,257.7,2803.4083
2025-03-16 07:00:00+01:00,257.7,263.4,246.2,247.1,7482.5325
2025-03-16 13:00:00+01:00,247.2,252.9,242.4,247.7,6512.8807
2025-03-16 19:00:00+01:00,247.6,248.4,238.8,240.9,7568.0924
2025-03-17 01:00:00+01:00,240.8,250.1,240.4,246.8,2664.4253
2025-03-17 07:00:00+01:00,246.6,251.3,244.6,249.8,4731.4127
2025-03-17 13:00:00+01:00,249.8,256.6,245.2,255.6,6152.4379
2025-03-17 19:00:00+01:00,255.5,260.4,253.9,255.1,3629.9478
2025-03-18 01:00:00+01:00,255.1,255.7,244.9,247.2,2403.4936
2025-03-18 07:00:00+01:00,247.1,250.9,242.7,244.8,2597.2323
2025-03-18 13:00:00+01:00,244.5,245.8,239.2,239.5,4068.2739
2025-03-18 19:00:00+01:00,239.3,247.9,236.1,246.9,5699.1376
2025-03-19 01:00:00+01:00,246.8,252.5,246.4,250.4,2547.21
2025-03-19 07:00:00+01:00,250.2,257.7,247.4,257.2,3258.1849
2025-03-19 13:00:00+01:00,257.2,259.4,251.3,254.1,8836.3417
2025-03-19 19:00:00+01:00,254.0,263.6,249.5,262.2,10144.7387
2025-03-20 01:00:00+01:00,262.2,263.9,253.9,261.5,2088.9368
2025-03-20 07:00:00+01:00,261.7,265.1,255.3,259.4,3656.3077
2025-03-20 13:00:00+01:00,259.5,267.8,249.3,256.1,9258.4729
2025-03-20 19:00:00+01:00,256.2,256.8,248.0,251.4,2945.3445
2025-03-21 01:00:00+01:00,251.4,256.3,250.7,253.8,1738.698
2025-03-21 07:00:00+01:00,253.8,254.7,243.7,245.5,2742.2093
2025-03-21 13:00:00+01:00,245.5,247.7,242.1,245.9,4924.7651
2025-03-21 19:00:00+01:00,245.9,253.8,245.1,247.4,3117.4465
2025-03-22 01:00:00+01:00,247.4,252.4,247.0,251.1,1511.2278
2025-03-22 07:00:00+01:00,251.0,254.5,249.0,250.7,2427.8927
2025-03-22 13:00:00+01:00,250.5,253.0,247.9,252.4,2592.7455
2025-03-22 19:00:00+01:00,252.3,253.9,246.6,248.1,3074.1779
2025-03-23 01:00:00+01:00,248.0,255.4,246.4,253.9,2525.7268
2025-03-23 07:00:00+01:00,253.9,258.1,252.7,253.1,3097.0082
2025-03-23 13:00:00+01:00,253.1,253.8,249.0,250.8,2383.6115
2025-03-23 19:00:00+01:00,250.9,257.1,249.5,257.0,3302.3183
2025-03-24 01:00:00+01:00,257.0,264.8,253.3,264.5,3490.0806
2025-03-24 07:00:00+01:00,264.5,275.0,263.5,269.9,8675.8105
2025-03-24 13:00:00+01:00,269.6,275.5,265.9,272.4,9781.4725
2025-03-24 19:00:00+01:00,272.4,273.1,266.3,269.5,3436.4232
2025-03-25 01:00:00+01:00,269.4,271.2,262.6,266.6,2548.4527
2025-03-25 07:00:00+01:00,266.6,281.0,265.0,272.8,7245.8815
2025-03-25 13:00:00+01:00,272.9,274.5,268.3,270.6,6165.4456
2025-03-25 19:00:00+01:00,270.6,271.7,265.8,269.9,6254.4527
2025-03-26 01:00:00+01:00,269.9,271.5,265.4,270.1,3281.7277
2025-03-26 07:00:00+01:00,270.2,281.0,269.6,277.1,7243.4722
2025-03-26 13:00:00+01:00,277.3,278.0,259.1,259.3,17034.8694
2025-03-26 19:00:00+01:00,259.4,264.3,255.6,260.9,4309.7169
2025-03-27 01:00:00+01:00,261.0,266.6,260.4,264.8,2565.5654
2025-03-27 07:00:00+01:00,264.7,268.8,263.0,265.4,4349.9668
2025-03-27 13:00:00+01:00,265.3,278.1,262.8,269.2,10301.9156
2025-03-27 19:00:00+01:00,268.9,274.0,268.4,269.0,4278.6922
2025-03-28 01:00:00+01:00,269.2,270.7,254.4,255.3,6410.1965
2025-03-28 07:00:00+01:00,255.1,257.7,251.7,255.9,5797.3165
2025-03-28 13:00:00+01:00,255.9,257.2,242.0,243.0,9107.6174
2025-03-28 19:00:00+01:00,243.0,246.7,238.5,244.4,7693.0136
2025-03-29 01:00:00+01:00,244.4,245.3,238.9,239.5,3237.614
2025-03-29 07:00:00+01:00,239.5,239.5,220.9,223.6,11464.6682
2025-03-29 13:00:00+01:00,223.6,231.0,221.5,225.8,8166.3708
2025-03-29 19:00:00+01:00,225.8,234.0,225.6,231.1,5834.1523
2025-03-30 01:00:00+01:00,231.2,237.4,227.3,231.3,3143.6478
2025-03-30 08:00:00+02:00,231.5,233.1,226.6,228.2,3597.6128
2025-03-30 14:00:00+02:00,228.2,229.0,223.1,226.1,8351.9713
2025-03-30 20:00:00+02:00,226.1,231.0,222.2,227.0,4381.0371
2025-03-31 02:00:00+02:00,227.1,228.1,220.3,223.2,4006.9495
2025-03-31 08:00:00+02:00,223.3,223.6,212.8,216.9,13485.8011
2025-03-31 14:00:00+02:00,217.1,226.7,214.4,221.4,9563.7782
2025-03-31 20:00:00+02:00,221.3,225.7,221.3,223.8,3669.7132
2025-04-01 02:00:00+02:00,223.8,228.8,223.1,226.0,3347.5784
2025-04-01 08:00:00+02:00,225.9,233.6,224.4,227.0,7979.7622
2025-04-01 14:00:00+02:00,226.9,235.4,224.2,228.8,9658.934
2025-04-01 20:00:00+02:00,228.7,233.0,226.5,232.0,5768.8468
2025-04-02 02:00:00+02:00,232.1,233.3,220.6,221.5,6581.869
2025-04-02 08:00:00+02:00,221.3,231.3,221.1,226.0,6238.517
2025-04-02 14:00:00+02:00,225.9,234.0,222.5,228.1,15053.0305
2025-04-02 20:00:00+02:00,228.0,237.8,208.4,211.9,28544.3581
2025-04-03 02:00:00+02:00,211.9,219.4,210.2,215.1,6728.7436
2025-04-03 08:00:00+02:00,215.1,215.9,203.0,204.8,12796.0159
2025-04-03 14:00:00+02:00,204.7,209.6,198.2,207.1,20361.7406
2025-04-03 20:00:00+02:00,207.2,216.0,205.7,215.5,6712.9808
2025-04-04 02:00:00+02:00,215.9,218.5,213.2,217.0,5353.4798
2025-04-04 08:00:00+02:00,217.0,220.1,203.4,208.2,11728.143
2025-04-04 14:00:00+02:00,208.2,220.0,205.7,219.9,26347.922
2025-04-04 20:00:00+02:00,220.1,222.7,217.4,220.8,9258.6523
2025-04-05 02:00:00+02:00,220.8,221.4,216.0,216.6,2760.982
2025-04-05 08:00:00+02:00,216.5,219.8,215.2,217.7,4693.1857
2025-04-05 14:00:00+02:00,217.6,218.5,212.8,217.2,5561.1991
2025-04-05 20:00:00+02:00,217.4,220.6,216.3,219.6,4435.2988
2025-04-06 02:00:00+02:00,219.6,219.8,216.3,218.3,2412.2641
2025-04-06 08:00:00+02:00,218.2,218.5,212.1,214.0,6612.7591
2025-04-06 14:00:00+02:00,213.9,214.2,194.6,196.7,17952.2641
2025-04-06 20:00:00+02:00,196.5,196.9,177.4,183.5,44536.8211
2025-04-07 02:00:00+02:00,183.6,192.9,179.9,181.5,16627.8236
2025-04-07 08:00:00+02:00,181.6,189.6,167.6,181.9,34017.4426
2025-04-07 14:00:00+02:00,181.9,208.0,181.6,195.6,38944.7207
2025-04-07 20:00:00+02:00,195.7,208.1,192.4,204.3,12998.0804
2025-04-08 02:00:00+02:00,204.5,217.7,204.0,211.8,14744.4572
2025-04-08 08:00:00+02:00,211.6,215.3,204.1,212.9,15705.1753
2025-04-08 14:00:00+02:00,213.0,213.8,193.0,198.2,23829.5518
2025-04-08 20:00:00+02:00,198.1,200.4,193.3,195.2,10698.9492
2025-04-09 02:00:00+02:00,195.0,201.4,190.0,197.1,9804.4519
2025-04-09 08:00:00+02:00,197.1,204.8,193.1,194.1,14153.2612
2025-04-09 14:00:00+02:00,194.0,223.6,193.1,222.7,31659.9056
2025-04-09 20:00:00+02:00,222.3,234.0,218.7,230.4,27647.264
2025-04-10 02:00:00+02:00,230.3,236.2,225.3,234.4,8225.553
2025-04-10 08:00:00+02:00,234.0,240.8,231.2,233.4,15488.1797
2025-04-10 14:00:00+02:00,233.3,242.4,225.7,228.4,33054.0595
2025-04-10 20:00:00+02:00,228.4,233.6,227.3,231.4,7742.1966
2025-04-11 02:00:00+02:00,231.4,243.7,230.8,243.5,12899.8988
2025-04-11 08:00:00+02:00,243.8,247.5,235.3,240.3,15909.615
2025-04-11 14:00:00+02:00,240.3,254.5,239.5,252.6,25603.6171
2025-04-11 20:00:00+02:00,252.7,260.3,247.2,250.7,10098.3877
2025-04-12 02:00:00+02:00,250.6,261.5,248.6,258.1,7777.0066
2025-04-12 08:00:00+02:00,258.2,261.5,249.5,252.6,7509.3161
2025-04-12 14:00:00+02:00,252.6,263.1,249.9,256.3,12297.6864
2025-04-12 20:00:00+02:00,256.1,258.4,253.4,253.8,5532.0676
2025-04-13 02:00:00+02:00,253.8,255.0,249.6,251.3,3529.4275
2025-04-13 08:00:00+02:00,251.1,256.4,249.8,251.5,5469.6358
2025-04-13 14:00:00+02:00,251.4,253.4,243.7,251.0,10373.828
2025-04-13 20:00:00+02:00,251.1,252.4,236.2,240.0,12784.6524
2025-04-14 02:00:00+02:00,240.0,249.6,239.0,240.6,7848.69
2025-04-14 08:00:00+02:00,240.3,247.7,239.4,245.9,9317.3912
2025-04-14 14:00:00+02:00,246.0,250.9,236.9,241.0,19131.5927
2025-04-14 20:00:00+02:00,240.8,245.0,234.6,236.4,8518.5826
2025-04-15 02:00:00+02:00,236.6,243.3,234.8,238.1,8485.0635
2025-04-15 08:00:00+02:00,238.0,241.3,235.7,239.3,9264.9436
2025-04-15 14:00:00+02:00,239.3,243.5,231.3,231.7,15230.8281
2025-04-15 20:00:00+02:00,231.5,234.8,229.4,230.6,8294.8657
2025-04-16 02:00:00+02:00,230.5,235.9,228.9,233.2,6551.0826
2025-04-16 08:00:00+02:00,233.0,235.2,227.7,230.2,8989.3769
2025-04-16 14:00:00+02:00,230.1,237.0,222.6,223.0,13667.7572
2025-04-16 20:00:00+02:00,223.0,233.4,223.0,230.3,11810.0232
2025-04-17 02:00:00+02:00,230.3,234.5,228.1,229.3,2825.0593
2025-04-17 08:00:00+02:00,229.3,235.7,228.8,232.0,5617.8236
2025-04-17 14:00:00+02:00,232.0,249.0,230.1,247.5,15060.6802
2025-04-17 20:00:00+02:00,247.6,250.6,241.4,247.8,8972.9178
2025-04-18 02:00:00+02:00,248.0,259.8,247.4,254.1,6138.942
2025-04-18 08:00:00+02:00,254.1,262.2,252.5,260.7,8278.5641
2025-04-18 14:00:00+02:00,260.7,267.3,258.1,264.5,15525.9077
2025-04-18 20:00:00+02:00,264.4,275.4,262.6,274.5,10868.6866
2025-04-19 02:00:00+02:00,274.5,278.4,269.7,275.4,8222.5264
2025-04-19 08:00:00+02:00,275.5,289.4,273.3,276.0,14229.0478
2025-04-19 14:00:00+02:00,276.0,280.0,271.4,279.2,10687.0872
2025-04-19 20:00:00+02:00,279.2,299.2,277.2,290.0,13746.0314
2025-04-20 02:00:00+02:00,290.4,304.5,288.5,303.8,10516.4753
2025-04-20 08:00:00+02:00,303.5,311.9,290.0,298.1,21928.3865
2025-04-20 14:00:00+02:00,297.9,314.8,295.7,310.4,21452.3016
2025-04-20 20:00:00+02:00,310.2,325.4,309.4,315.5,17405.3207
2025-04-21 02:00:00+02:00,315.6,340.0,314.9,324.4,21406.9206
2025-04-21 08:00:00+02:00,324.5,332.3,306.5,310.8,17336.3795
2025-04-21 14:00:00+02:00,310.9,317.6,299.5,303.7,20791.6968
2025-04-21 20:00:00+02:00,303.6,317.2,302.3,313.8,11121.4877
2025-04-22 02:00:00+02:00,314.0,326.6,309.2,319.1,9736.7365
2025-04-22 08:00:00+02:00,319.2,332.5,316.6,329.4,11155.5269
2025-04-22 14:00:00+02:00,329.5,349.3,328.6,345.4,28915.3453
2025-04-22 20:00:00+02:00,345.4,351.0,331.0,338.4,22458.7972
2025-04-23 02:00:00+02:00,338.4,342.0,330.7,335.5,10448.1937
2025-04-23 08:00:00+02:00,335.2,339.7,328.5,333.0,15087.2536
2025-04-23 14:00:00+02:00,333.0,344.6,323.1,344.0,18141.5625
2025-04-23 20:00:00+02:00,343.9,350.0,335.7,336.4,11103.9384
2025-04-24 02:00:00+02:00,336.2,344.5,332.4,344.3,6185.1749
2025-04-24 08:00:00+02:00,344.3,345.6,325.2,329.6,9858.1937
2025-04-24 14:00:00+02:00,329.5,364.0,327.9,349.5,23825.8981
2025-04-24 20:00:00+02:00,349.5,360.4,349.5,358.2,10870.2504
2025-04-25 02:00:00+02:00,357.8,367.3,348.6,351.4,10508.502
2025-04-25 08:00:00+02:00,351.6,369.5,350.2,368.2,11475.3534
2025-04-25 14:00:00+02:00,368.2,375.3,351.4,352.8,17456.5181
2025-04-25 20:00:00+02:00,353.1,361.0,352.7,354.1,4959.5413
2025-04-26 02:00:00+02:00,354.4,359.5,347.1,348.9,4517.7721
2025-04-26 08:00:00+02:00,349.0,352.4,340.4,342.9,6550.5286
2025-04-26 14:00:00+02:00,343.1,348.6,337.8,343.9,5953.1706
2025-04-26 20:00:00+02:00,343.8,353.1,343.0,349.4,4888.6365
2025-04-27 02:00:00+02:00,349.6,353.2,340.8,351.9,4079.1851
2025-04-27 08:00:00+02:00,351.9,357.2,346.0,348.0,5572.5164
2025-04-27 14:00:00+02:00,347.9,355.9,346.3,349.6,6346.9176
2025-04-27 20:00:00+02:00,349.6,364.9,346.2,360.6,7782.2873
2025-04-28 02:00:00+02:00,360.7,363.3,345.3,363.1,6122.116
2025-04-28 08:00:00+02:00,363.1,389.5,363.1,373.6,16915.5648
2025-04-28 14:00:00+02:00,373.8,383.7,358.8,371.0,14617.1072
2025-04-28 20:00:00+02:00,371.0,383.0,366.6,378.1,7337.6232
2025-04-29 02:00:00+02:00,378.4,386.2,370.6,373.7,6066.8805
2025-04-29 08:00:00+02:00,373.4,385.4,373.1,380.0,6527.1983
2025-04-29 14:00:00+02:00,379.7,382.3,368.4,370.6,7367.1236
2025-04-29 20:00:00+02:00,370.7,374.2,361.5,366.2,5358.7475
2025-04-30 02:00:00+02:00,366.3,371.7,363.7,367.4,3800.8677
2025-04-30 08:00:00+02:00,367.6,369.9,358.9,366.7,4323.5082
2025-04-30 14:00:00+02:00,366.5,366.7,334.5,355.0,19189.7219
2025-04-30 20:00:00+02:00,354.7,358.7,348.2,355.1,6211.8846
2025-05-01 02:00:00+02:00,355.1,363.9,351.9,357.4,3934.0035
2025-05-01 08:00:00+02:00,357.4,372.1,354.1,370.9,8002.4226
2025-05-01 14:00:00+02:00,370.8,376.2,365.6,369.9,8944.0662
2025-05-01 20:00:00+02:00,369.9,370.3,355.7,358.1,5248.1633
2025-05-02 02:00:00+02:00,357.9,362.5,356.2,358.2,2349.867
2025-05-02 08:00:00+02:00,358.3,370.8,353.9,367.2,5311.966
2025-05-02 14:00:00+02:00,367.1,379.9,363.4,372.3,10019.3122
2025-05-02 20:00:00+02:00,372.3,376.9,368.5,375.1,5861.6733
2025-05-03 02:00:00+02:00,375.1,377.1,367.4,371.3,2031.5644
2025-05-03 08:00:00+02:00,371.3,371.3,358.8,362.2,5536.8626
2025-05-03 14:00:00+02:00,362.0,365.8,355.5,359.1,4431.9066
2025-05-03 20:00:00+02:00,359.1,361.5,353.1,353.2,5169.1405
2025-05-04 02:00:00+02:00,353.2,355.6,346.2,348.7,3798.8214
2025-05-04 08:00:00+02:00,348.6,350.9,345.6,347.7,3425.3392
2025-05-04 14:00:00+02:00,347.7,354.9,345.1,348.3,5597.944
2025-05-04 20:00:00+02:00,348.3,349.6,339.3,344.3,3462.1848
2025-05-05 02:00:00+02:00,344.1,360.3,339.8,359.8,4815.6226
2025-05-05 08:00:00+02:00,360.0,367.1,353.4,355.9,8010.7754
2025-05-05 14:00:00+02:00,356.0,370.8,352.6,370.1,10687.362
2025-05-05 20:00:00+02:00,370.1,379.2,367.3,375.2,9798.1242
2025-05-06 02:00:00+02:00,375.2,378.5,365.2,371.2,4315.8201
2025-05-06 08:00:00+02:00,371.2,373.6,358.0,360.8,10604.0954
2025-05-06 14:00:00+02:00,360.8,367.3,352.6,359.6,14586.219
2025-05-06 20:00:00+02:00,359.7,374.8,354.7,373.8,10211.4899
2025-05-07 02:00:00+02:00,374.0,387.0,367.2,367.3,8943.3678
2025-05-07 08:00:00+02:00,367.4,372.4,362.6,364.8,9537.0747
2025-05-07 14:00:00+02:00,364.8,366.7,353.4,359.1,8784.4778
2025-05-07 20:00:00+02:00,359.1,373.9,355.3,368.0,11580.7742
2025-05-08 02:00:00+02:00,368.0,402.3,363.8,392.7,14355.4275
2025-05-08 08:00:00+02:00,392.8,411.2,392.6,401.3,18384.9215
2025-05-08 14:00:00+02:00,401.4,421.3,395.9,412.7,21289.2824
2025-05-08 20:00:00+02:00,412.9,428.0,410.9,423.2,15854.9764
2025-05-09 02:00:00+02:00,423.1,432.3,419.5,430.3,7088.0069
2025-05-09 08:00:00+02:00,430.5,451.6,424.2,429.0,21871.0923
2025-05-09 14:00:00+02:00,428.6,446.3,417.6,428.6,13318.4805
2025-05-09 20:00:00+02:00,428.6,433.2,423.2,430.4,5322.6133
2025-05-10 02:00:00+02:00,430.4,449.2,424.1,446.7,9663.337
2025-05-10 08:00:00+02:00,446.8,456.0,435.9,438.4,10218.1822
2025-05-10 14:00:00+02:00,438.4,455.9,438.3,447.7,5743.5707
2025-05-10 20:00:00+02:00,447.4,469.2,446.7,464.2,5731.9238
2025-05-11 02:00:00+02:00,464.3,468.1,451.5,455.7,4662.7685
2025-05-11 08:00:00+02:00,455.7,458.4,442.6,457.6,5799.9619
2025-05-11 14:00:00+02:00,457.4,459.7,438.7,448.2,10431.4582
2025-05-11 20:00:00+02:00,448.2,461.1,444.6,459.0,6973.2837
2025-05-12 02:00:00+02:00,458.9,478.3,458.8,467.5,7740.4392
2025-05-12 08:00:00+02:00,467.7,489.0,454.1,456.5,15017.8508
2025-05-12 14:00:00+02:00,455.9,466.0,445.0,449.4,14037.5246
2025-05-12 20:00:00+02:00,449.5,463.3,435.2,456.6,9254.3284
2025-05-13 02:00:00+02:00,456.4,457.4,442.0,450.3,7065.4409
2025-05-13 08:00:00+02:00,450.2,467.7,450.2,456.0,7879.6891
2025-05-13 14:00:00+02:00,456.3,463.4,449.4,460.5,7786.085
2025-05-13 20:00:00+02:00,460.6,470.7,457.7,462.1,6633.1259
2025-05-14 02:00:00+02:00,462.0,470.0,456.5,469.1,3988.5436
2025-05-14 08:00:00+02:00,469.1,470.5,451.6,457.5,6059.4718
2025-05-14 14:00:00+02:00,457.5,459.3,442.7,450.6,6075.4273
2025-05-14 20:00:00+02:00,450.3,457.8,449.3,455.5,2910.4286
2025-05-15 02:00:00+02:00,455.5,464.7,432.1,433.4,5256.2034
2025-05-15 08:00:00+02:00,433.6,436.4,417.6,427.6,9085.9238
2025-05-15 14:00:00+02:00,427.6,449.2,421.2,443.8,13107.3363
2025-05-15 20:00:00+02:00,443.7,445.5,427.5,436.6,5279.9476
2025-05-16 02:00:00+02:00,436.6,444.5,433.8,440.0,2937.6315
2025-05-16 08:00:00+02:00,439.5,445.8,434.8,444.2,3971.6242
2025-05-16 14:00:00+02:00,444.3,446.1,433.4,433.9,4533.9953
2025-05-16 20:00:00+02:00,434.0,439.7,423.8,425.3,2882.2002
2025-05-17 02:00:00+02:00,425.3,428.2,412.8,415.9,5399.6252
2025-05-17 08:00:00+02:00,416.1,424.5,416.0,419.1,3001.7341
2025-05-17 14:00:00+02:00,419.1,425.0,409.9,420.5,4305.0725
2025-05-17 20:00:00+02:00,420.4,425.0,417.5,423.7,2919.097
2025-05-18 02:00:00+02:00,423.6,433.4,419.7,431.9,1833.0941
2025-05-18 08:00:00+02:00,431.9,433.9,418.4,418.7,3520.596
2025-05-18 14:00:00+02:00,418.7,440.8,415.9,422.1,7820.9099
2025-05-18 20:00:00+02:00,421.9,427.3,396.3,425.5,9363.9207
2025-05-19 02:00:00+02:00,425.6,428.4,397.3,399.0,4865.2719
2025-05-19 08:00:00+02:00,398.9,402.1,388.1,392.4,10035.5911
2025-05-19 14:00:00+02:00,392.4,416.3,388.7,411.3,9352.2852
2025-05-19 20:00:00+02:00,410.9,414.6,402.2,411.0,6322.4285
2025-05-20 02:00:00+02:00,411.0,424.5,409.4,420.2,6694.037
2025-05-20 08:00:00+02:00,420.1,424.3,413.8,416.4,3386.1343
2025-05-20 14:00:00+02:00,415.9,418.6,410.1,415.8,3070.4529
2025-05-20 20:00:00+02:00,415.6,421.1,406.2,415.6,3836.3953
2025-05-21 02:00:00+02:00,415.7,425.6,410.9,423.3,3012.5813
2025-05-21 08:00:00+02:00,423.2,425.5,413.2,415.0,3048.1666
2025-05-21 14:00:00+02:00,414.9,447.5,410.8,425.5,12598.935
2025-05-21 20:00:00+02:00,425.6,456.5,424.4,449.8,7605.3346
2025-05-22 02:00:00+02:00,449.9,472.8,447.5,462.7,6757.8221
2025-05-22 08:00:00+02:00,462.7,475.7,462.5,468.6,7669.3535
2025-05-22 14:00:00+02:00,468.5,478.1,465.6,473.2,7250.8002
2025-05-22 20:00:00+02:00,473.4,476.1,460.5,466.6,3980.5163
2025-05-23 02:00:00+02:00,466.6,474.0,462.5,466.7,1726.9664
2025-05-23 08:00:00+02:00,466.6,470.6,444.7,447.3,5886.0285
2025-05-23 14:00:00+02:00,447.4,457.0,434.3,444.7,9280.5187
2025-05-23 20:00:00+02:00,444.7,445.5,414.8,420.6,6930.9077
2025-05-24 02:00:00+02:00,420.4,432.0,418.5,426.0,2633.0209
2025-05-24 08:00:00+02:00,425.9,441.2,423.0,434.8,5681.8183
2025-05-24 14:00:00+02:00,434.9,441.2,431.5,437.3,4104.2009
2025-05-24 20:00:00+02:00,437.3,440.7,430.1,432.1,2104.2914
2025-05-25 02:00:00+02:00,432.1,435.5,423.4,430.6,2535.4712
2025-05-25 08:00:00+02:00,430.8,432.7,415.9,418.3,4226.0589
2025-05-25 14:00:00+02:00,418.3,422.3,409.8,414.7,4060.2132
2025-05-25 20:00:00+02:00,415.1,436.2,414.0,432.1,3967.6577
2025-05-26 02:00:00+02:00,432.1,446.5,429.5,446.0,4407.3336
2025-05-26 08:00:00+02:00,445.9,461.3,442.5,445.3,6796.7742
2025-05-26 14:00:00+02:00,445.3,451.2,431.4,432.2,9141.4195
2025-05-26 20:00:00+02:00,432.3,436.4,426.3,435.0,3805.8287
2025-05-27 02:00:00+02:00,435.0,445.3,425.4,443.2,3624.7171
2025-05-27 08:00:00+02:00,443.1,450.8,439.9,447.0,4293.5184
2025-05-27 14:00:00+02:00,447.2,450.6,440.8,445.0,4861.3365
2025-05-27 20:00:00+02:00,445.1,459.1,444.3,448.4,4747.2738
2025-05-28 02:00:00+02:00,448.4,457.5,447.3,448.7,2745.7273
2025-05-28 08:00:00+02:00,448.6,449.2,440.9,444.5,4078.6462
2025-05-28 14:00:00+02:00,444.8,449.8,427.1,436.9,5698.9478
2025-05-28 20:00:00+02:00,436.6,440.3,427.6,434.8,2826.7881
2025-05-29 02:00:00+02:00,434.9,442.9,427.0,429.0,2576.3186
2025-05-29 08:00:00+02:00,429.0,434.4,427.7,431.2,2362.4291
2025-05-29 14:00:00+02:00,431.2,433.1,416.7,421.3,6032.8058
2025-05-29 20:00:00+02:00,421.5,424.2,414.5,416.3,2941.8088
2025-05-30 02:00:00+02:00,416.3,419.0,396.6,414.4,4985.1083
2025-05-30 08:00:00+02:00,413.9,414.3,400.5,409.6,6922.1838
2025-05-30 14:00:00+02:00,409.5,411.7,383.8,391.4,10274.7416
2025-05-30 20:00:00+02:00,391.3,395.6,375.4,376.7,5386.0049
2025-05-31 02:00:00+02:00,376.7,415.8,366.0,402.1,10697.2814
2025-05-31 08:00:00+02:00,402.2,412.4,397.0,397.5,5595.9883
2025-05-31 14:00:00+02:00,397.5,420.6,396.7,411.4,6935.1712
2025-05-31 20:00:00+02:00,411.2,435.8,411.0,430.5,9371.7366
2025-06-01 02:00:00+02:00,430.4,439.5,421.9,431.1,5445.5766
2025-06-01 08:00:00+02:00,431.2,432.0,413.1,418.4,5505.2092
2025-06-01 14:00:00+02:00,418.3,422.6,411.5,420.9,4838.8001
2025-06-01 20:00:00+02:00,420.7,420.9,410.3,413.9,4849.4347
2025-06-02 02:00:00+02:00,414.1,415.7,403.9,409.3,2910.266
2025-06-02 08:00:00+02:00,409.0,415.6,405.9,410.3,2639.8463
2025-06-02 14:00:00+02:00,410.3,413.3,401.6,404.0,4808.6118
2025-06-02 20:00:00+02:00,404.0,405.6,397.5,404.0,3876.3721
2025-06-03 02:00:00+02:00,404.0,405.8,390.7,392.1,5202.4955
2025-06-03 08:00:00+02:00,392.1,394.4,385.9,393.1,5957.8808
2025-06-03 14:00:00+02:00,393.1,402.9,384.3,391.4,11087.4771
2025-06-03 20:00:00+02:00,391.5,395.0,383.3,387.0,4763.1732
2025-06-04 02:00:00+02:00,387.0,397.5,386.5,395.5,2709.1372
2025-06-04 08:00:00+02:00,395.5,400.2,391.6,391.8,3564.2722
2025-06-04 14:00:00+02:00,391.9,393.6,385.3,388.3,4600.8861
2025-06-04 20:00:00+02:00,388.3,392.3,377.2,380.9,4829.4565
2025-06-05 02:00:00+02:00,381.4,384.3,376.7,378.0,2099.9755
2025-06-05 08:00:00+02:00,378.1,381.0,365.1,369.4,6219.1003
2025-06-05 14:00:00+02:00,369.4,377.2,363.2,365.6,8952.105
2025-06-05 20:00:00+02:00,365.5,366.6,347.0,351.6,13924.3718
2025-06-06 02:00:00+02:00,351.6,364.3,351.4,363.9,3486.4067
2025-06-06 08:00:00+02:00,363.7,372.3,363.4,369.4,6463.1391
2025-06-06 14:00:00+02:00,369.5,378.7,366.2,378.1,6351.2874
2025-06-06 20:00:00+02:00,378.0,378.6,366.1,367.5,3589.8915
2025-06-07 02:00:00+02:00,367.5,376.5,365.3,375.6,2155.1552
2025-06-07 08:00:00+02:00,375.5,381.0,373.1,378.5,2767.0589
2025-06-07 14:00:00+02:00,378.4,386.5,375.7,378.5,4702.9851
2025-06-07 20:00:00+02:00,378.4,391.2,377.7,386.3,3866.8814
2025-06-08 02:00:00+02:00,386.3,389.2,377.9,378.3,1935.4383
2025-06-08 08:00:00+02:00,378.2,381.3,372.7,377.6,4289.1717
2025-06-08 14:00:00+02:00,377.6,382.7,374.9,379.8,3898.6164
2025-06-08 20:00:00+02:00,379.8,389.6,378.0,383.3,5380.5162
2025-06-09 02:00:00+02:00,383.5,388.8,380.6,383.2,2249.522
2025-06-09 08:00:00+02:00,383.1,403.0,381.4,401.5,7225.3247
2025-06-09 14:00:00+02:00,401.4,417.8,397.5,411.5,10723.7357
2025-06-09 20:00:00+02:00,411.4,429.7,407.8,420.0,8161.9686
2025-06-10 02:00:00+02:00,420.0,434.1,419.9,428.6,5555.0297
2025-06-10 08:00:00+02:00,428.6,443.4,426.8,438.7,7048.2975
2025-06-10 14:00:00+02:00,438.4,443.2,419.9,421.4,8052.7891
2025-06-10 20:00:00+02:00,421.9,428.1,415.5,427.8,6412.9036
2025-06-11 02:00:00+02:00,427.8,428.0,419.8,421.5,2443.8913
2025-06-11 08:00:00+02:00,421.4,422.5,414.2,417.3,3097.1176
2025-06-11 14:00:00+02:00,417.4,436.9,414.8,426.3,8949.319
2025-06-11 20:00:00+02:00,426.2,427.1,400.9,407.8,6310.0079
2025-06-12 02:00:00+02:00,407.9,408.6,389.4,394.0,5301.9752
2025-06-12 08:00:00+02:00,393.7,399.8,390.8,392.7,4292.9058
2025-06-12 14:00:00+02:00,392.8,404.2,390.0,399.4,5453.7124
2025-06-12 20:00:00+02:00,399.4,400.1,378.8,386.1,7261.1005
2025-06-13 02:00:00+02:00,385.9,385.9,353.6,362.3,12689.1146
2025-06-13 08:00:00+02:00,362.3,376.5,357.6,368.1,8852.9538
2025-06-13 14:00:00+02:00,368.0,374.8,362.1,369.2,9178.5355
2025-06-13 20:00:00+02:00,369.2,375.8,362.1,375.7,5195.6402
2025-06-14 02:00:00+02:00,375.5,375.5,369.8,374.7,2026.9272
2025-06-14 08:00:00+02:00,374.6,378.7,370.3,374.8,2930.335
2025-06-14 14:00:00+02:00,374.4,374.4,353.7,359.4,5842.0902
2025-06-14 20:00:00+02:00,359.3,366.0,355.2,363.7,2694.5276
2025-06-15 02:00:00+02:00,363.6,370.2,363.4,370.2,1848.7479
2025-06-15 08:00:00+02:00,370.3,370.4,360.9,365.6,2619.0862
2025-06-15 14:00:00+02:00,365.6,375.4,365.3,371.8,4152.876
2025-06-15 20:00:00+02:00,371.9,373.4,354.9,367.0,6799.2741
2025-06-16 02:00:00+02:00,367.1,379.7,363.8,376.0,2926.7589
2025-06-16 08:00:00+02:00,376.0,385.1,375.5,381.1,4895.7087
2025-06-16 14:00:00+02:00,380.8,392.0,377.6,387.7,5843.0728
2025-06-16 20:00:00+02:00,387.7,390.3,366.3,367.7,5572.032
2025-06-17 02:00:00+02:00,367.6,372.4,348.0,362.8,9349.3425
2025-06-17 08:00:00+02:00,362.6,363.6,348.9,351.9,7996.4153
2025-06-17 14:00:00+02:00,351.9,358.4,334.5,338.0,11637.2578
2025-06-17 20:00:00+02:00,337.8,353.0,337.5,349.9,7917.4096
2025-06-18 02:00:00+02:00,350.1,361.2,350.0,359.9,3227.5772
2025-06-18 08:00:00+02:00,360.0,361.0,342.3,347.6,3983.9753
2025-06-18 14:00:00+02:00,347.5,351.7,337.7,347.1,6238.72
2025-06-18 20:00:00+02:00,347.1,367.0,344.4,362.6,7475.7331
2025-06-19 02:00:00+02:00,362.4,368.2,357.7,358.6,2608.8145
2025-06-19 08:00:00+02:00,358.3,370.0,354.8,356.6,4416.209
2025-06-19 14:00:00+02:00,356.7,358.2,345.4,350.0,3983.1005
2025-06-19 20:00:00+02:00,350.1,354.0,345.9,350.7,3002.9623
2025-06-20 02:00:00+02:00,350.6,354.3,340.0,345.4,2345.7686
2025-06-20 08:00:00+02:00,345.4,360.9,343.9,354.4,6079.5914
2025-06-20 14:00:00+02:00,354.3,357.1,330.6,338.6,13313.2018
2025-06-20 20:00:00+02:00,338.6,345.4,336.5,340.7,6452.7272
2025-06-21 02:00:00+02:00,340.6,343.2,337.6,342.4,2912.0178
2025-06-21 08:00:00+02:00,342.8,345.3,339.6,341.5,3696.343
2025-06-21 14:00:00+02:00,341.6,342.5,322.6,324.3,10560.7856
2025-06-21 20:00:00+02:00,324.6,326.9,301.9,316.3,21439.6761
2025-06-22 02:00:00+02:00,316.3,323.4,308.7,313.0,7985.0969
2025-06-22 08:00:00+02:00,312.9,318.0,301.9,303.7,10844.6363
2025-06-22 14:00:00+02:00,303.7,307.8,290.0,301.8,17516.9702
2025-06-22 20:00:00+02:00,302.0,306.1,287.4,305.5,12523.7474
2025-06-23 02:00:00+02:00,305.4,310.1,304.5,308.3,5646.5422
2025-06-23 08:00:00+02:00,308.4,311.1,305.6,307.5,6360.6873
2025-06-23 14:00:00+02:00,307.7,332.8,296.8,314.9,19476.0622
2025-06-23 20:00:00+02:00,314.8,356.0,314.7,350.1,24638.6475
2025-06-24 02:00:00+02:00,350.1,360.5,347.8,359.3,9191.5543
2025-06-24 08:00:00+02:00,359.2,364.3,350.2,356.7,10460.4174
2025-06-24 14:00:00+02:00,356.7,361.7,346.6,350.6,10225.6179
2025-06-24 20:00:00+02:00,350.9,351.6,341.2,345.5,6171.7027
2025-06-25 02:00:00+02:00,345.8,347.0,335.3,335.4,3998.4383
2025-06-25 08:00:00+02:00,335.4,341.0,334.5,339.0,7238.1919
2025-06-25 14:00:00+02:00,339.0,346.7,324.6,331.7,16585.6016
2025-06-25 20:00:00+02:00,331.4,333.0,322.5,323.4,6427.8339
2025-06-26 02:00:00+02:00,323.2,333.5,321.2,324.3,4508.7073
2025-06-26 08:00:00+02:00,324.1,332.8,322.2,322.7,7245.3799
2025-06-26 14:00:00+02:00,322.8,323.3,314.3,318.4,12133.7544
2025-06-26 20:00:00+02:00,318.4,331.1,317.5,319.8,7821.7352
2025-06-27 02:00:00+02:00,319.7,325.8,318.4,318.8,5644.3148
2025-06-27 08:00:00+02:00,318.6,321.8,314.6,318.5,7390.598
2025-06-27 14:00:00+02:00,318.5,328.4,316.7,324.5,8719.0849
2025-06-27 20:00:00+02:00,324.1,328.1,319.4,326.2,4783.1338
2025-06-28 02:00:00+02:00,326.2,328.4,316.8,322.8,3618.947
2025-06-28 08:00:00+02:00,322.8,328.0,322.7,326.1,3978.1953
2025-06-28 14:00:00+02:00,326.0,331.5,324.2,331.2,3114.5939
2025-06-28 20:00:00+02:00,331.3,333.8,328.2,330.0,2756.7237
2025-06-29 02:00:00+02:00,329.8,332.3,328.3,331.8,1473.8163
2025-06-29 08:00:00+02:00,332.0,343.0,331.8,336.6,5310.4937
2025-06-29 14:00:00+02:00,336.5,344.9,334.9,342.5,6921.4787
2025-06-29 20:00:00+02:00,342.4,351.0,337.2,345.7,6157.2702
2025-06-30 02:00:00+02:00,345.8,347.9,337.6,340.2,2853.7127
2025-06-30 08:00:00+02:00,340.4,340.4,329.3,331.1,6155.9088
2025-06-30 14:00:00+02:00,331.1,338.6,328.3,336.7,8276.2262
2025-06-30 20:00:00+02:00,336.6,343.7,333.7,334.7,4250.398
2025-07-01 02:00:00+02:00,334.8,338.0,332.1,333.4,2898.2517
2025-07-01 08:00:00+02:00,333.3,333.8,324.0,325.3,6114.7288
2025-07-01 14:00:00+02:00,325.2,327.8,320.7,323.6,5688.9531
2025-07-01 20:00:00+02:00,323.6,323.9,316.3,318.3,3086.8108
2025-07-02 02:00:00+02:00,318.2,323.7,316.5,323.3,2161.5302
2025-07-02 08:00:00+02:00,323.1,329.6,322.3,323.3,3475.5941
2025-07-02 14:00:00+02:00,323.2,339.1,320.1,333.5,10102.8006
2025-07-02 20:00:00+02:00,333.7,343.2,333.3,334.8,5247.1535
2025-07-03 02:00:00+02:00,334.9,344.1,331.8,343.7,5114.2739
2025-07-03 08:00:00+02:00,343.9,346.9,337.6,338.8,5239.627
2025-07-03 14:00:00+02:00,338.7,343.3,329.0,332.4,9301.5599
2025-07-03 20:00:00+02:00,332.4,340.5,331.3,338.1,2137.5859
2025-07-04 02:00:00+02:00,338.1,340.7,332.5,332.8,2179.2562
2025-07-04 08:00:00+02:00,332.8,332.8,320.4,323.5,5581.3851
2025-07-04 14:00:00+02:00,323.3,324.4,315.3,322.4,6523.2376
2025-07-04 20:00:00+02:00,322.6,326.7,319.7,324.7,2869.2223
2025-07-05 02:00:00+02:00,324.7,326.0,320.7,322.7,1355.4511
2025-07-05 08:00:00+02:00,322.8,325.1,320.8,323.4,1307.9493
2025-07-05 14:00:00+02:00,323.3,323.8,320.2,321.8,1555.303
2025-07-05 20:00:00+02:00,321.9,322.7,318.0,322.4,2052.7092
2025-07-06 02:00:00+02:00,322.3,322.3,318.8,318.9,812.3389
2025-07-06 08:00:00+02:00,318.8,323.0,318.7,321.6,1742.8615
2025-07-06 14:00:00+02:00,321.4,329.1,320.0,327.7,5427.973
2025-07-06 20:00:00+02:00,327.6,332.3,323.6,326.6,4225.0211
2025-07-07 02:00:00+02:00,326.8,332.1,325.5,328.5,2713.0951
2025-07-07 08:00:00+02:00,328.6,329.5,323.4,324.8,5463.7537
2025-07-07 14:00:00+02:00,324.7,326.5,319.9,321.1,4708.698
2025-07-07 20:00:00+02:00,321.2,324.2,317.0,320.4,2563.5956
2025-07-08 02:00:00+02:00,319.8,321.5,315.1,319.6,2769.6648
2025-07-08 08:00:00+02:00,319.6,322.8,318.7,321.5,3180.3713
2025-07-08 14:00:00+02:00,321.5,323.8,315.7,321.5,4632.9832
2025-07-08 20:00:00+02:00,321.6,322.9,318.3,321.0,2043.5277
2025-07-09 02:00:00+02:00,321.2,323.3,317.8,322.9,2375.1233
2025-07-09 08:00:00+02:00,323.0,327.0,321.7,326.1,4659.3159
2025-07-09 14:00:00+02:00,326.3,330.2,324.2,326.5,5218.7989
2025-07-09 20:00:00+02:00,326.5,351.6,325.9,347.6,15096.692
2025-07-10 02:00:00+02:00,347.8,353.3,346.7,349.8,3546.7851
2025-07-10 08:00:00+02:00,349.7,356.0,347.1,348.7,5197.5504
2025-07-10 14:00:00+02:00,348.6,365.7,345.7,364.8,9245.2687
2025-07-10 20:00:00+02:00,364.8,381.8,361.7,375.7,14013.1713
2025-07-11 02:00:00+02:00,375.8,389.9,369.4,388.4,7317.268
2025-07-11 08:00:00+02:00,388.2,393.5,375.2,388.4,12578.0686
2025-07-11 14:00:00+02:00,388.6,399.5,381.7,397.8,13495.6127
2025-07-11 20:00:00+02:00,397.8,402.9,384.0,394.3,9256.578
2025-07-12 02:00:00+02:00,394.2,401.3,388.1,391.5,4124.3481
2025-07-12 08:00:00+02:00,391.7,396.7,389.0,390.2,6055.4867
2025-07-12 14:00:00+02:00,390.2,391.2,373.6,384.6,9012.2032
2025-07-12 20:00:00+02:00,384.1,386.9,378.8,384.7,2324.8871
2025-07-13 02:00:00+02:00,384.9,391.3,381.4,387.1,3495.9373
2025-07-13 08:00:00+02:00,387.0,394.6,385.7,394.6,5392.1116
2025-07-13 14:00:00+02:00,394.4,400.1,391.0,397.2,5082.0112
2025-07-13 20:00:00+02:00,397.3,405.0,384.7,391.1,6660.1379
2025-07-14 02:00:00+02:00,391.2,432.3,390.5,425.5,14935.2987
2025-07-14 08:00:00+02:00,425.7,428.2,415.2,418.3,10535.5134
2025-07-14 14:00:00+02:00,418.2,423.3,403.5,408.0,9786.2082
2025-07-14 20:00:00+02:00,408.0,411.2,400.7,408.9,4287.0303
2025-07-15 02:00:00+02:00,408.5,420.6,400.2,419.3,9118.5606
2025-07-15 08:00:00+02:00,419.0,427.4,404.6,426.3,9206.5458
2025-07-15 14:00:00+02:00,426.0,437.7,418.8,435.7,13838.837
2025-07-15 20:00:00+02:00,435.7,437.3,419.9,436.1,7137.7847
2025-07-16 02:00:00+02:00,435.9,446.6,428.6,438.3,6280.5757
2025-07-16 08:00:00+02:00,438.3,445.0,436.4,440.0,7012.7467
2025-07-16 14:00:00+02:00,440.0,445.0,432.2,441.4,8073.1887
2025-07-16 20:00:00+02:00,441.5,445.3,429.6,431.9,6962.3494
2025-07-17 02:00:00+02:00,431.9,438.0,418.6,428.4,5554.1982
2025-07-17 08:00:00+02:00,428.2,434.9,423.9,427.9,6651.086
2025-07-17 14:00:00+02:00,427.9,435.8,422.6,431.8,7099.1612
2025-07-17 20:00:00+02:00,432.0,432.0,412.8,422.5,8989.5842
2025-07-18 02:00:00+02:00,422.9,439.2,418.8,437.6,8652.1186
2025-07-18 08:00:00+02:00,437.7,437.8,411.4,415.8,13143.813
2025-07-18 14:00:00+02:00,416.0,420.9,404.7,413.4,12622.9213
2025-07-18 20:00:00+02:00,413.4,415.0,397.4,411.7,7968.8911
2025-07-19 02:00:00+02:00,411.8,415.4,405.3,410.2,2926.7647
2025-07-19 08:00:00+02:00,410.1,411.5,403.8,405.1,3187.4885
2025-07-19 14:00:00+02:00,404.9,419.8,404.0,409.6,7205.1121
2025-07-19 20:00:00+02:00,409.3,417.0,409.2,413.9,3134.0601
2025-07-20 02:00:00+02:00,414.0,419.5,413.0,418.1,2286.5584
2025-07-20 08:00:00+02:00,417.9,432.7,416.2,430.1,6962.5983
2025-07-20 14:00:00+02:00,430.2,434.9,426.4,430.4,6115.3731
2025-07-20 20:00:00+02:00,430.9,432.2,406.9,413.4,10189.6493
2025-07-21 02:00:00+02:00,413.7,424.5,408.2,420.1,6043.3889
2025-07-21 08:00:00+02:00,420.6,432.6,418.0,427.5,17681.9509
2025-07-21 14:00:00+02:00,427.4,444.1,423.3,431.6,13799.5084
2025-07-21 20:00:00+02:00,431.6,449.6,430.7,446.7,12782.3088
2025-07-22 02:00:00+02:00,446.7,461.5,428.4,432.8,14680.6852
2025-07-22 08:00:00+02:00,433.0,438.2,415.1,431.7,8829.534
2025-07-22 14:00:00+02:00,431.7,453.3,424.7,442.1,13664.5847
2025-07-22 20:00:00+02:00,442.0,454.8,435.4,452.3,7942.8474
2025-07-23 02:00:00+02:00,452.3,452.3,444.9,449.8,4485.4936
2025-07-23 08:00:00+02:00,449.4,450.5,438.3,441.9,4493.9973
2025-07-23 14:00:00+02:00,441.9,443.3,420.7,429.6,13344.7219
2025-07-23 20:00:00+02:00,429.8,432.2,409.0,424.8,7755.7896
2025-07-24 02:00:00+02:00,424.8,434.6,409.6,411.0,5220.5757
2025-07-24 08:00:00+02:00,411.1,424.6,402.3,418.9,9442.2811
2025-07-24 14:00:00+02:00,418.6,434.5,412.7,431.1,9282.3216
2025-07-24 20:00:00+02:00,431.0,436.6,414.6,416.5,6031.2771
2025-07-25 02:00:00+02:00,416.5,428.7,404.6,406.1,10169.5779
2025-07-25 08:00:00+02:00,406.1,421.3,403.1,417.9,6005.7921
2025-07-25 14:00:00+02:00,417.8,419.6,404.0,410.5,5535.655
2025-07-25 20:00:00+02:00,410.0,427.9,409.9,427.4,3813.082
2025-07-26 02:00:00+02:00,427.4,429.3,422.1,429.3,2532.3035
2025-07-26 08:00:00+02:00,429.2,430.9,426.4,426.4,2882.6941
2025-07-26 14:00:00+02:00,426.4,434.9,424.2,429.4,2611.9223
2025-07-26 20:00:00+02:00,429.5,433.5,426.6,426.8,1660.4171
2025-07-27 02:00:00+02:00,426.8,432.5,425.8,430.9,1386.1325
2025-07-27 08:00:00+02:00,430.8,431.7,421.6,429.3,3422.8225
2025-07-27 14:00:00+02:00,429.2,433.8,424.6,432.5,5527.5125
2025-07-27 20:00:00+02:00,432.3,433.9,426.4,429.2,3445.9336
2025-07-28 02:00:00+02:00,429.2,438.4,425.6,437.5,4921.4114
2025-07-28 08:00:00+02:00,437.4,439.3,427.7,432.5,4715.1445
2025-07-28 14:00:00+02:00,432.7,433.2,406.1,408.7,10071.7822
2025-07-28 20:00:00+02:00,408.9,409.5,399.5,402.7,8109.8091
2025-07-29 02:00:00+02:00,402.7,406.3,393.8,404.5,5945.8836
2025-07-29 08:00:00+02:00,404.5,411.3,397.9,400.3,5672.9027
2025-07-29 14:00:00+02:00,400.3,402.3,385.0,388.7,10010.2893
2025-07-29 20:00:00+02:00,388.6,388.8,375.0,383.8,7375.4615
2025-07-30 02:00:00+02:00,383.7,385.0,374.8,380.6,3377.8202
2025-07-30 08:00:00+02:00,380.7,382.5,360.0,363.7,10624.2335
2025-07-30 14:00:00+02:00,363.7,376.0,360.3,374.0,10544.5132
2025-07-30 20:00:00+02:00,374.2,375.9,355.3,372.9,10494.9668
2025-07-31 02:00:00+02:00,372.9,379.7,370.9,378.0,3451.6309
2025-07-31 08:00:00+02:00,378.0,382.6,375.8,376.8,5959.8961
2025-07-31 14:00:00+02:00,377.1,377.3,364.1,367.6,6966.4254
2025-07-31 20:00:00+02:00,367.8,369.7,351.7,353.0,6247.9198
2025-08-01 02:00:00+02:00,353.1,357.6,343.6,351.0,6524.5552
2025-08-01 08:00:00+02:00,350.9,352.1,337.7,349.5,10892.695
2025-08-01 14:00:00+02:00,349.1,355.0,341.1,346.1,9465.0881
2025-08-01 20:00:00+02:00,346.4,351.2,334.3,343.4,8578.4168
2025-08-02 02:00:00+02:00,343.4,349.5,342.7,347.8,2587.5757
2025-08-02 08:00:00+02:00,347.8,348.1,335.6,338.7,6367.4462
2025-08-02 14:00:00+02:00,338.6,340.8,330.1,332.3,6869.9995
2025-08-02 20:00:00+02:00,332.3,336.4,327.3,333.8,6323.2483
2025-08-03 02:00:00+02:00,333.7,341.0,328.9,339.4,2984.4763
2025-08-03 08:00:00+02:00,339.3,349.7,338.4,345.8,6018.4653
2025-08-03 14:00:00+02:00,345.6,349.7,344.4,349.3,4662.2018
2025-08-03 20:00:00+02:00,349.4,353.8,348.2,350.0,4334.6616
2025-08-04 02:00:00+02:00,349.8,358.0,349.3,354.1,4082.7817
2025-08-04 08:00:00+02:00,354.0,359.0,352.2,354.6,5090.9716
2025-08-04 14:00:00+02:00,354.8,367.0,354.4,357.5,7085.9028
2025-08-04 20:00:00+02:00,357.5,360.9,352.8,358.1,4422.9915
2025-08-05 02:00:00+02:00,358.0,358.0,348.3,350.2,2639.8257
2025-08-05 08:00:00+02:00,350.3,352.2,342.6,351.0,7120.3237
2025-08-05 14:00:00+02:00,351.1,351.6,335.2,341.2,9130.5428
2025-08-05 20:00:00+02:00,341.0,343.3,334.0,342.2,4564.4253
2025-08-06 02:00:00+02:00,342.2,344.4,334.9,341.6,2800.7639
2025-08-06 08:00:00+02:00,341.6,344.7,339.0,340.9,2770.2436
2025-08-06 14:00:00+02:00,341.0,348.9,337.2,348.0,4545.7486
2025-08-06 20:00:00+02:00,348.1,350.6,344.3,346.3,3051.3147
2025-08-07 02:00:00+02:00,346.2,346.4,341.2,345.1,1327.0625
2025-08-07 08:00:00+02:00,345.0,359.2,345.0,358.3,4332.8584
2025-08-07 14:00:00+02:00,358.4,360.9,348.9,353.6,5766.9134
2025-08-07 20:00:00+02:00,353.7,371.3,352.6,371.1,5260.3173
2025-08-08 02:00:00+02:00,371.1,375.0,366.4,369.3,5079.4979
2025-08-08 08:00:00+02:00,369.1,378.2,367.8,373.2,6256.5746
2025-08-08 14:00:00+02:00,373.2,380.3,364.3,376.4,10740.7881
2025-08-08 20:00:00+02:00,376.4,378.0,373.4,374.2,4400.9756
2025-08-09 02:00:00+02:00,374.3,385.8,372.1,384.2,4611.16
2025-08-09 08:00:00+02:00,384.2,389.0,379.6,387.1,6735.2042
2025-08-09 14:00:00+02:00,386.9,391.1,380.6,389.0,6031.6198
2025-08-09 20:00:00+02:00,389.1,395.0,387.8,390.1,4162.4551
2025-08-10 02:00:00+02:00,390.4,399.2,389.1,393.8,4139.7797
2025-08-10 08:00:00+02:00,393.7,393.9,380.3,384.9,7408.186
2025-08-10 14:00:00+02:00,384.7,392.5,381.4,391.0,4237.4622
2025-08-10 20:00:00+02:00,391.0,395.7,383.0,389.0,4594.8319
2025-08-11 02:00:00+02:00,389.0,398.1,385.8,394.2,5204.46
2025-08-11 08:00:00+02:00,394.4,394.9,368.1,369.6,10257.1786
2025-08-11 14:00:00+02:00,369.4,378.4,363.9,364.4,9962.9286
2025-08-11 20:00:00+02:00,364.7,368.5,358.1,360.2,6310.2615
2025-08-12 02:00:00+02:00,360.2,367.3,359.7,362.9,2584.8016
2025-08-12 08:00:00+02:00,362.7,365.7,357.7,364.4,4051.7502
2025-08-12 14:00:00+02:00,364.4,388.1,362.1,384.2,15044.0415
2025-08-12 20:00:00+02:00,384.3,399.0,383.6,392.2,8619.2885
2025-08-13 02:00:00+02:00,392.2,396.0,385.5,389.0,4651.8801
2025-08-13 08:00:00+02:00,388.8,404.8,387.3,401.5,7412.4763
2025-08-13 14:00:00+02:00,401.3,404.4,389.0,392.9,8883.3981
2025-08-13 20:00:00+02:00,392.8,394.9,385.9,390.5,6832.6592
2025-08-14 02:00:00+02:00,390.5,402.3,389.3,391.4,5625.1251
2025-08-14 08:00:00+02:00,391.2,391.8,378.8,380.5,10336.5505
2025-08-14 14:00:00+02:00,380.6,383.9,358.4,368.3,17745.1559
2025-08-14 20:00:00+02:00,368.3,368.8,358.3,366.0,7654.3637
2025-08-15 02:00:00+02:00,366.1,379.5,365.3,375.3,4618.4754
2025-08-15 08:00:00+02:00,375.3,384.5,375.1,376.1,6944.7736
2025-08-15 14:00:00+02:00,376.0,383.5,360.4,366.0,12035.789
2025-08-15 20:00:00+02:00,365.9,377.7,361.5,370.8,5352.9211
2025-08-16 02:00:00+02:00,370.7,376.8,368.8,369.6,2343.1089
2025-08-16 08:00:00+02:00,369.7,372.9,364.9,365.2,3538.2654
2025-08-16 14:00:00+02:00,365.3,373.5,364.1,371.0,3886.1945
2025-08-16 20:00:00+02:00,370.8,374.5,369.8,374.2,2586.4279
2025-08-17 02:00:00+02:00,374.3,378.0,371.3,375.3,2448.1447
2025-08-17 08:00:00+02:00,375.3,383.5,372.8,383.3,4278.5759
2025-08-17 14:00:00+02:00,383.4,386.3,377.8,379.3,5660.2635
2025-08-17 20:00:00+02:00,379.4,379.9,371.9,373.3,4929.4381
2025-08-18 02:00:00+02:00,373.4,373.7,355.0,362.4,9625.9444
2025-08-18 08:00:00+02:00,362.3,362.3,351.7,352.8,6934.5041
2025-08-18 14:00:00+02:00,352.6,359.6,348.5,356.3,7538.5515
2025-08-18 20:00:00+02:00,356.4,360.4,353.9,355.1,3199.2144
2025-08-19 02:00:00+02:00,355.2,360.0,347.2,351.3,4269.4413
2025-08-19 08:00:00+02:00,351.2,356.6,347.8,356.5,4173.7574
2025-08-19 14:00:00+02:00,356.5,357.5,343.2,347.3,7347.5676
2025-08-19 20:00:00+02:00,347.1,349.3,340.9,342.2,6153.65
2025-08-20 02:00:00+02:00,342.3,350.1,340.2,350.1,2051.382
2025-08-20 08:00:00+02:00,350.0,351.6,342.0,345.7,4543.549
2025-08-20 14:00:00+02:00,345.7,352.7,337.3,350.3,8711.7088
2025-08-20 20:00:00+02:00,350.4,355.4,345.8,353.3,4017.3865
2025-08-21 02:00:00+02:00,353.3,355.7,346.0,349.1,3389.3197
2025-08-21 08:00:00+02:00,349.0,349.0,340.6,341.7,4386.547
2025-08-21 14:00:00+02:00,341.6,345.2,334.8,337.3,5860.1515
2025-08-21 20:00:00+02:00,337.3,341.1,335.5,336.6,2902.6374
2025-08-22 02:00:00+02:00,336.6,344.1,336.5,340.2,2159.5438
2025-08-22 08:00:00+02:00,340.1,343.0,333.7,333.9,4055.6282
2025-08-22 14:00:00+02:00,334.2,367.2,329.3,364.8,20988.3304
2025-08-22 20:00:00+02:00,364.8,373.7,364.1,371.2,6613.2619
2025-08-23 02:00:00+02:00,371.0,371.4,356.0,368.0,4756.5697
2025-08-23 08:00:00+02:00,367.9,368.5,358.7,361.0,3916.7409
2025-08-23 14:00:00+02:00,360.9,363.6,359.7,361.8,3258.6819
2025-08-23 20:00:00+02:00,361.8,365.5,361.5,364.5,1349.7121
2025-08-24 02:00:00+02:00,364.5,366.0,359.4,359.6,1290.8901
2025-08-24 08:00:00+02:00,359.7,359.8,349.7,351.9,5591.5036
2025-08-24 14:00:00+02:00,351.9,362.8,351.3,362.1,4074.475
2025-08-24 20:00:00+02:00,362.0,378.9,355.8,361.0,14990.3015
2025-08-25 02:00:00+02:00,361.2,363.3,350.5,350.8,3699.1206
2025-08-25 08:00:00+02:00,350.7,352.5,337.3,341.9,5491.4653
2025-08-25 14:00:00+02:00,341.9,344.4,337.4,337.6,5523.2855
2025-08-25 20:00:00+02:00,337.7,337.7,316.6,320.7,16186.9707
2025-08-26 02:00:00+02:00,320.7,327.1,318.3,320.9,3587.923
2025-08-26 08:00:00+02:00,320.8,351.0,320.2,324.1,9642.3504
2025-08-26 14:00:00+02:00,324.3,332.4,321.7,328.9,8014.8895
2025-08-26 20:00:00+02:00,329.0,338.7,328.9,334.7,7003.2568
2025-08-27 02:00:00+02:00,334.9,340.7,331.4,337.8,4673.0246
2025-08-27 08:00:00+02:00,337.8,339.5,334.4,336.4,4387.4442
2025-08-27 14:00:00+02:00,336.3,339.6,331.9,339.4,5967.8694
2025-08-27 20:00:00+02:00,339.4,341.9,328.7,330.4,8087.9629
2025-08-28 02:00:00+02:00,330.8,338.2,327.8,335.0,3296.5711
2025-08-28 08:00:00+02:00,335.0,338.7,332.6,335.6,3524.2632
2025-08-28 14:00:00+02:00,335.6,337.9,328.2,331.0,6708.0165
2025-08-28 20:00:00+02:00,331.0,337.0,324.7,335.9,3898.9078
2025-08-29 02:00:00+02:00,335.8,337.9,330.4,331.1,2324.3375
2025-08-29 08:00:00+02:00,331.1,331.6,315.8,320.8,8257.9226
2025-08-29 14:00:00+02:00,320.8,329.1,315.2,316.1,8263.9635
2025-08-29 20:00:00+02:00,316.0,320.9,314.3,319.5,3661.9736
2025-08-30 02:00:00+02:00,319.6,324.8,314.7,323.4,2720.0026
2025-08-30 08:00:00+02:00,323.4,325.0,322.6,324.6,1725.7298
2025-08-30 14:00:00+02:00,324.6,325.1,319.6,321.4,3281.3702
2025-08-30 20:00:00+02:00,321.4,323.6,320.2,323.0,1293.5511
2025-08-31 02:00:00+02:00,322.9,327.5,322.4,324.6,1739.8691
2025-08-31 08:00:00+02:00,324.6,329.3,321.3,324.4,3122.8777
2025-08-31 14:00:00+02:00,324.3,324.6,320.9,322.3,2428.0778
2025-08-31 20:00:00+02:00,322.2,325.1,315.6,315.6,2345.3378
2025-09-01 02:00:00+02:00,315.5,316.7,307.8,310.5,5396.8496
2025-09-01 08:00:00+02:00,310.5,320.2,308.8,311.9,5881.3528
2025-09-01 14:00:00+02:00,311.9,314.5,307.5,309.0,4640.974
2025-09-01 20:00:00+02:00,309.0,312.5,301.9,310.1,5885.9234
2025-09-02 02:00:00+02:00,310.3,317.4,309.7,316.0,2393.5524
2025-09-02 08:00:00+02:00,315.9,318.5,313.8,314.3,3003.8554
2025-09-02 14:00:00+02:00,314.3,319.5,309.5,316.1,9062.7717
2025-09-02 20:00:00+02:00,316.3,324.0,312.9,321.2,6212.288
2025-09-03 02:00:00+02:00,321.2,324.9,318.5,320.9,2814.6269
2025-09-03 08:00:00+02:00,321.0,324.9,319.7,323.4,2637.4635
2025-09-03 14:00:00+02:00,323.4,328.3,321.3,328.0,4866.606
2025-09-03 20:00:00+02:00,328.0,329.0,323.6,324.7,4253.2297
2025-09-04 02:00:00+02:00,324.8,326.5,317.0,318.2,4330.3416
2025-09-04 08:00:00+02:00,318.1,321.5,316.6,319.0,2839.8876
2025-09-04 14:00:00+02:00,319.1,320.3,311.9,313.1,4753.75
2025-09-04 20:00:00+02:00,313.0,318.4,310.9,314.6,4447.9101
2025-09-05 02:00:00+02:00,314.5,317.5,314.4,316.8,1025.3152
2025-09-05 08:00:00+02:00,316.6,322.3,316.3,321.8,4253.7796
2025-09-05 14:00:00+02:00,321.9,327.4,314.6,318.4,9139.1897
2025-09-05 20:00:00+02:00,318.5,321.6,317.4,318.2,3376.0103
2025-09-06 02:00:00+02:00,318.2,320.9,316.7,317.2,783.2343
2025-09-06 08:00:00+02:00,317.2,317.6,314.7,316.4,1586.0358
2025-09-06 14:00:00+02:00,316.4,317.7,314.5,315.3,1635.3253
2025-09-06 20:00:00+02:00,315.1,318.8,314.2,317.0,2279.124
2025-09-07 02:00:00+02:00,317.1,323.8,317.0,323.5,2043.2702
2025-09-07 08:00:00+02:00,323.4,325.0,321.0,324.9,2832.9354
2025-09-07 14:00:00+02:00,324.9,328.3,323.7,324.3,5720.0552
2025-09-07 20:00:00+02:00,324.4,328.3,321.8,326.6,2958.7254
2025-09-08 02:00:00+02:00,326.3,336.0,325.3,332.0,5642.6095
2025-09-08 08:00:00+02:00,332.0,343.4,330.2,338.0,7171.7853
2025-09-08 14:00:00+02:00,338.0,348.1,334.8,342.4,9911.161
2025-09-08 20:00:00+02:00,342.3,344.7,337.7,344.2,3811.8211
2025-09-09 02:00:00+02:00,344.2,348.2,337.0,344.3,6391.3365
2025-09-09 08:00:00+02:00,344.3,349.3,343.2,344.9,6002.7128
2025-09-09 14:00:00+02:00,344.9,349.2,332.7,335.0,9941.3144
2025-09-09 20:00:00+02:00,335.0,338.2,332.2,335.5,3792.6777
2025-09-10 02:00:00+02:00,335.5,340.2,333.0,338.1,3034.337
2025-09-10 08:00:00+02:00,338.2,341.3,328.0,334.7,13820.9837
2025-09-10 14:00:00+02:00,334.7,347.0,334.2,342.7,13021.953
2025-09-10 20:00:00+02:00,342.5,348.8,336.0,348.7,5762.2738
2025-09-11 02:00:00+02:00,348.7,355.0,348.7,354.5,5279.6039
2025-09-11 08:00:00+02:00,354.5,361.5,353.0,355.9,7045.0025
2025-09-11 14:00:00+02:00,356.1,364.1,351.1,358.2,13345.6281
2025-09-11 20:00:00+02:00,358.1,359.7,355.7,357.9,3612.123
2025-09-12 02:00:00+02:00,358.1,363.0,354.3,358.3,4666.0152
2025-09-12 08:00:00+02:00,358.3,358.7,346.3,346.8,6315.9837
2025-09-12 14:00:00+02:00,346.9,357.3,345.4,356.1,5724.5823
2025-09-12 20:00:00+02:00,356.1,362.8,355.5,362.2,6528.4065
2025-09-13 02:00:00+02:00,362.3,363.3,357.8,359.9,2964.974
2025-09-13 08:00:00+02:00,359.9,368.8,359.3,367.1,5528.5635
2025-09-13 14:00:00+02:00,367.0,370.0,354.1,358.9,9010.0406
2025-09-13 20:00:00+02:00,358.7,361.9,357.1,359.4,3897.9712
2025-09-14 02:00:00+02:00,359.3,360.3,352.1,357.5,2831.0188
2025-09-14 08:00:00+02:00,357.5,357.7,348.8,349.3,4551.2449
2025-09-14 14:00:00+02:00,349.3,353.2,344.7,351.6,5109.0316
2025-09-14 20:00:00+02:00,351.4,355.0,348.3,350.5,3850.0539
2025-09-15 02:00:00+02:00,350.5,357.0,347.1,356.1,3057.5183
2025-09-15 08:00:00+02:00,355.9,356.6,338.1,339.4,7592.3074
2025-09-15 14:00:00+02:00,339.3,341.4,335.5,339.8,7217.4508
2025-09-15 20:00:00+02:00,339.7,344.1,339.1,343.3,3703.183
2025-09-16 02:00:00+02:00,343.2,344.5,338.4,342.7,2296.6541
2025-09-16 08:00:00+02:00,342.7,345.1,339.5,339.7,5348.5286
2025-09-16 14:00:00+02:00,339.8,345.5,336.8,344.4,5141.7652
2025-09-16 20:00:00+02:00,344.3,347.8,342.6,344.7,2798.59
2025-09-17 02:00:00+02:00,344.7,347.3,340.6,345.6,2101.6597
2025-09-17 08:00:00+02:00,345.5,347.2,341.9,344.7,3008.2907
2025-09-17 14:00:00+02:00,344.6,348.9,340.6,342.5,6878.6139
2025-09-17 20:00:00+02:00,342.4,360.3,339.1,359.0,11987.3068
2025-09-18 02:00:00+02:00,359.1,364.6,357.7,359.8,4031.0302
2025-09-18 08:00:00+02:00,359.7,368.0,355.7,367.9,10705.9727
2025-09-18 14:00:00+02:00,367.9,372.0,363.3,368.7,11741.6014
2025-09-18 20:00:00+02:00,368.8,373.2,361.6,361.9,8495.4492
2025-09-19 02:00:00+02:00,362.0,364.4,352.4,355.2,4755.8237
2025-09-19 08:00:00+02:00,355.2,357.6,350.0,350.0,3743.0568
2025-09-19 14:00:00+02:00,350.0,353.1,346.6,347.7,6238.9933
2025-09-19 20:00:00+02:00,347.6,349.7,343.8,346.1,2935.1939
2025-09-20 02:00:00+02:00,346.0,347.5,342.3,346.9,2445.6672
2025-09-20 08:00:00+02:00,346.8,347.4,341.2,343.1,2838.0853
2025-09-20 14:00:00+02:00,343.0,348.7,341.1,346.3,3546.6737
2025-09-20 20:00:00+02:00,346.2,348.2,344.3,345.9,2061.4595
2025-09-21 02:00:00+02:00,345.9,348.0,343.6,348.0,1304.6884
2025-09-21 08:00:00+02:00,348.2,348.9,340.5,342.3,2769.9108
2025-09-21 14:00:00+02:00,342.3,344.8,338.1,342.0,3416.4964
2025-09-21 20:00:00+02:00,342.0,342.7,333.6,334.1,4215.0714
2025-09-22 02:00:00+02:00,334.1,334.4,317.5,317.5,8643.7715
2025-09-22 08:00:00+02:00,317.7,318.1,302.0,311.8,19283.2578
2025-09-22 14:00:00+02:00,311.8,318.1,310.5,315.2,7429.8759
2025-09-22 20:00:00+02:00,315.0,319.4,311.3,318.8,4871.2431
2025-09-23 02:00:00+02:00,318.9,319.3,311.7,316.1,3517.8135
2025-09-23 08:00:00+02:00,316.1,320.5,315.4,315.4,4878.2593
2025-09-23 14:00:00+02:00,315.4,319.0,309.0,309.1,7034.9793
2025-09-23 20:00:00+02:00,309.2,311.9,306.6,308.7,11514.9078
2025-09-24 02:00:00+02:00,308.7,315.2,305.1,312.4,6000.4706
2025-09-24 08:00:00+02:00,312.3,312.8,308.8,312.0,3174.3716
2025-09-24 14:00:00+02:00,311.9,316.9,310.7,314.6,4415.1296
2025-09-24 20:00:00+02:00,314.5,314.9,309.5,311.7,2956.9168
2025-09-25 02:00:00+02:00,311.6,312.8,299.0,303.2,8442.2682
2025-09-25 08:00:00+02:00,303.2,304.9,297.5,298.5,6502.7865
2025-09-25 14:00:00+02:00,298.5,306.2,290.2,291.8,19549.003
2025-09-25 20:00:00+02:00,291.7,303.1,290.6,298.2,9223.327
2025-09-26 02:00:00+02:00,298.2,306.7,298.1,301.6,5168.8667
2025-09-26 08:00:00+02:00,301.6,302.7,292.4,296.2,8797.4181
2025-09-26 14:00:00+02:00,296.0,304.1,291.3,303.8,10866.512
2025-09-26 20:00:00+02:00,303.7,306.0,297.9,301.4,7527.4463
2025-09-27 02:00:00+02:00,301.4,301.9,299.4,301.5,1769.4223
2025-09-27 08:00:00+02:00,301.3,302.0,296.6,300.2,2906.3032
2025-09-27 14:00:00+02:00,300.1,301.9,296.1,297.8,5429.8245
2025-09-27 20:00:00+02:00,297.7,301.1,297.2,298.9,3445.8772
2025-09-28 02:00:00+02:00,298.9,299.6,295.2,296.2,2476.1207
2025-09-28 08:00:00+02:00,296.1,297.7,293.0,294.1,2127.1049
2025-09-28 14:00:00+02:00,294.1,299.7,291.0,298.6,5826.855
2025-09-28 20:00:00+02:00,298.6,307.9,297.8,307.6,6104.3747
2025-09-29 02:00:00+02:00,307.6,307.6,303.7,305.5,2703.1754
2025-09-29 08:00:00+02:00,305.5,306.5,298.7,301.8,5457.7561
2025-09-29 14:00:00+02:00,301.6,310.3,298.8,307.8,8986.3302
2025-09-29 20:00:00+02:00,307.8,313.1,304.9,310.8,4879.8865
2025-09-30 02:00:00+02:00,310.7,313.2,308.1,308.4,3374.6353
2025-09-30 08:00:00+02:00,308.2,310.4,302.4,303.2,4900.3232
2025-09-30 14:00:00+02:00,303.1,306.0,295.4,297.2,7933.295
2025-09-30 20:00:00+02:00,297.3,307.1,296.2,303.0,6123.3365
2025-10-01 02:00:00+02:00,303.1,305.2,300.8,303.1,4100.5884
2025-10-01 08:00:00+02:00,303.1,316.2,300.9,313.6,10512.9554
2025-10-01 14:00:00+02:00,313.6,321.2,311.0,315.7,8623.6009
2025-10-01 20:00:00+02:00,315.6,320.7,315.6,319.7,4753.7272
2025-10-02 02:00:00+02:00,319.7,322.7,318.1,320.1,2976.6891
2025-10-02 08:00:00+02:00,320.0,323.1,317.6,318.0,3689.6581
2025-10-02 14:00:00+02:00,317.9,322.2,312.5,322.0,6866.8052
2025-10-02 20:00:00+02:00,322.0,328.0,322.0,325.8,6887.3405
2025-10-03 02:00:00+02:00,325.8,329.2,321.7,327.9,4736.2671
2025-10-03 08:00:00+02:00,327.9,329.2,322.1,323.3,5367.2387
2025-10-03 14:00:00+02:00,323.3,330.9,319.5,322.6,11246.901
2025-10-03 20:00:00+02:00,322.7,327.2,321.3,321.6,4548.1431
2025-10-04 02:00:00+02:00,321.6,322.2,318.1,321.4,3324.7987
2025-10-04 08:00:00+02:00,321.4,322.4,316.0,317.1,5059.5515
2025-10-04 14:00:00+02:00,316.9,321.2,314.9,317.3,5574.8709
2025-10-04 20:00:00+02:00,317.2,320.3,314.9,319.6,3293.6623
2025-10-05 02:00:00+02:00,319.7,325.3,316.5,324.4,5703.3472
2025-10-05 08:00:00+02:00,324.4,327.9,319.6,322.4,8356.4973
2025-10-05 14:00:00+02:00,322.3,324.0,312.4,315.8,7336.1159
2025-10-05 20:00:00+02:00,315.7,317.6,311.8,315.5,3991.1558
2025-10-06 02:00:00+02:00,315.5,318.9,313.1,317.0,3043.6805
2025-10-06 08:00:00+02:00,316.8,325.6,316.8,325.4,6246.2218
2025-10-06 14:00:00+02:00,325.3,354.9,325.3,348.9,18013.8306
2025-10-06 20:00:00+02:00,349.2,355.1,345.0,345.0,12177.5103
2025-10-07 02:00:00+02:00,344.9,353.8,340.7,352.6,5527.887
2025-10-07 08:00:00+02:00,352.6,352.6,338.6,346.0,9192.2557
2025-10-07 14:00:00+02:00,345.9,351.4,331.3,334.6,17031.8216
2025-10-07 20:00:00+02:00,334.7,339.5,330.1,331.2,6225.3376
2025-10-08 02:00:00+02:00,331.2,333.3,323.9,328.7,4870.1458
2025-10-08 08:00:00+02:00,328.6,336.3,327.6,334.6,5931.1347
2025-10-08 14:00:00+02:00,334.7,345.6,328.5,344.0,9427.5196
2025-10-08 20:00:00+02:00,344.0,344.6,335.6,338.1,4459.4898
2025-10-09 02:00:00+02:00,338.5,339.4,328.8,330.3,3715.2117
2025-10-09 08:00:00+02:00,330.2,330.2,321.2,326.6,6998.0092
2025-10-09 14:00:00+02:00,326.6,333.9,321.4,333.2,10748.8802
2025-10-09 20:00:00+02:00,333.3,347.6,331.7,347.3,10632.5359
2025-10-10 02:00:00+02:00,347.3,351.9,340.2,351.9,9026.376
2025-10-10 08:00:00+02:00,351.9,388.0,351.7,384.3,32934.7083
2025-10-10 14:00:00+02:00,384.4,398.0,364.0,371.0,47683.3127
2025-10-10 20:00:00+02:00,371.1,378.7,139.1,291.1,84194.1142
2025-10-11 02:00:00+02:00,291.3,307.5,275.7,303.1,25760.3238
2025-10-11 08:00:00+02:00,303.2,332.2,302.0,318.8,33340.6645
2025-10-11 14:00:00+02:00,318.7,319.0,300.7,307.8,17052.4679
2025-10-11 20:00:00+02:00,307.9,308.0,284.2,298.0,17698.3535
2025-10-12 02:00:00+02:00,297.9,305.3,287.1,299.2,8263.8619
2025-10-12 08:00:00+02:00,299.2,321.6,298.7,313.0,21245.2796
2025-10-12 14:00:00+02:00,313.1,383.3,311.4,377.3,60131.2011
2025-10-12 20:00:00+02:00,377.4,397.0,365.7,383.9,29760.2875
2025-10-13 02:00:00+02:00,383.6,416.7,377.3,401.0,22693.1609
2025-10-13 08:00:00+02:00,401.3,430.0,386.1,402.9,35673.8356
2025-10-13 14:00:00+02:00,402.9,424.4,399.7,424.3,30771.1746
2025-10-13 20:00:00+02:00,424.2,450.9,415.0,447.7,32971.5636
2025-10-14 02:00:00+02:00,447.8,449.8,410.8,413.1,35360.6486
2025-10-14 08:00:00+02:00,413.1,456.0,380.4,448.5,73801.4404
2025-10-14 14:00:00+02:00,448.7,479.0,408.4,456.3,85246.2911
2025-10-14 20:00:00+02:00,456.3,479.2,441.7,460.7,45206.9116
2025-10-15 02:00:00+02:00,460.7,468.2,438.1,461.2,22049.7424
2025-10-15 08:00:00+02:00,461.1,463.2,435.0,443.0,27081.1435
2025-10-15 14:00:00+02:00,442.9,448.8,413.2,429.5,37900.5837
2025-10-15 20:00:00+02:00,429.1,430.0,406.2,411.8,22290.4236
2025-10-16 02:00:00+02:00,411.8,413.1,391.8,396.8,19522.7757
2025-10-16 08:00:00+02:00,396.9,411.0,374.5,404.6,35647.9204
2025-10-16 14:00:00+02:00,404.7,416.8,389.4,405.8,53423.4935
2025-10-16 20:00:00+02:00,405.7,406.1,372.2,378.8,29742.0797
2025-10-17 02:00:00+02:00,379.0,385.2,368.5,369.8,16106.6709
2025-10-17 08:00:00+02:00,369.8,376.5,342.2,372.8,59439.9237
2025-10-17 14:00:00+02:00,372.7,378.3,358.7,372.7,38520.1636
2025-10-17 20:00:00+02:00,372.7,387.7,364.8,382.8,19876.3976
2025-10-18 02:00:00+02:00,383.0,413.0,379.7,395.4,31169.3933
2025-10-18 08:00:00+02:00,395.4,407.7,393.0,399.1,18279.3416
2025-10-18 14:00:00+02:00,399.1,400.8,383.6,399.8,19739.1929
2025-10-18 20:00:00+02:00,400.0,402.7,391.3,400.2,14703.0025
2025-10-19 02:00:00+02:00,400.1,413.8,396.9,404.7,19344.0177
2025-10-19 08:00:00+02:00,404.7,445.1,394.5,440.6,45269.6736
2025-10-19 14:00:00+02:00,440.6,459.8,434.6,441.2,54677.7391
2025-10-19 20:00:00+02:00,441.2,447.2,434.8,439.0,20148.5962
2025-10-20 02:00:00+02:00,438.8,454.7,426.4,454.7,26715.5769
2025-10-20 08:00:00+02:00,454.8,456.5,432.2,438.0,26937.6739
2025-10-20 14:00:00+02:00,438.2,447.7,425.3,428.7,34190.0787
2025-10-20 20:00:00+02:00,428.8,429.8,418.3,422.9,14622.3253
2025-10-21 02:00:00+02:00,423.0,428.4,403.5,407.0,23819.6806
2025-10-21 08:00:00+02:00,407.2,413.6,398.5,403.7,16945.8818
2025-10-21 14:00:00+02:00,403.7,434.6,396.5,408.0,60094.3014
2025-10-21 20:00:00+02:00,408.2,410.8,380.4,382.2,26539.2087
2025-10-22 02:00:00+02:00,382.2,393.4,377.4,388.0,17290.54
2025-10-22 08:00:00+02:00,387.9,430.0,381.1,390.5,36480.0861
2025-10-22 14:00:00+02:00,390.4,399.3,386.4,388.2,22338.61
2025-10-22 20:00:00+02:00,388.1,393.0,366.5,380.7,25421.9448
2025-10-23 02:00:00+02:00,380.7,392.7,374.2,386.4,11501.2055
2025-10-23 08:00:00+02:00,386.5,397.1,370.5,375.9,21910.5386
2025-10-23 14:00:00+02:00,375.5,396.4,372.2,390.2,32341.393
2025-10-23 20:00:00+02:00,390.3,390.7,379.6,386.3,13461.0026
2025-10-24 02:00:00+02:00,386.3,396.1,384.4,395.3,8745.9929
2025-10-24 08:00:00+02:00,395.2,402.5,384.3,389.0,16846.5789
2025-10-24 14:00:00+02:00,389.0,400.0,377.9,383.0,25100.0229
2025-10-24 20:00:00+02:00,383.0,391.9,382.2,385.2,12475.1174
2025-10-25 02:00:00+02:00,385.2,385.2,378.8,383.2,5442.4952
2025-10-25 08:00:00+02:00,383.3,391.5,382.6,386.8,10147.4474
2025-10-25 14:00:00+02:00,386.6,391.8,381.0,388.2,12774.1173
2025-10-25 20:00:00+02:00,388.1,399.0,387.0,396.5,9888.7347
2025-10-26 02:00:00+02:00,396.4,406.2,388.7,394.9,12657.7891
2025-10-26 07:00:00+01:00,395.0,419.8,389.3,419.5,18124.219
2025-10-26 13:00:00+01:00,419.5,424.1,406.1,409.6,30100.2286
2025-10-26 19:00:00+01:00,409.6,412.4,396.6,404.7,17687.9374
2025-10-27 01:00:00+01:00,404.9,419.9,399.9,411.0,16304.4811
2025-10-27 07:00:00+01:00,410.9,418.5,398.4,402.3,18929.7506
2025-10-27 13:00:00+01:00,402.4,423.4,399.7,419.2,27799.4109
2025-10-27 19:00:00+01:00,419.2,419.2,403.7,415.2,18529.7134
2025-10-28 01:00:00+01:00,415.1,423.4,405.0,411.0,23433.3128
2025-10-28 07:00:00+01:00,411.0,449.9,410.3,444.1,34562.2131
2025-10-28 13:00:00+01:00,443.9,459.7,434.0,446.5,39745.0256
2025-10-28 19:00:00+01:00,446.2,450.5,422.0,432.5,28929.6803
2025-10-29 01:00:00+01:00,432.3,439.4,423.1,435.6,11318.5319
2025-10-29 07:00:00+01:00,435.5,437.7,415.4,428.5,20349.9902
2025-10-29 13:00:00+01:00,428.2,436.8,420.0,432.3,19620.3662
2025-10-29 19:00:00+01:00,432.3,451.0,410.7,441.2,41533.8558
2025-10-30 01:00:00+01:00,441.2,455.5,433.0,445.3,26640.7841
2025-10-30 07:00:00+01:00,445.2,454.1,425.2,425.7,27302.4219
2025-10-30 13:00:00+01:00,425.7,429.5,398.4,404.8,39099.0562
2025-10-30 19:00:00+01:00,404.9,416.2,388.7,414.6,36577.0103
2025-10-31 01:00:00+01:00,414.7,441.9,414.0,436.6,21996.6289
2025-10-31 07:00:00+01:00,436.5,443.4,430.5,436.1,19482.71
2025-10-31 13:00:00+01:00,435.9,493.7,435.0,487.2,91681.7325
2025-10-31 19:00:00+01:00,487.2,495.4,472.6,480.7,31040.4183
2025-11-01 01:00:00+01:00,481.0,533.7,480.1,528.0,39064.9501
2025-11-01 07:00:00+01:00,527.9,539.0,517.2,530.1,40433.8016
2025-11-01 13:00:00+01:00,530.0,531.2,486.2,505.5,34447.3469
2025-11-01 19:00:00+01:00,505.3,509.0,494.7,497.1,12148.8513
2025-11-02 01:00:00+01:00,497.2,507.1,482.3,488.8,12798.16
2025-11-02 07:00:00+01:00,488.7,516.6,487.2,505.6,21958.5459
2025-11-02 13:00:00+01:00,505.5,507.2,463.4,488.0,34713.8795
2025-11-02 19:00:00+01:00,487.8,492.8,476.3,489.1,15883.2044
2025-11-03 01:00:00+01:00,488.8,495.1,460.1,470.5,23592.9733
2025-11-03 07:00:00+01:00,470.5,478.1,456.8,477.8,21066.5154
2025-11-03 13:00:00+01:00,477.8,504.1,446.0,487.4,59957.0538
2025-11-03 19:00:00+01:00,487.8,489.3,460.2,466.5,32721.349
2025-11-04 01:00:00+01:00,466.7,469.5,424.7,426.6,28458.193
2025-11-04 07:00:00+01:00,426.6,439.4,420.4,426.2,36460.1488
2025-11-04 13:00:00+01:00,426.3,428.7,388.3,407.6,63616.9556
2025-11-04 19:00:00+01:00,407.5,409.2,372.7,401.3,64557.7111
2025-11-05 01:00:00+01:00,401.3,402.2,375.8,390.4,25582.8095
2025-11-05 07:00:00+01:00,390.5,390.8,367.3,381.4,30592.1782
2025-11-05 13:00:00+01:00,381.4,405.9,378.4,393.5,39481.8598
2025-11-05 19:00:00+01:00,393.5,403.5,380.4,384.0,22414.2943
2025-11-06 01:00:00+01:00,384.0,396.8,374.7,388.0,16040.715
2025-11-06 07:00:00+01:00,388.1,389.0,369.4,379.6,14924.4443
2025-11-06 13:00:00+01:00,379.5,411.5,372.1,410.2,43873.8724
2025-11-06 19:00:00+01:00,410.1,410.6,387.0,391.7,25486.7445
2025-11-07 01:00:00+01:00,391.9,398.3,381.1,393.5,18238.4054
2025-11-07 07:00:00+01:00,393.3,395.0,352.2,356.0,29787.3472
2025-11-07 13:00:00+01:00,356.0,389.9,347.5,387.0,47220.7202
2025-11-07 19:00:00+01:00,387.2,417.3,386.6,399.1,57551.273
2025-11-08 01:00:00+01:00,399.2,404.7,378.5,380.6,22224.0901
2025-11-08 07:00:00+01:00,380.7,396.2,376.2,378.2,19888.8474
2025-11-08 13:00:00+01:00,378.2,381.5,360.6,371.3,21339.3922
2025-11-08 19:00:00+01:00,371.1,372.4,363.2,367.6,14345.3584
2025-11-09 01:00:00+01:00,367.6,369.6,356.5,361.8,10194.5941
2025-11-09 07:00:00+01:00,361.7,364.9,354.4,360.4,11410.4889
2025-11-09 13:00:00+01:00,360.5,383.9,359.6,373.1,23917.5953
2025-11-09 19:00:00+01:00,373.3,391.7,371.5,381.0,22844.5576
2025-11-10 01:00:00+01:00,381.0,398.7,376.3,393.2,20524.1589
2025-11-10 07:00:00+01:00,393.3,399.0,385.4,388.3,19006.5389
2025-11-10 13:00:00+01:00,388.3,391.8,368.4,377.3,24517.8011
2025-11-10 19:00:00+01:00,377.3,389.7,375.5,387.1,15560.2726
2025-11-11 01:00:00+01:00,387.2,397.5,382.6,383.8,14824.3256
2025-11-11 07:00:00+01:00,383.7,384.5,373.3,375.3,13903.2892
2025-11-11 13:00:00+01:00,375.4,383.6,368.3,375.2,19976.242
2025-11-11 19:00:00+01:00,375.3,376.5,360.6,363.4,12130.3277
2025-11-12 01:00:00+01:00,363.7,366.1,357.7,364.8,9483.4198
2025-11-12 07:00:00+01:00,365.0,378.7,360.9,376.1,16469.6216
2025-11-12 13:00:00+01:00,376.2,377.1,350.9,357.8,23352.409
2025-11-12 19:00:00+01:00,357.7,359.1,343.5,348.2,13793.3744
2025-11-13 01:00:00+01:00,348.3,358.3,345.2,357.6,10152.36
2025-11-13 07:00:00+01:00,357.6,360.2,346.6,352.7,8797.109
2025-11-13 13:00:00+01:00,352.7,359.3,330.1,331.0,23009.3481
2025-11-13 19:00:00+01:00,331.0,343.9,329.1,340.2,26514.4251
2025-11-14 01:00:00+01:00,340.2,342.6,323.1,333.9,18185.3314
2025-11-14 07:00:00+01:00,334.0,337.2,320.9,324.0,15583.8589
2025-11-14 13:00:00+01:00,323.9,339.4,312.1,332.0,29682.2541
2025-11-14 19:00:00+01:00,332.0,344.0,327.8,336.0,20790.2767
2025-11-15 01:00:00+01:00,336.0,346.6,329.8,344.9,7190.6712
2025-11-15 07:00:00+01:00,344.9,351.0,333.6,336.4,12029.2044
2025-11-15 13:00:00+01:00,336.4,347.9,335.1,339.2,8145.1483
2025-11-15 19:00:00+01:00,339.4,341.1,333.7,335.7,4393.6968
2025-11-16 01:00:00+01:00,335.6,344.3,328.9,343.0,6037.4296
2025-11-16 07:00:00+01:00,343.0,346.3,333.0,334.6,10167.1647
2025-11-16 13:00:00+01:00,334.6,340.3,312.3,316.2,20003.8845
2025-11-16 19:00:00+01:00,316.1,326.9,308.9,320.1,16228.8307
2025-11-17 01:00:00+01:00,320.3,329.3,314.7,325.8,9441.5452
2025-11-17 07:00:00+01:00,325.9,332.9,323.7,327.0,8716.1694
2025-11-17 13:00:00+01:00,326.9,328.8,311.0,316.2,18989.9438
2025-11-17 19:00:00+01:00,316.2,319.3,307.1,312.6,18976.1927
2025-11-18 01:00:00+01:00,312.7,326.7,306.3,318.7,17508.8726
2025-11-18 07:00:00+01:00,318.6,324.0,312.5,318.2,12796.57
2025-11-18 13:00:00+01:00,318.6,335.6,315.7,330.5,18131.8257
2025-11-18 19:00:00+01:00,330.6,337.8,330.5,332.1,11466.6385
2025-11-19 01:00:00+01:00,332.0,334.4,316.4,317.7,10400.1754
2025-11-19 07:00:00+01:00,317.9,328.8,316.9,320.4,11878.148
2025-11-19 13:00:00+01:00,320.2,329.7,307.9,314.6,21999.9154
2025-11-19 19:00:00+01:00,314.1,330.4,303.9,325.6,24732.8472
2025-11-20 01:00:00+01:00,325.6,329.8,322.7,327.3,6772.554
2025-11-20 07:00:00+01:00,327.3,332.6,324.3,327.5,8793.8344
2025-11-20 13:00:00+01:00,327.4,333.0,303.9,307.7,30707.8695
2025-11-20 19:00:00+01:00,307.7,315.0,298.5,305.3,26124.4041
2025-11-21 01:00:00+01:00,305.3,311.4,296.7,299.9,11143.509
2025-11-21 07:00:00+01:00,300.1,301.6,266.7,267.5,45299.1337
2025-11-21 13:00:00+01:00,267.6,286.2,260.4,281.9,35067.461
2025-11-21 19:00:00+01:00,281.7,285.8,271.2,280.0,12255.0504
2025-11-22 01:00:00+01:00,280.0,282.2,265.8,269.5,7264.3884
2025-11-22 07:00:00+01:00,269.6,273.3,264.8,270.5,10100.7069
2025-11-22 13:00:00+01:00,270.5,272.5,263.4,271.0,12689.4927
2025-11-22 19:00:00+01:00,270.8,275.4,264.6,271.8,7815.5207
2025-11-23 01:00:00+01:00,271.7,281.1,269.1,278.1,9710.5117
2025-11-23 07:00:00+01:00,278.1,286.8,273.4,283.4,11433.0653
2025-11-23 13:00:00+01:00,283.4,303.4,282.6,298.0,28013.8683
2025-11-23 19:00:00+01:00,298.1,305.7,295.5,297.6,19296.5215
2025-11-24 01:00:00+01:00,297.6,302.6,290.6,293.4,15590.8408
2025-11-24 07:00:00+01:00,293.4,293.6,280.2,283.7,15279.0294
2025-11-24 13:00:00+01:00,283.5,296.3,278.4,296.0,25271.4307
2025-11-24 19:00:00+01:00,296.1,302.3,290.8,292.0,23287.6918
2025-11-25 01:00:00+01:00,291.9,296.1,287.6,295.7,7727.0074
2025-11-25 07:00:00+01:00,295.5,295.7,288.1,292.6,10281.6246
2025-11-25 13:00:00+01:00,292.7,305.1,291.6,300.9,28919.9932
2025-11-25 19:00:00+01:00,300.8,313.4,294.6,309.9,23197.6628
2025-11-26 01:00:00+01:00,309.9,314.6,305.3,311.9,14280.206
2025-11-26 07:00:00+01:00,311.8,323.5,309.5,311.3,22337.554
2025-11-26 13:00:00+01:00,311.3,314.7,302.7,313.7,27610.4006
2025-11-26 19:00:00+01:00,313.7,316.8,307.4,309.7,19966.4398
2025-11-27 01:00:00+01:00,309.6,311.8,303.3,304.5,8168.1023
2025-11-27 07:00:00+01:00,304.6,310.5,304.2,306.2,7968.6625
2025-11-27 13:00:00+01:00,306.2,312.6,304.3,310.3,9446.4604
2025-11-27 19:00:00+01:00,310.3,312.1,295.7,296.7,14493.865
2025-11-28 01:00:00+01:00,296.6,303.2,295.3,302.5,5907.0285
2025-11-28 07:00:00+01:00,302.4,310.6,300.1,303.2,8713.1348
2025-11-28 13:00:00+01:00,303.3,311.6,297.0,300.0,15552.6278
2025-11-28 19:00:00+01:00,300.0,303.3,296.1,298.6,8973.1445
2025-11-29 01:00:00+01:00,298.5,301.6,297.6,299.2,3041.4456
2025-11-29 07:00:00+01:00,299.1,299.7,296.0,299.3,4271.6458
2025-11-29 13:00:00+01:00,299.1,299.6,293.6,293.8,7623.915
2025-11-29 19:00:00+01:00,293.8,297.4,292.3,296.4,3330.994
2025-11-30 01:00:00+01:00,296.4,297.6,290.4,293.4,4359.6716
2025-11-30 07:00:00+01:00,293.5,296.2,291.5,292.2,8228.2393
2025-11-30 13:00:00+01:00,292.2,297.3,290.9,294.9,7475.4001
2025-11-30 19:00:00+01:00,294.8,299.4,288.2,289.1,9628.1815
2025-12-01 01:00:00+01:00,289.0,289.8,265.1,266.7,25186.9668
2025-12-01 07:00:00+01:00,266.6,273.7,263.6,264.8,9826.0138
2025-12-01 13:00:00+01:00,264.7,267.1,254.0,255.9,22365.6705
2025-12-01 19:00:00+01:00,256.0,268.3,256.0,265.0,11055.9061
2025-12-02 01:00:00+01:00,265.0,268.8,262.5,262.7,6845.6602
2025-12-02 07:00:00+01:00,262.6,263.4,257.1,261.3,7366.4684
2025-12-02 13:00:00+01:00,261.5,287.4,261.3,285.1,28018.5273
2025-12-02 19:00:00+01:00,284.9,288.7,275.6,276.2,17685.0853
2025-12-03 01:00:00+01:00,276.1,286.9,273.9,285.4,12617.3745
2025-12-03 07:00:00+01:00,285.4,290.2,281.4,283.8,11250.3737
2025-12-03 13:00:00+01:00,283.8,289.9,276.5,288.7,19055.178
2025-12-03 19:00:00+01:00,288.8,298.4,285.6,295.2,15548.0537
2025-12-04 01:00:00+01:00,295.3,303.1,291.8,298.6,11342.531
2025-12-04 07:00:00+01:00,298.8,317.4,297.6,307.3,21347.2023
2025-12-04 13:00:00+01:00,307.5,308.9,294.3,296.4,19236.1899
2025-12-04 19:00:00+01:00,296.5,298.0,286.8,290.3,11985.0095
2025-12-05 01:00:00+01:00,290.2,291.5,284.8,287.7,9681.2254
2025-12-05 07:00:00+01:00,287.7,292.5,280.9,283.0,13925.7967
2025-12-05 13:00:00+01:00,283.0,287.2,272.8,277.0,24332.7788
2025-12-05 19:00:00+01:00,276.9,279.6,271.3,275.8,9488.9401
2025-12-06 01:00:00+01:00,275.8,278.9,275.4,277.1,2774.7147
2025-12-06 07:00:00+01:00,277.0,279.6,275.2,277.5,4199.4647
2025-12-06 13:00:00+01:00,277.5,284.5,275.5,283.2,8485.4176
2025-12-06 19:00:00+01:00,283.4,283.7,277.7,283.1,6490.4022
2025-12-07 01:00:00+01:00,283.1,285.1,280.2,282.1,3212.5169
2025-12-07 07:00:00+01:00,282.0,285.6,278.3,279.4,3868.449
2025-12-07 13:00:00+01:00,279.2,290.5,269.9,290.0,20089.9556
2025-12-07 19:00:00+01:00,290.1,292.0,273.0,277.2,15332.0994
2025-12-08 01:00:00+01:00,277.1,295.9,275.2,295.3,10660.4595
2025-12-08 07:00:00+01:00,295.1,308.0,294.8,299.8,21088.9108
2025-12-08 13:00:00+01:00,299.9,300.3,287.3,293.0,18163.0873
2025-12-08 19:00:00+01:00,293.1,299.3,288.4,294.4,9186.6943
2025-12-09 01:00:00+01:00,294.3,295.3,286.7,289.4,4798.9218
2025-12-09 07:00:00+01:00,289.4,306.6,288.0,302.0,15153.9182
2025-12-09 13:00:00+01:00,301.8,315.1,299.1,307.7,26191.9314
2025-12-09 19:00:00+01:00,307.7,308.7,298.6,302.1,12735.7661
2025-12-10 01:00:00+01:00,302.1,303.9,297.0,297.7,6102.4556
2025-12-10 07:00:00+01:00,297.7,303.1,295.2,298.9,11021.7192
2025-12-10 13:00:00+01:00,298.7,301.0,294.7,298.8,8151.7458
2025-12-10 19:00:00+01:00,298.7,312.1,292.1,292.4,30911.1368
2025-12-11 01:00:00+01:00,292.2,293.0,279.7,286.6,11370.1352
2025-12-11 07:00:00+01:00,286.5,286.8,281.3,284.4,6305.8662
2025-12-11 13:00:00+01:00,284.2,294.6,284.2,287.2,13854.547
2025-12-11 19:00:00+01:00,287.0,304.4,286.9,297.3,17178.1145
2025-12-12 01:00:00+01:00,297.3,306.1,293.9,302.1,7045.3386
2025-12-12 07:00:00+01:00,302.0,304.5,298.2,301.8,7131.0762
2025-12-12 13:00:00+01:00,301.7,302.7,284.9,289.3,14348.2278
2025-12-12 19:00:00+01:00,289.5,294.0,287.1,291.8,5042.8215
2025-12-13 01:00:00+01:00,291.7,297.2,291.6,293.5,4528.4821
2025-12-13 07:00:00+01:00,293.5,298.0,290.8,297.4,3711.4364
2025-12-13 13:00:00+01:00,297.5,301.9,294.2,294.5,6092.9884
2025-12-13 19:00:00+01:00,294.6,299.1,293.2,294.9,3384.1037
2025-12-14 01:00:00+01:00,295.0,297.0,291.5,292.4,3602.6646
2025-12-14 07:00:00+01:00,292.3,296.1,288.5,291.9,5042.6916
2025-12-14 13:00:00+01:00,291.8,293.9,285.7,286.9,7259.2905
2025-12-14 19:00:00+01:00,286.8,288.8,276.7,280.0,11837.2117
2025-12-15 01:00:00+01:00,280.0,289.5,279.6,287.5,7371.6082
2025-12-15 07:00:00+01:00,287.6,289.3,279.8,280.2,8826.7732
2025-12-15 13:00:00+01:00,280.1,284.2,262.9,264.4,21815.5004
2025-12-15 19:00:00+01:00,264.4,270.1,258.5,269.5,10973.9332
2025-12-16 01:00:00+01:00,269.5,270.4,261.7,266.4,8445.9465
2025-12-16 07:00:00+01:00,266.3,267.9,261.2,263.5,8241.3358
2025-12-16 13:00:00+01:00,263.3,266.4,255.1,259.1,16879.647
2025-12-16 19:00:00+01:00,259.2,264.4,258.7,262.2,5247.7666
2025-12-17 01:00:00+01:00,262.2,262.2,250.8,253.0,6915.8039
2025-12-17 07:00:00+01:00,253.0,253.8,243.7,248.4,12731.3636
2025-12-17 13:00:00+01:00,248.4,255.8,234.9,235.9,28949.4877
2025-12-17 19:00:00+01:00,235.9,239.9,233.9,238.7,12700.071
2025-12-18 01:00:00+01:00,238.7,239.4,227.7,228.1,8990.7918
2025-12-18 07:00:00+01:00,228.0,231.8,226.8,231.0,8821.208
2025-12-18 13:00:00+01:00,231.1,239.0,222.5,225.8,24114.6772
2025-12-18 19:00:00+01:00,225.7,227.0,216.9,219.1,16322.3761
2025-12-19 01:00:00+01:00,219.2,228.6,215.0,225.1,13026.47
2025-12-19 07:00:00+01:00,225.1,230.5,223.6,228.8,9992.6077
2025-12-19 13:00:00+01:00,228.9,235.5,224.8,224.8,22748.1796
2025-12-19 19:00:00+01:00,224.9,234.1,224.9,230.6,9021.8667
2025-12-20 01:00:00+01:00,230.5,230.5,226.8,227.9,4057.4445
2025-12-20 07:00:00+01:00,227.8,232.7,225.7,228.0,5120.5269
2025-12-20 13:00:00+01:00,228.0,231.7,226.0,229.0,5553.7297
2025-12-20 19:00:00+01:00,228.9,231.3,225.0,226.6,3505.0184
2025-12-21 01:00:00+01:00,226.5,227.2,221.9,223.7,3189.8716
2025-12-21 07:00:00+01:00,223.4,227.0,221.1,221.8,4646.9045
2025-12-21 13:00:00+01:00,221.9,223.0,216.2,221.0,9609.0472
2025-12-21 19:00:00+01:00,221.0,223.4,218.5,221.1,6407.6459
2025-12-22 01:00:00+01:00,221.1,226.0,221.0,225.0,6262.158
2025-12-22 07:00:00+01:00,224.9,227.5,222.2,227.0,5818.4621
2025-12-22 13:00:00+01:00,227.0,232.7,226.1,228.0,14367.7168
2025-12-22 19:00:00+01:00,227.9,229.7,220.7,222.2,7397.0353
2025-12-23 01:00:00+01:00,222.2,225.7,217.7,219.1,6145.0239
2025-12-23 07:00:00+01:00,219.0,219.5,216.6,217.3,5619.4159
2025-12-23 13:00:00+01:00,217.2,219.9,212.1,214.2,13543.1297
2025-12-23 19:00:00+01:00,214.4,218.6,211.3,214.3,6522.7743
2025-12-24 01:00:00+01:00,214.2,214.6,207.1,207.5,9939.0718
2025-12-24 07:00:00+01:00,207.6,209.6,206.2,209.5,8676.7573
2025-12-24 13:00:00+01:00,209.4,220.0,208.9,217.2,10320.2207
2025-12-24 19:00:00+01:00,217.1,220.0,214.9,218.2,6174.6519
2025-12-25 01:00:00+01:00,218.2,224.4,217.6,222.5,5267.3326
2025-12-25 07:00:00+01:00,222.7,223.4,219.5,221.8,4940.6142
2025-12-25 13:00:00+01:00,221.6,227.4,221.5,225.5,6415.9788
2025-12-25 19:00:00+01:00,225.6,227.7,217.6,218.6,7287.9859
2025-12-26 01:00:00+01:00,218.5,227.9,218.1,223.9,6964.8838
2025-12-26 07:00:00+01:00,223.9,224.8,220.8,222.2,4829.7943
2025-12-26 13:00:00+01:00,222.1,223.6,215.5,215.6,8724.4674
2025-12-26 19:00:00+01:00,215.4,218.2,215.1,215.6,3762.1353
2025-12-27 01:00:00+01:00,215.6,218.1,215.6,216.0,2011.6377
2025-12-27 07:00:00+01:00,215.9,219.7,215.3,219.1,5192.8906
2025-12-27 13:00:00+01:00,219.1,222.4,218.5,219.5,9428.5118
2025-12-27 19:00:00+01:00,219.4,225.0,219.4,223.9,5879.2628
2025-12-28 01:00:00+01:00,224.1,225.6,222.4,223.6,3477.8808
2025-12-28 07:00:00+01:00,223.6,227.2,223.1,223.6,5321.0074
2025-12-28 13:00:00+01:00,223.8,227.1,222.3,226.1,3943.1961
2025-12-28 19:00:00+01:00,226.1,226.3,219.8,224.0,5808.4537
2025-12-29 01:00:00+01:00,224.0,232.7,223.0,229.9,8504.7089
2025-12-29 07:00:00+01:00,229.8,230.8,221.6,221.7,6490.8792
2025-12-29 13:00:00+01:00,221.7,224.7,218.9,221.3,7569.2282
2025-12-29 19:00:00+01:00,221.2,221.9,217.6,218.4,6969.6175
2025-12-30 01:00:00+01:00,218.4,222.6,217.1,219.3,5657.7085
2025-12-30 07:00:00+01:00,219.2,222.2,218.3,220.1,3152.208
2025-12-30 13:00:00+01:00,220.1,225.0,218.3,220.9,7874.4312
2025-12-30 19:00:00+01:00,221.1,222.0,218.5,221.5,2726.6899
2025-12-31 01:00:00+01:00,221.5,225.4,220.6,221.7,3419.7269
2025-12-31 07:00:00+01:00,221.7,224.1,220.5,223.7,3715.8218
2025-12-31 13:00:00+01:00,223.7,225.6,218.1,218.9,8595.6668
2025-12-31 19:00:00+01:00,219.0,221.0,218.1,218.8,4384.9496
2026-01-01 01:00:00+01:00,218.9,221.5,218.0,220.3,1950.4393
2026-01-01 07:00:00+01:00,220.3,224.4,220.0,224.1,3289.3677
2026-01-01 13:00:00+01:00,224.0,226.8,222.2,225.9,4167.9051
2026-01-01 19:00:00+01:00,226.1,230.2,225.2,230.2,3801.8105
2026-01-02 01:00:00+01:00,230.1,238.1,228.3,234.9,6686.7237
2026-01-02 07:00:00+01:00,234.8,246.6,234.8,240.5,16256.5096
2026-01-02 13:00:00+01:00,240.5,245.9,238.5,243.5,13747.3903
2026-01-02 19:00:00+01:00,243.4,249.9,243.0,249.1,7006.5999
2026-01-03 01:00:00+01:00,249.0,258.5,247.8,255.3,7897.8613
2026-01-03 07:00:00+01:00,255.2,256.6,242.2,244.1,12281.6361
2026-01-03 13:00:00+01:00,244.1,253.2,243.0,253.0,6558.1532
2026-01-03 19:00:00+01:00,253.0,256.4,250.6,254.6,9186.5604
2026-01-04 01:00:00+01:00,254.5,260.7,253.9,259.4,8607.6808
2026-01-04 07:00:00+01:00,259.3,267.9,254.7,266.6,11702.9928
2026-01-04 13:00:00+01:00,266.6,269.5,261.4,266.2,14227.0609
2026-01-04 19:00:00+01:00,266.4,267.9,260.3,267.0,6139.7478
2026-01-05 01:00:00+01:00,266.9,272.0,259.4,259.6,11905.9589
2026-01-05 07:00:00+01:00,259.5,266.2,258.7,261.6,7340.3874
2026-01-05 13:00:00+01:00,261.6,266.8,257.9,265.0,10983.0755
2026-01-05 19:00:00+01:00,264.9,273.3,264.4,267.5,12644.6541
2026-01-06 01:00:00+01:00,267.6,280.1,265.1,278.3,7852.917
2026-01-06 07:00:00+01:00,278.2,284.5,272.9,283.8,12083.2382
2026-01-06 13:00:00+01:00,283.7,298.4,277.2,277.4,34691.5571
2026-01-06 19:00:00+01:00,277.3,295.6,276.6,294.0,17855.1566
2026-01-07 01:00:00+01:00,294.0,294.0,278.3,280.8,8787.0336
2026-01-07 07:00:00+01:00,280.8,284.9,275.1,279.4,8862.3796
2026-01-07 13:00:00+01:00,279.2,279.8,268.7,271.1,13965.9189
2026-01-07 19:00:00+01:00,270.9,274.3,267.9,270.8,7268.8195
2026-01-08 01:00:00+01:00,270.7,275.8,266.5,272.2,9253.96
2026-01-08 07:00:00+01:00,272.2,280.5,266.6,268.8,16955.9279
2026-01-08 13:00:00+01:00,268.8,300.6,265.1,298.3,33150.6748
2026-01-08 19:00:00+01:00,298.2,298.6,279.6,283.7,18359.2834
2026-01-09 01:00:00+01:00,283.9,286.1,275.7,279.3,8037.7705
2026-01-09 07:00:00+01:00,279.2,287.8,275.4,285.5,9876.7266
2026-01-09 13:00:00+01:00,285.4,294.2,281.8,283.4,19634.3131
2026-01-09 19:00:00+01:00,283.4,284.9,276.9,280.2,9230.8532
2026-01-10 01:00:00+01:00,280.2,280.3,273.6,275.4,4526.91
2026-01-10 07:00:00+01:00,275.1,291.2,274.3,286.0,10617.6384
2026-01-10 13:00:00+01:00,286.1,287.1,279.7,280.0,6646.8842
2026-01-10 19:00:00+01:00,280.0,281.4,276.7,279.3,3966.39
2026-01-11 01:00:00+01:00,279.3,282.5,278.1,281.5,2674.0042
2026-01-11 07:00:00+01:00,281.4,284.6,279.4,283.2,4353.0728
2026-01-11 13:00:00+01:00,283.3,294.3,283.0,290.0,13158.59
2026-01-11 19:00:00+01:00,289.8,293.8,280.9,286.6,11662.8864
2026-01-12 01:00:00+01:00,286.6,293.3,281.6,290.7,12509.1341
2026-01-12 07:00:00+01:00,290.6,290.8,278.1,281.2,9831.0343
2026-01-12 13:00:00+01:00,281.1,288.8,279.7,282.5,17742.7637
2026-01-12 19:00:00+01:00,282.5,286.0,278.5,280.8,6483.5285
2026-01-13 01:00:00+01:00,280.7,287.6,277.7,285.2,8657.0312
2026-01-13 07:00:00+01:00,285.2,288.8,282.3,286.5,8382.7233
2026-01-13 13:00:00+01:00,286.6,289.6,280.9,287.7,17978.2528
2026-01-13 19:00:00+01:00,287.8,298.1,284.6,293.3,18812.144
2026-01-14 01:00:00+01:00,293.2,299.5,292.2,293.9,8623.1169
2026-01-14 07:00:00+01:00,293.9,302.4,290.4,290.7,14314.7095
2026-01-14 13:00:00+01:00,290.7,299.3,289.2,293.4,20333.1809
2026-01-14 19:00:00+01:00,293.2,297.5,289.3,290.3,12776.963
2026-01-15 01:00:00+01:00,290.3,293.4,279.5,284.3,10484.9075
2026-01-15 07:00:00+01:00,284.2,287.2,281.2,285.1,6856.3414
2026-01-15 13:00:00+01:00,284.9,288.7,277.5,282.0,12797.8082
2026-01-15 19:00:00+01:00,282.1,282.5,276.2,279.2,9097.5444
2026-01-16 01:00:00+01:00,279.3,281.4,273.1,277.8,6819.7622
2026-01-16 07:00:00+01:00,277.7,278.8,273.8,274.4,5541.6357
2026-01-16 13:00:00+01:00,274.4,274.5,267.1,273.9,12972.232
2026-01-16 19:00:00+01:00,273.9,280.1,271.1,277.5,7310.7944
2026-01-17 01:00:00+01:00,277.5,278.4,274.4,275.6,2217.4979
2026-01-17 07:00:00+01:00,275.5,278.0,274.8,275.5,1387.58
2026-01-17 13:00:00+01:00,275.3,278.7,274.3,276.1,3967.6494
2026-01-17 19:00:00+01:00,276.3,277.1,273.3,273.9,2707.7908
2026-01-18 01:00:00+01:00,273.9,275.2,271.3,273.0,2841.9375
2026-01-18 07:00:00+01:00,273.0,274.0,271.6,273.0,1937.5725
2026-01-18 13:00:00+01:00,272.9,274.8,269.6,271.6,4601.3533
2026-01-18 19:00:00+01:00,271.5,275.6,261.4,262.0,9805.5459
2026-01-19 01:00:00+01:00,261.9,262.0,236.2,249.6,23302.884
2026-01-19 07:00:00+01:00,249.7,252.7,245.8,250.8,8395.2964
2026-01-19 13:00:00+01:00,250.6,255.1,247.8,253.0,6665.1305
2026-01-19 19:00:00+01:00,253.1,256.8,250.1,253.5,6047.8947
2026-01-20 01:00:00+01:00,253.4,253.6,246.0,247.3,5231.8014
2026-01-20 07:00:00+01:00,247.3,247.5,239.3,240.6,11158.4126
2026-01-20 13:00:00+01:00,240.7,243.1,233.9,235.3,13937.3486
2026-01-20 19:00:00+01:00,235.3,239.3,231.8,233.9,9457.3558
2026-01-21 01:00:00+01:00,234.0,240.2,234.0,239.9,6032.6242
2026-01-21 07:00:00+01:00,239.9,241.7,233.4,233.8,5806.3062
2026-01-21 13:00:00+01:00,233.7,243.8,228.5,231.7,27674.726
2026-01-21 19:00:00+01:00,231.6,249.5,230.7,241.5,24389.4622
2026-01-22 01:00:00+01:00,241.7,248.8,241.7,246.4,4794.1687
2026-01-22 07:00:00+01:00,246.3,247.5,241.6,241.7,4541.3438
2026-01-22 13:00:00+01:00,241.7,242.9,235.0,239.9,10394.0549
2026-01-22 19:00:00+01:00,239.6,240.5,236.6,238.9,4974.1087
2026-01-23 01:00:00+01:00,238.9,242.9,237.9,242.1,2747.1184
2026-01-23 07:00:00+01:00,242.1,242.9,236.9,238.3,3215.2233
2026-01-23 13:00:00+01:00,238.3,245.0,234.8,242.0,8382.1493
2026-01-23 19:00:00+01:00,241.9,243.9,235.7,236.8,10485.3951
2026-01-24 01:00:00+01:00,236.7,239.8,235.1,237.6,1814.1361
2026-01-24 07:00:00+01:00,237.7,239.0,235.8,238.2,2613.0912
2026-01-24 13:00:00+01:00,238.2,239.1,235.8,238.6,2199.3607
2026-01-24 19:00:00+01:00,238.6,239.5,237.5,237.7,1859.5344
2026-01-25 01:00:00+01:00,237.7,238.9,235.2,236.3,1779.0349
2026-01-25 07:00:00+01:00,236.3,237.8,233.3,235.0,4727.0332
2026-01-25 13:00:00+01:00,234.9,235.1,226.8,228.2,8174.9725
2026-01-25 19:00:00+01:00,228.1,228.4,220.3,224.2,14111.3612
2026-01-26 01:00:00+01:00,224.1,235.1,223.9,234.2,6874.0967
2026-01-26 07:00:00+01:00,234.3,234.9,229.1,230.3,6552.668
2026-01-26 13:00:00+01:00,230.3,237.3,229.3,232.5,10419.3237
2026-01-26 19:00:00+01:00,232.3,236.4,231.8,234.0,6947.1428
2026-01-27 01:00:00+01:00,233.9,235.7,232.5,232.7,2973.9884
2026-01-27 07:00:00+01:00,232.8,233.4,230.4,231.0,3585.3447
2026-01-27 13:00:00+01:00,230.8,235.9,227.9,229.3,9239.0376
2026-01-27 19:00:00+01:00,229.3,239.2,228.9,237.9,8617.0968
2026-01-28 01:00:00+01:00,237.9,238.2,234.3,237.0,3817.6704
2026-01-28 07:00:00+01:00,237.1,241.1,235.4,241.0,5273.3535
2026-01-28 13:00:00+01:00,240.9,242.3,235.4,238.5,9779.3952
2026-01-28 19:00:00+01:00,238.5,240.5,235.4,237.8,8783.1586
2026-01-29 01:00:00+01:00,237.9,238.4,225.5,228.8,7191.1874
2026-01-29 07:00:00+01:00,228.8,230.7,225.4,226.0,5292.8712
2026-01-29 13:00:00+01:00,226.0,228.0,214.1,219.5,20714.5932
2026-01-29 19:00:00+01:00,219.6,222.0,214.9,220.8,9064.5136
2026-01-30 01:00:00+01:00,220.7,222.5,211.2,216.9,12151.3937
2026-01-30 07:00:00+01:00,217.1,217.4,210.7,216.1,8837.9567
2026-01-30 13:00:00+01:00,216.0,217.0,211.0,212.4,9846.8578
2026-01-30 19:00:00+01:00,212.3,218.2,207.1,215.0,10289.8845
2026-01-31 01:00:00+01:00,215.2,218.5,214.4,216.3,2406.8337
2026-01-31 07:00:00+01:00,216.4,216.8,207.0,208.3,6678.9612
2026-01-31 13:00:00+01:00,208.2,208.7,184.5,188.9,37080.5347
2026-01-31 19:00:00+01:00,189.0,199.3,178.6,197.9,20838.613
2026-02-01 01:00:00+01:00,197.7,201.3,196.4,196.7,5375.082
2026-02-01 07:00:00+01:00,196.8,198.2,193.0,194.6,4771.6855
2026-02-01 13:00:00+01:00,194.7,194.9,186.1,188.8,9520.0951
2026-02-01 19:00:00+01:00,188.8,193.5,183.7,188.3,10055.073
2026-02-02 01:00:00+01:00,188.5,194.9,182.5,185.7,12488.3277
2026-02-02 07:00:00+01:00,185.6,194.0,183.1,193.0,11743.4975
2026-02-02 13:00:00+01:00,193.0,207.1,193.0,201.0,16904.2346
2026-02-02 19:00:00+01:00,200.9,201.9,195.8,199.3,6100.6807
2026-02-03 01:00:00+01:00,199.5,200.2,193.6,197.3,4189.2158
2026-02-03 07:00:00+01:00,197.2,198.8,193.6,194.9,4260.1608
2026-02-03 13:00:00+01:00,194.9,197.1,188.5,188.5,10613.5882
2026-02-03 19:00:00+01:00,188.6,204.1,184.2,193.2,24674.7427
2026-02-04 01:00:00+01:00,193.1,198.3,191.8,194.9,4188.7744
2026-02-04 07:00:00+01:00,195.1,196.9,190.4,192.2,3966.1171
2026-02-04 13:00:00+01:00,192.2,193.0,184.7,186.0,14382.393
2026-02-04 19:00:00+01:00,185.9,191.7,183.0,187.3,13757.2444
2026-02-05 01:00:00+01:00,187.4,190.9,181.9,184.1,6734.1147
2026-02-05 07:00:00+01:00,184.1,186.3,175.9,178.3,9389.2622
2026-02-05 13:00:00+01:00,178.3,181.9,166.1,166.5,34890.7009
2026-02-05 19:00:00+01:00,166.6,168.0,156.8,160.4,34407.197
2026-02-06 01:00:00+01:00,160.3,167.6,142.8,166.6,37818.4512
2026-02-06 07:00:00+01:00,166.6,168.7,160.9,168.3,14090.0705
2026-02-06 13:00:00+01:00,168.1,181.8,166.3,178.1,23123.3194
2026-02-06 19:00:00+01:00,178.1,178.2,171.4,173.6,12913.7781
2026-02-07 01:00:00+01:00,173.5,173.6,165.8,166.7,7322.2689
2026-02-07 07:00:00+01:00,166.6,168.3,160.8,163.7,9236.3006
2026-02-07 13:00:00+01:00,163.4,172.9,163.3,169.0,14885.0781
2026-02-07 19:00:00+01:00,169.0,171.5,166.5,167.3,4564.4336
2026-02-08 01:00:00+01:00,167.4,167.5,163.9,164.2,2832.9846
2026-02-08 07:00:00+01:00,164.2,168.5,163.4,168.4,5591.142
2026-02-08 13:00:00+01:00,168.5,170.7,163.7,165.4,7967.025
2026-02-08 19:00:00+01:00,165.4,168.2,161.9,163.2,4751.1371
2026-02-09 01:00:00+01:00,163.0,166.9,162.3,165.3,3217.6539
2026-02-09 07:00:00+01:00,165.1,165.1,155.9,156.7,6704.3851
2026-02-09 13:00:00+01:00,156.7,161.4,155.2,160.9,13516.5544
2026-02-09 19:00:00+01:00,160.9,163.3,158.9,159.2,10097.9123
2026-02-10 01:00:00+01:00,159.1,161.8,156.9,158.5,3161.4853
2026-02-10 07:00:00+01:00,158.2,159.2,154.9,157.2,7815.5267
2026-02-10 13:00:00+01:00,157.1,158.7,154.5,156.7,7422.0143
2026-02-10 19:00:00+01:00,156.7,156.9,152.4,154.4,4592.9732
2026-02-11 01:00:00+01:00,154.4,154.7,148.5,149.6,6407.8338
2026-02-11 07:00:00+01:00,149.5,149.7,145.0,147.1,10159.9567
2026-02-11 13:00:00+01:00,147.1,154.2,143.8,146.0,18049.3465
2026-02-11 19:00:00+01:00,146.2,149.1,144.3,145.8,10294.5446
2026-02-12 01:00:00+01:00,146.0,152.7,145.9,150.2,4901.5244
2026-02-12 07:00:00+01:00,150.2,160.2,149.9,159.0,12055.3546
2026-02-12 13:00:00+01:00,158.9,159.1,155.3,156.5,5405.8025
