timestamp,open,high,low,close,volume
2024-11-22 09:00:00+01:00,461.6,999.9,461.6,499.5,12.4932
2024-11-22 10:00:00+01:00,503.1,504.9,500.3,500.3,28.7439
2024-11-22 11:00:00+01:00,501.7,502.5,493.9,494.4,52.2487
2024-11-22 12:00:00+01:00,492.5,504.0,491.0,503.7,19.4333
2024-11-22 13:00:00+01:00,502.5,520.0,499.2,502.5,40.0307
2024-11-22 14:00:00+01:00,502.8,502.8,485.2,491.2,20.2897
2024-11-22 15:00:00+01:00,493.3,493.3,487.8,487.8,2.2267
2024-11-22 16:00:00+01:00,490.4,493.1,489.4,492.0,5.2918
2024-11-22 17:00:00+01:00,492.0,493.7,488.1,493.7,20.3783
2024-11-22 18:00:00+01:00,491.0,495.0,488.0,488.0,21.3383
2024-11-22 19:00:00+01:00,490.0,492.9,487.7,487.9,31.1885
2024-11-22 20:00:00+01:00,489.9,490.8,485.0,485.7,18.4958
2024-11-22 21:00:00+01:00,486.7,495.8,485.0,492.1,31.3434
2024-11-22 22:00:00+01:00,492.1,520.0,491.4,499.7,42.3651
2024-11-22 23:00:00+01:00,498.1,500.7,497.0,499.3,46.6253
2024-11-23 00:00:00+01:00,499.9,516.0,497.7,511.3,38.1748
2024-11-23 01:00:00+01:00,513.4,522.9,505.3,522.3,5.3919
2024-11-23 02:00:00+01:00,521.2,525.0,519.6,522.0,16.5747
2024-11-23 03:00:00+01:00,529.3,535.0,514.9,517.4,22.9148
2024-11-23 04:00:00+01:00,515.3,522.1,515.3,519.4,3.2795
2024-11-23 05:00:00+01:00,524.4,527.3,517.6,517.6,22.984
2024-11-23 06:00:00+01:00,520.5,521.2,505.3,517.0,23.802
2024-11-23 07:00:00+01:00,519.1,520.8,518.3,520.0,17.3107
2024-11-23 08:00:00+01:00,521.6,535.2,521.6,535.2,79.0254
2024-11-23 09:00:00+01:00,535.0,540.4,527.1,527.1,223.6426
2024-11-23 10:00:00+01:00,530.9,533.1,526.5,526.5,25.4765
2024-11-23 11:00:00+01:00,526.5,531.4,524.4,525.5,14.722
2024-11-23 12:00:00+01:00,523.0,528.6,520.3,521.5,27.3569
2024-11-23 13:00:00+01:00,523.7,531.1,520.1,531.1,49.3685
2024-11-23 14:00:00+01:00,530.7,537.7,528.3,535.5,64.2355
2024-11-23 15:00:00+01:00,530.8,547.0,528.6,542.6,69.3327
2024-11-23 16:00:00+01:00,544.4,544.6,533.1,536.8,54.5165
2024-11-23 17:00:00+01:00,536.0,542.1,505.8,511.7,112.2516
2024-11-23 18:00:00+01:00,512.8,522.3,504.7,521.7,43.1434
2024-11-23 19:00:00+01:00,519.4,520.6,513.4,519.9,29.9657
2024-11-23 20:00:00+01:00,519.9,519.9,510.9,514.3,14.194
2024-11-23 21:00:00+01:00,511.6,512.8,498.1,510.7,364.3562
2024-11-23 22:00:00+01:00,514.7,526.9,511.6,524.6,36.9204
2024-11-23 23:00:00+01:00,527.1,539.4,525.0,535.4,29.8137
2024-11-24 00:00:00+01:00,535.4,537.4,518.1,518.1,21.7915
2024-11-24 01:00:00+01:00,525.3,544.4,525.3,534.5,27.8375
2024-11-24 02:00:00+01:00,538.6,544.7,536.6,537.0,13.627
2024-11-24 03:00:00+01:00,537.3,540.4,537.3,537.6,25.9072
2024-11-24 04:00:00+01:00,533.4,540.7,533.4,540.4,21.4963
2024-11-24 05:00:00+01:00,543.2,547.9,527.0,538.1,73.8795
2024-11-24 06:00:00+01:00,534.4,539.9,534.3,537.3,22.4669
2024-11-24 07:00:00+01:00,542.0,542.0,537.3,541.3,9.7164
2024-11-24 08:00:00+01:00,545.0,548.2,538.2,545.0,6.3651
2024-11-24 09:00:00+01:00,544.9,553.0,521.4,525.0,45.142
2024-11-24 10:00:00+01:00,531.2,540.0,525.0,539.6,112.4435
2024-11-24 11:00:00+01:00,539.6,546.2,531.0,536.0,48.4017
2024-11-24 12:00:00+01:00,526.0,528.0,512.4,512.4,70.4996
2024-11-24 13:00:00+01:00,512.4,522.3,486.9,492.9,170.518
2024-11-24 14:00:00+01:00,492.9,509.1,492.7,506.7,48.9753
2024-11-24 15:00:00+01:00,503.6,505.7,492.0,504.8,33.288
2024-11-24 16:00:00+01:00,500.1,503.3,492.7,497.6,104.4231
2024-11-24 17:00:00+01:00,490.0,508.2,490.0,505.3,9.6217
2024-11-24 18:00:00+01:00,500.0,502.3,488.0,499.5,32.155
2024-11-24 19:00:00+01:00,500.0,511.5,499.4,507.4,11.7685
2024-11-24 20:00:00+01:00,503.3,507.3,502.0,504.4,13.4986
2024-11-24 21:00:00+01:00,505.2,514.5,505.2,510.4,10.8626
2024-11-24 22:00:00+01:00,511.8,511.9,500.0,510.5,21.5096
2024-11-24 23:00:00+01:00,510.5,521.0,509.1,517.8,45.8153
2024-11-25 00:00:00+01:00,517.8,528.5,517.8,526.3,37.0849
2024-11-25 01:00:00+01:00,528.8,539.5,525.5,537.2,34.0284
2024-11-25 02:00:00+01:00,534.4,534.4,517.0,527.0,171.3842
2024-11-25 03:00:00+01:00,527.0,536.7,526.2,526.7,42.668
2024-11-25 04:00:00+01:00,527.7,529.2,524.4,529.2,6.3819
2024-11-25 05:00:00+01:00,528.4,532.5,514.0,522.8,26.9344
2024-11-25 06:00:00+01:00,525.4,539.9,525.4,533.9,354.0723
2024-11-25 07:00:00+01:00,535.0,535.0,530.3,532.6,7.0906
2024-11-25 08:00:00+01:00,525.2,528.8,521.7,525.0,5.9111
2024-11-25 09:00:00+01:00,526.9,530.8,524.5,530.5,7.5199
2024-11-25 10:00:00+01:00,536.1,540.9,534.6,534.6,19.0356
2024-11-25 11:00:00+01:00,533.0,533.5,524.2,532.0,30.6057
2024-11-25 12:00:00+01:00,527.8,529.8,513.9,524.9,54.5052
2024-11-25 13:00:00+01:00,524.5,529.9,511.0,529.3,70.9732
2024-11-25 14:00:00+01:00,524.9,530.7,513.6,517.3,17.0697
2024-11-25 15:00:00+01:00,513.4,520.2,500.0,500.5,58.1557
2024-11-25 16:00:00+01:00,502.2,540.0,493.1,522.8,104.8536
2024-11-25 17:00:00+01:00,526.6,540.0,515.6,522.8,77.9429
2024-11-25 18:00:00+01:00,521.8,521.8,510.0,514.1,27.4323
2024-11-25 19:00:00+01:00,512.6,527.9,510.4,522.3,13.986
2024-11-25 20:00:00+01:00,519.4,544.4,519.4,537.4,320.4678
2024-11-25 21:00:00+01:00,537.5,566.3,535.7,559.9,199.5604
2024-11-25 22:00:00+01:00,551.4,553.5,533.6,539.5,51.1227
2024-11-25 23:00:00+01:00,541.9,554.3,525.4,540.0,132.7883
2024-11-26 00:00:00+01:00,545.0,557.6,545.0,547.1,119.8521
2024-11-26 01:00:00+01:00,547.8,560.3,543.7,548.1,18.3494
2024-11-26 02:00:00+01:00,552.0,561.6,550.6,556.5,18.6575
2024-11-26 03:00:00+01:00,552.9,558.9,552.9,556.5,14.8779
2024-11-26 04:00:00+01:00,558.2,559.5,544.6,545.9,15.3206
2024-11-26 05:00:00+01:00,545.9,548.6,542.8,547.6,10.4955
2024-11-26 06:00:00+01:00,552.2,574.1,552.2,570.5,155.7273
2024-11-26 07:00:00+01:00,565.0,565.3,540.6,543.4,30.4533
2024-11-26 08:00:00+01:00,542.6,547.8,527.2,536.8,38.9579
2024-11-26 09:00:00+01:00,533.6,535.8,527.2,535.8,304.179
2024-11-26 10:00:00+01:00,539.6,546.0,518.0,523.5,148.7392
2024-11-26 11:00:00+01:00,524.4,526.3,508.1,511.3,74.347
2024-11-26 12:00:00+01:00,508.0,520.0,503.4,518.0,264.4433
2024-11-26 13:00:00+01:00,514.7,537.5,512.3,518.9,62.5431
2024-11-26 14:00:00+01:00,515.0,525.0,515.0,516.8,17.5062
2024-11-26 15:00:00+01:00,516.8,532.3,509.1,532.0,64.7191
2024-11-26 16:00:00+01:00,534.0,542.4,517.1,517.1,52.1188
2024-11-26 17:00:00+01:00,517.8,535.3,514.0,532.6,17.781
2024-11-26 18:00:00+01:00,533.2,533.2,524.0,533.2,22.5975
2024-11-26 19:00:00+01:00,534.5,540.0,518.0,533.2,16.2349
2024-11-26 20:00:00+01:00,534.8,540.3,530.6,534.5,12.8736
2024-11-26 21:00:00+01:00,536.5,561.2,533.8,553.8,141.5432
2024-11-26 22:00:00+01:00,549.4,559.6,547.7,553.0,79.6643
2024-11-26 23:00:00+01:00,557.8,573.1,557.5,568.0,67.0652
2024-11-27 00:00:00+01:00,567.1,568.5,558.9,558.9,17.8181
2024-11-27 01:00:00+01:00,556.8,567.6,544.4,547.7,33.7713
2024-11-27 02:00:00+01:00,552.9,570.8,515.0,563.7,84.7213
2024-11-27 03:00:00+01:00,560.6,561.4,550.4,553.9,15.9716
2024-11-27 04:00:00+01:00,557.6,567.9,550.4,550.7,31.5311
2024-11-27 05:00:00+01:00,552.1,562.4,552.1,555.5,0.973
2024-11-27 06:00:00+01:00,553.9,554.0,541.8,541.8,43.7846
2024-11-27 07:00:00+01:00,543.0,566.1,542.7,554.6,12.2873
2024-11-27 08:00:00+01:00,554.5,561.2,554.3,560.0,5.3726
2024-11-27 09:00:00+01:00,565.1,574.9,563.2,568.0,48.656
2024-11-27 10:00:00+01:00,565.6,568.0,555.2,555.2,53.4973
2024-11-27 11:00:00+01:00,555.0,574.6,554.5,569.4,62.9798
2024-11-27 12:00:00+01:00,570.7,578.1,567.5,572.2,28.2429
2024-11-27 13:00:00+01:00,571.9,572.2,559.4,564.2,11.825
2024-11-27 14:00:00+01:00,569.4,577.3,569.0,574.9,35.4558
2024-11-27 15:00:00+01:00,577.6,590.0,573.5,585.9,88.789
2024-11-27 16:00:00+01:00,586.7,594.0,582.0,586.0,51.5158
2024-11-27 17:00:00+01:00,586.8,590.4,574.8,580.1,52.6886
2024-11-27 18:00:00+01:00,577.1,582.5,576.5,580.2,58.648
2024-11-27 19:00:00+01:00,579.1,586.6,578.2,578.3,38.4291
2024-11-27 20:00:00+01:00,579.2,579.2,573.0,573.0,53.1478
2024-11-27 21:00:00+01:00,575.5,589.2,575.5,579.7,86.5104
2024-11-27 22:00:00+01:00,578.0,580.7,566.2,570.7,91.3974
2024-11-27 23:00:00+01:00,570.7,573.8,559.6,567.9,99.6455
2024-11-28 00:00:00+01:00,568.4,569.6,560.9,562.2,29.9324
2024-11-28 01:00:00+01:00,561.8,567.6,559.1,564.0,23.445
2024-11-28 02:00:00+01:00,567.2,567.2,564.0,564.0,17.8421
2024-11-28 03:00:00+01:00,566.7,566.7,556.4,562.0,17.4926
2024-11-28 04:00:00+01:00,558.1,560.0,555.3,560.0,7.8638
2024-11-28 05:00:00+01:00,562.8,575.0,561.6,575.0,7.3429
2024-11-28 06:00:00+01:00,574.7,580.7,564.7,580.7,30.8992
2024-11-28 07:00:00+01:00,573.8,579.9,573.2,577.6,11.1249
2024-11-28 08:00:00+01:00,575.5,580.8,550.0,567.6,35.1832
2024-11-28 09:00:00+01:00,573.8,580.0,570.3,570.3,19.0515
2024-11-28 10:00:00+01:00,576.1,581.9,570.3,572.2,30.8717
2024-11-28 11:00:00+01:00,572.2,572.2,562.6,562.6,52.3997
2024-11-28 12:00:00+01:00,567.4,573.0,560.0,566.3,29.6233
2024-11-28 13:00:00+01:00,570.5,574.9,563.4,571.2,32.9116
2024-11-28 14:00:00+01:00,563.3,563.3,555.0,560.6,5.0492
2024-11-28 15:00:00+01:00,559.6,568.0,558.5,562.2,19.5172
2024-11-28 16:00:00+01:00,561.0,565.1,551.5,551.5,77.6505
2024-11-28 17:00:00+01:00,553.8,569.4,553.8,565.0,37.4439
2024-11-28 18:00:00+01:00,568.5,591.4,568.3,579.5,91.3966
2024-11-28 19:00:00+01:00,576.3,589.8,576.3,585.6,86.9407
2024-11-28 20:00:00+01:00,585.3,590.5,580.0,580.0,78.0879
2024-11-28 21:00:00+01:00,580.0,584.4,578.4,584.4,22.6183
2024-11-28 22:00:00+01:00,586.9,616.0,586.0,603.5,189.1429
2024-11-28 23:00:00+01:00,603.6,609.1,595.6,603.4,67.1264
2024-11-29 00:00:00+01:00,603.2,607.5,594.3,595.3,41.7623
2024-11-29 01:00:00+01:00,597.1,597.1,584.3,584.3,135.5615
2024-11-29 02:00:00+01:00,590.0,597.9,587.3,589.1,37.5632
2024-11-29 03:00:00+01:00,589.2,600.5,589.2,600.5,25.1137
2024-11-29 04:00:00+01:00,594.7,600.8,593.6,597.0,6.1766
2024-11-29 05:00:00+01:00,599.4,620.2,597.1,617.2,35.4994
2024-11-29 06:00:00+01:00,617.2,619.9,609.5,615.7,47.3074
2024-11-29 07:00:00+01:00,617.8,632.3,612.6,612.6,64.087
2024-11-29 08:00:00+01:00,613.6,613.6,604.0,604.0,21.4239
2024-11-29 09:00:00+01:00,606.4,616.1,606.4,616.1,106.558
2024-11-29 10:00:00+01:00,615.9,641.6,613.5,634.1,142.857
2024-11-29 11:00:00+01:00,627.4,632.0,621.8,623.5,86.5514
2024-11-29 12:00:00+01:00,625.4,630.4,619.9,623.5,81.5572
2024-11-29 13:00:00+01:00,625.9,634.1,619.1,627.9,58.8838
2024-11-29 14:00:00+01:00,628.7,636.6,621.7,624.3,43.6126
2024-11-29 15:00:00+01:00,623.7,628.8,613.9,619.0,130.8353
2024-11-29 16:00:00+01:00,621.2,621.3,610.9,616.3,189.3388
2024-11-29 17:00:00+01:00,615.3,672.0,614.0,617.9,250.1648
2024-11-29 18:00:00+01:00,622.4,627.9,616.3,627.9,27.3546
2024-11-29 19:00:00+01:00,626.5,627.5,617.6,619.5,34.2361
2024-11-29 20:00:00+01:00,619.4,621.4,611.1,617.9,148.1511
2024-11-29 21:00:00+01:00,615.2,623.0,614.4,614.4,858.9123
2024-11-29 22:00:00+01:00,614.4,621.2,613.3,621.2,125.2885
2024-11-29 23:00:00+01:00,621.1,622.6,617.2,617.2,13.5528
2024-11-30 00:00:00+01:00,616.0,619.3,616.0,619.0,15.0299
2024-11-30 01:00:00+01:00,616.5,621.7,611.0,617.3,102.047
2024-11-30 02:00:00+01:00,613.8,620.1,610.0,620.1,246.6144
2024-11-30 03:00:00+01:00,618.7,618.8,609.6,609.6,7.6733
2024-11-30 04:00:00+01:00,615.2,617.8,612.0,617.8,1.0104
2024-11-30 05:00:00+01:00,618.4,619.9,615.7,615.7,3.0685
2024-11-30 06:00:00+01:00,613.8,619.5,613.8,619.4,14.8526
2024-11-30 07:00:00+01:00,619.4,624.3,609.2,609.2,131.6218
2024-11-30 08:00:00+01:00,612.6,619.8,612.2,618.4,103.1309
2024-11-30 09:00:00+01:00,619.6,619.6,612.0,612.0,90.9403
2024-11-30 10:00:00+01:00,615.3,624.8,610.6,622.0,43.6007
2024-11-30 11:00:00+01:00,624.0,628.4,614.0,616.7,34.8152
2024-11-30 12:00:00+01:00,618.4,631.7,618.4,622.1,24.0069
2024-11-30 13:00:00+01:00,629.5,639.6,628.2,639.6,44.7875
2024-11-30 14:00:00+01:00,638.2,650.1,634.6,646.6,77.6084
2024-11-30 15:00:00+01:00,645.2,671.0,644.5,658.9,955.169
2024-11-30 16:00:00+01:00,658.4,682.0,658.4,668.3,363.7708
2024-11-30 17:00:00+01:00,670.5,685.1,652.4,655.7,305.5522
2024-11-30 18:00:00+01:00,662.5,667.3,657.7,664.1,152.9389
2024-11-30 19:00:00+01:00,664.8,665.0,651.2,654.2,58.2659
2024-11-30 20:00:00+01:00,655.0,658.0,653.0,657.2,34.6816
2024-11-30 21:00:00+01:00,658.9,675.9,638.0,659.8,406.7312
2024-11-30 22:00:00+01:00,659.9,662.8,655.1,660.0,47.0483
2024-11-30 23:00:00+01:00,660.3,666.1,657.0,664.3,33.5341
2024-12-01 00:00:00+01:00,665.0,687.0,665.0,678.4,106.7225
2024-12-01 01:00:00+01:00,678.4,680.5,669.0,672.6,149.0814
2024-12-01 02:00:00+01:00,669.9,675.2,657.4,660.2,25.6844
2024-12-01 03:00:00+01:00,659.7,662.9,646.2,648.5,20.0916
2024-12-01 04:00:00+01:00,649.2,655.4,649.2,651.9,3.8392
2024-12-01 05:00:00+01:00,653.8,659.3,653.5,655.3,1.3034
2024-12-01 06:00:00+01:00,656.5,656.5,647.6,648.4,18.4412
2024-12-01 07:00:00+01:00,649.1,652.8,646.3,647.6,24.5997
2024-12-01 08:00:00+01:00,647.6,650.5,642.2,648.5,28.9584
2024-12-01 09:00:00+01:00,647.4,655.2,640.3,650.9,54.7159
2024-12-01 10:00:00+01:00,652.0,652.0,644.8,646.6,46.2333
2024-12-01 11:00:00+01:00,647.0,648.6,641.0,643.8,31.3129
2024-12-01 12:00:00+01:00,644.1,653.3,643.1,652.3,84.8905
2024-12-01 13:00:00+01:00,652.1,660.7,650.3,656.2,30.9226
2024-12-01 14:00:00+01:00,654.5,660.0,653.1,655.6,17.3804
2024-12-01 15:00:00+01:00,653.7,659.5,653.7,657.7,19.9338
2024-12-01 16:00:00+01:00,654.8,658.2,648.8,651.8,44.264
2024-12-01 17:00:00+01:00,650.0,652.0,640.0,643.4,219.6222
2024-12-01 18:00:00+01:00,642.6,645.4,636.2,643.1,217.1467
2024-12-01 19:00:00+01:00,642.6,647.3,641.5,643.4,68.8824
2024-12-01 20:00:00+01:00,643.4,645.1,639.1,640.2,45.0675
2024-12-01 21:00:00+01:00,638.1,638.3,626.9,630.2,95.2606
2024-12-01 22:00:00+01:00,631.0,639.6,629.8,637.0,50.4507
2024-12-01 23:00:00+01:00,639.0,650.2,637.6,641.8,79.1952
2024-12-02 00:00:00+01:00,642.8,644.0,637.8,637.8,33.3772
2024-12-02 01:00:00+01:00,636.7,638.6,627.0,630.5,42.8283
2024-12-02 02:00:00+01:00,630.4,646.2,630.4,644.2,43.7289
2024-12-02 03:00:00+01:00,643.7,644.0,628.0,633.8,41.1802
2024-12-02 04:00:00+01:00,634.2,635.3,611.0,614.6,97.4549
2024-12-02 05:00:00+01:00,614.5,617.6,600.8,612.7,49.2019
2024-12-02 06:00:00+01:00,612.4,615.1,604.3,608.9,12.3413
2024-12-02 07:00:00+01:00,607.2,614.7,602.0,612.7,74.2844
2024-12-02 08:00:00+01:00,613.4,622.9,609.0,614.2,116.6608
2024-12-02 09:00:00+01:00,612.1,615.2,571.5,592.0,352.0047
2024-12-02 10:00:00+01:00,594.2,604.4,589.9,603.0,236.1947
2024-12-02 11:00:00+01:00,600.6,600.8,580.0,582.5,105.9152
2024-12-02 12:00:00+01:00,581.0,589.9,580.2,585.9,130.9309
2024-12-02 13:00:00+01:00,586.0,596.3,584.0,585.0,163.1816
2024-12-02 14:00:00+01:00,585.0,598.6,583.0,598.6,188.4603
2024-12-02 15:00:00+01:00,596.4,612.3,589.9,602.6,311.9224
2024-12-02 16:00:00+01:00,604.1,611.0,595.9,608.0,176.5123
2024-12-02 17:00:00+01:00,604.6,610.2,580.0,586.3,143.3317
2024-12-02 18:00:00+01:00,587.1,589.5,565.0,567.8,255.6174
2024-12-02 19:00:00+01:00,568.1,587.8,568.0,584.0,291.4049
2024-12-02 20:00:00+01:00,584.6,588.6,577.8,585.5,85.1792
2024-12-02 21:00:00+01:00,587.2,597.8,585.7,587.7,65.2279
2024-12-02 22:00:00+01:00,589.0,600.0,583.1,594.4,209.1572
2024-12-02 23:00:00+01:00,594.7,594.8,586.4,593.8,72.3253
2024-12-03 00:00:00+01:00,593.7,608.2,593.0,607.5,89.971
2024-12-03 01:00:00+01:00,606.5,609.3,600.6,605.4,26.3698
2024-12-03 02:00:00+01:00,603.4,606.0,594.6,595.3,43.1461
2024-12-03 03:00:00+01:00,592.9,601.9,590.5,601.2,82.1964
2024-12-03 04:00:00+01:00,600.6,606.4,596.0,605.1,8.8767
2024-12-03 05:00:00+01:00,604.3,619.0,601.4,611.5,218.2248
2024-12-03 06:00:00+01:00,611.9,618.0,609.2,612.1,39.8836
2024-12-03 07:00:00+01:00,614.5,629.7,610.5,614.7,148.2891
2024-12-03 08:00:00+01:00,614.7,623.7,602.5,621.7,99.201
2024-12-03 09:00:00+01:00,621.1,628.3,608.9,612.4,34.1025
2024-12-03 10:00:00+01:00,611.4,615.9,605.8,613.6,36.8897
2024-12-03 11:00:00+01:00,612.4,622.6,599.3,600.5,108.6367
2024-12-03 12:00:00+01:00,599.0,620.4,598.1,615.3,79.7554
2024-12-03 13:00:00+01:00,614.7,615.3,600.8,610.1,42.6638
2024-12-03 14:00:00+01:00,610.8,613.0,567.1,577.7,119.6022
2024-12-03 15:00:00+01:00,583.1,597.1,570.0,594.8,160.3961
2024-12-03 16:00:00+01:00,594.7,605.7,593.0,599.1,175.5405
2024-12-03 17:00:00+01:00,599.2,607.9,587.3,591.7,172.0973
2024-12-03 18:00:00+01:00,590.3,604.3,583.5,602.9,330.5325
2024-12-03 19:00:00+01:00,602.9,610.4,598.8,605.9,73.4904
2024-12-03 20:00:00+01:00,604.6,606.2,596.0,605.2,139.9698
2024-12-03 21:00:00+01:00,602.6,612.3,601.0,608.3,70.9847
2024-12-03 22:00:00+01:00,609.0,615.4,608.9,611.7,46.028
2024-12-03 23:00:00+01:00,612.2,618.3,606.9,618.3,177.5844
2024-12-04 00:00:00+01:00,618.5,624.8,616.3,619.6,113.9864
2024-12-04 01:00:00+01:00,621.2,631.3,617.8,626.9,84.0132
2024-12-04 02:00:00+01:00,627.0,637.3,626.0,632.4,33.4462
2024-12-04 03:00:00+01:00,633.3,634.9,619.1,624.9,25.8605
2024-12-04 04:00:00+01:00,626.7,637.6,625.4,632.1,59.8739
2024-12-04 05:00:00+01:00,632.2,646.9,628.8,646.7,67.6462
2024-12-04 06:00:00+01:00,647.0,667.0,645.3,660.3,135.7994
2024-12-04 07:00:00+01:00,659.4,676.0,652.0,676.0,136.5
2024-12-04 08:00:00+01:00,672.0,715.4,672.0,706.0,614.5768
2024-12-04 09:00:00+01:00,706.4,728.5,693.6,697.9,154.2495
2024-12-04 10:00:00+01:00,694.7,699.2,688.4,693.8,126.0646
2024-12-04 11:00:00+01:00,691.5,704.2,600.0,690.4,247.0115
2024-12-04 12:00:00+01:00,693.3,701.0,689.5,695.4,102.2256
2024-12-04 13:00:00+01:00,695.3,700.5,683.0,691.9,93.6731
2024-12-04 14:00:00+01:00,690.7,697.0,684.0,690.0,98.2557
2024-12-04 15:00:00+01:00,687.9,696.1,681.7,687.0,37.214
2024-12-04 16:00:00+01:00,685.0,706.4,684.1,697.0,111.4581
2024-12-04 17:00:00+01:00,700.4,701.6,662.9,670.0,206.9166
2024-12-04 18:00:00+01:00,668.0,688.9,661.3,674.4,331.7509
2024-12-04 19:00:00+01:00,674.4,681.4,669.5,677.9,76.3032
2024-12-04 20:00:00+01:00,678.5,688.9,677.8,678.8,92.4396
2024-12-04 21:00:00+01:00,678.5,686.0,661.6,669.5,135.6241
2024-12-04 22:00:00+01:00,666.2,678.2,663.9,675.6,96.168
2024-12-04 23:00:00+01:00,675.6,677.6,666.2,666.9,57.9631
2024-12-05 00:00:00+01:00,666.9,667.4,644.0,657.0,169.7024
2024-12-05 01:00:00+01:00,657.4,658.8,639.0,641.9,152.4811
2024-12-05 02:00:00+01:00,642.3,654.6,624.7,639.3,239.7685
2024-12-05 03:00:00+01:00,637.5,672.3,637.5,658.2,26.5561
2024-12-05 04:00:00+01:00,659.0,679.3,659.0,662.9,43.2608
2024-12-05 05:00:00+01:00,665.6,688.9,665.6,674.4,26.7694
2024-12-05 06:00:00+01:00,673.5,676.6,658.0,665.0,57.9333
2024-12-05 07:00:00+01:00,665.0,665.1,656.1,663.7,25.5307
2024-12-05 08:00:00+01:00,663.6,674.0,659.6,668.9,256.9492
2024-12-05 09:00:00+01:00,668.9,680.4,666.8,671.5,80.6307
2024-12-05 10:00:00+01:00,671.5,672.6,663.1,666.5,61.5642
2024-12-05 11:00:00+01:00,663.8,666.9,662.2,666.9,115.7203
2024-12-05 12:00:00+01:00,664.2,677.1,663.3,676.9,75.2884
2024-12-05 13:00:00+01:00,677.6,687.1,674.4,683.9,135.4844
2024-12-05 14:00:00+01:00,683.2,700.0,677.6,690.3,131.5857
2024-12-05 15:00:00+01:00,692.7,694.0,680.7,690.6,123.8007
2024-12-05 16:00:00+01:00,685.0,702.5,685.0,694.6,275.5449
2024-12-05 17:00:00+01:00,698.5,723.8,697.0,716.7,227.5069
2024-12-05 18:00:00+01:00,717.8,717.8,706.3,712.5,115.6706
2024-12-05 19:00:00+01:00,716.0,724.9,698.9,704.2,178.4715
2024-12-05 20:00:00+01:00,703.9,704.4,677.0,684.3,1403.9146
2024-12-05 21:00:00+01:00,682.7,700.1,669.0,692.3,1991.7341
2024-12-05 22:00:00+01:00,692.3,702.0,684.4,686.5,94.3295
2024-12-05 23:00:00+01:00,689.1,694.2,650.1,681.8,296.2123
2024-12-06 00:00:00+01:00,676.7,701.4,666.7,681.5,56.9002
2024-12-06 01:00:00+01:00,678.5,720.4,673.1,713.7,49.4646
2024-12-06 02:00:00+01:00,716.4,738.0,713.6,725.9,121.743
2024-12-06 03:00:00+01:00,728.3,728.3,717.3,721.8,57.2707
2024-12-06 04:00:00+01:00,721.8,730.0,711.0,730.0,214.7041
2024-12-06 05:00:00+01:00,728.8,748.8,725.0,740.4,284.3791
2024-12-06 06:00:00+01:00,740.5,740.5,725.2,726.7,273.9893
2024-12-06 07:00:00+01:00,727.0,729.0,719.5,719.5,67.3979
2024-12-06 08:00:00+01:00,719.5,730.9,716.5,730.9,79.9007
2024-12-06 09:00:00+01:00,728.4,731.5,722.7,722.7,108.3252
2024-12-06 10:00:00+01:00,723.2,729.0,708.1,721.0,327.387
2024-12-06 11:00:00+01:00,722.2,737.5,702.0,733.3,195.1329
2024-12-06 12:00:00+01:00,737.7,745.9,726.3,727.6,264.9541
2024-12-06 13:00:00+01:00,727.8,743.4,710.0,710.3,147.3256
2024-12-06 14:00:00+01:00,713.2,730.9,700.0,716.6,150.1432
2024-12-06 15:00:00+01:00,716.2,719.9,704.6,715.2,57.8048
2024-12-06 16:00:00+01:00,714.8,723.8,708.5,710.1,121.6291
2024-12-06 17:00:00+01:00,712.4,722.9,709.4,719.9,36.5649
2024-12-06 18:00:00+01:00,719.9,729.0,717.0,726.2,47.4303
2024-12-06 19:00:00+01:00,724.4,726.9,710.9,710.9,82.4863
2024-12-06 20:00:00+01:00,712.1,714.9,706.0,711.1,341.8324
2024-12-06 21:00:00+01:00,711.1,718.0,705.0,708.6,68.7216
2024-12-06 22:00:00+01:00,710.1,712.0,700.4,702.7,109.981
2024-12-06 23:00:00+01:00,704.8,711.8,704.8,710.0,36.1207
2024-12-07 00:00:00+01:00,710.0,713.8,703.0,703.9,76.0093
2024-12-07 01:00:00+01:00,707.8,711.9,701.5,703.7,22.0881
2024-12-07 02:00:00+01:00,704.9,705.3,702.0,703.8,15.2427
2024-12-07 03:00:00+01:00,704.0,714.3,703.3,709.2,27.9337
2024-12-07 04:00:00+01:00,708.5,709.4,699.0,708.7,42.7876
2024-12-07 05:00:00+01:00,708.9,720.0,704.1,708.4,61.7594
2024-12-07 06:00:00+01:00,705.5,716.0,705.5,713.6,45.0305
2024-12-07 07:00:00+01:00,710.4,715.9,705.9,714.3,26.6836
2024-12-07 08:00:00+01:00,714.7,719.4,709.6,710.6,21.4375
2024-12-07 09:00:00+01:00,713.4,713.4,701.2,704.8,62.6768
2024-12-07 10:00:00+01:00,704.8,708.1,692.9,701.2,164.1568
2024-12-07 11:00:00+01:00,699.7,700.8,696.1,697.8,113.6111
2024-12-07 12:00:00+01:00,698.4,705.7,697.3,701.9,280.2358
2024-12-07 13:00:00+01:00,703.0,708.3,700.3,704.9,77.995
2024-12-07 14:00:00+01:00,704.4,706.8,703.2,705.3,35.529
2024-12-07 15:00:00+01:00,706.1,706.7,698.0,704.7,28.4611
2024-12-07 16:00:00+01:00,704.0,705.1,696.6,705.1,24.2478
2024-12-07 17:00:00+01:00,705.7,706.7,690.1,694.5,39.5669
2024-12-07 18:00:00+01:00,694.5,695.3,686.6,688.1,156.2073
2024-12-07 19:00:00+01:00,688.3,703.1,688.3,703.1,83.2578
2024-12-07 20:00:00+01:00,703.7,705.4,692.0,692.0,52.3665
2024-12-07 21:00:00+01:00,693.8,698.6,692.2,692.7,34.9132
2024-12-07 22:00:00+01:00,693.5,700.0,692.7,698.3,37.301
2024-12-07 23:00:00+01:00,698.3,699.7,695.6,696.8,6.7712
2024-12-08 00:00:00+01:00,696.8,704.9,696.8,699.0,8.7058
2024-12-08 01:00:00+01:00,700.0,708.8,700.0,708.8,4.4915
2024-12-08 02:00:00+01:00,707.3,710.0,699.6,703.0,17.0984
2024-12-08 03:00:00+01:00,702.6,703.3,697.0,697.0,5.2267
2024-12-08 04:00:00+01:00,697.0,697.0,694.0,694.0,6.2047
2024-12-08 05:00:00+01:00,692.0,697.0,688.0,688.0,36.8501
2024-12-08 06:00:00+01:00,687.6,688.6,682.2,684.0,77.245
2024-12-08 07:00:00+01:00,683.8,689.7,682.7,688.4,67.0884
2024-12-08 08:00:00+01:00,690.0,698.3,689.7,695.2,42.9114
2024-12-08 09:00:00+01:00,696.0,697.8,687.3,690.3,31.7965
2024-12-08 10:00:00+01:00,688.4,692.0,676.1,680.0,848.6506
2024-12-08 11:00:00+01:00,681.9,688.4,680.1,682.7,518.3457
2024-12-08 12:00:00+01:00,682.5,692.1,681.3,690.2,42.0972
2024-12-08 13:00:00+01:00,689.1,695.1,685.3,691.9,104.6063
2024-12-08 14:00:00+01:00,693.2,700.1,692.0,700.1,128.6095
2024-12-08 15:00:00+01:00,702.1,704.0,696.6,699.8,357.7491
2024-12-08 16:00:00+01:00,699.4,704.0,693.7,701.4,363.8737
2024-12-08 17:00:00+01:00,701.5,702.9,690.0,691.4,67.1134
2024-12-08 18:00:00+01:00,691.8,701.0,690.3,701.0,21.654
2024-12-08 19:00:00+01:00,701.5,702.2,691.7,694.1,122.2863
2024-12-08 20:00:00+01:00,691.8,692.4,687.2,689.9,64.2776
2024-12-08 21:00:00+01:00,690.6,693.5,686.5,689.2,152.3237
2024-12-08 22:00:00+01:00,687.4,698.1,686.4,698.1,33.3159
2024-12-08 23:00:00+01:00,698.0,710.2,696.4,707.6,183.9349
2024-12-09 00:00:00+01:00,708.8,716.5,704.7,713.9,46.141
2024-12-09 01:00:00+01:00,712.0,714.6,702.6,703.0,1263.3124
2024-12-09 02:00:00+01:00,710.9,710.9,692.5,692.5,11.5501
2024-12-09 03:00:00+01:00,692.6,692.9,673.8,673.8,242.6895
2024-12-09 04:00:00+01:00,674.4,676.2,664.7,673.4,79.2404
2024-12-09 05:00:00+01:00,671.6,678.6,668.8,678.5,24.4539
2024-12-09 06:00:00+01:00,678.5,684.2,678.5,681.5,53.4787
2024-12-09 07:00:00+01:00,682.2,682.2,669.5,673.0,152.5762
2024-12-09 08:00:00+01:00,672.9,681.9,655.3,677.7,275.4538
2024-12-09 09:00:00+01:00,677.6,677.6,658.6,658.6,111.2851
2024-12-09 10:00:00+01:00,662.6,675.9,658.7,661.7,185.3595
2024-12-09 11:00:00+01:00,661.4,667.0,660.7,665.8,53.2142
2024-12-09 12:00:00+01:00,666.3,666.3,650.1,652.0,135.1907
2024-12-09 13:00:00+01:00,651.5,661.0,642.0,661.0,571.7076
2024-12-09 14:00:00+01:00,660.4,737.0,656.7,670.0,352.3599
2024-12-09 15:00:00+01:00,672.2,681.1,666.0,677.7,131.1517
2024-12-09 16:00:00+01:00,675.4,678.1,647.6,655.7,185.7085
2024-12-09 17:00:00+01:00,653.7,663.9,650.7,656.9,129.657
2024-12-09 18:00:00+01:00,660.4,664.3,649.6,649.6,40.5857
2024-12-09 19:00:00+01:00,649.6,654.1,628.0,645.9,364.0814
2024-12-09 20:00:00+01:00,645.5,649.0,639.9,643.0,77.0623
2024-12-09 21:00:00+01:00,642.8,644.5,604.0,616.8,276.2693
2024-12-09 22:00:00+01:00,614.5,624.8,402.0,593.7,1829.6735
2024-12-09 23:00:00+01:00,593.4,628.0,545.0,596.3,651.7983
2024-12-10 00:00:00+01:00,596.7,606.7,591.0,602.4,113.768
2024-12-10 01:00:00+01:00,597.6,613.7,586.2,601.4,161.0692
2024-12-10 02:00:00+01:00,604.9,605.0,590.3,600.4,89.8045
2024-12-10 03:00:00+01:00,598.1,598.1,569.1,569.1,260.783
2024-12-10 04:00:00+01:00,569.8,574.0,551.3,573.1,150.0276
2024-12-10 05:00:00+01:00,571.5,590.6,568.0,589.3,168.225
2024-12-10 06:00:00+01:00,588.2,590.3,582.6,585.4,21.0449
2024-12-10 07:00:00+01:00,585.4,592.8,581.2,590.4,104.8518
2024-12-10 08:00:00+01:00,587.5,589.1,580.7,582.8,126.2958
2024-12-10 09:00:00+01:00,582.0,583.8,574.0,581.6,300.4921
2024-12-10 10:00:00+01:00,582.8,596.5,582.8,591.0,129.1134
2024-12-10 11:00:00+01:00,591.9,606.8,591.9,600.4,130.4301
2024-12-10 12:00:00+01:00,601.1,601.2,586.7,590.5,63.9018
2024-12-10 13:00:00+01:00,590.0,590.0,560.1,562.7,218.8539
2024-12-10 14:00:00+01:00,565.2,576.7,565.2,573.2,190.388
2024-12-10 15:00:00+01:00,573.8,583.2,568.3,571.0,315.3524
2024-12-10 16:00:00+01:00,571.6,574.6,532.0,533.5,377.1291
2024-12-10 17:00:00+01:00,531.3,560.9,529.9,560.6,483.7514
2024-12-10 18:00:00+01:00,558.9,559.4,532.4,533.1,170.2499
2024-12-10 19:00:00+01:00,534.3,558.2,530.2,550.3,170.9697
2024-12-10 20:00:00+01:00,550.1,564.9,549.6,560.8,144.4079
2024-12-10 21:00:00+01:00,560.8,567.4,556.7,565.3,157.551
2024-12-10 22:00:00+01:00,564.2,589.0,564.0,577.7,226.9886
2024-12-10 23:00:00+01:00,577.3,582.9,574.6,579.0,97.1267
2024-12-11 00:00:00+01:00,580.0,584.7,574.7,575.6,31.7574
2024-12-11 01:00:00+01:00,574.1,575.9,558.4,566.8,127.9451
2024-12-11 02:00:00+01:00,565.4,566.7,551.4,553.7,77.596
2024-12-11 03:00:00+01:00,554.0,576.2,553.1,569.0,104.3047
2024-12-11 04:00:00+01:00,569.0,574.4,568.3,571.2,16.7384
2024-12-11 05:00:00+01:00,572.5,574.9,566.5,572.9,51.4842
2024-12-11 06:00:00+01:00,572.8,576.0,567.6,570.6,20.3594
2024-12-11 07:00:00+01:00,570.2,580.3,568.7,579.9,59.3889
2024-12-11 08:00:00+01:00,580.4,584.0,568.6,568.8,60.3805
2024-12-11 09:00:00+01:00,569.8,590.0,568.0,583.9,97.7446
2024-12-11 10:00:00+01:00,583.7,585.3,577.4,583.0,54.0555
2024-12-11 11:00:00+01:00,583.2,584.6,576.2,578.3,63.3029
2024-12-11 12:00:00+01:00,578.5,584.6,575.2,576.8,51.9031
2024-12-11 13:00:00+01:00,576.8,592.0,576.8,588.0,172.552
2024-12-11 14:00:00+01:00,588.3,604.4,583.4,596.6,307.7852
2024-12-11 15:00:00+01:00,596.5,604.6,586.5,601.6,186.7984
2024-12-11 16:00:00+01:00,602.0,619.7,601.0,613.0,363.7701
2024-12-11 17:00:00+01:00,612.9,619.2,608.8,613.5,134.0993
2024-12-11 18:00:00+01:00,614.2,620.5,600.8,602.1,167.6364
2024-12-11 19:00:00+01:00,602.8,612.6,601.6,610.5,88.8646
2024-12-11 20:00:00+01:00,610.4,613.3,607.3,610.3,47.0358
2024-12-11 21:00:00+01:00,610.1,614.0,604.3,605.7,118.6868
2024-12-11 22:00:00+01:00,605.4,607.4,602.2,604.6,29.4458
2024-12-11 23:00:00+01:00,604.4,609.3,604.4,606.0,23.483
2024-12-12 00:00:00+01:00,606.2,607.9,599.3,601.9,69.6027
2024-12-12 01:00:00+01:00,601.6,610.9,600.0,608.8,54.3682
2024-12-12 02:00:00+01:00,608.6,622.0,608.6,614.9,69.6101
2024-12-12 03:00:00+01:00,616.0,636.7,615.8,636.6,121.8388
2024-12-12 04:00:00+01:00,636.3,645.0,631.3,636.7,64.1189
2024-12-12 05:00:00+01:00,636.8,638.6,626.4,629.9,209.1419
2024-12-12 06:00:00+01:00,630.6,635.6,626.6,626.6,134.4353
2024-12-12 07:00:00+01:00,627.7,629.8,622.4,626.8,87.1896
2024-12-12 08:00:00+01:00,627.2,635.1,624.1,625.3,148.2112
2024-12-12 09:00:00+01:00,627.7,630.5,626.1,626.9,31.4458
2024-12-12 10:00:00+01:00,628.3,630.2,619.8,621.9,65.1992
2024-12-12 11:00:00+01:00,621.1,621.1,608.1,611.2,1461.0942
2024-12-12 12:00:00+01:00,611.4,612.8,605.6,607.7,1382.2404
2024-12-12 13:00:00+01:00,608.9,615.0,605.5,613.4,88.7232
2024-12-12 14:00:00+01:00,613.4,624.5,602.0,607.4,140.8987
2024-12-12 15:00:00+01:00,608.4,614.6,599.7,609.0,153.4063
2024-12-12 16:00:00+01:00,610.0,612.1,600.9,606.1,80.3105
2024-12-12 17:00:00+01:00,607.3,613.9,606.2,608.5,85.0522
2024-12-12 18:00:00+01:00,611.6,615.5,610.0,614.3,55.2411
2024-12-12 19:00:00+01:00,613.8,616.2,611.7,611.9,25.7593
2024-12-12 20:00:00+01:00,613.6,614.4,582.3,586.9,249.1304
2024-12-12 21:00:00+01:00,589.2,594.3,585.0,589.0,76.3235
2024-12-12 22:00:00+01:00,590.6,592.3,582.8,582.8,109.6172
2024-12-12 23:00:00+01:00,582.6,586.9,566.4,573.2,285.0386
2024-12-13 00:00:00+01:00,573.3,579.3,570.7,577.9,426.9418
2024-12-13 01:00:00+01:00,577.0,584.0,576.0,582.0,163.266
2024-12-13 02:00:00+01:00,581.9,581.9,567.5,576.4,394.7402
2024-12-13 03:00:00+01:00,575.1,581.7,574.6,577.6,114.9527
2024-12-13 04:00:00+01:00,577.7,581.6,575.6,580.0,219.6093
2024-12-13 05:00:00+01:00,580.5,581.5,568.0,573.0,121.9821
2024-12-13 06:00:00+01:00,572.3,576.1,570.6,574.2,116.1467
2024-12-13 07:00:00+01:00,573.7,577.2,566.0,566.4,73.8637
2024-12-13 08:00:00+01:00,566.2,572.9,562.3,570.2,184.778
2024-12-13 09:00:00+01:00,570.1,578.6,568.8,576.5,303.8559
2024-12-13 10:00:00+01:00,577.3,579.7,570.3,572.0,275.5869
2024-12-13 11:00:00+01:00,571.5,575.2,565.2,574.8,216.5034
2024-12-13 12:00:00+01:00,575.1,580.0,573.1,573.9,180.9229
2024-12-13 13:00:00+01:00,575.2,580.3,574.9,579.3,314.7376
2024-12-13 14:00:00+01:00,579.6,581.6,571.4,576.8,241.1971
2024-12-13 15:00:00+01:00,577.2,585.2,574.1,584.1,236.7147
2024-12-13 16:00:00+01:00,585.5,591.8,572.8,575.2,504.5969
2024-12-13 17:00:00+01:00,577.8,582.9,572.1,576.1,418.8899
2024-12-13 18:00:00+01:00,576.0,578.3,569.1,574.2,273.9389
2024-12-13 19:00:00+01:00,571.5,575.7,569.5,569.8,204.4513
2024-12-13 20:00:00+01:00,570.2,575.4,568.5,575.0,323.8141
2024-12-13 21:00:00+01:00,575.1,578.4,571.0,576.5,380.2218
2024-12-13 22:00:00+01:00,574.6,577.6,573.0,574.6,13.6409
2024-12-13 23:00:00+01:00,573.1,573.1,565.1,568.3,26.1606
2024-12-14 00:00:00+01:00,568.0,578.7,568.0,578.3,26.9082
2024-12-14 01:00:00+01:00,577.1,582.8,575.9,578.7,30.8755
2024-12-14 02:00:00+01:00,579.6,587.5,579.6,583.3,51.3487
2024-12-14 03:00:00+01:00,581.7,582.6,579.5,580.2,8.6222
2024-12-14 04:00:00+01:00,580.8,581.3,573.0,574.1,63.7279
2024-12-14 05:00:00+01:00,574.6,576.5,571.5,576.5,10.8297
2024-12-14 06:00:00+01:00,576.4,580.0,575.0,580.0,39.0034
2024-12-14 07:00:00+01:00,581.0,585.6,580.5,585.6,39.2341
2024-12-14 08:00:00+01:00,585.3,587.0,580.3,582.3,28.931
2024-12-14 09:00:00+01:00,585.0,586.8,582.0,585.1,65.2537
2024-12-14 10:00:00+01:00,584.6,586.4,581.8,584.8,57.2186
2024-12-14 11:00:00+01:00,584.8,584.9,576.2,581.5,83.3409
2024-12-14 12:00:00+01:00,582.0,584.2,578.5,578.8,46.4124
2024-12-14 13:00:00+01:00,579.5,580.0,563.2,566.2,58.385
2024-12-14 14:00:00+01:00,566.5,568.6,556.5,560.9,124.4472
2024-12-14 15:00:00+01:00,560.9,570.6,560.9,569.9,57.0908
2024-12-14 16:00:00+01:00,566.7,570.6,565.4,566.4,47.0992
2024-12-14 17:00:00+01:00,566.1,566.1,550.8,553.2,224.9172
2024-12-14 18:00:00+01:00,551.9,553.3,540.7,543.0,223.808
2024-12-14 19:00:00+01:00,542.7,548.7,542.0,542.6,117.7194
2024-12-14 20:00:00+01:00,542.9,547.2,541.6,545.3,257.4394
2024-12-14 21:00:00+01:00,545.5,549.6,538.3,538.5,151.0505
2024-12-14 22:00:00+01:00,539.2,546.3,539.1,546.3,287.3939
2024-12-14 23:00:00+01:00,546.6,557.9,546.3,556.0,81.7656
2024-12-15 00:00:00+01:00,555.6,563.9,552.6,560.6,75.5496
2024-12-15 01:00:00+01:00,560.3,560.3,552.2,555.1,60.4295
2024-12-15 02:00:00+01:00,554.4,566.3,554.4,565.5,26.008
2024-12-15 03:00:00+01:00,565.2,565.2,561.5,562.4,45.0465
2024-12-15 04:00:00+01:00,561.3,561.3,554.1,554.8,23.5208
2024-12-15 05:00:00+01:00,553.7,561.2,553.7,557.3,9.6511
2024-12-15 06:00:00+01:00,557.2,559.5,556.2,556.6,17.6827
2024-12-15 07:00:00+01:00,557.7,557.7,551.2,551.4,6.8816
2024-12-15 08:00:00+01:00,551.2,552.5,540.0,546.7,129.7607
2024-12-15 09:00:00+01:00,548.4,556.2,546.3,554.1,60.7895
2024-12-15 10:00:00+01:00,553.1,556.7,551.1,556.0,62.4771
2024-12-15 11:00:00+01:00,555.6,559.8,554.9,554.9,17.1782
2024-12-15 12:00:00+01:00,554.7,559.3,554.7,559.0,47.0475
2024-12-15 13:00:00+01:00,558.6,563.5,556.2,562.6,47.8223
2024-12-15 14:00:00+01:00,562.5,569.7,557.4,567.8,81.6854
2024-12-15 15:00:00+01:00,568.2,573.2,566.8,573.1,119.7373
2024-12-15 16:00:00+01:00,573.0,574.4,567.5,568.0,52.2535
2024-12-15 17:00:00+01:00,569.0,574.1,567.3,569.8,104.0574
2024-12-15 18:00:00+01:00,568.6,570.0,564.5,566.9,44.7103
2024-12-15 19:00:00+01:00,566.0,566.2,560.8,563.0,50.9854
2024-12-15 20:00:00+01:00,563.2,566.9,563.1,566.0,65.2782
2024-12-15 21:00:00+01:00,565.8,569.0,564.2,564.2,58.3008
2024-12-15 22:00:00+01:00,563.8,564.2,550.2,551.0,299.378
2024-12-15 23:00:00+01:00,550.6,561.3,546.6,560.8,112.9478
2024-12-16 00:00:00+01:00,560.1,576.6,559.2,571.8,196.7117
2024-12-16 01:00:00+01:00,574.5,585.4,573.1,584.5,204.7963
2024-12-16 02:00:00+01:00,583.7,584.9,579.0,579.0,34.3077
2024-12-16 03:00:00+01:00,577.2,577.8,565.8,567.1,94.9455
2024-12-16 04:00:00+01:00,567.1,568.1,555.2,558.4,24.4671
2024-12-16 05:00:00+01:00,557.9,565.1,556.7,561.7,97.2194
2024-12-16 06:00:00+01:00,560.3,563.9,559.1,563.9,54.0652
2024-12-16 07:00:00+01:00,566.3,568.4,559.5,560.6,35.4919
2024-12-16 08:00:00+01:00,560.3,567.4,559.0,560.4,34.9028
2024-12-16 09:00:00+01:00,560.9,561.1,553.0,553.2,65.7711
2024-12-16 10:00:00+01:00,554.4,554.8,547.3,547.4,174.7746
2024-12-16 11:00:00+01:00,547.9,547.9,540.4,545.6,272.4637
2024-12-16 12:00:00+01:00,544.5,544.5,535.0,536.7,252.5113
2024-12-16 13:00:00+01:00,535.7,540.9,535.6,537.0,187.0558
2024-12-16 14:00:00+01:00,536.7,542.7,535.9,538.5,150.6164
2024-12-16 15:00:00+01:00,542.3,547.2,538.4,540.1,149.0682
2024-12-16 16:00:00+01:00,541.9,546.8,539.8,543.2,121.8926
2024-12-16 17:00:00+01:00,545.1,549.9,542.1,544.1,238.3781
2024-12-16 18:00:00+01:00,544.4,555.4,544.3,550.7,230.8791
2024-12-16 19:00:00+01:00,551.4,559.4,549.6,557.4,159.7819
2024-12-16 20:00:00+01:00,556.9,556.9,547.0,551.0,192.3448
2024-12-16 21:00:00+01:00,550.9,553.3,544.1,544.7,124.6642
2024-12-16 22:00:00+01:00,544.8,549.6,542.6,548.2,107.7291
2024-12-16 23:00:00+01:00,548.3,550.6,544.4,544.4,84.6453
2024-12-17 00:00:00+01:00,543.3,545.0,538.4,541.5,48.5738
2024-12-17 01:00:00+01:00,541.7,541.7,529.2,529.2,378.9915
2024-12-17 02:00:00+01:00,529.8,535.7,528.3,534.0,73.6248
2024-12-17 03:00:00+01:00,534.0,537.1,531.9,534.8,300.5659
2024-12-17 04:00:00+01:00,535.5,539.8,535.5,539.2,77.9987
2024-12-17 05:00:00+01:00,540.1,540.1,530.3,532.1,89.4748
2024-12-17 06:00:00+01:00,533.7,535.2,531.1,535.0,65.0893
2024-12-17 07:00:00+01:00,534.6,534.6,524.3,527.2,260.9186
2024-12-17 08:00:00+01:00,528.0,532.4,525.0,527.4,116.216
2024-12-17 09:00:00+01:00,528.2,531.3,525.8,528.1,100.4468
2024-12-17 10:00:00+01:00,528.4,539.8,526.2,538.4,154.0163
2024-12-17 11:00:00+01:00,537.5,538.6,534.9,537.7,150.3951
2024-12-17 12:00:00+01:00,537.7,539.9,534.4,536.5,366.6731
2024-12-17 13:00:00+01:00,536.6,544.1,535.5,541.0,127.7651
2024-12-17 14:00:00+01:00,541.0,543.8,537.7,541.7,129.9648
2024-12-17 15:00:00+01:00,541.6,541.9,531.1,536.9,275.6831
2024-12-17 16:00:00+01:00,536.6,536.6,519.1,526.6,342.5788
2024-12-17 17:00:00+01:00,526.2,534.0,521.8,531.0,198.7999
2024-12-17 18:00:00+01:00,532.5,539.0,531.0,537.9,216.068
2024-12-17 19:00:00+01:00,537.0,538.9,530.5,531.0,34.0082
2024-12-17 20:00:00+01:00,531.5,537.3,528.3,531.3,153.7582
2024-12-17 21:00:00+01:00,533.2,533.2,524.0,527.0,237.1873
2024-12-17 22:00:00+01:00,524.4,529.2,520.4,520.4,143.9993
2024-12-17 23:00:00+01:00,520.9,522.6,510.2,514.2,312.5261
2024-12-18 00:00:00+01:00,514.1,518.6,509.6,518.6,249.0865
2024-12-18 01:00:00+01:00,519.6,527.4,517.6,527.4,51.0383
2024-12-18 02:00:00+01:00,527.1,530.7,519.3,522.6,37.9778
2024-12-18 03:00:00+01:00,521.9,525.2,520.8,520.8,62.7424
2024-12-18 04:00:00+01:00,521.3,522.3,517.1,517.2,46.7723
2024-12-18 05:00:00+01:00,515.5,516.6,508.1,516.0,103.8398
2024-12-18 06:00:00+01:00,515.4,520.6,513.5,517.0,78.4361
2024-12-18 07:00:00+01:00,516.2,520.2,511.5,515.4,102.3733
2024-12-18 08:00:00+01:00,515.8,523.9,514.5,523.9,94.982
2024-12-18 09:00:00+01:00,525.0,526.3,518.4,524.8,143.3108
2024-12-18 10:00:00+01:00,524.8,534.1,524.2,529.2,144.9574
2024-12-18 11:00:00+01:00,530.1,530.9,524.7,528.5,115.9244
2024-12-18 12:00:00+01:00,528.1,538.3,525.8,526.6,184.0788
2024-12-18 13:00:00+01:00,526.7,531.1,518.8,528.9,271.883
2024-12-18 14:00:00+01:00,527.8,529.9,519.2,522.3,76.5011
2024-12-18 15:00:00+01:00,523.9,527.5,519.9,520.8,169.1673
2024-12-18 16:00:00+01:00,519.9,527.8,516.3,521.3,39.9338
2024-12-18 17:00:00+01:00,521.0,528.3,518.8,526.8,136.7354
2024-12-18 18:00:00+01:00,526.9,535.0,519.4,529.6,197.3944
2024-12-18 19:00:00+01:00,529.1,536.6,527.4,536.4,123.3235
2024-12-18 20:00:00+01:00,534.7,537.4,517.5,517.5,321.6707
2024-12-18 21:00:00+01:00,515.8,520.8,480.0,504.8,1198.9107
2024-12-18 22:00:00+01:00,502.4,519.9,498.7,517.8,275.3172
2024-12-18 23:00:00+01:00,517.2,517.7,502.5,502.8,183.2954
2024-12-19 00:00:00+01:00,502.5,511.1,497.0,500.2,149.614
2024-12-19 01:00:00+01:00,499.3,505.4,489.4,499.8,145.4247
2024-12-19 02:00:00+01:00,500.5,501.1,476.1,479.6,215.2049
2024-12-19 03:00:00+01:00,480.0,488.0,452.0,485.5,2130.4376
2024-12-19 04:00:00+01:00,486.8,504.4,483.7,501.7,236.0061
2024-12-19 05:00:00+01:00,501.5,501.5,493.5,493.5,300.1888
2024-12-19 06:00:00+01:00,493.5,499.1,491.3,496.0,156.2719
2024-12-19 07:00:00+01:00,495.9,496.9,491.0,491.2,214.0719
2024-12-19 08:00:00+01:00,491.7,497.4,490.9,494.1,159.7911
2024-12-19 09:00:00+01:00,492.5,493.9,484.3,485.3,329.9858
2024-12-19 10:00:00+01:00,485.3,492.6,485.0,490.6,535.755
2024-12-19 11:00:00+01:00,490.6,500.0,485.1,496.9,425.7043
2024-12-19 12:00:00+01:00,495.1,496.3,488.4,489.2,464.2405
2024-12-19 13:00:00+01:00,490.6,491.6,480.9,483.2,203.7807
2024-12-19 14:00:00+01:00,483.2,488.6,481.8,485.3,870.9064
2024-12-19 15:00:00+01:00,486.6,494.4,480.2,481.2,233.8039
2024-12-19 16:00:00+01:00,480.4,481.2,465.1,474.1,2977.8178
2024-12-19 17:00:00+01:00,474.1,481.1,470.3,480.1,135.7595
2024-12-19 18:00:00+01:00,480.1,480.7,440.8,455.3,721.397
2024-12-19 19:00:00+01:00,454.2,489.9,432.0,462.3,1423.9289
2024-12-19 20:00:00+01:00,460.7,469.3,445.7,455.1,662.552
2024-12-19 21:00:00+01:00,454.1,459.1,441.8,454.5,597.1453
2024-12-19 22:00:00+01:00,454.5,465.7,450.2,461.4,355.3948
2024-12-19 23:00:00+01:00,460.4,462.7,450.6,452.4,1442.752
2024-12-20 00:00:00+01:00,452.0,453.8,446.6,447.0,84.77
2024-12-20 01:00:00+01:00,447.5,458.0,439.3,456.5,1729.4529
2024-12-20 02:00:00+01:00,457.2,460.7,453.3,455.8,127.4349
2024-12-20 03:00:00+01:00,456.8,470.0,456.1,467.7,65.081
2024-12-20 04:00:00+01:00,467.8,467.8,461.0,461.0,108.8061
2024-12-20 05:00:00+01:00,461.9,463.8,455.7,455.7,67.4989
2024-12-20 06:00:00+01:00,456.2,457.5,450.0,450.6,107.89
2024-12-20 07:00:00+01:00,450.3,454.6,438.4,441.5,234.6505
2024-12-20 08:00:00+01:00,443.1,455.9,443.1,447.6,121.2898
2024-12-20 09:00:00+01:00,447.4,448.5,413.4,417.4,1028.8808
2024-12-20 10:00:00+01:00,416.4,424.1,410.1,416.6,731.8474
2024-12-20 11:00:00+01:00,415.0,419.5,406.0,410.1,753.8445
2024-12-20 12:00:00+01:00,411.2,419.7,399.0,401.7,952.8746
2024-12-20 13:00:00+01:00,400.8,427.8,399.9,424.0,1021.8787
2024-12-20 14:00:00+01:00,424.0,448.8,421.6,440.5,687.7417
2024-12-20 15:00:00+01:00,440.1,456.8,436.3,454.5,491.8045
2024-12-20 16:00:00+01:00,454.0,461.9,451.2,452.2,517.1894
2024-12-20 17:00:00+01:00,452.2,465.3,449.8,459.9,320.913
2024-12-20 18:00:00+01:00,459.9,474.4,457.0,473.3,396.2218
2024-12-20 19:00:00+01:00,473.1,477.6,467.7,469.9,375.7413
2024-12-20 20:00:00+01:00,469.4,480.4,469.4,477.1,224.8783
2024-12-20 21:00:00+01:00,477.5,477.5,468.7,470.0,256.7457
2024-12-20 22:00:00+01:00,470.2,471.3,458.8,468.6,229.9267
2024-12-20 23:00:00+01:00,467.6,478.2,466.6,475.8,78.1918
2024-12-21 00:00:00+01:00,475.8,477.2,471.2,472.9,57.3125
2024-12-21 01:00:00+01:00,472.1,479.7,472.1,476.1,82.6368
2024-12-21 02:00:00+01:00,476.1,489.3,475.9,488.0,116.8998
2024-12-21 03:00:00+01:00,488.0,490.1,482.5,484.7,63.7985
2024-12-21 04:00:00+01:00,486.2,489.5,482.3,487.6,110.9084
2024-12-21 05:00:00+01:00,488.4,497.6,487.1,496.5,49.7194
2024-12-21 06:00:00+01:00,495.4,498.0,492.6,497.9,53.752
2024-12-21 07:00:00+01:00,497.9,502.0,496.4,499.0,101.2631
2024-12-21 08:00:00+01:00,499.9,508.0,496.4,498.9,134.7891
2024-12-21 09:00:00+01:00,499.8,501.3,488.0,488.5,129.0495
2024-12-21 10:00:00+01:00,488.8,491.0,484.1,487.5,158.7046
2024-12-21 11:00:00+01:00,487.5,492.7,484.3,487.0,68.4655
2024-12-21 12:00:00+01:00,487.2,489.6,481.4,487.4,201.0954
2024-12-21 13:00:00+01:00,487.8,487.8,473.1,474.7,175.3287
2024-12-21 14:00:00+01:00,475.2,478.2,451.1,467.8,432.6657
2024-12-21 15:00:00+01:00,470.9,472.4,460.8,460.9,170.9391
2024-12-21 16:00:00+01:00,461.3,470.5,461.3,469.4,72.1145
2024-12-21 17:00:00+01:00,468.2,468.8,461.3,462.1,47.2587
2024-12-21 18:00:00+01:00,462.4,465.5,457.6,462.7,51.9044
2024-12-21 19:00:00+01:00,461.8,463.8,454.5,456.5,42.3667
2024-12-21 20:00:00+01:00,456.3,457.1,441.0,453.7,407.7585
2024-12-21 21:00:00+01:00,456.4,462.2,453.6,456.3,171.8933
2024-12-21 22:00:00+01:00,457.2,459.0,452.3,455.0,56.8978
2024-12-21 23:00:00+01:00,454.6,458.3,450.8,455.0,62.2693
2024-12-22 00:00:00+01:00,452.8,456.2,451.7,454.7,45.515
2024-12-22 01:00:00+01:00,455.0,459.7,452.2,457.0,67.0812
2024-12-22 02:00:00+01:00,456.8,460.0,450.6,455.0,17.3984
2024-12-22 03:00:00+01:00,455.0,457.3,451.0,452.2,15.1118
2024-12-22 04:00:00+01:00,450.0,456.8,447.1,452.2,71.6662
2024-12-22 05:00:00+01:00,455.2,455.3,447.8,447.8,37.5111
2024-12-22 06:00:00+01:00,447.8,450.3,441.4,449.4,140.6107
2024-12-22 07:00:00+01:00,448.0,455.4,447.9,455.4,57.9608
2024-12-22 08:00:00+01:00,457.1,458.0,452.7,455.1,27.5478
2024-12-22 09:00:00+01:00,456.0,461.1,456.0,458.8,40.9068
2024-12-22 10:00:00+01:00,457.6,472.8,455.3,463.6,162.44
2024-12-22 11:00:00+01:00,464.7,470.5,464.7,469.4,79.0493
2024-12-22 12:00:00+01:00,467.4,469.2,464.9,464.9,62.389
2024-12-22 13:00:00+01:00,464.4,470.2,462.6,465.7,19.2855
2024-12-22 14:00:00+01:00,465.7,469.9,464.0,466.4,52.7264
2024-12-22 15:00:00+01:00,465.9,467.8,449.1,449.9,194.4086
2024-12-22 16:00:00+01:00,449.9,457.6,449.9,453.5,72.1523
2024-12-22 17:00:00+01:00,453.4,463.6,451.8,462.6,68.1556
2024-12-22 18:00:00+01:00,461.1,463.2,458.7,459.2,34.3056
2024-12-22 19:00:00+01:00,459.9,461.8,455.4,455.4,73.0169
2024-12-22 20:00:00+01:00,456.3,457.0,441.0,442.1,175.9924
2024-12-22 21:00:00+01:00,442.8,454.2,439.2,453.6,158.1528
2024-12-22 22:00:00+01:00,453.6,458.1,451.8,454.9,94.1184
2024-12-22 23:00:00+01:00,453.9,453.9,445.8,453.8,85.2658
2024-12-23 00:00:00+01:00,451.8,456.6,448.2,449.7,83.7826
2024-12-23 01:00:00+01:00,449.5,449.6,440.4,443.9,92.6935
2024-12-23 02:00:00+01:00,446.9,451.7,440.0,445.8,78.9227
2024-12-23 03:00:00+01:00,446.2,450.8,443.7,450.4,43.4963
2024-12-23 04:00:00+01:00,450.3,467.2,448.2,466.4,87.7495
2024-12-23 05:00:00+01:00,465.8,466.8,458.8,460.5,29.3227
2024-12-23 06:00:00+01:00,461.1,461.5,456.1,458.2,36.0057
2024-12-23 07:00:00+01:00,459.0,459.6,448.4,450.8,37.5115
2024-12-23 08:00:00+01:00,450.8,455.8,449.0,454.4,46.5937
2024-12-23 09:00:00+01:00,454.4,459.9,452.5,459.9,93.4073
2024-12-23 10:00:00+01:00,459.9,464.3,458.9,459.8,129.7569
2024-12-23 11:00:00+01:00,460.0,461.1,455.9,459.6,70.3107
2024-12-23 12:00:00+01:00,459.0,459.0,454.6,455.7,30.9128
2024-12-23 13:00:00+01:00,456.3,460.4,454.8,458.1,67.8949
2024-12-23 14:00:00+01:00,458.2,458.9,446.8,447.1,62.6613
2024-12-23 15:00:00+01:00,446.8,454.2,442.1,446.5,145.4881
2024-12-23 16:00:00+01:00,446.3,447.1,443.0,445.9,118.0344
2024-12-23 17:00:00+01:00,444.8,462.8,444.4,459.3,172.3008
2024-12-23 18:00:00+01:00,460.6,463.7,454.3,455.0,84.3027
2024-12-23 19:00:00+01:00,454.6,457.1,450.5,451.8,53.7219
2024-12-23 20:00:00+01:00,452.8,463.8,452.8,462.5,70.3573
2024-12-23 21:00:00+01:00,462.4,486.0,462.4,485.2,259.789
2024-12-23 22:00:00+01:00,483.7,505.0,483.7,494.6,1253.5814
2024-12-23 23:00:00+01:00,494.3,499.6,488.0,497.1,1327.6256
2024-12-24 00:00:00+01:00,497.6,498.1,483.5,483.9,145.3179
2024-12-24 01:00:00+01:00,483.9,485.1,478.2,483.2,105.207
2024-12-24 02:00:00+01:00,484.7,485.6,478.1,479.0,159.8416
2024-12-24 03:00:00+01:00,479.5,483.3,475.4,479.8,42.4263
2024-12-24 04:00:00+01:00,481.1,482.7,479.5,482.4,34.1645
2024-12-24 05:00:00+01:00,483.6,493.0,480.8,490.5,156.4268
2024-12-24 06:00:00+01:00,490.6,498.2,489.1,498.2,80.002
2024-12-24 07:00:00+01:00,498.4,499.5,491.9,491.9,139.3272
2024-12-24 08:00:00+01:00,492.1,495.5,489.0,493.0,66.7859
2024-12-24 09:00:00+01:00,492.9,500.9,490.2,498.1,140.5069
2024-12-24 10:00:00+01:00,498.4,502.8,489.9,494.0,179.1869
2024-12-24 11:00:00+01:00,494.0,494.9,485.8,488.5,77.4971
2024-12-24 12:00:00+01:00,488.1,496.4,488.1,494.2,105.3392
2024-12-24 13:00:00+01:00,494.2,496.3,488.4,491.3,126.6815
2024-12-24 14:00:00+01:00,491.6,501.9,490.4,498.7,217.0466
2024-12-24 15:00:00+01:00,501.3,506.3,499.5,500.3,270.107
2024-12-24 16:00:00+01:00,500.0,507.0,497.4,502.0,162.4417
2024-12-24 17:00:00+01:00,501.5,521.0,496.6,497.6,195.5731
2024-12-24 18:00:00+01:00,497.8,500.0,495.4,497.3,73.9797
2024-12-24 19:00:00+01:00,497.8,503.1,496.3,498.3,139.9297
2024-12-24 20:00:00+01:00,498.3,499.0,491.7,491.7,76.784
2024-12-24 21:00:00+01:00,491.7,491.7,485.6,489.5,165.5397
2024-12-24 22:00:00+01:00,490.9,496.8,490.8,496.8,33.6396
2024-12-24 23:00:00+01:00,496.8,500.2,495.3,499.9,64.3927
2024-12-25 00:00:00+01:00,500.3,504.1,499.5,504.0,152.7415
2024-12-25 01:00:00+01:00,502.9,503.6,499.3,500.8,16.9174
2024-12-25 02:00:00+01:00,501.9,502.8,497.9,500.0,17.1061
2024-12-25 03:00:00+01:00,500.1,505.0,497.5,504.1,40.0988
2024-12-25 04:00:00+01:00,503.5,505.3,499.6,501.7,53.7754
2024-12-25 05:00:00+01:00,501.3,504.2,500.0,501.3,84.3365
2024-12-25 06:00:00+01:00,501.8,506.4,500.7,505.3,11.753
2024-12-25 07:00:00+01:00,506.7,508.4,501.6,501.6,61.7274
2024-12-25 08:00:00+01:00,502.1,510.7,497.5,499.5,108.0567
2024-12-25 09:00:00+01:00,499.4,503.5,497.4,501.1,63.8508
2024-12-25 10:00:00+01:00,501.0,504.5,494.7,496.8,188.342
2024-12-25 11:00:00+01:00,497.2,513.1,495.9,509.8,327.0956
2024-12-25 12:00:00+01:00,510.7,510.7,499.7,500.4,89.0926
2024-12-25 13:00:00+01:00,499.7,520.0,494.7,518.0,394.1574
2024-12-25 14:00:00+01:00,518.2,521.2,510.4,516.7,341.6325
2024-12-25 15:00:00+01:00,516.0,517.9,512.5,516.6,144.2742
2024-12-25 16:00:00+01:00,516.9,518.2,507.8,509.8,209.0159
2024-12-25 17:00:00+01:00,510.1,512.7,496.8,503.1,221.8613
2024-12-25 18:00:00+01:00,503.1,513.3,501.2,504.2,148.1993
2024-12-25 19:00:00+01:00,505.6,506.7,500.9,500.9,97.5009
2024-12-25 20:00:00+01:00,502.3,504.4,498.6,501.9,100.8079
2024-12-25 21:00:00+01:00,502.3,504.1,496.4,497.9,126.7653
2024-12-25 22:00:00+01:00,499.1,500.3,492.1,494.0,120.09
2024-12-25 23:00:00+01:00,494.3,499.9,490.5,496.8,122.6133
2024-12-26 00:00:00+01:00,497.4,500.0,497.1,499.6,15.3368
2024-12-26 01:00:00+01:00,501.7,504.5,492.2,495.9,449.4145
2024-12-26 02:00:00+01:00,495.9,497.3,489.4,491.9,228.6185
2024-12-26 03:00:00+01:00,489.9,492.0,486.2,488.0,189.5131
2024-12-26 04:00:00+01:00,486.2,486.2,482.0,483.9,52.4719
2024-12-26 05:00:00+01:00,482.1,484.0,478.0,479.5,146.3025
2024-12-26 06:00:00+01:00,481.6,484.2,479.1,482.8,49.8332
2024-12-26 07:00:00+01:00,481.7,484.2,481.1,482.0,59.3482
2024-12-26 08:00:00+01:00,481.5,483.5,478.8,481.7,72.8176
2024-12-26 09:00:00+01:00,482.2,483.2,469.7,474.8,303.3272
2024-12-26 10:00:00+01:00,474.8,477.9,473.7,475.1,186.3172
2024-12-26 11:00:00+01:00,474.7,479.1,473.5,476.5,134.6542
2024-12-26 12:00:00+01:00,476.4,480.2,474.4,477.3,74.0549
2024-12-26 13:00:00+01:00,477.7,478.1,474.5,475.3,74.4841
2024-12-26 14:00:00+01:00,475.0,475.8,471.0,474.6,187.3758
2024-12-26 15:00:00+01:00,474.6,478.8,469.5,472.4,178.0893
2024-12-26 16:00:00+01:00,472.1,474.7,470.0,472.3,61.01
2024-12-26 17:00:00+01:00,471.2,477.0,471.2,476.3,120.451
2024-12-26 18:00:00+01:00,475.6,476.2,464.5,469.5,218.3612
2024-12-26 19:00:00+01:00,468.9,470.6,466.1,469.7,123.1122
2024-12-26 20:00:00+01:00,469.8,471.2,465.0,469.9,206.9975
2024-12-26 21:00:00+01:00,469.9,470.5,465.0,467.6,57.8636
2024-12-26 22:00:00+01:00,467.4,471.1,463.8,470.0,77.7809
2024-12-26 23:00:00+01:00,470.7,475.7,469.4,473.6,91.3212
2024-12-27 00:00:00+01:00,470.1,471.5,468.0,471.4,37.0932
2024-12-27 01:00:00+01:00,473.7,474.1,466.9,470.9,65.622
2024-12-27 02:00:00+01:00,471.7,474.9,469.8,472.7,78.8757
2024-12-27 03:00:00+01:00,471.0,474.9,469.8,470.0,42.1346
2024-12-27 04:00:00+01:00,470.3,474.4,469.0,474.4,66.4367
2024-12-27 05:00:00+01:00,474.4,475.9,470.3,470.3,40.18
2024-12-27 06:00:00+01:00,471.3,472.8,467.9,472.3,121.3661
2024-12-27 07:00:00+01:00,472.8,475.8,472.3,475.7,45.1468
2024-12-27 08:00:00+01:00,478.1,478.5,463.5,468.4,174.7701
2024-12-27 09:00:00+01:00,471.1,478.4,469.9,474.2,228.7423
2024-12-27 10:00:00+01:00,477.5,495.2,477.5,492.5,389.2581
2024-12-27 11:00:00+01:00,492.7,492.9,481.1,489.9,272.7492
2024-12-27 12:00:00+01:00,490.3,495.1,488.3,493.8,68.7447
2024-12-27 13:00:00+01:00,494.9,494.9,486.7,493.1,138.675
2024-12-27 14:00:00+01:00,492.0,493.3,487.3,489.3,74.9297
2024-12-27 15:00:00+01:00,489.0,489.0,477.6,481.0,141.2665
2024-12-27 16:00:00+01:00,479.1,479.1,466.9,472.5,272.3293
2024-12-27 17:00:00+01:00,471.6,474.2,468.0,469.8,158.2107
2024-12-27 18:00:00+01:00,469.5,479.9,465.6,479.9,77.504
2024-12-27 19:00:00+01:00,480.0,482.0,478.7,479.3,129.1629
2024-12-27 20:00:00+01:00,478.9,480.0,474.5,478.0,115.4295
2024-12-27 21:00:00+01:00,478.9,480.5,472.0,474.4,114.0604
2024-12-27 22:00:00+01:00,474.5,474.5,466.3,466.4,62.4197
2024-12-27 23:00:00+01:00,466.6,468.4,463.6,463.6,84.1847
2024-12-28 00:00:00+01:00,465.0,467.6,462.6,467.5,94.703
2024-12-28 01:00:00+01:00,468.4,470.4,467.4,469.4,32.8097
2024-12-28 02:00:00+01:00,470.1,470.1,462.8,465.4,19.3719
2024-12-28 03:00:00+01:00,467.3,469.6,464.5,465.2,17.0985
2024-12-28 04:00:00+01:00,466.6,468.4,466.3,466.8,4.9259
2024-12-28 05:00:00+01:00,467.1,467.1,464.3,464.4,8.9555
2024-12-28 06:00:00+01:00,466.8,466.9,465.3,466.5,2.9246
2024-12-28 07:00:00+01:00,465.5,465.5,460.2,460.5,58.2773
2024-12-28 08:00:00+01:00,462.4,464.7,458.1,458.7,69.5674
2024-12-28 09:00:00+01:00,461.0,465.5,458.5,464.9,80.8108
2024-12-28 10:00:00+01:00,466.4,468.3,464.9,468.3,82.1151
2024-12-28 11:00:00+01:00,467.6,467.6,463.9,463.9,38.106
2024-12-28 12:00:00+01:00,463.9,467.8,463.7,467.6,68.7039
2024-12-28 13:00:00+01:00,466.9,467.6,461.9,461.9,77.7737
2024-12-28 14:00:00+01:00,461.8,468.6,461.8,468.4,343.2462
2024-12-28 15:00:00+01:00,468.6,475.7,467.6,469.2,109.8252
2024-12-28 16:00:00+01:00,469.2,473.0,465.0,465.5,46.7906
2024-12-28 17:00:00+01:00,466.7,471.3,465.5,471.3,76.8875
2024-12-28 18:00:00+01:00,470.6,473.6,469.3,470.1,63.2421
2024-12-28 19:00:00+01:00,470.1,470.2,466.7,467.7,45.5954
2024-12-28 20:00:00+01:00,467.4,470.4,467.4,469.0,29.9233
2024-12-28 21:00:00+01:00,469.4,470.7,466.0,469.1,135.6916
2024-12-28 22:00:00+01:00,468.3,472.0,467.7,472.0,105.2322
2024-12-28 23:00:00+01:00,471.9,475.3,470.1,473.0,115.172
2024-12-29 00:00:00+01:00,474.1,474.1,470.3,471.0,39.4933
2024-12-29 01:00:00+01:00,471.3,473.0,467.3,468.0,15.8588
2024-12-29 02:00:00+01:00,470.0,470.8,464.5,467.0,62.8253
2024-12-29 03:00:00+01:00,467.0,470.7,466.8,470.7,9.9801
2024-12-29 04:00:00+01:00,468.5,470.7,467.3,470.5,16.9012
2024-12-29 05:00:00+01:00,470.7,470.7,468.9,469.5,13.8385
2024-12-29 06:00:00+01:00,467.8,469.5,466.5,467.6,14.5428
2024-12-29 07:00:00+01:00,467.9,469.6,464.7,469.6,26.6595
2024-12-29 08:00:00+01:00,469.5,470.5,467.6,470.5,20.8629
2024-12-29 09:00:00+01:00,469.7,469.7,465.5,466.5,61.0545
2024-12-29 10:00:00+01:00,467.4,467.4,464.2,466.2,25.9588
2024-12-29 11:00:00+01:00,467.0,469.6,467.0,468.0,50.1306
2024-12-29 12:00:00+01:00,467.8,469.0,467.5,467.5,66.5036
2024-12-29 13:00:00+01:00,467.3,468.8,460.0,462.7,163.666
2024-12-29 14:00:00+01:00,460.3,464.0,459.7,464.0,84.0618
2024-12-29 15:00:00+01:00,463.7,467.6,456.6,458.8,181.0864
2024-12-29 16:00:00+01:00,459.0,464.2,457.2,463.2,83.6506
2024-12-29 17:00:00+01:00,461.6,462.2,456.8,457.0,154.7039
2024-12-29 18:00:00+01:00,456.9,458.6,450.6,455.6,409.5106
2024-12-29 19:00:00+01:00,455.0,459.3,452.9,458.0,75.917
2024-12-29 20:00:00+01:00,458.6,460.8,456.9,458.0,57.3173
2024-12-29 21:00:00+01:00,457.6,459.7,453.9,459.7,927.1717
2024-12-29 22:00:00+01:00,459.6,460.7,454.7,456.7,63.4789
2024-12-29 23:00:00+01:00,456.1,457.3,452.8,455.3,119.5546
2024-12-30 00:00:00+01:00,455.5,460.4,454.2,459.0,399.8551
2024-12-30 01:00:00+01:00,458.1,466.4,456.4,464.7,87.6777
2024-12-30 02:00:00+01:00,465.6,474.6,464.0,471.2,186.6479
2024-12-30 03:00:00+01:00,468.8,470.4,467.0,470.0,44.374
2024-12-30 04:00:00+01:00,469.4,474.2,469.1,471.0,70.9238
2024-12-30 05:00:00+01:00,471.0,474.2,467.1,467.1,24.1486
2024-12-30 06:00:00+01:00,466.8,469.0,464.8,468.9,6.7728
2024-12-30 07:00:00+01:00,470.0,478.8,469.2,473.8,314.4708
2024-12-30 08:00:00+01:00,474.2,474.9,467.5,469.7,79.0724
2024-12-30 09:00:00+01:00,470.2,473.7,468.6,469.9,80.0836
2024-12-30 10:00:00+01:00,468.7,470.1,466.7,469.7,80.8865
2024-12-30 11:00:00+01:00,470.0,470.1,463.6,463.6,94.2007
2024-12-30 12:00:00+01:00,464.1,465.6,459.6,464.8,64.4868
2024-12-30 13:00:00+01:00,464.6,473.1,463.7,465.5,122.9764
2024-12-30 14:00:00+01:00,465.9,466.6,449.2,449.2,357.8555
2024-12-30 15:00:00+01:00,448.6,452.0,441.7,444.8,153.9768
2024-12-30 16:00:00+01:00,444.6,449.8,441.0,446.8,240.174
2024-12-30 17:00:00+01:00,445.9,448.7,443.7,446.8,153.3078
2024-12-30 18:00:00+01:00,448.2,460.0,444.5,457.0,192.8648
2024-12-30 19:00:00+01:00,457.0,465.0,456.5,462.7,135.5862
2024-12-30 20:00:00+01:00,463.0,463.7,460.0,462.1,155.6488
2024-12-30 21:00:00+01:00,464.4,468.4,463.9,465.0,113.3511
2024-12-30 22:00:00+01:00,464.9,464.9,447.3,449.6,256.2
2024-12-30 23:00:00+01:00,448.3,453.4,448.3,450.2,209.1132
2024-12-31 00:00:00+01:00,449.7,451.4,448.0,450.7,134.2074
2024-12-31 01:00:00+01:00,449.0,450.9,442.0,442.0,97.248
2024-12-31 02:00:00+01:00,443.6,443.6,437.8,441.2,165.9105
2024-12-31 03:00:00+01:00,441.4,443.7,439.6,442.6,88.1064
2024-12-31 04:00:00+01:00,442.3,444.6,442.2,442.5,11.5649
2024-12-31 05:00:00+01:00,443.2,445.1,437.9,437.9,44.857
2024-12-31 06:00:00+01:00,438.1,441.0,435.6,438.7,75.067
2024-12-31 07:00:00+01:00,439.0,443.0,438.6,440.3,78.7263
2024-12-31 08:00:00+01:00,442.0,443.1,438.5,440.3,109.0316
2024-12-31 09:00:00+01:00,439.5,449.7,438.3,444.9,197.0301
2024-12-31 10:00:00+01:00,444.3,449.1,443.4,446.1,62.0643
2024-12-31 11:00:00+01:00,446.3,446.3,440.7,442.6,74.8324
2024-12-31 12:00:00+01:00,442.7,445.8,442.0,444.0,69.2853
2024-12-31 13:00:00+01:00,444.5,448.2,443.8,443.8,71.3062
2024-12-31 14:00:00+01:00,444.5,454.2,444.1,452.7,246.9631
2024-12-31 15:00:00+01:00,452.2,458.4,451.5,455.1,167.7643
2024-12-31 16:00:00+01:00,456.0,456.0,450.8,450.9,90.732
2024-12-31 17:00:00+01:00,451.6,451.8,447.4,451.4,111.8939
2024-12-31 18:00:00+01:00,451.1,454.9,438.2,443.2,186.3814
2024-12-31 19:00:00+01:00,443.9,446.4,442.6,445.7,80.9127
2024-12-31 20:00:00+01:00,445.0,447.3,443.8,445.7,67.2692
2024-12-31 21:00:00+01:00,446.0,448.7,441.6,444.6,223.2289
2024-12-31 22:00:00+01:00,445.5,447.9,443.0,446.7,153.1941
2024-12-31 23:00:00+01:00,446.2,447.2,440.1,440.1,33.7654
2025-01-01 00:00:00+01:00,440.1,441.8,439.3,440.5,206.6905
2025-01-01 01:00:00+01:00,440.5,447.1,440.5,447.1,119.8352
2025-01-01 02:00:00+01:00,447.8,447.8,442.0,442.3,66.683
2025-01-01 03:00:00+01:00,443.4,443.8,442.5,443.5,18.7344
2025-01-01 04:00:00+01:00,443.4,447.6,440.8,441.5,79.0371
2025-01-01 05:00:00+01:00,440.3,443.6,440.0,441.7,77.5998
2025-01-01 06:00:00+01:00,444.6,445.1,444.1,444.4,3.2758
2025-01-01 07:00:00+01:00,445.3,445.4,442.0,442.9,3.8814
2025-01-01 08:00:00+01:00,443.8,444.3,443.1,444.3,3.9881
2025-01-01 09:00:00+01:00,444.0,448.6,440.3,440.3,179.5941
2025-01-01 10:00:00+01:00,441.4,441.4,433.4,437.8,234.863
2025-01-01 11:00:00+01:00,437.6,443.8,437.6,441.9,41.6702
2025-01-01 12:00:00+01:00,441.9,447.8,440.9,445.7,98.3712
2025-01-01 13:00:00+01:00,445.1,446.9,442.3,446.1,178.4919
2025-01-01 14:00:00+01:00,445.8,445.8,442.7,443.6,37.2393
2025-01-01 15:00:00+01:00,445.4,446.4,440.8,444.3,82.1747
2025-01-01 16:00:00+01:00,444.1,450.0,443.1,449.6,89.9555
2025-01-01 17:00:00+01:00,451.2,451.4,446.3,447.6,102.9158
2025-01-01 18:00:00+01:00,448.0,452.2,445.2,452.1,201.156
2025-01-01 19:00:00+01:00,452.4,461.6,450.6,460.4,129.2222
2025-01-01 20:00:00+01:00,460.7,464.8,459.3,463.9,279.9635
2025-01-01 21:00:00+01:00,464.5,476.0,464.5,475.6,477.872
2025-01-01 22:00:00+01:00,476.0,484.1,476.0,481.6,464.0253
2025-01-01 23:00:00+01:00,482.7,487.4,478.0,485.5,237.0815
2025-01-02 00:00:00+01:00,484.1,489.9,480.7,488.7,268.0604
2025-01-02 01:00:00+01:00,488.5,507.5,486.0,505.8,479.2396
2025-01-02 02:00:00+01:00,505.6,520.1,505.6,517.2,337.9869
2025-01-02 03:00:00+01:00,517.6,535.0,517.0,535.0,1051.2156
2025-01-02 04:00:00+01:00,535.5,543.0,526.5,541.2,321.7769
2025-01-02 05:00:00+01:00,542.7,545.4,524.2,527.4,736.6904
2025-01-02 06:00:00+01:00,528.3,528.9,520.4,525.5,408.0783
2025-01-02 07:00:00+01:00,525.9,528.2,507.4,514.0,865.8689
2025-01-02 08:00:00+01:00,514.3,521.7,514.2,521.7,259.17
2025-01-02 09:00:00+01:00,521.9,526.5,521.1,524.9,366.9372
2025-01-02 10:00:00+01:00,524.6,530.0,524.2,527.2,372.593
2025-01-02 11:00:00+01:00,527.2,531.0,523.3,523.6,293.2038
2025-01-02 12:00:00+01:00,523.4,523.4,514.3,521.0,1232.8578
2025-01-02 13:00:00+01:00,520.6,530.0,519.7,527.9,358.2617
2025-01-02 14:00:00+01:00,528.1,529.6,523.9,526.0,209.3011
2025-01-02 15:00:00+01:00,525.7,525.7,516.9,517.2,419.9248
2025-01-02 16:00:00+01:00,518.0,519.0,509.4,510.8,251.9126
2025-01-02 17:00:00+01:00,510.9,517.3,506.1,513.2,269.0584
2025-01-02 18:00:00+01:00,513.5,518.7,510.1,512.8,158.5099
2025-01-02 19:00:00+01:00,512.6,514.2,508.5,509.6,188.9807
2025-01-02 20:00:00+01:00,509.9,516.7,509.2,514.0,185.1135
2025-01-02 21:00:00+01:00,514.8,519.9,514.8,518.5,245.3858
2025-01-02 22:00:00+01:00,518.6,525.1,515.8,522.7,293.0448
2025-01-02 23:00:00+01:00,522.6,524.7,516.5,523.8,236.4213
2025-01-03 00:00:00+01:00,523.3,525.1,519.7,521.7,150.1697
2025-01-03 01:00:00+01:00,522.2,529.2,519.5,523.8,131.345
2025-01-03 02:00:00+01:00,524.1,524.1,517.2,520.9,74.3036
2025-01-03 03:00:00+01:00,520.9,523.7,518.6,520.5,49.4896
2025-01-03 04:00:00+01:00,519.8,524.1,519.6,522.5,57.4885
2025-01-03 05:00:00+01:00,521.0,527.7,520.6,526.2,49.9084
2025-01-03 06:00:00+01:00,526.6,528.4,522.1,527.2,23.9567
2025-01-03 07:00:00+01:00,527.0,532.0,526.4,527.9,160.4483
2025-01-03 08:00:00+01:00,527.9,531.6,525.1,530.3,153.6463
2025-01-03 09:00:00+01:00,530.0,536.9,523.5,526.7,325.2581
2025-01-03 10:00:00+01:00,526.8,542.6,526.8,540.8,269.8544
2025-01-03 11:00:00+01:00,540.4,550.5,535.2,541.5,352.0129
2025-01-03 12:00:00+01:00,541.8,558.1,541.7,556.8,540.082
2025-01-03 13:00:00+01:00,557.0,566.5,544.9,545.8,634.2502
2025-01-03 14:00:00+01:00,545.8,547.7,540.7,542.9,365.2799
2025-01-03 15:00:00+01:00,543.8,562.9,543.8,557.4,364.6739
2025-01-03 16:00:00+01:00,557.6,571.6,554.7,565.8,1073.6071
2025-01-03 17:00:00+01:00,566.2,570.5,553.6,554.9,613.8413
2025-01-03 18:00:00+01:00,556.0,559.8,551.2,552.7,151.1622
2025-01-03 19:00:00+01:00,553.1,559.6,549.8,556.1,193.1345
2025-01-03 20:00:00+01:00,556.0,558.3,552.4,556.6,186.3755
2025-01-03 21:00:00+01:00,556.3,559.6,552.4,558.1,150.1109
2025-01-03 22:00:00+01:00,557.6,565.7,551.4,557.7,302.7817
2025-01-03 23:00:00+01:00,557.4,557.5,547.9,554.2,143.7117
2025-01-04 00:00:00+01:00,554.1,554.5,549.4,552.5,147.122
2025-01-04 01:00:00+01:00,554.0,555.1,545.2,548.9,308.6774
2025-01-04 02:00:00+01:00,548.3,551.4,546.8,551.1,95.3177
2025-01-04 03:00:00+01:00,551.3,552.4,549.4,549.5,17.6466
2025-01-04 04:00:00+01:00,549.3,554.7,549.1,553.9,56.9202
2025-01-04 05:00:00+01:00,554.2,562.5,552.2,558.8,175.1743
2025-01-04 06:00:00+01:00,558.7,560.1,555.8,556.8,36.2297
2025-01-04 07:00:00+01:00,558.1,564.9,557.4,563.4,137.2162
2025-01-04 08:00:00+01:00,564.1,577.2,563.4,571.0,173.5022
2025-01-04 09:00:00+01:00,571.2,571.3,561.1,561.4,209.08
2025-01-04 10:00:00+01:00,562.7,564.7,560.3,562.4,266.0726
2025-01-04 11:00:00+01:00,562.7,564.8,560.5,561.0,152.625
2025-01-04 12:00:00+01:00,560.8,569.3,560.3,566.6,109.8819
2025-01-04 13:00:00+01:00,565.9,583.9,565.1,576.6,472.043
2025-01-04 14:00:00+01:00,575.9,586.4,573.7,578.0,212.9382
2025-01-04 15:00:00+01:00,576.5,581.5,573.7,576.3,126.4294
2025-01-04 16:00:00+01:00,576.0,576.0,558.2,559.7,306.5642
2025-01-04 17:00:00+01:00,558.9,565.6,555.3,556.2,251.3873
2025-01-04 18:00:00+01:00,558.2,561.6,554.5,561.3,156.9791
2025-01-04 19:00:00+01:00,562.9,565.2,560.3,563.0,94.5135
2025-01-04 20:00:00+01:00,563.6,575.1,560.8,568.9,335.4652
2025-01-04 21:00:00+01:00,568.5,573.8,565.2,566.6,233.4989
2025-01-04 22:00:00+01:00,566.8,567.6,564.5,565.0,123.8266
2025-01-04 23:00:00+01:00,564.9,565.7,561.3,562.1,90.9362
2025-01-05 00:00:00+01:00,562.1,562.6,559.6,560.3,65.6617
2025-01-05 01:00:00+01:00,559.8,562.9,556.7,560.7,67.8467
2025-01-05 02:00:00+01:00,560.8,561.3,551.8,556.0,122.5541
2025-01-05 03:00:00+01:00,555.6,559.3,552.7,558.8,37.4569
2025-01-05 04:00:00+01:00,558.6,560.3,557.7,557.9,9.9852
2025-01-05 05:00:00+01:00,558.3,559.2,556.4,558.7,14.7991
2025-01-05 06:00:00+01:00,558.0,560.9,557.0,560.9,22.3871
2025-01-05 07:00:00+01:00,559.8,564.4,558.6,563.4,86.3388
2025-01-05 08:00:00+01:00,561.6,561.7,554.9,555.7,117.8393
2025-01-05 09:00:00+01:00,555.7,555.9,549.8,554.2,189.7746
2025-01-05 10:00:00+01:00,553.8,555.7,549.0,549.0,86.9098
2025-01-05 11:00:00+01:00,549.5,552.3,547.6,551.8,189.7922
2025-01-05 12:00:00+01:00,551.6,556.9,549.4,555.5,153.4362
2025-01-05 13:00:00+01:00,553.6,556.7,551.7,553.4,176.7853
2025-01-05 14:00:00+01:00,553.9,557.9,553.7,554.4,66.8966
2025-01-05 15:00:00+01:00,554.6,562.9,543.0,560.9,281.0621
2025-01-05 16:00:00+01:00,560.7,563.8,555.9,563.0,75.8783
2025-01-05 17:00:00+01:00,563.2,566.0,557.0,559.3,85.3699
2025-01-05 18:00:00+01:00,559.2,563.0,555.2,557.0,94.9122
2025-01-05 19:00:00+01:00,557.0,557.9,554.1,554.7,66.4994
2025-01-05 20:00:00+01:00,555.6,558.7,555.6,557.3,47.2932
2025-01-05 21:00:00+01:00,559.0,562.2,556.3,557.7,63.7518
2025-01-05 22:00:00+01:00,558.3,566.5,556.3,563.6,158.5452
2025-01-05 23:00:00+01:00,563.6,571.2,560.3,571.2,120.0178
2025-01-06 00:00:00+01:00,571.3,572.7,562.1,563.4,128.2095
2025-01-06 01:00:00+01:00,563.4,564.5,552.4,553.4,165.3997
2025-01-06 02:00:00+01:00,553.4,561.4,550.7,560.7,99.4638
2025-01-06 03:00:00+01:00,560.6,573.5,559.2,567.6,185.5745
2025-01-06 04:00:00+01:00,567.6,567.6,562.7,562.7,24.9278
2025-01-06 05:00:00+01:00,563.4,565.5,561.3,562.9,77.5123
2025-01-06 06:00:00+01:00,563.1,563.5,555.0,555.9,77.0955
2025-01-06 07:00:00+01:00,555.9,561.8,552.4,555.7,227.0238
2025-01-06 08:00:00+01:00,556.4,558.7,552.6,556.8,144.5926
2025-01-06 09:00:00+01:00,557.3,560.2,550.1,552.5,188.0327
2025-01-06 10:00:00+01:00,553.6,554.5,549.1,550.1,42.3525
2025-01-06 11:00:00+01:00,549.9,549.9,543.1,545.1,227.8854
2025-01-06 12:00:00+01:00,545.5,551.0,544.6,548.5,136.0543
2025-01-06 13:00:00+01:00,547.8,550.1,543.6,544.4,152.0668
2025-01-06 14:00:00+01:00,545.0,557.5,541.2,554.9,246.9823
2025-01-06 15:00:00+01:00,554.7,574.6,552.1,563.5,489.9344
2025-01-06 16:00:00+01:00,563.9,576.4,561.1,570.6,483.7057
2025-01-06 17:00:00+01:00,570.9,588.9,568.5,576.2,780.559
2025-01-06 18:00:00+01:00,576.0,578.0,555.2,561.9,360.2938
2025-01-06 19:00:00+01:00,561.9,567.4,559.0,563.2,102.6058
2025-01-06 20:00:00+01:00,565.2,569.5,560.4,561.5,95.6555
2025-01-06 21:00:00+01:00,562.1,564.6,556.7,561.1,235.9373
2025-01-06 22:00:00+01:00,561.2,561.8,554.8,556.8,116.276
2025-01-06 23:00:00+01:00,557.2,558.1,552.9,553.6,101.446
2025-01-07 00:00:00+01:00,552.7,556.7,549.5,556.1,101.9072
2025-01-07 01:00:00+01:00,556.1,558.9,550.4,550.8,111.4631
2025-01-07 02:00:00+01:00,550.3,554.9,548.1,552.7,87.2678
2025-01-07 03:00:00+01:00,552.9,552.9,544.5,544.8,170.4981
2025-01-07 04:00:00+01:00,545.4,548.7,540.7,544.4,257.8439
2025-01-07 05:00:00+01:00,544.4,544.4,535.3,535.3,221.1014
2025-01-07 06:00:00+01:00,535.6,535.6,532.5,534.2,215.3415
2025-01-07 07:00:00+01:00,534.6,539.3,532.0,538.7,80.5154
2025-01-07 08:00:00+01:00,538.6,541.4,538.5,540.1,173.3147
2025-01-07 09:00:00+01:00,539.7,543.5,538.4,542.0,108.2686
2025-01-07 10:00:00+01:00,542.7,542.7,532.8,535.8,80.1056
2025-01-07 11:00:00+01:00,535.1,536.8,532.6,535.4,75.3754
2025-01-07 12:00:00+01:00,535.4,537.9,533.0,536.1,117.4377
2025-01-07 13:00:00+01:00,534.9,535.5,530.5,533.7,115.0864
2025-01-07 14:00:00+01:00,532.5,540.3,532.1,538.6,192.1902
2025-01-07 15:00:00+01:00,538.5,538.5,527.6,532.1,147.8047
2025-01-07 16:00:00+01:00,531.2,539.1,512.0,526.0,1128.5905
2025-01-07 17:00:00+01:00,525.9,529.2,518.7,520.4,269.0606
2025-01-07 18:00:00+01:00,520.1,521.6,513.3,515.3,305.1337
2025-01-07 19:00:00+01:00,515.0,520.4,507.7,508.5,407.3824
2025-01-07 20:00:00+01:00,507.8,513.7,500.0,503.3,430.8868
2025-01-07 21:00:00+01:00,503.2,505.5,498.6,503.5,470.0325
2025-01-07 22:00:00+01:00,505.5,508.5,499.5,499.5,186.5377
2025-01-07 23:00:00+01:00,499.0,505.9,497.5,505.1,170.8812
2025-01-08 00:00:00+01:00,503.0,503.0,498.0,498.8,56.7779
2025-01-08 01:00:00+01:00,499.7,501.8,496.7,499.5,82.2778
2025-01-08 02:00:00+01:00,498.6,498.6,490.1,492.3,184.2451
2025-01-08 03:00:00+01:00,491.3,492.7,475.0,486.0,377.3956
2025-01-08 04:00:00+01:00,485.1,485.2,477.7,481.1,134.5889
2025-01-08 05:00:00+01:00,481.5,481.7,472.5,472.5,108.6169
2025-01-08 06:00:00+01:00,473.0,477.3,470.1,471.1,82.1975
2025-01-08 07:00:00+01:00,472.4,473.2,455.2,457.5,803.2674
2025-01-08 08:00:00+01:00,457.7,476.0,457.5,470.5,480.2845
2025-01-08 09:00:00+01:00,470.9,482.6,470.9,477.4,444.2927
2025-01-08 10:00:00+01:00,476.0,479.8,472.4,473.4,279.8253
2025-01-08 11:00:00+01:00,473.4,476.1,469.7,471.6,127.1417
2025-01-08 12:00:00+01:00,470.4,471.6,464.1,469.3,307.409
2025-01-08 13:00:00+01:00,469.2,473.9,465.0,465.7,275.5743
2025-01-08 14:00:00+01:00,466.7,473.5,466.7,469.6,163.9514
2025-01-08 15:00:00+01:00,469.5,475.2,468.9,472.1,117.2243
2025-01-08 16:00:00+01:00,471.4,477.1,464.4,468.5,225.9386
2025-01-08 17:00:00+01:00,469.0,470.6,458.8,459.1,338.8279
2025-01-08 18:00:00+01:00,459.1,466.0,438.1,457.4,1636.734
2025-01-08 19:00:00+01:00,456.5,473.1,450.7,461.7,733.8586
2025-01-08 20:00:00+01:00,462.3,470.7,459.2,467.8,173.4043
2025-01-08 21:00:00+01:00,467.8,469.4,459.9,462.8,89.8721
2025-01-08 22:00:00+01:00,460.8,466.0,455.9,462.8,362.8591
2025-01-08 23:00:00+01:00,462.8,474.1,462.7,471.1,275.8496
2025-01-09 00:00:00+01:00,469.6,470.0,465.7,468.3,87.046
2025-01-09 01:00:00+01:00,467.2,471.2,465.4,471.2,208.538
2025-01-09 02:00:00+01:00,471.3,475.6,469.5,469.5,93.9946
2025-01-09 03:00:00+01:00,469.8,470.2,460.0,468.5,213.6588
2025-01-09 04:00:00+01:00,467.0,467.0,460.0,460.2,89.757
2025-01-09 05:00:00+01:00,460.7,462.9,457.5,462.6,49.9939
2025-01-09 06:00:00+01:00,461.6,462.8,457.9,458.3,39.7523
2025-01-09 07:00:00+01:00,458.3,461.0,455.1,455.6,45.0254
2025-01-09 08:00:00+01:00,455.0,457.4,445.8,447.3,366.8827
2025-01-09 09:00:00+01:00,449.8,458.4,446.4,455.1,254.1664
2025-01-09 10:00:00+01:00,455.8,463.1,455.8,460.0,111.714
2025-01-09 11:00:00+01:00,459.9,459.9,449.0,452.8,331.8166
2025-01-09 12:00:00+01:00,452.2,459.0,450.6,452.5,276.5493
2025-01-09 13:00:00+01:00,452.5,454.8,448.7,451.1,123.1843
2025-01-09 14:00:00+01:00,451.0,452.4,437.7,439.5,286.7354
2025-01-09 15:00:00+01:00,439.3,447.8,435.0,442.0,298.7901
2025-01-09 16:00:00+01:00,442.8,468.2,441.2,460.9,509.1293
2025-01-09 17:00:00+01:00,461.0,466.7,453.4,459.5,214.0027
2025-01-09 18:00:00+01:00,459.8,459.8,443.7,447.8,293.8603
2025-01-09 19:00:00+01:00,446.8,450.2,444.0,447.7,87.5861
2025-01-09 20:00:00+01:00,445.6,448.6,437.5,437.6,266.1124
2025-01-09 21:00:00+01:00,438.4,439.6,427.7,433.5,733.8599
2025-01-09 22:00:00+01:00,432.3,438.3,430.9,431.0,542.5243
2025-01-09 23:00:00+01:00,430.6,439.0,429.1,432.1,176.5381
2025-01-10 00:00:00+01:00,432.8,434.0,429.1,432.0,100.8134
2025-01-10 01:00:00+01:00,434.4,437.8,428.7,428.8,237.5462
2025-01-10 02:00:00+01:00,431.6,432.9,426.6,429.0,148.2794
2025-01-10 03:00:00+01:00,429.0,433.1,427.4,430.7,99.8932
2025-01-10 04:00:00+01:00,430.4,435.6,429.4,432.1,86.8465
2025-01-10 05:00:00+01:00,434.5,439.7,430.3,431.3,153.1991
2025-01-10 06:00:00+01:00,432.9,444.2,431.1,437.0,115.0464
2025-01-10 07:00:00+01:00,437.4,446.5,437.2,445.0,263.6673
2025-01-10 08:00:00+01:00,445.1,478.1,442.3,450.0,1078.9302
2025-01-10 09:00:00+01:00,449.5,452.5,445.4,448.9,444.0565
2025-01-10 10:00:00+01:00,449.0,455.8,447.4,451.4,316.6
2025-01-10 11:00:00+01:00,450.6,452.7,446.8,452.5,165.073
2025-01-10 12:00:00+01:00,451.2,451.2,442.9,447.5,137.413
2025-01-10 13:00:00+01:00,447.1,448.5,439.1,445.6,307.1632
2025-01-10 14:00:00+01:00,445.1,448.0,420.1,431.0,1827.7366
2025-01-10 15:00:00+01:00,430.5,439.4,429.2,433.1,329.7273
2025-01-10 16:00:00+01:00,432.0,437.7,423.0,432.6,461.4439
2025-01-10 17:00:00+01:00,432.9,432.9,425.0,427.8,210.1293
2025-01-10 18:00:00+01:00,428.5,446.0,427.3,445.7,329.0646
2025-01-10 19:00:00+01:00,444.2,444.6,437.4,440.3,220.7561
2025-01-10 20:00:00+01:00,440.9,444.2,437.9,442.4,203.4291
2025-01-10 21:00:00+01:00,440.8,441.6,435.2,437.0,95.627
2025-01-10 22:00:00+01:00,437.1,438.9,436.3,437.2,104.2455
2025-01-10 23:00:00+01:00,436.4,440.2,433.8,440.0,128.9537
2025-01-11 00:00:00+01:00,439.7,441.6,438.2,439.0,83.6691
2025-01-11 01:00:00+01:00,439.0,439.8,435.5,438.5,83.2197
2025-01-11 02:00:00+01:00,438.7,439.9,431.8,432.9,327.479
2025-01-11 03:00:00+01:00,434.5,437.0,433.9,435.7,62.6195
2025-01-11 04:00:00+01:00,434.1,434.4,430.6,431.3,31.7823
2025-01-11 05:00:00+01:00,432.7,434.7,430.2,432.4,50.605
2025-01-11 06:00:00+01:00,431.9,434.6,431.4,434.3,66.7449
2025-01-11 07:00:00+01:00,435.2,437.3,434.4,434.7,65.6069
2025-01-11 08:00:00+01:00,434.2,435.7,430.8,432.0,203.0776
2025-01-11 09:00:00+01:00,432.2,433.5,428.1,429.7,196.1485
2025-01-11 10:00:00+01:00,430.6,432.0,429.4,430.5,83.7592
2025-01-11 11:00:00+01:00,430.7,435.9,430.7,435.1,68.7575
2025-01-11 12:00:00+01:00,435.3,436.5,433.4,434.2,84.4701
2025-01-11 13:00:00+01:00,434.5,436.0,432.1,432.1,109.3632
2025-01-11 14:00:00+01:00,432.3,432.8,428.0,429.5,309.6132
2025-01-11 15:00:00+01:00,430.2,433.0,428.3,432.7,110.2723
2025-01-11 16:00:00+01:00,432.2,433.4,430.7,431.5,38.5878
2025-01-11 17:00:00+01:00,432.2,436.7,428.4,433.7,297.3605
2025-01-11 18:00:00+01:00,433.4,433.4,430.8,431.7,84.1619
2025-01-11 19:00:00+01:00,432.7,434.3,430.7,433.1,91.9618
2025-01-11 20:00:00+01:00,433.1,434.9,431.8,434.0,39.388
2025-01-11 21:00:00+01:00,434.6,445.2,433.7,444.9,329.6983
2025-01-11 22:00:00+01:00,444.6,459.2,444.2,453.0,543.9532
2025-01-11 23:00:00+01:00,453.7,456.0,447.5,449.7,785.645
2025-01-12 00:00:00+01:00,449.2,450.4,445.0,445.0,126.2627
2025-01-12 01:00:00+01:00,447.1,450.6,445.9,447.7,462.3249
2025-01-12 02:00:00+01:00,447.4,447.4,440.1,445.1,279.2847
2025-01-12 03:00:00+01:00,446.9,447.6,442.7,447.6,21.5444
2025-01-12 04:00:00+01:00,448.1,448.1,441.2,444.5,50.6176
2025-01-12 05:00:00+01:00,444.5,447.7,443.0,446.3,9.5531
2025-01-12 06:00:00+01:00,447.0,450.5,446.8,450.2,158.5512
2025-01-12 07:00:00+01:00,450.4,451.8,443.0,443.0,155.5208
2025-01-12 08:00:00+01:00,443.7,446.8,441.6,445.2,60.9874
2025-01-12 09:00:00+01:00,445.4,447.4,441.6,442.0,140.9505
2025-01-12 10:00:00+01:00,442.0,443.7,435.7,438.0,148.6811
2025-01-12 11:00:00+01:00,439.1,439.2,433.8,439.2,219.8016
2025-01-12 12:00:00+01:00,438.9,443.9,438.1,443.2,175.6528
2025-01-12 13:00:00+01:00,442.6,445.5,439.6,441.5,786.4565
2025-01-12 14:00:00+01:00,441.3,449.2,440.4,446.7,300.0232
2025-01-12 15:00:00+01:00,447.6,451.2,444.8,445.6,248.695
2025-01-12 16:00:00+01:00,445.6,450.8,442.0,447.2,224.2116
2025-01-12 17:00:00+01:00,447.3,449.1,443.7,448.6,118.9449
2025-01-12 18:00:00+01:00,449.7,450.6,445.1,450.5,241.0934
2025-01-12 19:00:00+01:00,450.7,451.7,446.8,446.8,148.6379
2025-01-12 20:00:00+01:00,447.4,447.8,445.0,446.3,143.495
2025-01-12 21:00:00+01:00,445.9,448.3,442.4,443.9,83.0316
2025-01-12 22:00:00+01:00,444.7,444.7,439.5,440.2,112.2799
2025-01-12 23:00:00+01:00,440.0,440.7,435.7,438.0,848.0607
2025-01-13 00:00:00+01:00,438.9,444.8,438.4,443.9,121.2475
2025-01-13 01:00:00+01:00,443.0,458.2,443.0,451.2,751.3446
2025-01-13 02:00:00+01:00,451.0,452.4,442.5,443.7,113.1976
2025-01-13 03:00:00+01:00,443.7,445.0,432.2,435.4,275.3828
2025-01-13 04:00:00+01:00,436.1,437.7,428.3,431.5,183.6048
2025-01-13 05:00:00+01:00,431.2,436.5,430.4,430.9,260.2159
2025-01-13 06:00:00+01:00,431.0,431.0,422.1,422.5,116.9257
2025-01-13 07:00:00+01:00,422.6,425.0,408.3,411.9,687.723
2025-01-13 08:00:00+01:00,412.2,422.3,412.2,419.2,480.1293
2025-01-13 09:00:00+01:00,418.9,418.9,407.1,410.5,699.5192
2025-01-13 10:00:00+01:00,410.5,412.2,403.9,406.8,723.6587
2025-01-13 11:00:00+01:00,406.0,406.6,401.6,403.7,697.654
2025-01-13 12:00:00+01:00,403.9,404.4,392.1,393.4,1280.9628
2025-01-13 13:00:00+01:00,393.4,400.6,390.9,396.5,658.3857
2025-01-13 14:00:00+01:00,396.0,408.0,393.3,399.0,543.1917
2025-01-13 15:00:00+01:00,399.4,411.0,383.6,407.1,1440.6688
2025-01-13 16:00:00+01:00,407.7,416.1,406.2,410.2,751.7426
2025-01-13 17:00:00+01:00,409.8,413.1,402.0,402.2,379.3535
2025-01-13 18:00:00+01:00,402.1,406.0,398.1,399.1,423.5838
2025-01-13 19:00:00+01:00,399.3,403.4,392.0,399.4,415.974
2025-01-13 20:00:00+01:00,399.1,404.8,396.3,401.1,124.3212
2025-01-13 21:00:00+01:00,400.5,418.0,397.0,414.8,896.4836
2025-01-13 22:00:00+01:00,414.9,423.9,412.2,419.8,379.6171
2025-01-13 23:00:00+01:00,419.4,428.7,419.4,422.0,883.6564
2025-01-14 00:00:00+01:00,421.0,423.0,419.0,420.9,152.025
2025-01-14 01:00:00+01:00,420.3,421.9,416.8,417.7,299.8627
2025-01-14 02:00:00+01:00,420.2,427.0,419.2,420.5,147.3374
2025-01-14 03:00:00+01:00,421.0,428.0,419.6,421.9,43.6945
2025-01-14 04:00:00+01:00,423.2,425.2,421.3,422.1,46.0574
2025-01-14 05:00:00+01:00,424.2,425.5,422.4,425.5,27.0513
2025-01-14 06:00:00+01:00,427.0,427.8,420.0,420.2,72.1546
2025-01-14 07:00:00+01:00,420.7,422.6,419.2,420.9,217.2546
2025-01-14 08:00:00+01:00,421.0,422.4,417.5,417.6,817.9143
2025-01-14 09:00:00+01:00,420.2,423.8,419.8,420.7,253.4758
2025-01-14 10:00:00+01:00,421.1,433.3,419.6,430.0,655.4432
2025-01-14 11:00:00+01:00,430.2,430.2,423.0,423.6,1579.9246
2025-01-14 12:00:00+01:00,425.3,425.3,419.5,420.2,342.6865
2025-01-14 13:00:00+01:00,420.6,421.3,412.8,413.6,388.2596
2025-01-14 14:00:00+01:00,413.6,422.7,410.2,418.1,2175.09
2025-01-14 15:00:00+01:00,418.4,427.2,416.3,418.8,334.5194
2025-01-14 16:00:00+01:00,418.8,423.1,417.3,419.4,696.5698
2025-01-14 17:00:00+01:00,419.3,419.4,413.7,415.4,311.9719
2025-01-14 18:00:00+01:00,414.5,417.9,412.6,414.4,232.0326
2025-01-14 19:00:00+01:00,416.1,417.8,413.0,415.5,136.132
2025-01-14 20:00:00+01:00,415.5,415.5,411.9,414.0,291.459
2025-01-14 21:00:00+01:00,414.7,418.6,410.6,415.3,1562.3588
2025-01-14 22:00:00+01:00,416.5,419.8,414.4,415.8,364.9402
2025-01-14 23:00:00+01:00,416.8,421.8,416.5,421.8,181.5524
2025-01-15 00:00:00+01:00,421.7,421.7,416.0,416.9,399.7795
2025-01-15 01:00:00+01:00,416.9,422.0,415.6,419.8,1217.9227
2025-01-15 02:00:00+01:00,419.5,422.5,416.7,420.0,584.2763
2025-01-15 03:00:00+01:00,419.7,420.8,412.4,412.4,72.4383
2025-01-15 04:00:00+01:00,412.2,416.3,411.8,416.3,62.5029
2025-01-15 05:00:00+01:00,417.9,418.1,413.2,416.6,21.5749
2025-01-15 06:00:00+01:00,415.8,415.9,413.8,415.6,39.125
2025-01-15 07:00:00+01:00,415.4,415.5,411.5,415.1,136.7011
2025-01-15 08:00:00+01:00,415.5,419.7,415.3,415.4,177.8882
2025-01-15 09:00:00+01:00,416.6,419.4,413.8,413.8,176.1405
2025-01-15 10:00:00+01:00,414.4,414.4,402.5,404.1,1310.7356
2025-01-15 11:00:00+01:00,405.0,408.3,404.5,405.5,211.097
2025-01-15 12:00:00+01:00,405.7,406.3,402.5,405.8,548.7768
2025-01-15 13:00:00+01:00,405.8,409.4,403.6,406.3,376.091
2025-01-15 14:00:00+01:00,406.6,429.2,402.2,428.7,3155.2516
2025-01-15 15:00:00+01:00,428.9,433.2,422.7,431.9,1043.7223
2025-01-15 16:00:00+01:00,432.5,443.1,430.7,440.6,1533.096
2025-01-15 17:00:00+01:00,440.6,448.7,438.9,440.1,1045.1122
2025-01-15 18:00:00+01:00,439.9,444.4,439.2,440.0,575.3718
2025-01-15 19:00:00+01:00,440.1,450.4,438.8,449.4,345.4327
2025-01-15 20:00:00+01:00,449.5,459.4,446.0,457.7,1662.9202
2025-01-15 21:00:00+01:00,459.2,471.7,452.6,452.6,1212.6351
2025-01-15 22:00:00+01:00,453.2,455.4,449.4,451.0,502.2876
2025-01-15 23:00:00+01:00,450.9,458.7,449.6,457.1,323.3728
2025-01-16 00:00:00+01:00,457.5,459.8,453.8,458.4,283.8808
2025-01-16 01:00:00+01:00,459.9,460.5,442.5,448.0,442.7583
2025-01-16 02:00:00+01:00,448.8,450.9,446.1,449.6,86.7855
2025-01-16 03:00:00+01:00,447.3,448.8,444.3,445.5,40.6786
2025-01-16 04:00:00+01:00,446.0,446.4,440.5,441.8,62.4619
2025-01-16 05:00:00+01:00,442.7,445.3,442.4,444.2,22.4816
2025-01-16 06:00:00+01:00,444.7,452.8,443.1,452.5,58.006
2025-01-16 07:00:00+01:00,452.0,456.5,450.3,452.5,66.7843
2025-01-16 08:00:00+01:00,452.3,455.3,451.8,454.0,81.1641
2025-01-16 09:00:00+01:00,454.7,456.0,439.8,444.8,312.6938
2025-01-16 10:00:00+01:00,445.0,447.4,441.1,447.3,406.6208
2025-01-16 11:00:00+01:00,447.4,447.6,443.7,446.7,83.0114
2025-01-16 12:00:00+01:00,446.0,455.0,445.0,455.0,106.8125
2025-01-16 13:00:00+01:00,454.9,469.1,451.0,466.1,437.4369
2025-01-16 14:00:00+01:00,466.5,469.1,456.7,461.8,488.3814
2025-01-16 15:00:00+01:00,461.3,461.5,443.3,446.8,838.8908
2025-01-16 16:00:00+01:00,446.6,454.7,445.0,452.7,229.5419
2025-01-16 17:00:00+01:00,452.5,459.6,452.5,454.5,166.2733
2025-01-16 18:00:00+01:00,454.5,457.3,452.0,456.0,196.6901
2025-01-16 19:00:00+01:00,456.0,456.4,449.0,450.0,99.6214
2025-01-16 20:00:00+01:00,449.4,456.0,447.6,456.0,142.8552
2025-01-16 21:00:00+01:00,455.9,457.8,452.0,453.8,371.4447
2025-01-16 22:00:00+01:00,453.6,453.9,448.7,450.8,95.0784
2025-01-16 23:00:00+01:00,450.8,450.8,439.0,441.2,162.5129
2025-01-17 00:00:00+01:00,441.7,445.9,439.8,445.9,115.3915
2025-01-17 01:00:00+01:00,445.9,450.4,445.9,449.7,27.2485
2025-01-17 02:00:00+01:00,450.5,457.4,449.4,457.3,77.9645
2025-01-17 03:00:00+01:00,456.4,458.3,450.6,451.8,510.0473
2025-01-17 04:00:00+01:00,452.4,452.4,447.8,448.8,73.2906
2025-01-17 05:00:00+01:00,450.4,453.0,449.1,453.0,61.9705
2025-01-17 06:00:00+01:00,453.1,456.7,450.2,456.7,30.5219
2025-01-17 07:00:00+01:00,456.8,457.9,453.2,455.2,206.4783
2025-01-17 08:00:00+01:00,455.3,459.1,454.0,457.2,348.6696
2025-01-17 09:00:00+01:00,459.2,466.1,457.5,464.5,498.7275
2025-01-17 10:00:00+01:00,464.7,466.7,461.6,465.8,240.0866
2025-01-17 11:00:00+01:00,466.5,477.9,464.3,476.5,544.1087
2025-01-17 12:00:00+01:00,476.5,476.9,470.6,473.4,249.4549
2025-01-17 13:00:00+01:00,472.0,488.1,470.4,479.9,724.5775
2025-01-17 14:00:00+01:00,479.9,484.4,476.9,477.6,433.9822
2025-01-17 15:00:00+01:00,478.0,488.2,478.0,487.2,398.1442
2025-01-17 16:00:00+01:00,487.6,492.1,477.9,478.9,867.377
2025-01-17 17:00:00+01:00,478.8,486.7,477.0,481.8,496.7991
2025-01-17 18:00:00+01:00,480.8,488.0,474.2,475.3,877.5674
2025-01-17 19:00:00+01:00,475.9,478.3,472.7,472.8,266.7511
2025-01-17 20:00:00+01:00,472.6,481.0,472.6,479.5,165.2424
2025-01-17 21:00:00+01:00,479.1,493.7,478.3,491.4,377.299
2025-01-17 22:00:00+01:00,490.9,493.3,482.6,487.4,289.0602
2025-01-17 23:00:00+01:00,487.2,491.6,487.0,491.6,210.7578
2025-01-18 00:00:00+01:00,489.8,491.3,485.0,485.2,132.3791
2025-01-18 01:00:00+01:00,486.3,495.1,486.3,492.7,123.5489
2025-01-18 02:00:00+01:00,491.4,491.9,484.0,485.9,42.3923
2025-01-18 03:00:00+01:00,484.3,484.3,477.9,478.3,59.6777
2025-01-18 04:00:00+01:00,479.4,480.0,464.0,467.2,365.537
2025-01-18 05:00:00+01:00,468.1,471.7,462.7,466.1,196.0619
2025-01-18 06:00:00+01:00,466.4,467.4,447.1,447.1,399.8699
2025-01-18 07:00:00+01:00,447.0,458.0,447.0,453.9,447.291
2025-01-18 08:00:00+01:00,453.6,457.7,450.7,454.0,302.9204
2025-01-18 09:00:00+01:00,452.7,453.7,444.0,449.6,579.1413
2025-01-18 10:00:00+01:00,450.0,451.0,444.6,446.6,200.3891
2025-01-18 11:00:00+01:00,446.6,450.2,441.8,447.0,312.2726
2025-01-18 12:00:00+01:00,445.9,454.1,443.0,451.9,298.9114
2025-01-18 13:00:00+01:00,451.9,456.0,448.8,449.5,235.1352
2025-01-18 14:00:00+01:00,449.5,458.4,446.7,458.4,256.0236
2025-01-18 15:00:00+01:00,458.5,460.8,449.0,450.3,333.3778
2025-01-18 16:00:00+01:00,450.2,456.3,446.5,450.0,203.9139
2025-01-18 17:00:00+01:00,450.4,452.9,439.6,440.1,436.6433
2025-01-18 18:00:00+01:00,440.6,448.1,440.0,444.7,329.5029
2025-01-18 19:00:00+01:00,445.0,448.8,441.6,445.1,139.2588
2025-01-18 20:00:00+01:00,445.2,452.9,445.2,452.6,211.6126
2025-01-18 21:00:00+01:00,452.6,453.0,445.5,447.8,180.8914
2025-01-18 22:00:00+01:00,447.9,452.0,447.9,448.7,108.0482
2025-01-18 23:00:00+01:00,448.4,452.4,448.0,450.9,40.1661
2025-01-19 00:00:00+01:00,450.9,462.0,450.7,457.4,313.8043
2025-01-19 01:00:00+01:00,457.0,463.5,455.2,458.9,269.2585
2025-01-19 02:00:00+01:00,459.3,467.3,459.3,463.9,384.1083
2025-01-19 03:00:00+01:00,464.3,466.8,459.7,460.1,313.1902
2025-01-19 04:00:00+01:00,460.1,460.4,455.1,455.1,125.8243
2025-01-19 05:00:00+01:00,455.5,455.6,447.8,447.8,141.2974
2025-01-19 06:00:00+01:00,447.4,448.7,443.3,448.6,259.0343
2025-01-19 07:00:00+01:00,448.7,448.8,440.3,440.8,142.9487
2025-01-19 08:00:00+01:00,440.0,442.3,432.4,438.0,764.36
2025-01-19 09:00:00+01:00,438.0,438.0,420.0,422.7,961.1345
2025-01-19 10:00:00+01:00,421.7,432.2,408.6,429.6,3028.1236
2025-01-19 11:00:00+01:00,429.8,431.9,422.6,428.1,755.2546
2025-01-19 12:00:00+01:00,427.6,429.4,415.8,421.1,758.2579
2025-01-19 13:00:00+01:00,421.1,431.1,420.2,429.9,608.2651
2025-01-19 14:00:00+01:00,429.1,452.4,428.8,452.4,464.7943
2025-01-19 15:00:00+01:00,452.0,475.4,450.1,474.4,1616.5006
2025-01-19 16:00:00+01:00,474.4,486.5,467.2,470.0,1317.8739
2025-01-19 17:00:00+01:00,469.8,472.4,459.7,462.1,398.1137
2025-01-19 18:00:00+01:00,461.9,465.8,455.9,465.0,580.0477
2025-01-19 19:00:00+01:00,465.2,467.1,453.3,457.3,424.6863
2025-01-19 20:00:00+01:00,455.7,457.1,451.1,455.9,452.6752
2025-01-19 21:00:00+01:00,456.6,460.8,451.8,456.1,805.8284
2025-01-19 22:00:00+01:00,456.6,457.1,432.4,433.9,1590.9567
2025-01-19 23:00:00+01:00,433.5,449.0,419.5,434.0,1694.1085
2025-01-20 00:00:00+01:00,433.6,433.6,417.6,426.2,1044.6143
2025-01-20 01:00:00+01:00,425.8,428.8,416.7,418.8,715.9531
2025-01-20 02:00:00+01:00,420.5,425.8,412.4,418.7,356.1311
2025-01-20 03:00:00+01:00,418.0,431.0,418.0,421.0,159.2576
2025-01-20 04:00:00+01:00,420.9,425.3,418.0,423.2,115.4707
2025-01-20 05:00:00+01:00,422.8,424.9,419.3,421.0,185.5387
2025-01-20 06:00:00+01:00,420.9,427.7,418.7,420.9,236.4625
2025-01-20 07:00:00+01:00,422.8,448.3,420.6,439.5,806.6195
2025-01-20 08:00:00+01:00,439.4,466.9,439.4,447.5,1726.0773
2025-01-20 09:00:00+01:00,448.5,456.1,445.0,453.3,371.1306
2025-01-20 10:00:00+01:00,452.7,469.5,450.1,465.3,420.4814
2025-01-20 11:00:00+01:00,465.9,467.3,448.0,448.0,377.9032
2025-01-20 12:00:00+01:00,450.0,450.7,442.5,447.8,151.191
2025-01-20 13:00:00+01:00,448.8,448.8,426.6,435.5,620.2501
2025-01-20 14:00:00+01:00,435.0,442.7,433.4,437.8,289.5496
2025-01-20 15:00:00+01:00,438.4,440.2,434.5,435.3,167.5732
2025-01-20 16:00:00+01:00,435.9,436.6,426.6,429.3,240.1391
2025-01-20 17:00:00+01:00,429.5,434.1,420.0,433.3,458.4922
2025-01-20 18:00:00+01:00,433.4,433.4,405.0,418.2,1417.0644
2025-01-20 19:00:00+01:00,419.5,427.1,416.5,425.6,549.0006
2025-01-20 20:00:00+01:00,424.0,426.0,420.9,421.1,386.4559
2025-01-20 21:00:00+01:00,420.0,420.2,410.8,413.9,152.2464
2025-01-20 22:00:00+01:00,413.4,417.1,406.4,406.4,222.1097
2025-01-20 23:00:00+01:00,406.7,416.2,404.8,412.6,319.0993
2025-01-21 00:00:00+01:00,413.3,413.3,405.6,406.6,293.9635
2025-01-21 01:00:00+01:00,407.3,407.7,397.8,398.1,447.446
2025-01-21 02:00:00+01:00,398.6,402.8,392.5,397.4,329.1704
2025-01-21 03:00:00+01:00,394.4,399.1,391.8,396.8,92.435
2025-01-21 04:00:00+01:00,397.4,399.1,395.1,396.5,94.1493
2025-01-21 05:00:00+01:00,395.0,395.0,386.4,389.6,211.3156
2025-01-21 06:00:00+01:00,390.4,392.6,386.7,387.7,187.5253
2025-01-21 07:00:00+01:00,387.9,394.7,386.0,392.0,757.5846
2025-01-21 08:00:00+01:00,391.3,396.4,390.4,394.1,267.7756
2025-01-21 09:00:00+01:00,394.1,400.2,391.6,395.7,443.9488
2025-01-21 10:00:00+01:00,395.7,399.0,391.6,394.2,119.3757
2025-01-21 11:00:00+01:00,394.3,407.1,392.6,406.5,296.3813
2025-01-21 12:00:00+01:00,405.9,412.0,403.0,405.5,250.9801
2025-01-21 13:00:00+01:00,406.0,408.4,401.3,404.6,296.0626
2025-01-21 14:00:00+01:00,405.8,405.8,398.7,404.9,153.0369
2025-01-21 15:00:00+01:00,404.5,408.2,396.9,396.9,302.9505
2025-01-21 16:00:00+01:00,399.5,402.0,395.7,401.3,88.621
2025-01-21 17:00:00+01:00,400.8,410.3,399.9,404.1,445.9626
2025-01-21 18:00:00+01:00,403.8,430.0,403.5,425.7,739.0639
2025-01-21 19:00:00+01:00,425.6,437.5,422.5,425.5,1254.7106
2025-01-21 20:00:00+01:00,425.5,425.6,413.1,419.6,623.1926
2025-01-21 21:00:00+01:00,420.2,420.2,411.5,414.4,391.2443
2025-01-21 22:00:00+01:00,413.9,420.2,412.5,419.9,307.9452
2025-01-21 23:00:00+01:00,419.1,433.5,418.8,426.0,423.4301
2025-01-22 00:00:00+01:00,425.2,428.1,416.3,427.1,320.771
2025-01-22 01:00:00+01:00,425.9,434.2,421.5,425.6,263.0799
2025-01-22 02:00:00+01:00,424.1,425.1,418.5,418.5,60.3155
2025-01-22 03:00:00+01:00,418.5,426.0,416.6,424.5,16.4835
2025-01-22 04:00:00+01:00,425.5,427.2,422.3,423.2,78.2995
2025-01-22 05:00:00+01:00,423.7,429.1,423.0,428.0,107.0614
2025-01-22 06:00:00+01:00,429.2,431.2,425.5,427.2,64.7761
2025-01-22 07:00:00+01:00,426.1,431.1,424.6,425.8,83.1412
2025-01-22 08:00:00+01:00,425.8,429.1,423.0,428.6,216.087
2025-01-22 09:00:00+01:00,426.5,427.9,419.8,423.9,338.1569
2025-01-22 10:00:00+01:00,424.0,424.0,414.8,416.0,168.2336
2025-01-22 11:00:00+01:00,415.7,417.9,413.5,416.0,119.0485
2025-01-22 12:00:00+01:00,417.0,422.0,414.0,419.9,237.8073
2025-01-22 13:00:00+01:00,420.3,421.6,415.6,418.8,97.3391
2025-01-22 14:00:00+01:00,418.5,418.8,408.6,409.5,143.6187
2025-01-22 15:00:00+01:00,409.8,415.4,407.3,411.7,1033.7294
2025-01-22 16:00:00+01:00,410.3,414.2,407.8,413.7,77.1289
2025-01-22 17:00:00+01:00,412.1,412.1,408.0,410.7,143.2061
2025-01-22 18:00:00+01:00,410.7,412.5,409.5,412.2,213.2559
2025-01-22 19:00:00+01:00,412.4,415.4,405.2,405.3,126.3867
2025-01-22 20:00:00+01:00,407.3,412.8,405.6,409.5,1774.4997
2025-01-22 21:00:00+01:00,410.7,415.0,409.5,410.5,174.5883
2025-01-22 22:00:00+01:00,410.5,410.5,405.3,406.0,129.8872
2025-01-22 23:00:00+01:00,406.0,407.2,400.1,400.1,291.0787
2025-01-23 00:00:00+01:00,400.0,402.4,397.9,399.7,319.9874
2025-01-23 01:00:00+01:00,399.0,399.0,394.1,396.3,190.9884
2025-01-23 02:00:00+01:00,395.5,395.6,390.3,390.8,133.9416
2025-01-23 03:00:00+01:00,390.2,392.7,388.3,391.5,149.018
2025-01-23 04:00:00+01:00,391.9,395.8,391.2,391.9,59.0141
2025-01-23 05:00:00+01:00,391.7,394.0,386.4,388.3,95.3077
2025-01-23 06:00:00+01:00,388.4,390.8,387.4,389.7,134.3932
2025-01-23 07:00:00+01:00,389.3,389.9,386.1,387.4,222.163
2025-01-23 08:00:00+01:00,387.7,391.9,385.9,391.4,298.6468
2025-01-23 09:00:00+01:00,391.5,394.4,388.5,389.5,218.5463
2025-01-23 10:00:00+01:00,388.9,391.7,380.9,382.4,382.4544
2025-01-23 11:00:00+01:00,383.2,385.2,380.7,381.5,308.5637
2025-01-23 12:00:00+01:00,381.5,382.1,378.5,381.2,519.2857
2025-01-23 13:00:00+01:00,381.2,381.4,375.4,377.5,344.4143
2025-01-23 14:00:00+01:00,377.5,386.2,377.0,385.6,399.4762
2025-01-23 15:00:00+01:00,385.2,394.7,382.0,389.4,400.8368
2025-01-23 16:00:00+01:00,390.1,392.4,378.8,385.6,812.9937
2025-01-23 17:00:00+01:00,385.8,396.9,385.6,385.8,727.2675
2025-01-23 18:00:00+01:00,385.5,388.8,381.0,387.5,360.1869
2025-01-23 19:00:00+01:00,387.8,388.3,381.1,381.8,210.184
2025-01-23 20:00:00+01:00,381.0,381.3,374.6,376.7,556.4637
2025-01-23 21:00:00+01:00,376.3,407.6,375.3,379.2,1154.8651
2025-01-23 22:00:00+01:00,380.1,380.1,370.3,371.7,578.087
2025-01-23 23:00:00+01:00,370.9,381.5,370.9,378.3,227.1981
2025-01-24 00:00:00+01:00,378.7,381.5,376.0,380.0,159.5174
2025-01-24 01:00:00+01:00,380.2,382.0,370.3,370.7,171.5272
2025-01-24 02:00:00+01:00,371.3,373.7,365.9,367.8,307.2497
2025-01-24 03:00:00+01:00,367.8,369.0,362.8,365.3,404.0048
2025-01-24 04:00:00+01:00,367.4,371.6,363.6,368.1,144.9136
2025-01-24 05:00:00+01:00,367.3,375.1,366.6,374.3,117.8573
2025-01-24 06:00:00+01:00,374.9,384.2,373.8,384.2,266.0331
2025-01-24 07:00:00+01:00,384.2,384.3,379.9,381.5,248.47
2025-01-24 08:00:00+01:00,381.9,383.7,379.5,381.5,182.1412
2025-01-24 09:00:00+01:00,381.6,388.5,380.6,385.8,318.8972
2025-01-24 10:00:00+01:00,385.7,390.4,385.3,388.3,467.7935
2025-01-24 11:00:00+01:00,388.4,390.7,386.9,389.3,152.7678
2025-01-24 12:00:00+01:00,389.1,390.1,387.0,387.7,255.8612
2025-01-24 13:00:00+01:00,388.2,389.1,384.8,387.3,182.8611
2025-01-24 14:00:00+01:00,388.0,390.0,383.3,384.6,424.919
2025-01-24 15:00:00+01:00,384.9,390.0,381.8,385.9,197.1978
2025-01-24 16:00:00+01:00,386.5,386.6,375.9,384.0,421.5117
2025-01-24 17:00:00+01:00,383.9,384.2,378.6,378.7,199.5968
2025-01-24 18:00:00+01:00,379.0,383.6,377.9,382.5,2100.3298
2025-01-24 19:00:00+01:00,383.2,384.6,381.5,381.9,684.2147
2025-01-24 20:00:00+01:00,382.5,383.9,380.4,380.9,405.3882
2025-01-24 21:00:00+01:00,381.0,382.5,372.9,372.9,471.3644
2025-01-24 22:00:00+01:00,373.3,376.7,372.0,375.8,252.7442
2025-01-24 23:00:00+01:00,375.5,376.6,371.2,371.6,268.4242
2025-01-25 00:00:00+01:00,371.1,372.7,369.4,372.6,337.0962
2025-01-25 01:00:00+01:00,371.3,374.5,363.1,364.5,312.3618
2025-01-25 02:00:00+01:00,364.1,369.2,363.9,367.7,59.0677
2025-01-25 03:00:00+01:00,368.0,370.5,366.2,366.5,55.5656
2025-01-25 04:00:00+01:00,367.4,372.3,366.7,371.8,62.1209
2025-01-25 05:00:00+01:00,370.7,371.2,368.0,368.6,63.9409
2025-01-25 06:00:00+01:00,368.9,372.6,368.1,370.7,82.8111
2025-01-25 07:00:00+01:00,370.7,372.3,367.9,369.2,205.2674
2025-01-25 08:00:00+01:00,368.7,369.3,366.4,366.6,221.1828
2025-01-25 09:00:00+01:00,366.8,369.1,365.4,367.7,129.1503
2025-01-25 10:00:00+01:00,367.7,368.3,365.7,366.3,144.1306
2025-01-25 11:00:00+01:00,365.7,368.3,363.5,367.6,272.6089
2025-01-25 12:00:00+01:00,367.6,374.5,367.2,373.4,285.3516
2025-01-25 13:00:00+01:00,373.3,373.8,369.7,372.2,435.5397
2025-01-25 14:00:00+01:00,372.7,378.9,372.7,378.3,380.5036
2025-01-25 15:00:00+01:00,379.0,379.4,374.8,378.5,208.7933
2025-01-25 16:00:00+01:00,378.6,383.5,376.6,381.4,356.6191
2025-01-25 17:00:00+01:00,381.6,383.7,377.0,378.4,239.2141
2025-01-25 18:00:00+01:00,379.1,383.5,373.7,383.2,290.3629
2025-01-25 19:00:00+01:00,382.9,387.3,380.6,387.3,333.4548
2025-01-25 20:00:00+01:00,387.5,390.6,386.5,387.8,318.6168
2025-01-25 21:00:00+01:00,388.3,393.9,387.8,391.1,273.7421
2025-01-25 22:00:00+01:00,391.3,395.2,388.6,395.2,387.8441
2025-01-25 23:00:00+01:00,395.0,411.2,394.7,410.2,1608.4874
2025-01-26 00:00:00+01:00,410.2,419.1,407.1,408.4,1119.7109
2025-01-26 01:00:00+01:00,408.7,421.3,407.6,415.9,694.1625
2025-01-26 02:00:00+01:00,414.1,414.6,410.2,412.3,375.2702
2025-01-26 03:00:00+01:00,411.8,416.3,410.6,414.2,199.8784
2025-01-26 04:00:00+01:00,414.5,416.7,409.3,410.0,120.8563
2025-01-26 05:00:00+01:00,410.7,410.8,404.5,406.2,272.8245
2025-01-26 06:00:00+01:00,405.1,406.2,402.4,405.5,114.6171
2025-01-26 07:00:00+01:00,406.4,413.1,405.5,412.5,267.6362
2025-01-26 08:00:00+01:00,411.7,417.0,411.3,415.0,246.6864
2025-01-26 09:00:00+01:00,415.1,418.0,414.3,417.5,189.9472
2025-01-26 10:00:00+01:00,417.5,418.8,414.3,417.0,298.2472
2025-01-26 11:00:00+01:00,416.8,420.1,411.8,420.1,219.3336
2025-01-26 12:00:00+01:00,420.1,431.2,419.3,429.9,719.9998
2025-01-26 13:00:00+01:00,430.6,431.8,424.1,427.5,951.2692
2025-01-26 14:00:00+01:00,428.1,429.4,421.6,427.7,450.8878
2025-01-26 15:00:00+01:00,427.7,445.0,426.7,441.6,856.1478
2025-01-26 16:00:00+01:00,441.7,451.4,441.1,441.2,869.4497
2025-01-26 17:00:00+01:00,441.3,451.0,439.4,445.8,742.4165
2025-01-26 18:00:00+01:00,444.8,463.0,442.2,457.2,825.7802
2025-01-26 19:00:00+01:00,457.2,457.3,446.6,448.8,704.3303
2025-01-26 20:00:00+01:00,449.6,455.6,449.6,455.5,490.8711
2025-01-26 21:00:00+01:00,455.5,460.5,448.7,448.7,684.1485
2025-01-26 22:00:00+01:00,448.5,448.6,437.4,437.8,571.3975
2025-01-26 23:00:00+01:00,437.0,445.3,434.1,442.3,942.438
2025-01-27 00:00:00+01:00,440.7,441.3,428.9,433.1,491.4696
2025-01-27 01:00:00+01:00,432.9,442.4,426.9,431.3,567.9913
2025-01-27 02:00:00+01:00,430.5,432.7,424.0,424.0,261.5689
2025-01-27 03:00:00+01:00,423.5,423.8,415.5,417.2,553.4281
2025-01-27 04:00:00+01:00,417.0,428.6,416.2,426.6,248.7188
2025-01-27 05:00:00+01:00,426.3,426.3,418.6,422.2,263.4361
2025-01-27 06:00:00+01:00,422.9,427.6,412.8,416.8,627.765
2025-01-27 07:00:00+01:00,416.4,423.5,407.4,411.2,1946.5729
2025-01-27 08:00:00+01:00,411.2,417.1,399.4,413.2,1248.965
2025-01-27 09:00:00+01:00,413.1,423.9,405.3,407.7,752.834
2025-01-27 10:00:00+01:00,407.7,408.2,396.0,401.4,1105.5889
2025-01-27 11:00:00+01:00,401.5,401.5,385.9,387.8,719.3954
2025-01-27 12:00:00+01:00,387.7,409.3,385.8,399.0,1046.7064
2025-01-27 13:00:00+01:00,398.7,420.8,398.7,420.6,820.2895
2025-01-27 14:00:00+01:00,419.6,439.0,415.7,435.9,1254.0734
2025-01-27 15:00:00+01:00,435.5,479.0,429.6,470.5,4724.3952
2025-01-27 16:00:00+01:00,470.4,470.6,448.7,461.0,3826.2524
2025-01-27 17:00:00+01:00,461.3,474.0,444.3,445.3,3566.7651
2025-01-27 18:00:00+01:00,446.5,453.0,435.2,437.9,1459.6803
2025-01-27 19:00:00+01:00,438.2,440.3,429.6,431.6,2902.077
2025-01-27 20:00:00+01:00,432.8,445.7,431.4,436.5,1464.3226
2025-01-27 21:00:00+01:00,436.8,453.6,430.2,448.3,3109.2847
2025-01-27 22:00:00+01:00,449.3,455.4,437.7,448.7,1299.9556
2025-01-27 23:00:00+01:00,449.2,451.7,442.5,444.6,519.0521
2025-01-28 00:00:00+01:00,444.2,450.1,440.7,446.3,183.8061
2025-01-28 01:00:00+01:00,446.1,452.1,429.0,435.1,628.6407
2025-01-28 02:00:00+01:00,435.2,435.4,429.8,429.8,279.2454
2025-01-28 03:00:00+01:00,429.9,437.3,428.5,433.7,460.2516
2025-01-28 04:00:00+01:00,433.6,446.1,430.2,445.0,360.1712
2025-01-28 05:00:00+01:00,445.7,452.5,443.6,450.9,329.059
2025-01-28 06:00:00+01:00,451.2,455.9,447.8,451.2,432.5391
2025-01-28 07:00:00+01:00,450.4,450.4,438.8,439.6,262.6178
2025-01-28 08:00:00+01:00,439.2,445.3,435.0,436.6,194.8345
2025-01-28 09:00:00+01:00,436.5,439.1,433.8,436.8,535.1677
2025-01-28 10:00:00+01:00,436.7,440.5,431.9,439.8,949.1585
2025-01-28 11:00:00+01:00,439.8,447.4,437.6,445.1,1609.5395
2025-01-28 12:00:00+01:00,445.4,449.8,439.7,444.8,594.3644
2025-01-28 13:00:00+01:00,445.5,447.0,437.8,438.9,212.4561
2025-01-28 14:00:00+01:00,440.2,445.6,438.7,439.6,289.7083
2025-01-28 15:00:00+01:00,439.3,446.9,434.9,446.5,515.9618
2025-01-28 16:00:00+01:00,447.4,459.6,444.3,457.7,793.7103
2025-01-28 17:00:00+01:00,457.3,461.4,449.7,453.5,736.4492
2025-01-28 18:00:00+01:00,453.6,460.2,452.2,458.5,309.0301
2025-01-28 19:00:00+01:00,457.9,464.3,453.5,456.0,779.9953
2025-01-28 20:00:00+01:00,456.9,460.6,448.9,458.4,440.3985
2025-01-28 21:00:00+01:00,457.6,458.3,442.0,443.4,501.3724
2025-01-28 22:00:00+01:00,443.6,453.2,441.3,441.3,535.2741
2025-01-28 23:00:00+01:00,441.3,448.5,436.5,443.7,659.7757
2025-01-29 00:00:00+01:00,443.7,453.2,441.8,450.9,443.0913
2025-01-29 01:00:00+01:00,450.7,454.7,443.9,444.4,297.6749
2025-01-29 02:00:00+01:00,444.2,454.7,444.2,453.1,149.4975
2025-01-29 03:00:00+01:00,452.2,458.2,450.0,457.7,117.6231
2025-01-29 04:00:00+01:00,458.5,466.6,456.2,466.6,226.4411
2025-01-29 05:00:00+01:00,466.4,469.0,462.6,462.6,194.1986
2025-01-29 06:00:00+01:00,461.4,464.8,459.1,463.9,119.2727
2025-01-29 07:00:00+01:00,465.2,469.4,461.7,466.1,126.7276
2025-01-29 08:00:00+01:00,465.9,476.5,465.1,475.7,526.749
2025-01-29 09:00:00+01:00,475.1,489.6,467.9,485.7,844.8461
2025-01-29 10:00:00+01:00,485.7,498.0,478.9,483.3,1193.2394
2025-01-29 11:00:00+01:00,483.3,491.3,476.3,478.5,573.6383
2025-01-29 12:00:00+01:00,478.6,488.0,477.2,478.6,414.4582
2025-01-29 13:00:00+01:00,478.1,483.5,470.9,475.0,671.3273
2025-01-29 14:00:00+01:00,473.8,474.9,461.1,468.0,560.8486
2025-01-29 15:00:00+01:00,467.2,471.6,461.8,465.5,436.8791
2025-01-29 16:00:00+01:00,466.6,471.4,458.4,460.8,430.9012
2025-01-29 17:00:00+01:00,460.9,462.9,452.3,458.1,289.3691
2025-01-29 18:00:00+01:00,458.9,470.0,457.5,464.3,463.4366
2025-01-29 19:00:00+01:00,467.5,468.6,453.9,463.0,388.3834
2025-01-29 20:00:00+01:00,462.7,472.9,441.2,458.6,3072.8513
2025-01-29 21:00:00+01:00,458.6,475.7,453.4,465.7,1068.6508
2025-01-29 22:00:00+01:00,466.2,471.6,461.3,464.0,488.7981
2025-01-29 23:00:00+01:00,463.6,465.2,457.3,457.4,282.1353
2025-01-30 00:00:00+01:00,457.4,457.4,447.1,449.1,241.9389
2025-01-30 01:00:00+01:00,449.1,453.9,444.7,453.6,236.4292
2025-01-30 02:00:00+01:00,453.4,457.7,451.7,454.5,68.4991
2025-01-30 03:00:00+01:00,455.7,457.0,452.2,453.6,104.1211
2025-01-30 04:00:00+01:00,453.2,462.6,452.6,461.6,101.8933
2025-01-30 05:00:00+01:00,462.6,464.4,453.7,457.5,181.2215
2025-01-30 06:00:00+01:00,457.1,461.6,456.2,461.5,120.4733
2025-01-30 07:00:00+01:00,462.6,462.8,458.6,461.0,100.2902
2025-01-30 08:00:00+01:00,460.2,462.1,452.8,455.3,206.1456
2025-01-30 09:00:00+01:00,454.8,457.4,449.1,456.4,245.4199
2025-01-30 10:00:00+01:00,456.8,466.0,455.9,463.1,290.6751
2025-01-30 11:00:00+01:00,463.1,468.5,462.6,468.1,194.1505
2025-01-30 12:00:00+01:00,468.6,470.5,464.6,468.6,242.3512
2025-01-30 13:00:00+01:00,467.6,476.2,465.3,475.9,419.0075
2025-01-30 14:00:00+01:00,476.2,477.9,469.5,476.3,494.7704
2025-01-30 15:00:00+01:00,476.0,479.0,465.3,466.2,274.1667
2025-01-30 16:00:00+01:00,466.9,471.2,458.8,458.8,338.9096
2025-01-30 17:00:00+01:00,459.3,471.7,458.3,471.7,329.9948
2025-01-30 18:00:00+01:00,471.0,475.7,468.7,469.0,370.6903
2025-01-30 19:00:00+01:00,469.4,470.1,461.2,463.6,253.1592
2025-01-30 20:00:00+01:00,464.2,464.3,455.8,460.0,195.9083
2025-01-30 21:00:00+01:00,460.0,460.0,451.5,453.3,285.3723
2025-01-30 22:00:00+01:00,453.5,459.4,452.2,454.7,226.7386
2025-01-30 23:00:00+01:00,454.4,457.8,451.8,455.7,261.486
2025-01-31 00:00:00+01:00,456.1,457.8,452.6,453.0,47.2906
2025-01-31 01:00:00+01:00,453.3,455.8,448.5,453.9,118.3265
2025-01-31 02:00:00+01:00,454.7,460.0,454.0,457.3,117.6626
2025-01-31 03:00:00+01:00,457.6,457.9,450.9,454.5,153.4297
2025-01-31 04:00:00+01:00,454.0,455.9,448.4,450.6,85.9235
2025-01-31 05:00:00+01:00,451.0,452.2,445.5,446.4,110.1627
2025-01-31 06:00:00+01:00,446.5,451.2,446.1,449.0,116.5056
2025-01-31 07:00:00+01:00,448.4,454.4,448.4,452.1,184.3153
2025-01-31 08:00:00+01:00,452.2,463.9,450.7,458.7,248.986
2025-01-31 09:00:00+01:00,457.5,461.0,450.5,451.2,147.9689
2025-01-31 10:00:00+01:00,450.3,454.7,448.9,452.3,117.9287
2025-01-31 11:00:00+01:00,452.7,453.3,449.9,452.4,46.0191
2025-01-31 12:00:00+01:00,452.5,463.0,452.5,462.5,325.3792
2025-01-31 13:00:00+01:00,462.0,467.0,460.1,463.6,178.74
2025-01-31 14:00:00+01:00,465.0,468.4,461.1,465.7,211.8265
2025-01-31 15:00:00+01:00,466.5,467.9,457.3,459.5,258.6729
2025-01-31 16:00:00+01:00,459.5,473.3,459.5,471.3,368.0648
2025-01-31 17:00:00+01:00,471.2,476.9,466.8,469.4,522.3841
2025-01-31 18:00:00+01:00,469.5,474.1,463.8,465.5,385.3485
2025-01-31 19:00:00+01:00,465.2,466.9,453.2,459.6,1592.6987
2025-01-31 20:00:00+01:00,459.2,470.5,458.6,468.0,1374.3069
2025-01-31 21:00:00+01:00,467.3,470.8,460.6,463.1,210.6301
2025-01-31 22:00:00+01:00,464.1,466.2,448.6,452.9,383.0167
2025-01-31 23:00:00+01:00,453.8,457.3,449.0,451.9,309.2706
2025-02-01 00:00:00+01:00,451.6,453.9,447.4,448.7,149.8177
2025-02-01 01:00:00+01:00,449.0,449.6,443.0,447.3,136.0408
2025-02-01 02:00:00+01:00,448.8,457.3,448.5,451.9,121.1599
2025-02-01 03:00:00+01:00,451.4,455.3,448.3,453.8,136.3168
2025-02-01 04:00:00+01:00,454.2,458.5,450.6,456.3,196.6631
2025-02-01 05:00:00+01:00,456.3,466.8,456.3,463.9,172.1341
2025-02-01 06:00:00+01:00,462.5,471.1,461.6,467.4,285.0725
2025-02-01 07:00:00+01:00,467.4,467.4,455.9,459.8,71.3145
2025-02-01 08:00:00+01:00,458.2,459.9,455.6,457.7,71.125
2025-02-01 09:00:00+01:00,459.4,461.0,447.6,447.6,204.1919
2025-02-01 10:00:00+01:00,447.7,448.4,432.3,432.6,737.2457
2025-02-01 11:00:00+01:00,432.8,437.5,428.4,429.2,729.863
2025-02-01 12:00:00+01:00,429.3,431.7,418.9,422.9,762.292
2025-02-01 13:00:00+01:00,423.5,429.5,418.0,426.5,479.7842
2025-02-01 14:00:00+01:00,426.5,427.3,420.1,421.0,140.5835
2025-02-01 15:00:00+01:00,420.0,420.0,413.3,414.0,758.6176
2025-02-01 16:00:00+01:00,414.4,419.6,410.9,415.5,496.4791
2025-02-01 17:00:00+01:00,414.8,418.1,411.7,412.4,441.6026
2025-02-01 18:00:00+01:00,412.4,418.7,412.4,418.3,274.2309
2025-02-01 19:00:00+01:00,418.4,418.5,408.7,409.1,333.47
2025-02-01 20:00:00+01:00,408.8,409.3,400.7,405.2,830.7335
2025-02-01 21:00:00+01:00,404.8,405.3,396.7,401.8,682.8821
2025-02-01 22:00:00+01:00,402.0,411.3,398.1,400.6,1107.1426
2025-02-01 23:00:00+01:00,400.2,403.4,395.0,399.2,631.0442
2025-02-02 00:00:00+01:00,398.5,399.2,390.4,393.6,428.1452
2025-02-02 01:00:00+01:00,393.1,402.0,391.6,399.7,269.5001
2025-02-02 02:00:00+01:00,399.7,405.7,399.0,399.6,150.1092
2025-02-02 03:00:00+01:00,399.5,399.5,390.8,391.2,236.6474
2025-02-02 04:00:00+01:00,390.7,392.7,378.4,380.9,669.1224
2025-02-02 05:00:00+01:00,380.7,389.8,380.1,385.7,320.4044
2025-02-02 06:00:00+01:00,385.6,395.2,385.6,394.0,249.4537
2025-02-02 07:00:00+01:00,393.4,393.4,384.1,385.1,184.3478
2025-02-02 08:00:00+01:00,385.0,386.8,382.3,385.5,170.753
2025-02-02 09:00:00+01:00,385.3,393.0,384.6,391.8,474.872
2025-02-02 10:00:00+01:00,392.3,392.3,387.2,388.2,353.1952
2025-02-02 11:00:00+01:00,387.8,388.1,381.3,384.3,318.664
2025-02-02 12:00:00+01:00,384.7,387.3,374.2,379.4,566.419
2025-02-02 13:00:00+01:00,379.0,382.8,372.6,376.1,1000.2138
2025-02-02 14:00:00+01:00,376.3,390.2,376.1,389.7,776.3548
2025-02-02 15:00:00+01:00,389.7,391.7,386.9,387.3,229.0296
2025-02-02 16:00:00+01:00,386.8,386.8,379.0,380.0,371.7017
2025-02-02 17:00:00+01:00,379.9,380.5,364.2,366.7,1935.8282
2025-02-02 18:00:00+01:00,366.5,375.5,361.1,364.1,2355.7126
2025-02-02 19:00:00+01:00,364.3,370.2,350.5,351.3,2114.7031
2025-02-02 20:00:00+01:00,350.9,370.5,346.3,368.1,2431.9474
2025-02-02 21:00:00+01:00,368.6,375.2,361.7,362.2,1687.9492
2025-02-02 22:00:00+01:00,362.8,363.6,352.2,353.3,3933.807
2025-02-02 23:00:00+01:00,353.9,362.1,336.6,355.1,1791.4952
2025-02-03 00:00:00+01:00,355.0,355.0,339.3,352.0,939.2564
2025-02-03 01:00:00+01:00,350.0,350.1,317.1,328.5,2650.4016
2025-02-03 02:00:00+01:00,328.1,331.2,254.0,276.7,5597.6226
2025-02-03 03:00:00+01:00,276.9,284.7,239.9,279.0,6229.3303
2025-02-03 04:00:00+01:00,279.6,300.8,279.6,291.4,1413.9435
2025-02-03 05:00:00+01:00,291.5,299.5,282.3,283.5,1847.3522
2025-02-03 06:00:00+01:00,284.5,314.4,284.4,312.8,2125.1563
2025-02-03 07:00:00+01:00,312.6,324.8,307.0,323.6,2497.4222
2025-02-03 08:00:00+01:00,323.8,332.7,317.8,331.4,1864.9055
2025-02-03 09:00:00+01:00,330.9,330.9,314.8,320.3,1287.2223
2025-02-03 10:00:00+01:00,320.7,328.3,319.7,321.5,793.3576
2025-02-03 11:00:00+01:00,322.2,331.2,318.1,330.0,1032.8603
2025-02-03 12:00:00+01:00,329.2,336.5,323.6,324.9,1161.8832
2025-02-03 13:00:00+01:00,324.6,333.6,318.4,319.7,1003.7187
2025-02-03 14:00:00+01:00,320.1,322.0,311.5,312.2,1005.0894
2025-02-03 15:00:00+01:00,312.2,339.0,303.5,337.7,2758.5284
2025-02-03 16:00:00+01:00,337.1,364.4,332.0,352.9,2786.8491
2025-02-03 17:00:00+01:00,352.9,357.4,345.0,354.1,1220.3855
2025-02-03 18:00:00+01:00,354.3,354.9,345.7,351.0,596.0172
2025-02-03 19:00:00+01:00,350.9,357.7,337.9,356.6,1367.5653
2025-02-03 20:00:00+01:00,356.8,367.2,354.2,365.6,1013.9718
2025-02-03 21:00:00+01:00,365.3,366.6,354.8,357.8,1388.0288
2025-02-03 22:00:00+01:00,358.6,371.7,357.9,371.3,594.49
2025-02-03 23:00:00+01:00,371.2,412.9,369.2,389.0,2429.5113
2025-02-04 00:00:00+01:00,389.0,400.7,387.7,399.6,638.2179
2025-02-04 01:00:00+01:00,398.6,400.9,381.6,381.9,504.0888
2025-02-04 02:00:00+01:00,381.6,385.6,379.5,383.8,249.8841
2025-02-04 03:00:00+01:00,383.4,386.8,379.0,379.2,159.0938
2025-02-04 04:00:00+01:00,379.4,382.1,374.2,382.0,149.1223
2025-02-04 05:00:00+01:00,380.1,381.7,370.8,371.7,436.2138
2025-02-04 06:00:00+01:00,371.9,372.2,350.4,357.1,719.4794
2025-02-04 07:00:00+01:00,357.0,362.8,355.4,361.6,607.4841
2025-02-04 08:00:00+01:00,361.8,362.0,349.8,350.1,522.4844
2025-02-04 09:00:00+01:00,350.3,356.9,347.1,353.6,427.8031
2025-02-04 10:00:00+01:00,353.6,355.9,349.3,352.7,342.4605
2025-02-04 11:00:00+01:00,352.7,359.7,352.7,356.7,402.9267
2025-02-04 12:00:00+01:00,356.3,370.8,356.2,362.5,481.5704
2025-02-04 13:00:00+01:00,363.2,379.5,362.0,368.8,824.5717
2025-02-04 14:00:00+01:00,368.2,372.9,363.8,364.1,1438.5348
2025-02-04 15:00:00+01:00,367.0,384.9,365.4,378.5,2522.3818
2025-02-04 16:00:00+01:00,378.9,380.1,362.3,372.7,935.5568
2025-02-04 17:00:00+01:00,372.5,378.9,370.2,372.0,384.8773
2025-02-04 18:00:00+01:00,373.0,376.3,367.3,371.7,338.8886
2025-02-04 19:00:00+01:00,370.6,381.3,368.8,380.3,217.5131
2025-02-04 20:00:00+01:00,380.5,393.4,372.5,372.5,1991.0266
2025-02-04 21:00:00+01:00,373.5,376.6,357.4,362.7,2977.1704
2025-02-04 22:00:00+01:00,362.7,362.7,352.0,355.0,894.6063
2025-02-04 23:00:00+01:00,355.4,360.1,352.4,358.4,623.6528
2025-02-05 00:00:00+01:00,358.0,364.9,356.7,358.4,417.4406
2025-02-05 01:00:00+01:00,358.6,361.4,350.9,353.2,525.6452
2025-02-05 02:00:00+01:00,353.2,363.0,353.2,354.7,209.9162
2025-02-05 03:00:00+01:00,355.9,362.0,354.0,360.5,213.7125
2025-02-05 04:00:00+01:00,359.3,359.3,356.1,356.7,168.6664
2025-02-05 05:00:00+01:00,356.9,358.4,354.1,356.6,81.499
2025-02-05 06:00:00+01:00,358.0,362.5,350.2,360.6,237.2223
2025-02-05 07:00:00+01:00,359.7,360.0,353.9,355.0,1019.0687
2025-02-05 08:00:00+01:00,356.3,362.0,354.8,360.8,590.9445
2025-02-05 09:00:00+01:00,360.6,365.1,356.6,357.3,246.9167
2025-02-05 10:00:00+01:00,357.7,362.0,355.4,357.1,328.989
2025-02-05 11:00:00+01:00,356.4,362.1,355.6,359.6,188.2034
2025-02-05 12:00:00+01:00,360.4,370.4,360.4,367.6,1527.2468
2025-02-05 13:00:00+01:00,368.3,368.8,360.3,362.5,1973.5502
2025-02-05 14:00:00+01:00,362.7,367.2,361.2,365.7,1352.7152
2025-02-05 15:00:00+01:00,365.6,369.0,358.5,360.2,468.3912
2025-02-05 16:00:00+01:00,360.8,369.6,355.2,360.8,754.0132
2025-02-05 17:00:00+01:00,361.1,362.3,348.4,354.5,761.9667
2025-02-05 18:00:00+01:00,354.8,357.1,343.0,348.1,536.7173
2025-02-05 19:00:00+01:00,347.9,350.0,341.2,344.3,612.3234
2025-02-05 20:00:00+01:00,343.8,361.3,342.9,360.2,506.7817
2025-02-05 21:00:00+01:00,360.3,364.8,352.4,355.2,818.2254
2025-02-05 22:00:00+01:00,355.1,359.7,354.1,355.3,188.9325
2025-02-05 23:00:00+01:00,355.4,357.3,346.1,349.5,276.0205
2025-02-06 00:00:00+01:00,350.1,352.7,348.7,350.2,165.6934
2025-02-06 01:00:00+01:00,350.1,352.8,346.1,346.2,178.4778
2025-02-06 02:00:00+01:00,346.0,352.1,343.5,347.3,142.0733
2025-02-06 03:00:00+01:00,347.5,354.0,347.5,351.9,59.0226
2025-02-06 04:00:00+01:00,351.5,356.2,349.5,354.4,70.4024
2025-02-06 05:00:00+01:00,354.3,358.6,352.7,357.8,90.4365
2025-02-06 06:00:00+01:00,357.0,360.3,356.3,356.7,178.2317
2025-02-06 07:00:00+01:00,356.8,365.8,354.6,363.3,329.5375
2025-02-06 08:00:00+01:00,363.7,364.3,359.7,362.3,71.9923
2025-02-06 09:00:00+01:00,362.9,362.9,358.1,359.9,159.872
2025-02-06 10:00:00+01:00,358.9,372.9,358.5,371.3,427.1807
2025-02-06 11:00:00+01:00,371.6,376.7,368.5,374.3,583.0544
2025-02-06 12:00:00+01:00,374.6,374.6,360.8,364.5,420.5684
2025-02-06 13:00:00+01:00,365.8,367.0,356.7,362.0,432.0523
2025-02-06 14:00:00+01:00,362.0,366.3,358.4,361.9,341.1023
2025-02-06 15:00:00+01:00,362.3,363.2,353.5,355.8,309.5939
2025-02-06 16:00:00+01:00,357.6,358.0,342.1,346.4,611.1166
2025-02-06 17:00:00+01:00,346.4,349.0,337.8,339.1,1156.8724
2025-02-06 18:00:00+01:00,337.7,345.4,336.0,338.7,655.6978
2025-02-06 19:00:00+01:00,337.1,338.7,330.8,330.8,654.035
2025-02-06 20:00:00+01:00,330.8,338.3,327.0,329.5,673.2036
2025-02-06 21:00:00+01:00,329.3,340.4,329.2,336.9,370.7815
2025-02-06 22:00:00+01:00,337.1,337.1,328.4,334.7,380.784
2025-02-06 23:00:00+01:00,334.0,335.2,326.3,330.0,1523.51
2025-02-07 00:00:00+01:00,330.1,331.8,323.7,326.1,294.5738
2025-02-07 01:00:00+01:00,326.3,335.5,325.9,328.9,196.7494
2025-02-07 02:00:00+01:00,330.3,340.5,330.1,338.3,86.5908
2025-02-07 03:00:00+01:00,337.8,342.4,337.8,337.9,228.7588
2025-02-07 04:00:00+01:00,338.9,339.3,331.6,333.9,147.4169
2025-02-07 05:00:00+01:00,334.1,336.7,330.1,330.2,58.7305
2025-02-07 06:00:00+01:00,330.3,331.3,327.2,330.2,149.37
2025-02-07 07:00:00+01:00,330.0,330.0,318.9,322.0,641.0384
2025-02-07 08:00:00+01:00,323.0,329.9,322.0,322.4,346.81
2025-02-07 09:00:00+01:00,321.9,330.6,320.5,327.0,138.8176
2025-02-07 10:00:00+01:00,327.2,337.3,326.7,336.7,722.6647
2025-02-07 11:00:00+01:00,336.6,339.6,333.4,333.4,2364.7904
2025-02-07 12:00:00+01:00,333.3,337.8,332.2,335.4,240.9387
2025-02-07 13:00:00+01:00,335.4,338.3,330.3,334.8,216.8901
2025-02-07 14:00:00+01:00,335.1,346.5,332.0,344.9,590.5976
2025-02-07 15:00:00+01:00,343.8,352.9,341.6,350.2,1193.5007
2025-02-07 16:00:00+01:00,350.6,350.6,333.1,334.5,1291.7313
2025-02-07 17:00:00+01:00,335.2,335.2,325.5,327.0,382.3318
2025-02-07 18:00:00+01:00,327.0,328.0,322.0,325.8,559.5528
2025-02-07 19:00:00+01:00,326.2,334.4,325.3,330.6,506.2977
2025-02-07 20:00:00+01:00,330.1,330.7,323.0,323.6,302.8291
2025-02-07 21:00:00+01:00,324.2,324.3,309.0,309.3,924.1763
2025-02-07 22:00:00+01:00,309.6,314.2,309.3,309.8,547.7257
2025-02-07 23:00:00+01:00,310.0,315.3,307.6,315.3,238.7806
2025-02-08 00:00:00+01:00,314.7,321.0,313.8,320.0,185.9101
2025-02-08 01:00:00+01:00,319.3,324.7,318.0,324.7,196.4116
2025-02-08 02:00:00+01:00,323.9,324.9,319.8,319.8,54.9302
2025-02-08 03:00:00+01:00,320.3,323.2,319.3,322.2,50.069
2025-02-08 04:00:00+01:00,323.1,325.4,322.6,324.6,139.7673
2025-02-08 05:00:00+01:00,324.1,325.4,322.0,322.5,151.117
2025-02-08 06:00:00+01:00,322.9,326.8,319.9,324.8,225.2267
2025-02-08 07:00:00+01:00,324.8,330.4,324.1,328.5,163.634
2025-02-08 08:00:00+01:00,328.2,334.1,324.9,331.8,236.2571
2025-02-08 09:00:00+01:00,331.5,335.1,329.0,329.1,374.1188
2025-02-08 10:00:00+01:00,329.5,333.9,328.7,333.9,114.4451
2025-02-08 11:00:00+01:00,333.5,337.7,332.4,336.6,482.4913
2025-02-08 12:00:00+01:00,337.0,343.5,336.0,342.5,1088.9426
2025-02-08 13:00:00+01:00,341.0,344.2,334.7,335.7,467.4634
2025-02-08 14:00:00+01:00,336.0,338.4,333.4,333.4,223.5079
2025-02-08 15:00:00+01:00,334.0,335.0,330.1,334.5,257.6889
2025-02-08 16:00:00+01:00,334.9,336.9,331.4,332.0,164.0137
2025-02-08 17:00:00+01:00,332.0,335.4,327.9,334.7,147.4448
2025-02-08 18:00:00+01:00,336.2,343.4,335.5,343.4,360.2167
2025-02-08 19:00:00+01:00,343.2,349.2,341.4,347.4,407.8161
2025-02-08 20:00:00+01:00,346.7,348.1,342.6,343.3,460.5901
2025-02-08 21:00:00+01:00,344.2,344.2,340.5,341.3,181.5269
2025-02-08 22:00:00+01:00,342.0,347.8,341.9,346.3,156.3941
2025-02-08 23:00:00+01:00,346.4,349.0,342.7,345.9,245.7398
2025-02-09 00:00:00+01:00,346.0,353.2,346.0,350.2,553.2142
2025-02-09 01:00:00+01:00,351.4,352.8,345.0,350.9,260.3542
2025-02-09 02:00:00+01:00,350.9,357.6,347.5,355.0,1614.7993
2025-02-09 03:00:00+01:00,355.7,358.5,352.0,356.4,245.3789
2025-02-09 04:00:00+01:00,356.2,369.6,355.9,368.6,320.0245
2025-02-09 05:00:00+01:00,368.4,369.5,361.5,367.2,149.8935
2025-02-09 06:00:00+01:00,366.0,370.3,363.4,369.6,248.6619
2025-02-09 07:00:00+01:00,370.1,370.2,359.1,361.1,391.9986
2025-02-09 08:00:00+01:00,360.5,362.9,357.8,360.0,155.7109
2025-02-09 09:00:00+01:00,360.7,363.5,358.6,358.6,175.6009
2025-02-09 10:00:00+01:00,358.6,359.2,355.4,358.0,267.7575
2025-02-09 11:00:00+01:00,359.3,367.9,358.3,363.4,421.5269
2025-02-09 12:00:00+01:00,363.5,365.8,358.7,359.6,218.6802
2025-02-09 13:00:00+01:00,359.2,362.6,357.1,358.8,201.975
2025-02-09 14:00:00+01:00,359.7,359.8,348.3,351.6,367.1147
2025-02-09 15:00:00+01:00,351.4,360.0,351.4,356.9,554.8107
2025-02-09 16:00:00+01:00,356.5,363.1,356.5,361.8,397.0802
2025-02-09 17:00:00+01:00,361.4,365.6,360.0,364.9,273.2851
2025-02-09 18:00:00+01:00,364.4,367.0,358.6,359.9,309.6273
2025-02-09 19:00:00+01:00,359.1,360.8,357.3,360.4,97.2487
2025-02-09 20:00:00+01:00,360.3,367.0,356.7,359.2,457.8403
2025-02-09 21:00:00+01:00,359.0,366.0,358.4,361.5,296.8067
2025-02-09 22:00:00+01:00,361.7,363.2,343.1,349.8,840.2966
2025-02-09 23:00:00+01:00,349.3,366.7,346.2,360.6,663.3839
2025-02-10 00:00:00+01:00,359.8,368.0,358.0,364.8,319.879
2025-02-10 01:00:00+01:00,366.6,374.5,365.8,368.5,234.7942
2025-02-10 02:00:00+01:00,368.7,369.0,350.7,354.1,263.0627
2025-02-10 03:00:00+01:00,355.4,359.8,352.0,357.5,83.0785
2025-02-10 04:00:00+01:00,355.4,369.0,355.4,361.7,295.6774
2025-02-10 05:00:00+01:00,360.6,373.5,359.9,373.5,219.3045
2025-02-10 06:00:00+01:00,374.0,379.2,371.2,377.0,298.8441
2025-02-10 07:00:00+01:00,379.2,385.8,378.1,382.3,465.5513
2025-02-10 08:00:00+01:00,381.8,387.3,380.9,384.5,259.9978
2025-02-10 09:00:00+01:00,383.5,393.6,382.1,389.8,537.2915
2025-02-10 10:00:00+01:00,389.4,391.8,384.4,385.6,369.689
2025-02-10 11:00:00+01:00,386.0,389.8,384.9,388.5,260.6445
2025-02-10 12:00:00+01:00,388.9,392.1,387.5,390.6,397.9224
2025-02-10 13:00:00+01:00,390.1,392.5,383.4,385.1,247.327
2025-02-10 14:00:00+01:00,385.3,398.8,384.0,393.1,512.893
2025-02-10 15:00:00+01:00,393.6,399.5,388.7,394.8,533.4802
2025-02-10 16:00:00+01:00,394.3,397.1,385.5,392.3,538.7043
2025-02-10 17:00:00+01:00,393.0,397.8,389.1,390.8,310.5661
2025-02-10 18:00:00+01:00,390.6,395.7,387.7,393.7,299.2318
2025-02-10 19:00:00+01:00,392.6,395.7,389.8,391.3,164.8361
2025-02-10 20:00:00+01:00,391.3,393.8,386.0,387.1,255.7835
2025-02-10 21:00:00+01:00,387.1,394.1,384.5,393.8,271.364
2025-02-10 22:00:00+01:00,393.5,393.5,386.3,387.5,584.0289
2025-02-10 23:00:00+01:00,387.1,391.4,385.5,386.2,148.5439
2025-02-11 00:00:00+01:00,385.5,387.4,381.5,387.4,193.1018
2025-02-11 01:00:00+01:00,387.0,397.9,386.1,395.0,197.5333
2025-02-11 02:00:00+01:00,395.0,399.5,392.2,397.2,178.5604
2025-02-11 03:00:00+01:00,398.9,400.6,393.5,397.3,172.3672
2025-02-11 04:00:00+01:00,396.7,408.0,396.0,407.3,495.1428
2025-02-11 05:00:00+01:00,407.4,422.0,407.1,418.0,618.3704
2025-02-11 06:00:00+01:00,418.7,423.1,416.0,416.8,292.4421
2025-02-11 07:00:00+01:00,417.1,437.4,416.0,434.4,954.1495
2025-02-11 08:00:00+01:00,434.4,435.3,426.2,430.1,455.79
2025-02-11 09:00:00+01:00,430.3,435.6,430.3,434.1,334.5918
2025-02-11 10:00:00+01:00,433.3,433.9,423.6,424.1,496.4978
2025-02-11 11:00:00+01:00,425.0,431.7,421.3,429.0,888.6707
2025-02-11 12:00:00+01:00,429.0,432.0,425.5,427.0,329.4629
2025-02-11 13:00:00+01:00,427.8,427.8,417.7,424.6,467.032
2025-02-11 14:00:00+01:00,424.3,426.9,409.3,412.1,1319.7956
2025-02-11 15:00:00+01:00,413.0,425.7,412.0,423.9,1315.211
2025-02-11 16:00:00+01:00,423.5,426.9,419.5,422.3,361.4796
2025-02-11 17:00:00+01:00,421.9,423.7,413.1,415.9,449.2851
2025-02-11 18:00:00+01:00,415.9,421.2,411.8,414.2,538.2406
2025-02-11 19:00:00+01:00,414.4,415.2,404.1,407.3,647.1259
2025-02-11 20:00:00+01:00,407.4,410.1,402.2,408.5,457.4386
2025-02-11 21:00:00+01:00,407.7,422.4,407.7,422.4,622.9518
2025-02-11 22:00:00+01:00,421.8,425.9,414.4,419.9,792.4051
2025-02-11 23:00:00+01:00,420.0,422.3,408.9,410.3,218.4285
2025-02-12 00:00:00+01:00,411.5,414.4,411.0,412.2,144.1379
2025-02-12 01:00:00+01:00,412.2,416.2,409.4,413.0,218.8265
2025-02-12 02:00:00+01:00,412.6,412.6,405.6,405.8,157.6186
2025-02-12 03:00:00+01:00,406.0,407.4,402.0,403.1,105.9727
2025-02-12 04:00:00+01:00,402.6,403.9,398.5,399.8,303.1567
2025-02-12 05:00:00+01:00,399.6,401.7,392.8,393.8,357.1626
2025-02-12 06:00:00+01:00,394.1,398.6,393.5,396.4,135.2317
2025-02-12 07:00:00+01:00,396.1,396.1,389.0,390.1,175.9678
2025-02-12 08:00:00+01:00,389.7,398.4,389.5,396.4,387.9266
2025-02-12 09:00:00+01:00,397.0,403.6,397.0,399.5,335.3605
2025-02-12 10:00:00+01:00,399.2,401.9,394.8,401.9,186.565
2025-02-12 11:00:00+01:00,401.7,402.0,395.3,396.8,221.6774
2025-02-12 12:00:00+01:00,396.9,399.2,393.9,395.2,103.5385
2025-02-12 13:00:00+01:00,395.5,400.1,393.0,394.5,421.8044
2025-02-12 14:00:00+01:00,394.5,406.0,376.1,382.9,2334.3513
2025-02-12 15:00:00+01:00,383.1,388.0,372.1,388.0,779.3527
2025-02-12 16:00:00+01:00,388.3,392.1,379.0,387.1,351.2529
2025-02-12 17:00:00+01:00,386.2,403.8,378.8,400.0,742.6593
2025-02-12 18:00:00+01:00,399.5,408.0,396.3,407.2,935.8373
2025-02-12 19:00:00+01:00,407.2,407.2,397.3,400.3,389.3895
2025-02-12 20:00:00+01:00,400.6,407.1,396.7,406.1,361.4946
2025-02-12 21:00:00+01:00,406.2,418.8,405.1,406.7,519.5402
2025-02-12 22:00:00+01:00,405.8,412.4,402.0,406.0,269.0182
2025-02-12 23:00:00+01:00,406.5,418.3,404.2,407.1,755.6874
2025-02-13 00:00:00+01:00,407.3,408.8,400.5,402.9,237.586
2025-02-13 01:00:00+01:00,403.2,409.7,401.8,409.7,145.9207
2025-02-13 02:00:00+01:00,409.8,415.0,406.4,414.2,118.0346
2025-02-13 03:00:00+01:00,414.2,414.2,404.0,411.0,128.0487
2025-02-13 04:00:00+01:00,411.8,414.3,405.1,409.0,106.9859
2025-02-13 05:00:00+01:00,409.4,410.0,401.0,402.9,113.7775
2025-02-13 06:00:00+01:00,402.9,403.0,396.7,398.9,183.4558
2025-02-13 07:00:00+01:00,398.2,402.7,391.0,394.1,250.6116
2025-02-13 08:00:00+01:00,394.1,396.5,391.7,392.4,201.7602
2025-02-13 09:00:00+01:00,391.9,395.3,389.6,392.5,210.4125
2025-02-13 10:00:00+01:00,391.3,396.4,390.9,394.6,213.2028
2025-02-13 11:00:00+01:00,394.6,396.3,389.8,391.1,156.6694
2025-02-13 12:00:00+01:00,390.9,392.2,384.7,385.2,277.2684
2025-02-13 13:00:00+01:00,385.3,388.0,380.4,382.4,289.8495
2025-02-13 14:00:00+01:00,382.2,383.5,374.8,376.5,609.331
2025-02-13 15:00:00+01:00,375.0,382.6,368.8,377.0,1237.655
2025-02-13 16:00:00+01:00,376.2,382.8,373.3,379.2,378.1839
2025-02-13 17:00:00+01:00,379.6,379.7,374.1,376.0,173.2377
2025-02-13 18:00:00+01:00,375.8,379.7,375.5,377.1,159.0953
2025-02-13 19:00:00+01:00,376.6,379.7,374.5,379.6,139.7357
2025-02-13 20:00:00+01:00,379.1,382.4,374.6,377.0,288.0721
2025-02-13 21:00:00+01:00,377.9,381.4,377.9,379.5,216.9889
2025-02-13 22:00:00+01:00,379.7,382.5,379.5,380.0,183.9334
2025-02-13 23:00:00+01:00,380.0,388.8,378.4,379.0,266.7325
2025-02-14 00:00:00+01:00,379.1,384.6,378.0,382.7,108.8065
2025-02-14 01:00:00+01:00,383.7,387.6,380.5,387.6,114.3099
2025-02-14 02:00:00+01:00,387.9,390.0,383.4,385.8,161.3613
2025-02-14 03:00:00+01:00,385.6,386.8,383.6,383.6,91.0384
2025-02-14 04:00:00+01:00,383.6,385.4,380.7,384.2,166.4622
2025-02-14 05:00:00+01:00,384.7,384.7,376.6,378.4,90.7572
2025-02-14 06:00:00+01:00,379.2,382.7,378.3,380.5,86.4054
2025-02-14 07:00:00+01:00,380.5,383.3,379.1,383.0,125.7152
2025-02-14 08:00:00+01:00,383.4,389.1,382.1,382.1,165.5023
2025-02-14 09:00:00+01:00,382.0,387.3,380.5,384.2,172.8841
2025-02-14 10:00:00+01:00,384.1,397.6,384.0,396.7,351.1351
2025-02-14 11:00:00+01:00,397.2,403.1,395.1,395.6,559.7887
2025-02-14 12:00:00+01:00,395.4,395.9,388.7,392.0,349.4692
2025-02-14 13:00:00+01:00,392.0,396.4,389.5,393.6,233.0635
2025-02-14 14:00:00+01:00,393.9,397.3,390.7,392.8,184.0869
2025-02-14 15:00:00+01:00,393.0,400.3,390.7,397.8,269.0539
2025-02-14 16:00:00+01:00,398.8,398.8,389.3,395.9,210.1062
2025-02-14 17:00:00+01:00,394.9,398.6,390.0,397.5,245.7188
2025-02-14 18:00:00+01:00,397.1,406.9,395.9,402.9,599.3407
2025-02-14 19:00:00+01:00,403.8,405.5,397.5,397.9,276.6876
2025-02-14 20:00:00+01:00,398.4,399.8,393.5,395.6,122.6966
2025-02-14 21:00:00+01:00,395.7,396.0,390.9,391.9,185.3661
2025-02-14 22:00:00+01:00,390.9,398.7,389.2,398.4,329.697
2025-02-14 23:00:00+01:00,398.8,400.8,382.5,388.4,478.1682
2025-02-15 00:00:00+01:00,387.8,391.9,386.0,391.9,103.2403
2025-02-15 01:00:00+01:00,391.6,391.8,385.2,387.2,288.5686
2025-02-15 02:00:00+01:00,386.5,391.9,385.7,391.9,94.8344
2025-02-15 03:00:00+01:00,391.8,395.0,391.7,393.9,44.4629
2025-02-15 04:00:00+01:00,394.1,398.6,394.1,397.8,27.7587
2025-02-15 05:00:00+01:00,397.8,399.9,394.4,396.2,254.3335
2025-02-15 06:00:00+01:00,395.9,401.8,395.9,397.8,160.248
2025-02-15 07:00:00+01:00,397.6,398.8,390.9,391.0,107.6926
2025-02-15 08:00:00+01:00,391.9,394.9,388.0,391.3,194.5051
2025-02-15 09:00:00+01:00,392.0,393.6,389.4,389.4,216.1794
2025-02-15 10:00:00+01:00,390.9,391.9,383.6,384.0,211.6321
2025-02-15 11:00:00+01:00,385.0,385.9,380.6,385.7,120.6377
2025-02-15 12:00:00+01:00,385.6,386.8,380.9,384.1,122.8206
2025-02-15 13:00:00+01:00,384.2,385.0,382.0,383.0,76.7819
2025-02-15 14:00:00+01:00,383.2,384.5,380.6,381.7,71.6721
2025-02-15 15:00:00+01:00,381.3,381.3,376.8,380.7,196.0331
2025-02-15 16:00:00+01:00,381.3,383.6,376.1,380.9,408.3857
2025-02-15 17:00:00+01:00,379.4,381.2,375.3,377.5,185.7694
2025-02-15 18:00:00+01:00,376.6,378.6,375.5,377.0,145.8149
2025-02-15 19:00:00+01:00,376.9,382.2,376.2,380.3,150.4027
2025-02-15 20:00:00+01:00,380.1,381.3,376.6,376.6,148.2704
2025-02-15 21:00:00+01:00,376.9,377.1,371.1,373.4,337.1157
2025-02-15 22:00:00+01:00,373.8,377.3,373.8,377.1,108.6647
2025-02-15 23:00:00+01:00,377.1,377.8,373.0,374.3,130.152
2025-02-16 00:00:00+01:00,374.0,376.4,374.0,375.4,25.9896
2025-02-16 01:00:00+01:00,375.1,376.7,372.5,373.3,86.8945
2025-02-16 02:00:00+01:00,373.0,373.0,369.1,370.5,160.3789
2025-02-16 03:00:00+01:00,370.3,371.0,363.4,365.1,255.1071
2025-02-16 04:00:00+01:00,364.2,367.6,363.2,366.0,125.7994
2025-02-16 05:00:00+01:00,366.5,368.2,365.6,366.5,40.0874
2025-02-16 06:00:00+01:00,366.4,369.2,364.9,368.2,92.5098
2025-02-16 07:00:00+01:00,368.3,370.3,366.4,367.0,78.0614
2025-02-16 08:00:00+01:00,366.7,366.7,363.3,364.0,126.6495
2025-02-16 09:00:00+01:00,364.8,367.3,364.1,365.5,93.6333
2025-02-16 10:00:00+01:00,365.0,368.1,362.5,367.4,191.1538
2025-02-16 11:00:00+01:00,367.2,369.1,366.9,367.0,101.599
2025-02-16 12:00:00+01:00,366.4,373.2,366.2,372.9,66.8501
2025-02-16 13:00:00+01:00,372.4,373.5,368.2,369.4,178.7107
2025-02-16 14:00:00+01:00,369.2,369.5,362.2,363.6,127.7564
2025-02-16 15:00:00+01:00,363.3,367.1,360.8,365.7,248.3496
2025-02-16 16:00:00+01:00,365.7,366.8,364.9,365.2,96.8215
2025-02-16 17:00:00+01:00,365.0,368.2,363.8,365.2,126.2501
2025-02-16 18:00:00+01:00,365.2,365.7,362.6,363.1,139.2415
2025-02-16 19:00:00+01:00,363.1,363.7,358.0,363.7,454.12
2025-02-16 20:00:00+01:00,362.7,364.5,360.6,364.1,94.8212
2025-02-16 21:00:00+01:00,362.8,363.2,355.3,357.5,177.6076
2025-02-16 22:00:00+01:00,357.3,362.7,356.4,361.8,129.8775
2025-02-16 23:00:00+01:00,361.8,362.0,357.8,360.8,256.6855
2025-02-17 00:00:00+01:00,360.5,361.6,358.0,360.5,98.725
2025-02-17 01:00:00+01:00,359.8,363.8,359.4,363.7,64.9597
2025-02-17 02:00:00+01:00,363.6,365.4,361.6,364.2,195.6856
2025-02-17 03:00:00+01:00,364.0,365.1,358.1,358.5,35.9184
2025-02-17 04:00:00+01:00,358.0,358.3,352.6,355.8,170.5858
2025-02-17 05:00:00+01:00,355.1,355.1,352.4,353.3,43.3441
2025-02-17 06:00:00+01:00,352.8,355.1,346.4,354.7,464.2957
2025-02-17 07:00:00+01:00,354.4,358.1,354.4,358.1,242.6607
2025-02-17 08:00:00+01:00,358.0,358.9,351.2,352.9,228.3174
2025-02-17 09:00:00+01:00,352.4,360.0,351.7,358.4,311.8017
2025-02-17 10:00:00+01:00,358.2,361.9,357.5,360.3,112.9265
2025-02-17 11:00:00+01:00,360.9,365.4,360.2,360.7,161.1367
2025-02-17 12:00:00+01:00,360.6,363.6,359.5,363.3,117.6613
2025-02-17 13:00:00+01:00,363.3,374.3,362.9,373.5,251.2002
2025-02-17 14:00:00+01:00,373.6,373.9,368.7,370.8,257.4869
2025-02-17 15:00:00+01:00,370.9,377.9,370.0,373.9,527.2965
2025-02-17 16:00:00+01:00,374.7,376.0,357.0,360.0,465.3646
2025-02-17 17:00:00+01:00,359.8,362.3,355.2,356.2,407.0037
2025-02-17 18:00:00+01:00,356.5,360.6,353.3,353.4,303.5295
2025-02-17 19:00:00+01:00,353.2,355.4,348.1,349.0,588.2576
2025-02-17 20:00:00+01:00,349.0,356.3,346.6,355.4,444.8083
2025-02-17 21:00:00+01:00,355.1,364.9,355.0,360.2,244.376
2025-02-17 22:00:00+01:00,360.0,366.6,359.9,366.6,130.2304
2025-02-17 23:00:00+01:00,366.2,367.6,359.3,360.0,138.2562
2025-02-18 00:00:00+01:00,360.2,361.8,359.6,360.8,104.5923
2025-02-18 01:00:00+01:00,361.0,362.7,357.1,358.2,80.1103
2025-02-18 02:00:00+01:00,358.8,361.8,357.3,361.8,49.4921
2025-02-18 03:00:00+01:00,360.9,360.9,357.7,359.3,61.3619
2025-02-18 04:00:00+01:00,359.1,361.8,358.8,361.2,40.5757
2025-02-18 05:00:00+01:00,360.4,361.8,356.6,358.2,84.6519
2025-02-18 06:00:00+01:00,358.1,358.1,350.7,350.7,105.0714
2025-02-18 07:00:00+01:00,350.6,355.7,347.9,352.8,241.423
2025-02-18 08:00:00+01:00,352.2,364.0,350.9,359.6,190.0723
2025-02-18 09:00:00+01:00,360.0,360.6,356.8,358.1,173.3359
2025-02-18 10:00:00+01:00,357.3,366.9,356.1,366.5,250.9202
2025-02-18 11:00:00+01:00,365.5,367.2,362.4,364.3,250.7281
2025-02-18 12:00:00+01:00,364.9,367.0,362.5,364.1,273.0314
2025-02-18 13:00:00+01:00,363.6,373.9,363.5,369.1,224.8429
2025-02-18 14:00:00+01:00,369.1,370.4,365.4,369.1,257.514
2025-02-18 15:00:00+01:00,368.2,373.7,361.0,365.6,420.2505
2025-02-18 16:00:00+01:00,365.4,371.2,363.6,366.3,336.0561
2025-02-18 17:00:00+01:00,366.0,370.4,353.2,354.0,517.7463
2025-02-18 18:00:00+01:00,354.7,360.7,352.9,355.3,421.1592
2025-02-18 19:00:00+01:00,355.1,373.3,353.6,366.5,944.8529
2025-02-18 20:00:00+01:00,366.4,377.5,363.9,373.7,1203.538
2025-02-18 21:00:00+01:00,373.6,376.4,371.1,375.6,494.8059
2025-02-18 22:00:00+01:00,376.0,387.4,375.5,378.7,808.6995
2025-02-18 23:00:00+01:00,379.4,384.2,372.4,373.5,377.8397
2025-02-19 00:00:00+01:00,373.3,379.5,371.9,375.4,193.7831
2025-02-19 01:00:00+01:00,376.3,379.8,373.0,376.9,135.9232
2025-02-19 02:00:00+01:00,377.3,377.5,370.9,374.7,249.825
2025-02-19 03:00:00+01:00,374.5,379.4,374.0,375.2,59.308
2025-02-19 04:00:00+01:00,374.9,376.1,372.6,376.1,83.3592
2025-02-19 05:00:00+01:00,374.7,375.1,367.8,368.7,240.0939
2025-02-19 06:00:00+01:00,368.8,381.6,368.2,381.6,246.3953
2025-02-19 07:00:00+01:00,381.7,388.6,378.3,387.0,439.5972
2025-02-19 08:00:00+01:00,387.0,400.1,386.8,392.5,748.0374
2025-02-19 09:00:00+01:00,393.0,395.6,390.6,391.2,209.576
2025-02-19 10:00:00+01:00,391.3,397.3,386.5,395.8,470.7558
2025-02-19 11:00:00+01:00,396.1,401.7,394.7,398.0,410.1259
2025-02-19 12:00:00+01:00,398.0,404.3,396.8,404.3,390.7113
2025-02-19 13:00:00+01:00,404.2,409.2,401.9,402.5,719.6941
2025-02-19 14:00:00+01:00,402.2,417.0,401.8,417.0,558.1707
2025-02-19 15:00:00+01:00,416.6,420.5,409.5,410.2,1533.5891
2025-02-19 16:00:00+01:00,410.2,413.7,406.2,410.3,1212.5368
2025-02-19 17:00:00+01:00,410.3,432.0,410.3,421.4,2251.896
2025-02-19 18:00:00+01:00,421.3,428.7,414.0,414.0,1646.4279
2025-02-19 19:00:00+01:00,414.3,418.3,407.4,415.0,760.7219
2025-02-19 20:00:00+01:00,414.7,416.4,407.1,410.0,446.3402
2025-02-19 21:00:00+01:00,411.0,417.2,409.4,413.0,408.5939
2025-02-19 22:00:00+01:00,414.0,419.4,412.4,414.6,295.5534
2025-02-19 23:00:00+01:00,414.4,420.4,412.3,417.1,323.4445
2025-02-20 00:00:00+01:00,417.2,420.6,416.3,420.1,252.0073
2025-02-20 01:00:00+01:00,420.0,425.6,417.2,424.6,274.068
2025-02-20 02:00:00+01:00,423.9,430.4,422.0,422.8,323.0345
2025-02-20 03:00:00+01:00,423.5,450.7,420.6,449.2,1173.1266
2025-02-20 04:00:00+01:00,449.6,450.7,441.4,445.7,551.9535
2025-02-20 05:00:00+01:00,446.8,449.9,444.8,448.9,330.3453
2025-02-20 06:00:00+01:00,449.9,455.9,442.7,444.0,1166.0171
2025-02-20 07:00:00+01:00,444.9,457.7,444.7,454.7,680.6958
2025-02-20 08:00:00+01:00,454.1,454.1,445.1,447.5,491.1667
2025-02-20 09:00:00+01:00,447.2,455.3,445.5,454.6,627.509
2025-02-20 10:00:00+01:00,454.9,458.1,449.7,451.1,632.2662
2025-02-20 11:00:00+01:00,451.3,460.8,447.9,458.7,792.3853
2025-02-20 12:00:00+01:00,459.3,469.8,455.8,458.9,1964.2144
2025-02-20 13:00:00+01:00,458.7,465.5,457.8,460.8,652.3941
2025-02-20 14:00:00+01:00,461.5,461.5,441.9,449.4,952.1019
2025-02-20 15:00:00+01:00,449.7,457.1,442.7,446.1,842.353
2025-02-20 16:00:00+01:00,445.9,452.0,444.0,445.7,336.7478
2025-02-20 17:00:00+01:00,446.0,451.7,443.9,445.0,366.7748
2025-02-20 18:00:00+01:00,445.1,450.0,444.9,449.4,433.5031
2025-02-20 19:00:00+01:00,449.3,458.6,448.2,457.9,629.7278
2025-02-20 20:00:00+01:00,458.2,458.4,453.5,457.4,125.786
2025-02-20 21:00:00+01:00,457.5,463.6,452.7,463.6,590.832
2025-02-20 22:00:00+01:00,462.2,462.2,454.3,458.3,266.2178
2025-02-20 23:00:00+01:00,457.7,466.8,457.3,459.5,252.4594
2025-02-21 00:00:00+01:00,459.8,466.1,456.4,466.1,232.1154
2025-02-21 01:00:00+01:00,465.6,472.9,459.6,462.3,413.6611
2025-02-21 02:00:00+01:00,462.4,462.7,455.2,459.2,329.1705
2025-02-21 03:00:00+01:00,459.4,461.7,452.7,456.8,332.1871
2025-02-21 04:00:00+01:00,456.5,460.9,454.7,457.8,146.7263
2025-02-21 05:00:00+01:00,457.9,468.4,457.4,466.1,245.8568
2025-02-21 06:00:00+01:00,465.7,467.8,461.7,463.9,289.3054
2025-02-21 07:00:00+01:00,463.7,474.8,463.6,473.3,493.5205
2025-02-21 08:00:00+01:00,472.9,495.3,472.9,476.2,2477.0589
2025-02-21 09:00:00+01:00,475.4,477.6,466.3,472.4,639.851
2025-02-21 10:00:00+01:00,472.5,481.7,469.0,469.3,739.6752
2025-02-21 11:00:00+01:00,469.4,471.4,466.1,471.1,315.5719
2025-02-21 12:00:00+01:00,470.8,475.6,467.0,472.3,335.4017
2025-02-21 13:00:00+01:00,471.5,472.0,465.1,467.6,319.4924
2025-02-21 14:00:00+01:00,469.1,475.0,461.5,462.8,397.7503
2025-02-21 15:00:00+01:00,462.3,463.1,454.6,456.3,864.8942
2025-02-21 16:00:00+01:00,456.1,459.9,436.0,447.6,2403.6914
2025-02-21 17:00:00+01:00,448.0,459.6,444.0,459.6,929.3417
2025-02-21 18:00:00+01:00,459.2,459.3,444.6,446.7,676.1296
2025-02-21 19:00:00+01:00,446.8,451.3,445.4,448.2,365.5457
2025-02-21 20:00:00+01:00,448.2,451.2,437.0,440.2,1127.174
2025-02-21 21:00:00+01:00,440.1,443.2,424.6,431.0,2479.9771
2025-02-21 22:00:00+01:00,430.7,437.6,429.4,435.5,1480.2121
2025-02-21 23:00:00+01:00,435.3,444.1,435.1,439.0,607.1899
2025-02-22 00:00:00+01:00,438.7,444.2,435.9,444.2,363.3415
2025-02-22 01:00:00+01:00,442.9,445.1,440.7,445.1,300.3815
2025-02-22 02:00:00+01:00,445.0,450.6,442.1,444.8,187.9989
2025-02-22 03:00:00+01:00,445.0,445.0,431.9,431.9,301.4239
2025-02-22 04:00:00+01:00,432.1,440.3,426.8,436.8,1048.4335
2025-02-22 05:00:00+01:00,435.9,439.8,435.2,439.1,355.7154
2025-02-22 06:00:00+01:00,439.0,439.0,433.4,433.6,196.7638
2025-02-22 07:00:00+01:00,433.6,433.6,427.2,428.2,245.9499
2025-02-22 08:00:00+01:00,428.8,431.3,424.4,424.7,166.456
2025-02-22 09:00:00+01:00,425.1,428.8,423.1,427.0,233.4803
2025-02-22 10:00:00+01:00,427.0,432.2,426.3,432.2,773.3161
2025-02-22 11:00:00+01:00,432.9,435.0,430.3,433.5,168.7769
2025-02-22 12:00:00+01:00,433.1,438.9,429.8,436.3,323.1314
2025-02-22 13:00:00+01:00,436.3,440.5,432.8,440.2,301.5843
2025-02-22 14:00:00+01:00,440.2,463.0,440.2,444.0,1103.1037
2025-02-22 15:00:00+01:00,443.7,448.1,439.4,445.4,323.4855
2025-02-22 16:00:00+01:00,446.3,446.3,435.6,440.0,1325.8156
2025-02-22 17:00:00+01:00,440.7,443.5,436.6,440.2,200.7145
2025-02-22 18:00:00+01:00,441.6,446.6,441.6,444.7,317.1075
2025-02-22 19:00:00+01:00,444.9,448.9,439.5,441.0,356.191
2025-02-22 20:00:00+01:00,441.2,441.8,435.8,436.7,691.455
2025-02-22 21:00:00+01:00,436.7,436.7,428.5,431.1,676.519
2025-02-22 22:00:00+01:00,431.2,435.2,430.0,432.1,255.6362
2025-02-22 23:00:00+01:00,432.2,432.2,428.9,430.7,163.7393
2025-02-23 00:00:00+01:00,430.7,436.4,430.7,432.6,94.5109
2025-02-23 01:00:00+01:00,432.4,442.3,432.4,442.1,82.7331
2025-02-23 02:00:00+01:00,442.2,442.9,438.9,439.4,87.3647
2025-02-23 03:00:00+01:00,439.1,440.6,434.8,434.8,122.529
2025-02-23 04:00:00+01:00,435.5,435.8,431.4,432.5,118.3529
2025-02-23 05:00:00+01:00,432.0,433.1,429.5,432.5,27.0939
2025-02-23 06:00:00+01:00,432.0,435.4,430.1,430.1,35.9479
2025-02-23 07:00:00+01:00,430.0,433.9,429.2,433.3,47.4276
2025-02-23 08:00:00+01:00,432.8,440.7,432.1,434.1,380.8282
2025-02-23 09:00:00+01:00,434.1,436.1,431.9,434.5,104.2643
2025-02-23 10:00:00+01:00,434.1,439.0,432.5,437.1,110.8063
2025-02-23 11:00:00+01:00,437.8,440.7,429.6,429.6,191.9067
2025-02-23 12:00:00+01:00,428.8,428.9,418.7,423.8,729.8264
2025-02-23 13:00:00+01:00,422.4,423.8,415.5,421.6,552.8014
2025-02-23 14:00:00+01:00,421.3,426.6,420.9,426.4,325.363
2025-02-23 15:00:00+01:00,426.2,430.4,420.4,420.4,245.2086
2025-02-23 16:00:00+01:00,421.0,424.6,416.8,419.3,181.6926
2025-02-23 17:00:00+01:00,419.2,422.6,417.8,419.8,246.6097
2025-02-23 18:00:00+01:00,420.3,426.0,420.3,424.3,332.3421
2025-02-23 19:00:00+01:00,423.7,425.7,422.7,423.6,242.5116
2025-02-23 20:00:00+01:00,423.4,425.8,423.1,424.0,61.862
2025-02-23 21:00:00+01:00,424.2,431.7,422.2,431.5,469.3983
2025-02-23 22:00:00+01:00,430.9,433.8,424.5,427.0,299.3895
2025-02-23 23:00:00+01:00,427.7,430.1,422.1,427.2,329.3185
2025-02-24 00:00:00+01:00,426.8,434.3,426.8,434.0,162.5012
2025-02-24 01:00:00+01:00,434.5,438.4,429.1,429.6,211.2611
2025-02-24 02:00:00+01:00,429.3,431.7,426.8,427.7,108.6155
2025-02-24 03:00:00+01:00,426.7,430.0,419.7,420.2,387.3258
2025-02-24 04:00:00+01:00,419.5,420.3,407.0,409.5,442.1427
2025-02-24 05:00:00+01:00,408.9,411.6,402.7,406.5,451.5545
2025-02-24 06:00:00+01:00,406.8,415.1,403.0,412.2,429.0463
2025-02-24 07:00:00+01:00,412.0,413.8,410.3,412.8,255.3749
2025-02-24 08:00:00+01:00,412.7,415.2,408.3,410.6,260.0759
2025-02-24 09:00:00+01:00,411.2,411.5,402.7,408.2,441.3094
2025-02-24 10:00:00+01:00,409.1,430.8,409.1,426.7,1257.7942
2025-02-24 11:00:00+01:00,427.1,429.2,419.1,424.8,616.1094
2025-02-24 12:00:00+01:00,424.8,431.4,418.9,427.9,1003.752
2025-02-24 13:00:00+01:00,427.7,433.0,424.0,428.4,678.1509
2025-02-24 14:00:00+01:00,427.7,437.7,423.8,432.0,1106.4681
2025-02-24 15:00:00+01:00,432.6,442.4,430.3,433.0,809.2947
2025-02-24 16:00:00+01:00,433.4,449.0,420.0,428.3,6020.8195
2025-02-24 17:00:00+01:00,427.7,441.5,426.1,433.3,1884.1833
2025-02-24 18:00:00+01:00,433.3,434.8,427.2,428.4,303.4461
2025-02-24 19:00:00+01:00,428.5,431.3,420.2,421.4,400.0548
2025-02-24 20:00:00+01:00,421.6,426.6,413.1,416.3,1595.1177
2025-02-24 21:00:00+01:00,416.1,429.0,414.4,417.1,790.9708
2025-02-24 22:00:00+01:00,417.0,420.9,413.5,415.9,306.4172
2025-02-24 23:00:00+01:00,414.9,419.6,401.0,406.6,2056.1932
2025-02-25 00:00:00+01:00,406.9,410.5,395.9,397.0,1592.5185
2025-02-25 01:00:00+01:00,397.1,407.8,389.2,394.6,1445.1607
2025-02-25 02:00:00+01:00,394.3,404.3,387.6,399.8,307.6967
2025-02-25 03:00:00+01:00,399.6,406.3,392.8,404.7,420.1184
2025-02-25 04:00:00+01:00,404.9,405.1,386.2,386.7,462.3046
2025-02-25 05:00:00+01:00,386.8,392.2,379.3,381.3,593.6206
2025-02-25 06:00:00+01:00,380.9,390.9,378.5,384.7,619.7743
2025-02-25 07:00:00+01:00,384.8,385.9,373.7,374.5,654.9218
2025-02-25 08:00:00+01:00,374.9,381.9,361.0,375.9,2322.3885
2025-02-25 09:00:00+01:00,375.0,388.0,373.5,377.4,1056.0361
2025-02-25 10:00:00+01:00,377.1,379.4,366.2,366.9,636.5544
2025-02-25 11:00:00+01:00,367.0,374.6,361.5,365.6,948.3978
2025-02-25 12:00:00+01:00,365.3,371.4,355.4,368.7,1406.0699
2025-02-25 13:00:00+01:00,368.2,372.7,361.8,372.7,884.5086
2025-02-25 14:00:00+01:00,372.3,379.6,366.0,366.0,517.6868
2025-02-25 15:00:00+01:00,365.9,371.6,353.7,358.5,726.1303
2025-02-25 16:00:00+01:00,358.6,369.3,353.1,362.4,1225.9285
2025-02-25 17:00:00+01:00,363.1,363.1,356.5,359.9,902.4429
2025-02-25 18:00:00+01:00,359.3,370.5,357.9,363.9,509.4061
2025-02-25 19:00:00+01:00,364.7,369.2,358.3,359.6,451.5629
2025-02-25 20:00:00+01:00,360.0,368.0,355.6,367.4,443.1971
2025-02-25 21:00:00+01:00,367.8,380.9,363.9,377.4,3919.8503
2025-02-25 22:00:00+01:00,377.5,390.5,374.6,390.0,928.7194
2025-02-25 23:00:00+01:00,389.9,399.4,384.6,388.1,1195.328
2025-02-26 00:00:00+01:00,388.1,392.3,378.4,379.2,534.4036
2025-02-26 01:00:00+01:00,378.4,379.6,371.0,371.2,381.9595
2025-02-26 02:00:00+01:00,371.2,376.5,368.3,374.0,197.0676
2025-02-26 03:00:00+01:00,374.1,382.6,372.1,382.6,160.8792
2025-02-26 04:00:00+01:00,382.3,388.2,380.7,381.0,174.2093
2025-02-26 05:00:00+01:00,380.4,384.1,376.1,376.6,85.2524
2025-02-26 06:00:00+01:00,377.2,378.5,371.7,372.1,111.8274
2025-02-26 07:00:00+01:00,372.4,376.5,370.0,375.4,318.0951
2025-02-26 08:00:00+01:00,375.6,378.1,369.4,373.2,492.1135
2025-02-26 09:00:00+01:00,373.3,373.8,365.7,370.3,272.5664
2025-02-26 10:00:00+01:00,369.8,380.1,369.0,377.2,347.0425
2025-02-26 11:00:00+01:00,377.2,378.1,372.1,378.1,240.1109
2025-02-26 12:00:00+01:00,378.7,383.1,371.7,372.4,398.3296
2025-02-26 13:00:00+01:00,372.6,372.7,362.2,365.1,440.1275
2025-02-26 14:00:00+01:00,365.4,367.8,362.5,363.8,1795.4078
2025-02-26 15:00:00+01:00,363.4,375.5,356.4,372.8,2474.984
2025-02-26 16:00:00+01:00,372.5,379.1,369.5,369.8,1879.8472
2025-02-26 17:00:00+01:00,370.0,371.9,361.1,366.8,690.4739
2025-02-26 18:00:00+01:00,366.7,370.1,360.5,363.6,1977.7624
2025-02-26 19:00:00+01:00,364.3,365.4,347.0,350.4,4174.0481
2025-02-26 20:00:00+01:00,350.0,354.0,344.8,345.8,1752.9834
2025-02-26 21:00:00+01:00,346.1,360.4,338.2,360.2,1057.0851
2025-02-26 22:00:00+01:00,359.9,362.1,351.7,358.5,736.8073
2025-02-26 23:00:00+01:00,358.8,366.9,356.7,357.2,952.3401
2025-02-27 00:00:00+01:00,358.1,361.1,350.0,350.9,389.984
2025-02-27 01:00:00+01:00,351.7,355.2,344.9,351.7,425.7484
2025-02-27 02:00:00+01:00,351.1,358.6,347.9,353.5,192.6372
2025-02-27 03:00:00+01:00,353.3,360.0,352.8,356.0,133.9599
2025-02-27 04:00:00+01:00,355.8,362.3,355.8,360.5,205.059
2025-02-27 05:00:00+01:00,360.5,362.7,355.3,361.1,134.1948
2025-02-27 06:00:00+01:00,361.1,365.6,360.7,365.0,196.1281
2025-02-27 07:00:00+01:00,364.8,368.2,363.0,365.6,296.7248
2025-02-27 08:00:00+01:00,365.7,370.1,364.7,368.2,302.4268
2025-02-27 09:00:00+01:00,367.1,369.2,364.1,366.5,1107.6387
2025-02-27 10:00:00+01:00,367.0,369.6,360.1,362.1,2501.3576
2025-02-27 11:00:00+01:00,362.6,367.0,361.7,365.6,368.1515
2025-02-27 12:00:00+01:00,365.5,365.9,357.6,358.4,1408.1096
2025-02-27 13:00:00+01:00,358.4,359.3,354.4,354.9,2516.7792
2025-02-27 14:00:00+01:00,354.8,357.8,351.7,352.3,983.4501
2025-02-27 15:00:00+01:00,352.1,355.6,345.9,346.7,1123.5883
2025-02-27 16:00:00+01:00,346.8,352.8,342.0,349.6,752.889
2025-02-27 17:00:00+01:00,349.6,353.3,341.1,341.7,472.238
2025-02-27 18:00:00+01:00,341.6,347.5,340.7,347.4,351.1484
2025-02-27 19:00:00+01:00,347.5,349.6,346.0,348.5,213.5869
2025-02-27 20:00:00+01:00,348.4,349.0,342.3,344.1,374.5919
2025-02-27 21:00:00+01:00,344.5,344.6,322.7,328.3,1901.1928
2025-02-27 22:00:00+01:00,328.0,331.9,324.0,326.6,806.8622
2025-02-27 23:00:00+01:00,326.4,327.9,322.6,327.9,504.0444
2025-02-28 00:00:00+01:00,328.5,330.9,325.3,329.8,308.4902
2025-02-28 01:00:00+01:00,330.1,330.8,322.4,323.6,330.2082
2025-02-28 02:00:00+01:00,322.8,325.5,311.6,313.4,941.9996
2025-02-28 03:00:00+01:00,313.4,316.1,306.3,311.4,925.5527
2025-02-28 04:00:00+01:00,311.7,315.3,306.1,307.1,301.8745
2025-02-28 05:00:00+01:00,307.6,308.1,300.1,304.1,933.955
2025-02-28 06:00:00+01:00,303.8,305.7,297.4,302.4,868.1649
2025-02-28 07:00:00+01:00,302.1,305.3,296.0,299.1,929.5446
2025-02-28 08:00:00+01:00,298.8,308.5,298.8,306.6,1158.6843
2025-02-28 09:00:00+01:00,306.8,311.0,304.2,308.7,673.6181
2025-02-28 10:00:00+01:00,307.8,313.4,306.5,309.3,585.7203
2025-02-28 11:00:00+01:00,309.7,309.9,301.3,303.0,544.417
2025-02-28 12:00:00+01:00,303.4,312.7,302.7,309.1,551.3699
2025-02-28 13:00:00+01:00,309.0,311.6,305.9,309.7,659.1544
2025-02-28 14:00:00+01:00,309.7,324.7,309.6,322.2,1514.8446
2025-02-28 15:00:00+01:00,322.3,327.7,318.7,323.5,970.1423
2025-02-28 16:00:00+01:00,324.6,334.6,323.7,329.4,786.9846
2025-02-28 17:00:00+01:00,329.2,333.0,325.7,330.1,481.0641
2025-02-28 18:00:00+01:00,329.5,330.6,324.7,326.7,278.493
2025-02-28 19:00:00+01:00,326.3,333.6,324.9,330.5,776.5624
2025-02-28 20:00:00+01:00,330.4,331.8,327.4,327.7,235.3265
2025-02-28 21:00:00+01:00,328.1,330.7,326.3,327.8,414.5116
2025-02-28 22:00:00+01:00,327.6,333.7,326.6,331.0,236.6371
2025-02-28 23:00:00+01:00,331.1,331.9,328.0,329.7,122.4247
2025-03-01 00:00:00+01:00,329.5,330.5,325.8,326.3,124.5177
2025-03-01 01:00:00+01:00,326.6,326.6,320.4,321.3,649.474
2025-03-01 02:00:00+01:00,321.5,332.6,321.0,331.7,479.3752
2025-03-01 03:00:00+01:00,331.7,335.5,328.0,331.9,412.9019
2025-03-01 04:00:00+01:00,332.6,333.0,329.9,330.9,197.2347
2025-03-01 05:00:00+01:00,330.7,339.8,330.5,335.8,227.6
2025-03-01 06:00:00+01:00,335.4,335.4,328.2,329.5,146.8157
2025-03-01 07:00:00+01:00,329.2,329.7,324.8,327.1,347.2674
2025-03-01 08:00:00+01:00,327.3,327.9,325.0,325.5,272.516
2025-03-01 09:00:00+01:00,325.6,330.3,325.5,327.5,179.3402
2025-03-01 10:00:00+01:00,327.4,330.7,324.8,328.1,329.859
2025-03-01 11:00:00+01:00,327.9,327.9,321.4,322.3,429.7779
2025-03-01 12:00:00+01:00,322.1,322.9,318.4,321.9,484.7859
2025-03-01 13:00:00+01:00,321.8,323.5,319.5,323.2,203.509
2025-03-01 14:00:00+01:00,322.9,323.5,315.9,318.3,231.0881
2025-03-01 15:00:00+01:00,318.2,321.6,317.7,320.8,331.6527
2025-03-01 16:00:00+01:00,320.7,332.7,320.1,329.3,595.6725
2025-03-01 17:00:00+01:00,329.0,333.4,327.2,331.8,968.126
2025-03-01 18:00:00+01:00,332.0,332.3,328.4,331.1,157.1289
2025-03-01 19:00:00+01:00,331.1,332.0,327.9,329.8,118.7676
2025-03-01 20:00:00+01:00,329.4,335.2,328.7,334.6,445.7611
2025-03-01 21:00:00+01:00,334.5,335.1,331.6,333.2,289.9108
2025-03-01 22:00:00+01:00,332.8,340.0,330.9,337.4,471.2848
2025-03-01 23:00:00+01:00,337.6,339.7,335.9,337.2,243.5656
2025-03-02 00:00:00+01:00,337.0,337.9,332.7,337.7,172.9041
2025-03-02 01:00:00+01:00,337.6,339.9,332.9,337.0,225.4416
2025-03-02 02:00:00+01:00,337.2,337.7,333.6,336.5,152.3441
2025-03-02 03:00:00+01:00,336.6,341.6,334.8,340.0,127.2282
2025-03-02 04:00:00+01:00,340.7,347.7,340.7,345.8,143.772
2025-03-02 05:00:00+01:00,345.8,349.0,341.0,341.0,249.7794
2025-03-02 06:00:00+01:00,341.0,343.8,339.6,340.7,204.3703
2025-03-02 07:00:00+01:00,340.8,343.6,338.7,341.9,303.487
2025-03-02 08:00:00+01:00,342.3,343.3,339.2,339.6,182.7258
2025-03-02 09:00:00+01:00,339.8,340.8,337.5,338.3,180.0148
2025-03-02 10:00:00+01:00,338.3,342.0,338.0,341.5,237.6188
2025-03-02 11:00:00+01:00,341.2,343.1,338.3,339.2,212.7205
2025-03-02 12:00:00+01:00,339.5,339.6,334.8,335.8,293.7924
2025-03-02 13:00:00+01:00,335.7,335.7,328.8,332.0,420.4213
2025-03-02 14:00:00+01:00,331.9,331.9,323.5,324.9,536.9242
2025-03-02 15:00:00+01:00,325.5,326.9,322.7,324.9,832.532
2025-03-02 16:00:00+01:00,324.6,338.8,320.6,326.5,1429.7414
2025-03-02 17:00:00+01:00,327.1,357.1,326.5,347.8,3489.6458
2025-03-02 18:00:00+01:00,347.9,362.0,338.9,352.1,2581.7858
2025-03-02 19:00:00+01:00,352.8,354.1,341.0,346.1,1199.2211
2025-03-02 20:00:00+01:00,346.2,356.4,345.3,355.7,867.0092
2025-03-02 21:00:00+01:00,356.0,357.9,351.7,353.0,773.3148
2025-03-02 22:00:00+01:00,353.0,357.7,350.0,355.6,533.2952
2025-03-02 23:00:00+01:00,355.5,356.4,351.5,356.3,230.5543
2025-03-03 00:00:00+01:00,356.0,358.7,352.4,353.5,535.2414
2025-03-03 01:00:00+01:00,353.5,355.6,349.0,351.0,374.4626
2025-03-03 02:00:00+01:00,350.6,352.2,344.7,346.4,396.6872
2025-03-03 03:00:00+01:00,345.9,346.0,339.6,342.9,368.8798
2025-03-03 04:00:00+01:00,343.6,345.4,341.4,342.8,303.9699
2025-03-03 05:00:00+01:00,342.6,346.7,341.6,346.7,77.0527
2025-03-03 06:00:00+01:00,346.7,347.2,343.9,346.9,82.9184
2025-03-03 07:00:00+01:00,346.9,348.2,330.2,333.0,561.5606
2025-03-03 08:00:00+01:00,333.0,335.1,328.8,334.4,703.0745
2025-03-03 09:00:00+01:00,334.1,334.1,321.2,322.8,619.4533
2025-03-03 10:00:00+01:00,324.0,325.3,319.0,320.6,1061.5058
2025-03-03 11:00:00+01:00,320.3,329.6,319.8,326.3,508.6882
2025-03-03 12:00:00+01:00,326.0,329.7,325.3,329.4,365.3528
2025-03-03 13:00:00+01:00,328.8,333.0,325.9,330.0,356.7012
2025-03-03 14:00:00+01:00,330.0,334.6,328.2,332.0,474.0292
2025-03-03 15:00:00+01:00,331.9,332.0,316.0,316.9,881.1267
2025-03-03 16:00:00+01:00,317.7,325.5,317.5,319.4,935.261
2025-03-03 17:00:00+01:00,319.6,322.9,317.8,320.5,400.9321
2025-03-03 18:00:00+01:00,319.9,323.8,318.5,319.5,371.0615
2025-03-03 19:00:00+01:00,319.4,320.0,303.5,306.7,2107.1044
2025-03-03 20:00:00+01:00,306.7,309.5,296.9,298.6,1423.6327
2025-03-03 21:00:00+01:00,298.9,302.4,294.3,299.5,2106.1774
2025-03-03 22:00:00+01:00,299.3,304.3,292.5,293.7,2016.0543
2025-03-03 23:00:00+01:00,294.3,301.3,294.1,300.8,703.5633
2025-03-04 00:00:00+01:00,300.6,300.8,294.5,295.3,407.3021
2025-03-04 01:00:00+01:00,295.1,298.9,292.0,292.4,283.643
2025-03-04 02:00:00+01:00,292.9,293.1,279.8,282.4,3675.8304
2025-03-04 03:00:00+01:00,282.3,284.0,274.5,281.5,6194.9592
2025-03-04 04:00:00+01:00,281.5,285.5,279.8,282.7,3898.2969
2025-03-04 05:00:00+01:00,282.6,285.8,281.7,283.0,4316.3057
2025-03-04 06:00:00+01:00,283.0,290.1,282.7,286.6,6294.1569
2025-03-04 07:00:00+01:00,286.6,287.9,284.1,284.1,4210.5133
2025-03-04 08:00:00+01:00,283.8,285.0,280.4,280.6,937.351
2025-03-04 09:00:00+01:00,280.6,283.9,278.9,278.9,514.0595
2025-03-04 10:00:00+01:00,279.2,279.6,271.3,272.1,991.6515
2025-03-04 11:00:00+01:00,272.1,274.6,270.5,272.5,1667.9455
2025-03-04 12:00:00+01:00,272.1,275.9,269.3,273.2,1367.0678
2025-03-04 13:00:00+01:00,273.1,276.0,266.5,272.9,1242.9004
2025-03-04 14:00:00+01:00,272.4,272.4,263.8,265.6,1410.3258
2025-03-04 15:00:00+01:00,265.6,281.0,264.0,267.6,2584.6499
2025-03-04 16:00:00+01:00,268.0,271.5,262.0,271.5,1534.0418
2025-03-04 17:00:00+01:00,271.5,273.4,257.5,271.2,1218.1336
2025-03-04 18:00:00+01:00,271.3,285.4,271.0,281.3,2236.3377
2025-03-04 19:00:00+01:00,281.5,288.2,279.3,286.6,1073.1743
2025-03-04 20:00:00+01:00,286.5,291.9,284.8,289.8,1384.7781
2025-03-04 21:00:00+01:00,289.8,290.6,280.9,281.4,1183.1123
2025-03-04 22:00:00+01:00,281.6,294.5,281.3,288.2,573.0253
2025-03-04 23:00:00+01:00,288.3,290.7,285.8,285.8,251.735
2025-03-05 00:00:00+01:00,285.5,288.5,285.0,287.2,250.9894
2025-03-05 01:00:00+01:00,287.2,290.2,285.6,286.9,201.7783
2025-03-05 02:00:00+01:00,287.0,293.4,284.9,293.4,244.1867
2025-03-05 03:00:00+01:00,293.4,296.3,290.6,294.2,397.697
2025-03-05 04:00:00+01:00,294.4,295.0,286.7,286.7,237.0688
2025-03-05 05:00:00+01:00,286.8,289.4,286.3,288.7,195.6104
2025-03-05 06:00:00+01:00,288.3,290.9,287.2,290.9,144.6491
2025-03-05 07:00:00+01:00,290.2,294.3,287.3,293.3,395.8859
2025-03-05 08:00:00+01:00,293.3,294.6,290.0,291.9,248.7076
2025-03-05 09:00:00+01:00,292.0,296.7,291.6,292.6,558.2127
2025-03-05 10:00:00+01:00,292.6,301.5,292.5,296.2,778.7871
2025-03-05 11:00:00+01:00,296.1,302.9,294.2,299.9,791.8255
2025-03-05 12:00:00+01:00,299.9,304.3,295.2,297.2,957.5179
2025-03-05 13:00:00+01:00,296.9,303.3,295.4,303.2,721.2034
2025-03-05 14:00:00+01:00,303.0,312.6,300.3,301.0,2098.2478
2025-03-05 15:00:00+01:00,300.7,301.1,292.5,294.7,985.3821
2025-03-05 16:00:00+01:00,294.9,299.7,294.5,297.6,921.9673
2025-03-05 17:00:00+01:00,297.7,299.8,293.0,296.8,677.2015
2025-03-05 18:00:00+01:00,296.9,307.9,296.6,306.5,1295.7029
2025-03-05 19:00:00+01:00,306.0,306.1,298.2,301.4,697.1935
2025-03-05 20:00:00+01:00,301.1,305.2,300.5,304.4,677.8784
2025-03-05 21:00:00+01:00,304.3,306.9,302.8,304.1,465.9902
2025-03-05 22:00:00+01:00,303.9,304.3,299.8,300.7,270.9955
2025-03-05 23:00:00+01:00,300.6,301.4,299.3,301.2,174.9795
2025-03-06 00:00:00+01:00,301.3,301.8,299.2,299.6,140.4733
2025-03-06 01:00:00+01:00,299.9,302.1,296.2,296.3,154.6393
2025-03-06 02:00:00+01:00,296.2,303.6,295.3,299.9,370.7821
2025-03-06 03:00:00+01:00,300.1,304.9,299.0,303.5,262.7013
2025-03-06 04:00:00+01:00,303.6,304.5,300.8,302.9,192.1997
2025-03-06 05:00:00+01:00,303.0,306.6,302.2,306.2,407.408
2025-03-06 06:00:00+01:00,306.5,312.1,305.7,311.6,333.1054
2025-03-06 07:00:00+01:00,311.1,311.4,304.4,305.0,208.2269
2025-03-06 08:00:00+01:00,304.9,305.4,301.4,302.5,356.344
2025-03-06 09:00:00+01:00,302.5,308.5,302.4,305.8,207.7865
2025-03-06 10:00:00+01:00,305.1,305.2,286.5,288.1,1178.1847
2025-03-06 11:00:00+01:00,288.1,295.9,287.5,294.2,684.1615
2025-03-06 12:00:00+01:00,294.5,295.3,290.2,292.2,421.0634
2025-03-06 13:00:00+01:00,292.4,292.9,285.4,287.3,608.2986
2025-03-06 14:00:00+01:00,287.1,288.0,283.1,283.7,373.6533
2025-03-06 15:00:00+01:00,283.7,286.4,281.2,284.4,890.1945
2025-03-06 16:00:00+01:00,284.3,293.4,284.1,289.1,932.1591
2025-03-06 17:00:00+01:00,289.1,294.6,287.2,288.7,807.4007
2025-03-06 18:00:00+01:00,288.4,292.2,286.4,292.2,790.5423
2025-03-06 19:00:00+01:00,291.0,291.8,283.7,285.3,394.9714
2025-03-06 20:00:00+01:00,285.4,287.2,283.0,284.0,308.0275
2025-03-06 21:00:00+01:00,283.8,287.4,283.4,286.0,244.2067
2025-03-06 22:00:00+01:00,285.9,290.5,285.1,287.2,252.1074
2025-03-06 23:00:00+01:00,287.5,292.0,287.5,288.7,393.3997
2025-03-07 00:00:00+01:00,288.6,291.3,287.1,288.0,256.4475
2025-03-07 01:00:00+01:00,288.0,292.5,271.7,273.9,1238.8393
2025-03-07 02:00:00+01:00,273.6,286.3,273.1,282.4,364.8239
2025-03-07 03:00:00+01:00,282.3,285.8,278.5,282.1,250.2387
2025-03-07 04:00:00+01:00,281.8,283.2,279.5,279.7,112.5892
2025-03-07 05:00:00+01:00,279.5,281.5,278.9,279.6,78.4292
2025-03-07 06:00:00+01:00,279.2,285.3,279.2,282.7,123.4074
2025-03-07 07:00:00+01:00,283.0,283.1,280.0,281.7,269.5508
2025-03-07 08:00:00+01:00,281.4,283.5,280.3,281.4,291.2292
2025-03-07 09:00:00+01:00,281.4,282.6,278.1,282.3,312.3455
2025-03-07 10:00:00+01:00,282.5,289.3,282.3,285.7,431.6012
2025-03-07 11:00:00+01:00,285.6,288.5,283.7,288.3,307.756
2025-03-07 12:00:00+01:00,288.3,294.0,288.1,291.6,858.0354
2025-03-07 13:00:00+01:00,291.4,293.2,283.8,285.4,539.3062
2025-03-07 14:00:00+01:00,285.1,291.6,285.0,285.7,739.6449
2025-03-07 15:00:00+01:00,285.9,292.3,282.4,288.4,470.5568
2025-03-07 16:00:00+01:00,287.7,290.1,280.4,284.8,563.3702
2025-03-07 17:00:00+01:00,284.3,285.5,272.5,277.4,1303.8234
2025-03-07 18:00:00+01:00,277.4,283.9,276.2,280.8,688.5488
2025-03-07 19:00:00+01:00,280.4,289.9,280.3,289.5,466.6948
2025-03-07 20:00:00+01:00,289.3,290.7,284.5,285.5,1272.1427
2025-03-07 21:00:00+01:00,285.2,287.9,280.7,282.8,511.0569
2025-03-07 22:00:00+01:00,283.2,283.7,274.0,274.8,791.8045
2025-03-07 23:00:00+01:00,274.1,279.7,272.7,277.5,283.222
2025-03-08 00:00:00+01:00,276.9,277.0,271.6,275.0,285.4889
2025-03-08 01:00:00+01:00,275.3,277.8,273.6,277.8,102.5048
2025-03-08 02:00:00+01:00,277.6,278.0,271.7,276.0,175.1816
2025-03-08 03:00:00+01:00,276.0,276.9,275.1,276.8,144.6045
2025-03-08 04:00:00+01:00,276.4,276.4,273.3,275.0,142.4336
2025-03-08 05:00:00+01:00,275.0,281.1,273.9,280.4,324.9161
2025-03-08 06:00:00+01:00,280.4,281.1,276.9,277.1,364.7613
2025-03-08 07:00:00+01:00,277.0,278.8,274.1,275.1,396.9741
2025-03-08 08:00:00+01:00,275.1,276.3,273.3,273.6,247.3874
2025-03-08 09:00:00+01:00,273.8,274.6,267.6,269.5,855.7911
2025-03-08 10:00:00+01:00,269.4,273.8,268.5,269.3,583.5278
2025-03-08 11:00:00+01:00,269.1,271.9,269.1,270.8,244.9364
2025-03-08 12:00:00+01:00,270.6,270.8,267.2,269.0,334.2854
2025-03-08 13:00:00+01:00,269.0,271.1,267.7,270.0,236.4615
2025-03-08 14:00:00+01:00,269.8,273.3,269.4,272.7,224.2954
2025-03-08 15:00:00+01:00,272.7,274.6,270.5,271.2,472.9093
2025-03-08 16:00:00+01:00,270.8,272.0,269.0,270.1,244.0943
2025-03-08 17:00:00+01:00,270.0,271.0,265.5,270.2,297.2879
2025-03-08 18:00:00+01:00,270.2,274.2,267.9,273.2,349.3279
2025-03-08 19:00:00+01:00,273.3,278.1,272.4,277.5,453.4933
2025-03-08 20:00:00+01:00,277.6,283.0,276.2,282.3,873.0763
2025-03-08 21:00:00+01:00,282.2,284.3,280.1,280.1,605.9792
2025-03-08 22:00:00+01:00,280.3,281.1,276.8,276.9,321.2677
2025-03-08 23:00:00+01:00,276.9,278.4,274.1,277.3,534.2208
2025-03-09 00:00:00+01:00,277.3,278.2,274.2,276.0,174.5991
2025-03-09 01:00:00+01:00,276.2,278.2,275.2,277.1,131.2715
2025-03-09 02:00:00+01:00,277.2,278.1,275.1,275.5,44.6973
2025-03-09 03:00:00+01:00,275.7,275.9,270.5,270.7,284.1241
2025-03-09 04:00:00+01:00,270.7,271.2,269.2,270.0,239.5583
2025-03-09 05:00:00+01:00,269.8,271.9,269.8,271.1,115.8256
2025-03-09 06:00:00+01:00,270.8,274.2,270.7,271.3,105.9306
2025-03-09 07:00:00+01:00,271.3,271.3,265.8,269.4,532.9583
2025-03-09 08:00:00+01:00,269.5,272.9,269.2,271.6,177.6457
2025-03-09 09:00:00+01:00,271.3,271.3,268.7,269.0,241.6166
2025-03-09 10:00:00+01:00,268.8,274.2,267.9,273.3,291.9785
2025-03-09 11:00:00+01:00,273.2,277.0,262.6,263.7,1323.9966
2025-03-09 12:00:00+01:00,263.8,267.6,263.8,266.5,530.9039
2025-03-09 13:00:00+01:00,266.1,267.8,264.2,265.5,426.3768
2025-03-09 14:00:00+01:00,265.6,267.8,260.0,260.2,1371.557
2025-03-09 15:00:00+01:00,260.0,263.9,260.0,262.3,652.3916
2025-03-09 16:00:00+01:00,262.5,263.4,255.0,255.6,784.7233
2025-03-09 17:00:00+01:00,255.6,258.5,250.0,250.9,1187.2678
2025-03-09 18:00:00+01:00,250.6,252.2,245.3,246.6,1959.9039
2025-03-09 19:00:00+01:00,246.5,247.1,239.5,242.6,1902.6788
2025-03-09 20:00:00+01:00,242.4,248.7,242.4,247.6,775.1287
2025-03-09 21:00:00+01:00,247.4,252.4,246.5,249.9,675.8149
2025-03-09 22:00:00+01:00,249.7,250.3,242.1,242.9,1052.5088
2025-03-09 23:00:00+01:00,242.4,243.3,239.2,240.3,875.4151
2025-03-10 00:00:00+01:00,240.4,244.5,238.4,243.6,605.8848
2025-03-10 01:00:00+01:00,243.7,252.2,241.9,251.5,491.5935
2025-03-10 02:00:00+01:00,251.8,256.8,251.4,253.2,605.2974
2025-03-10 03:00:00+01:00,253.3,255.9,250.2,250.4,273.1406
2025-03-10 04:00:00+01:00,250.4,254.9,248.8,252.2,472.0998
2025-03-10 05:00:00+01:00,252.3,256.1,252.3,255.4,209.6738
2025-03-10 06:00:00+01:00,255.1,256.8,254.0,255.0,197.4169
2025-03-10 07:00:00+01:00,255.0,255.5,252.8,254.0,320.9078
2025-03-10 08:00:00+01:00,254.1,256.6,248.5,250.6,639.734
2025-03-10 09:00:00+01:00,250.4,251.1,242.7,243.1,607.9288
2025-03-10 10:00:00+01:00,242.7,255.2,242.1,247.2,908.9871
2025-03-10 11:00:00+01:00,247.3,247.7,243.7,246.9,342.855
2025-03-10 12:00:00+01:00,246.5,251.6,244.6,250.0,664.6104
2025-03-10 13:00:00+01:00,249.8,252.3,245.5,247.5,607.1525
2025-03-10 14:00:00+01:00,247.4,248.1,240.7,241.1,762.8486
2025-03-10 15:00:00+01:00,240.9,241.0,228.8,229.7,1947.8468
2025-03-10 16:00:00+01:00,230.9,236.0,229.0,232.5,1082.9134
2025-03-10 17:00:00+01:00,232.4,233.6,227.2,228.3,649.173
2025-03-10 18:00:00+01:00,228.4,228.7,213.3,216.1,3082.7925
2025-03-10 19:00:00+01:00,215.7,222.8,212.2,213.1,2049.0806
2025-03-10 20:00:00+01:00,213.2,226.3,213.0,226.3,2168.8545
2025-03-10 21:00:00+01:00,225.9,227.4,222.8,227.0,1273.5731
2025-03-10 22:00:00+01:00,226.6,227.9,223.6,225.9,811.0011
2025-03-10 23:00:00+01:00,226.0,227.3,222.9,224.2,509.141
2025-03-11 00:00:00+01:00,224.1,230.7,223.1,225.2,1414.7168
2025-03-11 01:00:00+01:00,225.3,228.4,212.4,220.9,2036.7139
2025-03-11 02:00:00+01:00,220.6,226.6,214.1,226.3,1566.625
2025-03-11 03:00:00+01:00,226.2,230.6,225.6,229.1,604.9054
2025-03-11 04:00:00+01:00,229.0,231.5,228.1,228.2,466.1163
2025-03-11 05:00:00+01:00,228.2,231.7,228.0,229.3,475.2955
2025-03-11 06:00:00+01:00,229.0,234.4,229.0,233.6,652.0415
2025-03-11 07:00:00+01:00,233.3,236.0,230.6,230.9,620.3339
2025-03-11 08:00:00+01:00,230.9,233.7,230.9,232.3,390.5199
2025-03-11 09:00:00+01:00,232.4,238.7,231.8,236.5,914.6154
2025-03-11 10:00:00+01:00,236.4,244.9,236.4,243.7,2863.3032
2025-03-11 11:00:00+01:00,244.1,250.1,242.5,247.8,2055.8598
2025-03-11 12:00:00+01:00,247.2,249.0,241.4,242.6,1557.1387
2025-03-11 13:00:00+01:00,242.6,243.3,237.9,240.2,2007.7757
2025-03-11 14:00:00+01:00,240.0,252.0,239.2,246.2,3220.8811
2025-03-11 15:00:00+01:00,246.1,248.0,235.1,239.8,3332.3479
2025-03-11 16:00:00+01:00,239.6,257.6,239.0,254.7,3628.0394
2025-03-11 17:00:00+01:00,254.7,261.1,249.0,255.7,2434.917
2025-03-11 18:00:00+01:00,255.7,260.0,249.6,250.5,1876.7439
2025-03-11 19:00:00+01:00,250.5,270.2,250.5,267.5,3666.6988
2025-03-11 20:00:00+01:00,267.6,271.9,264.5,266.5,3409.2241
2025-03-11 21:00:00+01:00,266.4,267.7,262.2,264.2,1365.8788
2025-03-11 22:00:00+01:00,264.1,271.3,261.8,262.0,1742.3882
2025-03-11 23:00:00+01:00,262.1,266.7,262.1,265.3,877.5694
2025-03-12 00:00:00+01:00,265.2,265.4,258.0,260.5,843.9387
2025-03-12 01:00:00+01:00,260.5,268.7,258.4,260.4,1243.2897
2025-03-12 02:00:00+01:00,260.5,265.2,260.1,262.5,517.4943
2025-03-12 03:00:00+01:00,262.9,262.9,257.2,261.7,613.717
2025-03-12 04:00:00+01:00,261.7,266.2,258.1,258.1,1070.3386
2025-03-12 05:00:00+01:00,258.3,262.7,254.4,262.7,898.9884
2025-03-12 06:00:00+01:00,262.6,264.0,258.0,264.0,565.8434
2025-03-12 07:00:00+01:00,263.2,264.0,259.6,262.7,703.2817
2025-03-12 08:00:00+01:00,262.5,270.6,262.3,269.7,2270.4174
2025-03-12 09:00:00+01:00,269.5,271.8,264.2,268.3,1837.724
2025-03-12 10:00:00+01:00,268.5,270.6,261.0,264.0,1784.3332
2025-03-12 11:00:00+01:00,264.1,264.2,260.5,263.0,2200.819
2025-03-12 12:00:00+01:00,262.9,265.6,256.5,264.1,1425.0808
2025-03-12 13:00:00+01:00,264.1,275.3,262.2,268.4,3074.0652
2025-03-12 14:00:00+01:00,268.8,270.1,259.8,260.4,1402.2805
2025-03-12 15:00:00+01:00,260.2,262.0,251.5,252.7,3379.1246
2025-03-12 16:00:00+01:00,252.8,253.9,247.0,250.0,3131.8537
2025-03-12 17:00:00+01:00,250.2,258.4,249.7,257.0,1920.6512
2025-03-12 18:00:00+01:00,257.0,260.4,253.2,254.0,1145.117
2025-03-12 19:00:00+01:00,254.3,257.5,253.9,255.0,626.8989
2025-03-12 20:00:00+01:00,255.1,259.3,254.1,258.5,1177.0159
2025-03-12 21:00:00+01:00,258.2,260.9,256.8,260.1,471.8467
2025-03-12 22:00:00+01:00,260.0,264.2,255.8,256.7,952.1509
2025-03-12 23:00:00+01:00,257.1,260.0,256.9,259.7,342.5438
2025-03-13 00:00:00+01:00,259.3,260.0,257.1,259.5,209.6691
2025-03-13 01:00:00+01:00,259.4,260.7,255.9,256.8,308.9539
2025-03-13 02:00:00+01:00,256.8,259.8,253.8,259.2,318.8368
2025-03-13 03:00:00+01:00,259.2,262.0,257.2,257.7,775.7684
2025-03-13 04:00:00+01:00,257.6,259.6,256.5,258.2,150.4072
2025-03-13 05:00:00+01:00,258.0,259.6,252.5,252.5,345.6165
2025-03-13 06:00:00+01:00,253.1,255.3,250.3,251.1,694.8418
2025-03-13 07:00:00+01:00,251.1,251.5,247.2,250.3,953.0787
2025-03-13 08:00:00+01:00,250.5,259.6,249.5,251.8,1499.3914
2025-03-13 09:00:00+01:00,251.9,254.3,248.7,251.5,2027.2959
2025-03-13 10:00:00+01:00,252.0,257.1,251.8,257.0,504.9833
2025-03-13 11:00:00+01:00,257.0,257.4,252.2,256.4,642.7769
2025-03-13 12:00:00+01:00,256.4,257.5,253.8,255.3,351.9636
2025-03-13 13:00:00+01:00,255.1,257.9,249.5,250.6,1162.9261
2025-03-13 14:00:00+01:00,250.6,253.0,244.2,245.2,2690.5324
2025-03-13 15:00:00+01:00,245.2,250.7,244.0,249.2,1576.3482
2025-03-13 16:00:00+01:00,249.5,250.0,240.2,245.6,1992.6132
2025-03-13 17:00:00+01:00,245.7,246.6,241.1,242.3,941.7108
2025-03-13 18:00:00+01:00,242.3,242.4,236.4,237.0,881.3786
2025-03-13 19:00:00+01:00,237.1,240.5,237.1,238.7,766.1435
2025-03-13 20:00:00+01:00,238.6,241.0,237.8,238.7,1456.1853
2025-03-13 21:00:00+01:00,238.8,240.7,235.5,235.9,518.1802
2025-03-13 22:00:00+01:00,235.9,237.1,234.9,235.9,1315.9031
2025-03-13 23:00:00+01:00,236.2,240.5,236.1,239.8,1335.4327
2025-03-14 00:00:00+01:00,239.7,240.0,237.6,238.0,1030.2236
2025-03-14 01:00:00+01:00,238.3,243.4,237.4,241.6,785.9345
2025-03-14 02:00:00+01:00,241.2,242.9,240.3,240.7,370.5918
2025-03-14 03:00:00+01:00,240.8,243.2,240.2,243.2,358.2397
2025-03-14 04:00:00+01:00,243.0,243.0,239.7,240.3,267.3643
2025-03-14 05:00:00+01:00,240.4,242.9,239.8,241.6,433.8976
2025-03-14 06:00:00+01:00,241.7,245.8,240.5,245.1,364.9531
2025-03-14 07:00:00+01:00,245.1,245.6,242.5,243.9,406.7368
2025-03-14 08:00:00+01:00,243.9,245.5,242.6,244.1,483.6057
2025-03-14 09:00:00+01:00,243.9,247.4,243.6,246.2,895.6277
2025-03-14 10:00:00+01:00,246.1,247.8,244.5,244.6,536.6646
2025-03-14 11:00:00+01:00,244.7,246.3,242.7,243.8,565.14
2025-03-14 12:00:00+01:00,243.8,246.0,243.7,245.0,837.0595
2025-03-14 13:00:00+01:00,244.8,245.7,242.0,243.7,559.6802
2025-03-14 14:00:00+01:00,243.7,246.2,241.7,244.7,1002.8436
2025-03-14 15:00:00+01:00,244.7,247.2,241.1,246.6,2309.6685
2025-03-14 16:00:00+01:00,246.7,255.9,246.5,251.9,4147.2329
2025-03-14 17:00:00+01:00,251.9,255.1,248.5,255.1,1538.2928
2025-03-14 18:00:00+01:00,255.0,255.8,249.6,250.6,1548.0167
2025-03-14 19:00:00+01:00,250.6,253.5,250.2,252.1,725.9101
2025-03-14 20:00:00+01:00,252.0,258.3,251.7,255.2,1894.9791
2025-03-14 21:00:00+01:00,255.1,256.2,250.4,253.6,1397.57
2025-03-14 22:00:00+01:00,253.7,256.3,251.4,255.3,673.3102
2025-03-14 23:00:00+01:00,255.1,262.0,255.0,262.0,1204.84
2025-03-15 00:00:00+01:00,261.9,262.1,255.9,256.2,1031.314
2025-03-15 01:00:00+01:00,256.1,261.8,255.6,260.5,693.1266
2025-03-15 02:00:00+01:00,260.6,262.2,256.8,258.7,669.4613
2025-03-15 03:00:00+01:00,258.5,260.2,256.9,259.3,527.5487
2025-03-15 04:00:00+01:00,259.1,262.1,258.0,261.5,489.4829
2025-03-15 05:00:00+01:00,261.4,263.2,257.5,260.2,520.541
2025-03-15 06:00:00+01:00,260.2,260.6,256.7,256.9,491.8038
2025-03-15 07:00:00+01:00,256.7,258.3,256.0,257.4,274.5532
2025-03-15 08:00:00+01:00,257.4,257.5,254.4,254.9,579.4072
2025-03-15 09:00:00+01:00,254.9,256.3,253.0,255.7,407.0138
2025-03-15 10:00:00+01:00,255.6,259.6,254.4,259.6,562.5141
2025-03-15 11:00:00+01:00,259.6,260.0,257.0,259.0,664.8292
2025-03-15 12:00:00+01:00,259.1,265.7,258.8,265.2,1430.5307
2025-03-15 13:00:00+01:00,265.0,267.6,262.0,262.3,1382.1747
2025-03-15 14:00:00+01:00,262.1,266.0,261.6,262.0,840.3641
2025-03-15 15:00:00+01:00,261.8,262.5,257.8,258.1,1229.3003
2025-03-15 16:00:00+01:00,257.8,261.2,257.7,260.2,1118.5663
2025-03-15 17:00:00+01:00,260.2,261.7,258.2,259.5,1126.3552
2025-03-15 18:00:00+01:00,259.4,261.9,259.4,260.9,741.3828
2025-03-15 19:00:00+01:00,260.4,261.7,256.6,257.1,1180.375
2025-03-15 20:00:00+01:00,256.8,259.6,256.3,259.6,310.5474
2025-03-15 21:00:00+01:00,259.6,263.3,259.5,261.8,742.1889
2025-03-15 22:00:00+01:00,261.8,262.6,260.3,261.9,236.8584
2025-03-15 23:00:00+01:00,261.7,262.1,259.8,260.2,429.495
2025-03-16 00:00:00+01:00,259.8,259.8,257.7,258.5,457.6649
2025-03-16 01:00:00+01:00,258.2,260.1,257.3,257.5,399.9747
2025-03-16 02:00:00+01:00,257.5,258.2,253.8,253.8,659.9459
2025-03-16 03:00:00+01:00,253.9,255.2,251.3,253.3,1026.251
2025-03-16 04:00:00+01:00,253.4,256.5,252.9,256.2,237.2399
2025-03-16 05:00:00+01:00,256.0,256.8,255.3,256.6,176.7315
2025-03-16 06:00:00+01:00,256.6,258.4,256.6,257.7,303.2653
2025-03-16 07:00:00+01:00,257.7,257.8,256.5,256.5,167.3581
2025-03-16 08:00:00+01:00,256.4,258.9,254.4,258.3,599.2188
2025-03-16 09:00:00+01:00,258.4,262.4,257.2,262.4,479.3406
2025-03-16 10:00:00+01:00,262.5,263.4,257.2,259.0,1014.9527
2025-03-16 11:00:00+01:00,258.9,260.4,254.5,254.8,900.4598
2025-03-16 12:00:00+01:00,254.9,255.6,246.2,247.1,4321.2025
2025-03-16 13:00:00+01:00,247.2,249.6,246.0,247.3,1459.7987
2025-03-16 14:00:00+01:00,247.1,249.5,242.4,243.4,1437.0598
2025-03-16 15:00:00+01:00,243.1,247.9,243.1,247.4,788.0695
2025-03-16 16:00:00+01:00,247.2,247.9,244.1,246.3,744.4013
2025-03-16 17:00:00+01:00,246.0,252.9,245.3,249.2,1536.1708
2025-03-16 18:00:00+01:00,249.2,251.8,246.2,247.7,547.3806
2025-03-16 19:00:00+01:00,247.6,248.4,243.0,246.4,1100.649
2025-03-16 20:00:00+01:00,246.2,246.4,241.2,243.0,1931.7691
2025-03-16 21:00:00+01:00,243.0,245.3,242.3,244.5,1815.2894
2025-03-16 22:00:00+01:00,244.3,245.1,242.0,243.1,1508.8752
2025-03-16 23:00:00+01:00,243.1,244.0,240.5,241.0,577.2663
2025-03-17 00:00:00+01:00,240.8,242.2,238.8,240.9,634.2434
2025-03-17 01:00:00+01:00,240.8,243.8,240.4,243.1,333.6307
2025-03-17 02:00:00+01:00,243.1,245.5,242.2,244.3,448.1811
2025-03-17 03:00:00+01:00,244.4,246.3,243.5,244.3,193.2485
2025-03-17 04:00:00+01:00,243.8,248.7,243.8,247.4,594.9213
2025-03-17 05:00:00+01:00,247.4,250.1,247.4,248.9,652.7364
2025-03-17 06:00:00+01:00,249.0,249.1,246.6,246.8,441.7073
2025-03-17 07:00:00+01:00,246.6,248.0,244.6,246.6,2225.8085
2025-03-17 08:00:00+01:00,246.6,249.2,246.1,248.4,966.9831
2025-03-17 09:00:00+01:00,248.6,249.5,246.3,249.1,288.945
2025-03-17 10:00:00+01:00,248.8,251.3,247.9,249.4,621.2918
2025-03-17 11:00:00+01:00,249.3,249.9,248.0,249.1,218.6564
2025-03-17 12:00:00+01:00,249.1,250.5,247.7,249.8,409.7279
2025-03-17 13:00:00+01:00,249.8,252.2,247.9,248.3,1198.9975
2025-03-17 14:00:00+01:00,248.2,250.1,247.0,248.2,730.3894
2025-03-17 15:00:00+01:00,247.7,249.4,245.2,246.6,570.916
2025-03-17 16:00:00+01:00,246.8,249.2,245.2,248.8,446.4021
2025-03-17 17:00:00+01:00,248.9,251.6,247.7,249.3,499.8203
2025-03-17 18:00:00+01:00,249.2,256.6,248.7,255.6,2705.9126
2025-03-17 19:00:00+01:00,255.5,259.5,253.9,259.2,1210.988
2025-03-17 20:00:00+01:00,259.1,260.4,257.3,257.9,746.9592
2025-03-17 21:00:00+01:00,258.1,258.8,255.4,255.8,899.8238
2025-03-17 22:00:00+01:00,256.1,256.8,254.9,255.5,295.2419
2025-03-17 23:00:00+01:00,255.4,258.1,255.1,256.4,184.143
2025-03-18 00:00:00+01:00,256.4,256.4,254.1,255.1,292.7919
2025-03-18 01:00:00+01:00,255.1,255.7,251.9,253.1,310.2015
2025-03-18 02:00:00+01:00,253.1,254.2,246.0,246.9,599.8632
2025-03-18 03:00:00+01:00,246.8,250.3,246.7,247.9,445.695
2025-03-18 04:00:00+01:00,248.1,248.1,245.2,245.8,234.3138
2025-03-18 05:00:00+01:00,245.5,247.4,244.9,245.9,320.4425
2025-03-18 06:00:00+01:00,246.0,248.0,245.7,247.2,492.9776
2025-03-18 07:00:00+01:00,247.1,247.4,243.2,244.3,678.8318
2025-03-18 08:00:00+01:00,243.8,248.6,243.6,247.5,535.8496
2025-03-18 09:00:00+01:00,247.5,250.4,246.6,250.2,411.8895
2025-03-18 10:00:00+01:00,250.2,250.9,247.4,247.4,298.9962
2025-03-18 11:00:00+01:00,247.4,248.6,245.2,245.8,290.4456
2025-03-18 12:00:00+01:00,246.0,246.0,242.7,244.8,381.2196
2025-03-18 13:00:00+01:00,244.5,245.8,241.3,241.7,639.7905
2025-03-18 14:00:00+01:00,241.7,243.2,239.3,240.6,1264.9359
2025-03-18 15:00:00+01:00,240.3,244.6,239.9,242.5,847.0646
2025-03-18 16:00:00+01:00,242.2,243.4,240.3,240.9,597.4583
2025-03-18 17:00:00+01:00,240.7,243.0,239.6,241.7,356.0359
2025-03-18 18:00:00+01:00,241.7,241.9,239.2,239.5,362.9887
2025-03-18 19:00:00+01:00,239.3,240.1,236.1,239.4,1925.5464
2025-03-18 20:00:00+01:00,239.1,241.3,238.8,241.0,483.7623
2025-03-18 21:00:00+01:00,241.1,241.6,239.1,241.0,370.4342
2025-03-18 22:00:00+01:00,241.1,242.0,240.6,241.9,1307.044
2025-03-18 23:00:00+01:00,241.8,244.0,241.5,243.5,619.6571
2025-03-19 00:00:00+01:00,243.6,247.9,243.5,246.9,992.6936
2025-03-19 01:00:00+01:00,246.8,252.5,246.4,250.9,1055.2523
2025-03-19 02:00:00+01:00,250.5,251.1,247.2,247.3,345.0682
2025-03-19 03:00:00+01:00,247.4,249.7,246.6,249.6,162.4793
2025-03-19 04:00:00+01:00,249.6,251.7,247.9,251.6,268.5721
2025-03-19 05:00:00+01:00,251.6,251.8,249.0,249.9,208.6949
2025-03-19 06:00:00+01:00,249.9,250.8,248.9,250.4,507.1432
2025-03-19 07:00:00+01:00,250.2,250.8,249.4,250.0,300.4298
2025-03-19 08:00:00+01:00,249.9,250.2,247.4,247.8,273.0376
2025-03-19 09:00:00+01:00,247.7,250.0,247.7,249.5,186.4152
2025-03-19 10:00:00+01:00,249.2,250.5,248.3,249.6,593.302
2025-03-19 11:00:00+01:00,249.5,253.1,249.1,250.8,698.4398
2025-03-19 12:00:00+01:00,250.8,257.7,250.8,257.2,1206.5605
2025-03-19 13:00:00+01:00,257.2,257.6,251.7,254.0,1204.3384
2025-03-19 14:00:00+01:00,253.8,256.7,251.3,254.7,2544.4377
2025-03-19 15:00:00+01:00,255.1,257.4,253.7,256.2,1080.4781
2025-03-19 16:00:00+01:00,255.7,259.4,254.3,258.7,934.6604
2025-03-19 17:00:00+01:00,258.6,259.3,255.4,258.3,1355.208
2025-03-19 18:00:00+01:00,258.2,258.4,252.0,254.1,1717.2191
2025-03-19 19:00:00+01:00,254.0,262.1,249.5,261.1,2671.8363
2025-03-19 20:00:00+01:00,261.2,263.3,257.2,260.3,3251.0494
2025-03-19 21:00:00+01:00,260.4,262.7,258.1,259.8,1021.996
2025-03-19 22:00:00+01:00,259.8,260.9,258.8,259.9,1723.2289
2025-03-19 23:00:00+01:00,260.0,263.0,259.1,261.2,459.1818
2025-03-20 00:00:00+01:00,261.4,263.6,260.8,262.2,1017.4463
2025-03-20 01:00:00+01:00,262.2,263.9,255.1,255.5,911.3191
2025-03-20 02:00:00+01:00,255.6,256.8,254.0,254.7,240.1954
2025-03-20 03:00:00+01:00,254.8,256.3,253.9,255.9,194.7133
2025-03-20 04:00:00+01:00,256.2,258.1,255.4,257.1,208.1952
2025-03-20 05:00:00+01:00,256.9,258.4,256.4,258.4,214.8437
2025-03-20 06:00:00+01:00,258.3,261.7,258.0,261.5,319.6701
2025-03-20 07:00:00+01:00,261.7,263.5,260.3,262.3,505.1409
2025-03-20 08:00:00+01:00,262.2,262.6,260.2,261.2,430.356
2025-03-20 09:00:00+01:00,261.5,265.1,260.1,263.9,639.3532
2025-03-20 10:00:00+01:00,263.8,264.2,260.7,261.1,427.5589
2025-03-20 11:00:00+01:00,260.9,261.4,255.3,256.3,1018.8271
2025-03-20 12:00:00+01:00,256.3,260.6,256.2,259.4,635.0716
2025-03-20 13:00:00+01:00,259.5,261.9,258.2,261.9,850.7544
2025-03-20 14:00:00+01:00,261.6,264.4,260.0,262.8,962.5983
2025-03-20 15:00:00+01:00,262.7,267.8,262.7,265.7,2064.4047
2025-03-20 16:00:00+01:00,266.1,266.3,257.5,257.6,2099.1726
2025-03-20 17:00:00+01:00,257.5,259.7,249.3,253.3,2612.9064
2025-03-20 18:00:00+01:00,253.4,256.8,253.0,256.1,668.6365
2025-03-20 19:00:00+01:00,256.2,256.8,253.2,253.2,502.2069
2025-03-20 20:00:00+01:00,253.3,254.5,252.1,253.1,487.6836
2025-03-20 21:00:00+01:00,253.1,254.7,252.1,252.2,376.9546
2025-03-20 22:00:00+01:00,252.1,252.5,249.4,250.0,719.5385
2025-03-20 23:00:00+01:00,250.0,251.2,249.4,249.7,342.8774
2025-03-21 00:00:00+01:00,249.7,251.9,248.0,251.4,516.0835
2025-03-21 01:00:00+01:00,251.4,253.6,250.7,253.0,352.7978
2025-03-21 02:00:00+01:00,252.9,254.4,251.9,254.0,211.0303
2025-03-21 03:00:00+01:00,254.1,254.8,253.0,253.8,389.2441
2025-03-21 04:00:00+01:00,253.9,253.9,251.6,252.5,232.2878
2025-03-21 05:00:00+01:00,252.6,256.3,252.6,255.7,263.025
2025-03-21 06:00:00+01:00,255.8,256.3,252.7,253.8,290.313
2025-03-21 07:00:00+01:00,253.8,254.7,252.3,253.4,371.1454
2025-03-21 08:00:00+01:00,253.5,254.1,251.6,253.0,382.0547
2025-03-21 09:00:00+01:00,253.1,254.7,250.6,250.8,479.4379
2025-03-21 10:00:00+01:00,250.7,251.3,247.8,248.4,498.4861
2025-03-21 11:00:00+01:00,248.5,248.8,245.0,246.7,586.38
2025-03-21 12:00:00+01:00,246.5,246.5,243.7,245.5,424.7052
2025-03-21 13:00:00+01:00,245.5,247.0,242.6,243.0,1149.4973
2025-03-21 14:00:00+01:00,243.0,246.1,242.1,245.4,1954.5458
2025-03-21 15:00:00+01:00,245.3,247.7,244.0,246.6,589.8289
2025-03-21 16:00:00+01:00,246.5,246.8,243.1,243.1,342.4453
2025-03-21 17:00:00+01:00,243.1,246.1,242.2,245.9,516.6686
2025-03-21 18:00:00+01:00,245.8,247.0,244.2,245.9,371.7792
2025-03-21 19:00:00+01:00,245.9,248.8,245.1,246.8,1078.3148
2025-03-21 20:00:00+01:00,246.8,248.9,246.5,248.7,267.3485
2025-03-21 21:00:00+01:00,248.7,251.7,248.4,251.7,417.8934
2025-03-21 22:00:00+01:00,251.7,253.8,250.7,251.5,629.7268
2025-03-21 23:00:00+01:00,251.3,251.3,247.1,248.8,454.8322
2025-03-22 00:00:00+01:00,248.5,248.7,246.6,247.4,269.3308
2025-03-22 01:00:00+01:00,247.4,249.4,247.0,249.3,270.1064
2025-03-22 02:00:00+01:00,249.5,252.4,248.1,248.5,336.7627
2025-03-22 03:00:00+01:00,248.3,249.4,247.5,248.0,362.585
2025-03-22 04:00:00+01:00,248.1,250.4,247.3,249.9,223.4092
2025-03-22 05:00:00+01:00,249.9,250.6,248.2,249.7,162.7099
2025-03-22 06:00:00+01:00,249.8,251.7,249.0,251.1,155.6546
2025-03-22 07:00:00+01:00,251.0,252.5,249.8,250.8,521.3874
2025-03-22 08:00:00+01:00,250.5,251.0,249.3,249.6,184.459
2025-03-22 09:00:00+01:00,249.4,250.6,249.0,250.4,272.9136
2025-03-22 10:00:00+01:00,250.5,254.5,250.5,253.0,578.4134
2025-03-22 11:00:00+01:00,253.0,253.4,251.6,253.0,598.1679
2025-03-22 12:00:00+01:00,253.2,253.3,250.2,250.7,272.5514
2025-03-22 13:00:00+01:00,250.5,252.4,250.4,251.8,233.0312
2025-03-22 14:00:00+01:00,251.8,252.3,249.7,251.8,226.1588
2025-03-22 15:00:00+01:00,251.8,251.8,247.9,248.3,1182.5629
2025-03-22 16:00:00+01:00,248.2,251.0,248.1,250.8,415.4016
2025-03-22 17:00:00+01:00,250.7,252.9,249.4,252.8,285.4916
2025-03-22 18:00:00+01:00,252.7,253.0,251.6,252.4,250.0994
2025-03-22 19:00:00+01:00,252.3,252.9,251.4,251.9,138.5945
2025-03-22 20:00:00+01:00,251.8,253.1,251.6,252.9,249.3586
2025-03-22 21:00:00+01:00,252.7,253.9,250.8,250.8,1035.836
2025-03-22 22:00:00+01:00,250.8,251.6,249.5,250.6,185.921
2025-03-22 23:00:00+01:00,250.7,251.3,248.9,249.1,113.8988
2025-03-23 00:00:00+01:00,249.0,249.1,246.6,248.1,1350.569
2025-03-23 01:00:00+01:00,248.0,249.1,246.4,248.5,514.2532
2025-03-23 02:00:00+01:00,248.1,250.4,247.4,249.4,190.5743
2025-03-23 03:00:00+01:00,249.8,252.4,249.4,252.4,425.3623
2025-03-23 04:00:00+01:00,252.5,254.8,251.3,254.8,296.1328
2025-03-23 05:00:00+01:00,254.8,255.4,252.3,252.5,794.0354
2025-03-23 06:00:00+01:00,252.7,254.7,251.3,253.9,305.3688
2025-03-23 07:00:00+01:00,253.9,256.2,253.2,256.0,561.4187
2025-03-23 08:00:00+01:00,256.1,257.9,254.4,256.8,430.0342
2025-03-23 09:00:00+01:00,256.7,258.1,254.3,254.7,1175.1772
2025-03-23 10:00:00+01:00,254.8,256.0,253.3,254.8,228.5918
2025-03-23 11:00:00+01:00,254.7,255.4,253.2,254.0,311.3791
2025-03-23 12:00:00+01:00,254.1,256.6,252.7,253.1,390.4072
2025-03-23 13:00:00+01:00,253.1,253.7,250.8,251.1,423.999
2025-03-23 14:00:00+01:00,251.0,253.8,249.0,253.4,547.6098
2025-03-23 15:00:00+01:00,253.5,253.6,250.8,251.0,293.9036
2025-03-23 16:00:00+01:00,250.8,252.5,250.6,251.2,261.559
2025-03-23 17:00:00+01:00,251.1,252.0,249.7,251.1,460.8407
2025-03-23 18:00:00+01:00,250.9,252.0,249.2,250.8,395.6994
2025-03-23 19:00:00+01:00,250.9,251.8,249.5,251.5,593.3565
2025-03-23 20:00:00+01:00,251.6,254.5,251.1,253.4,576.5246
2025-03-23 21:00:00+01:00,253.4,255.5,252.7,253.3,681.2585
2025-03-23 22:00:00+01:00,253.2,255.8,251.2,255.8,465.9748
2025-03-23 23:00:00+01:00,255.8,257.1,253.8,254.9,583.0271
2025-03-24 00:00:00+01:00,255.0,257.1,254.6,257.0,402.1768
2025-03-24 01:00:00+01:00,257.0,259.1,255.4,256.1,790.5171
2025-03-24 02:00:00+01:00,256.1,256.9,253.3,253.9,446.384
2025-03-24 03:00:00+01:00,253.9,256.4,253.7,256.3,216.7133
2025-03-24 04:00:00+01:00,256.1,261.2,256.1,260.8,1041.5694
2025-03-24 05:00:00+01:00,261.0,264.2,260.5,263.1,656.183
2025-03-24 06:00:00+01:00,263.2,264.8,262.7,264.5,338.7138
2025-03-24 07:00:00+01:00,264.5,268.4,263.5,267.0,1676.6301
2025-03-24 08:00:00+01:00,267.0,268.4,265.1,266.4,1109.9042
2025-03-24 09:00:00+01:00,266.4,270.0,266.3,269.7,1163.6539
2025-03-24 10:00:00+01:00,269.7,270.0,267.9,269.3,1004.4934
2025-03-24 11:00:00+01:00,269.2,275.0,269.0,274.4,1330.7218
2025-03-24 12:00:00+01:00,274.5,274.5,268.9,269.9,2390.4071
2025-03-24 13:00:00+01:00,269.6,270.4,267.8,268.4,1662.7965
2025-03-24 14:00:00+01:00,268.5,272.3,265.9,272.2,2950.8272
2025-03-24 15:00:00+01:00,272.2,275.5,268.3,268.9,2934.9058
2025-03-24 16:00:00+01:00,269.0,272.1,267.8,270.3,873.3832
2025-03-24 17:00:00+01:00,270.4,270.8,266.9,269.5,661.4779
2025-03-24 18:00:00+01:00,269.4,272.9,269.2,272.4,698.0819
2025-03-24 19:00:00+01:00,272.4,273.1,269.3,271.6,790.547
2025-03-24 20:00:00+01:00,271.4,272.0,270.0,271.0,429.2759
2025-03-24 21:00:00+01:00,270.8,272.6,270.3,270.9,485.6658
2025-03-24 22:00:00+01:00,270.7,271.8,270.2,271.1,350.3167
2025-03-24 23:00:00+01:00,271.2,271.4,267.0,267.6,832.2333
2025-03-25 00:00:00+01:00,267.6,269.9,266.3,269.5,548.3845
2025-03-25 01:00:00+01:00,269.4,271.2,267.9,269.7,397.2136
2025-03-25 02:00:00+01:00,270.2,270.2,265.5,266.6,352.5306
2025-03-25 03:00:00+01:00,266.6,269.6,265.9,267.2,339.0142
2025-03-25 04:00:00+01:00,267.0,268.2,263.1,264.2,718.5753
2025-03-25 05:00:00+01:00,264.0,265.0,262.6,264.6,519.075
2025-03-25 06:00:00+01:00,264.6,267.9,264.5,266.6,222.044
2025-03-25 07:00:00+01:00,266.6,267.1,265.5,266.1,784.041
2025-03-25 08:00:00+01:00,266.1,267.5,265.0,266.1,1148.8861
2025-03-25 09:00:00+01:00,266.0,267.5,265.3,266.3,550.4341
2025-03-25 10:00:00+01:00,266.1,281.0,265.5,272.0,2476.7207
2025-03-25 11:00:00+01:00,272.0,273.3,267.8,271.3,1565.4826
2025-03-25 12:00:00+01:00,271.3,274.6,270.4,272.8,720.317
2025-03-25 13:00:00+01:00,272.9,273.3,269.2,270.3,798.4435
2025-03-25 14:00:00+01:00,270.0,274.0,269.5,270.9,1753.4164
2025-03-25 15:00:00+01:00,271.0,274.2,268.9,273.9,1042.0523
2025-03-25 16:00:00+01:00,273.9,274.5,271.0,271.9,913.1219
2025-03-25 17:00:00+01:00,271.8,272.4,268.3,269.4,901.8615
2025-03-25 18:00:00+01:00,269.5,271.9,269.5,270.6,756.55
2025-03-25 19:00:00+01:00,270.6,270.8,266.9,268.1,886.4944
2025-03-25 20:00:00+01:00,267.9,269.8,267.7,269.3,474.4911
2025-03-25 21:00:00+01:00,269.3,271.7,268.3,269.7,845.0686
2025-03-25 22:00:00+01:00,269.6,271.4,268.3,269.0,583.0492
2025-03-25 23:00:00+01:00,269.1,269.6,265.8,268.7,1956.8062
2025-03-26 00:00:00+01:00,268.8,270.6,267.8,269.9,1508.5432
2025-03-26 01:00:00+01:00,269.9,270.4,268.1,268.3,695.2148
2025-03-26 02:00:00+01:00,268.5,271.5,267.8,269.4,908.0543
2025-03-26 03:00:00+01:00,269.3,269.4,265.4,266.0,299.0715
2025-03-26 04:00:00+01:00,265.9,268.3,265.5,266.7,611.5252
2025-03-26 05:00:00+01:00,266.7,269.2,266.5,269.2,425.9729
2025-03-26 06:00:00+01:00,269.2,270.8,268.5,270.1,341.889
2025-03-26 07:00:00+01:00,270.2,275.0,269.6,274.5,1248.083
2025-03-26 08:00:00+01:00,274.6,281.0,273.8,279.4,1889.3985
2025-03-26 09:00:00+01:00,279.5,280.1,277.0,277.6,1445.7653
2025-03-26 10:00:00+01:00,277.8,279.2,275.0,276.5,1391.252
2025-03-26 11:00:00+01:00,276.4,278.2,276.1,277.5,623.3271
2025-03-26 12:00:00+01:00,277.5,278.2,276.1,277.1,645.6463
2025-03-26 13:00:00+01:00,277.3,278.0,274.4,274.7,614.4661
2025-03-26 14:00:00+01:00,275.1,275.1,268.1,268.4,5575.3143
2025-03-26 15:00:00+01:00,268.1,270.6,263.5,266.2,3828.5148
2025-03-26 16:00:00+01:00,266.2,267.2,264.2,264.9,2080.3969
2025-03-26 17:00:00+01:00,265.0,267.0,261.4,261.6,3315.1289
2025-03-26 18:00:00+01:00,261.5,262.7,259.1,259.3,1621.0484
2025-03-26 19:00:00+01:00,259.4,260.9,257.5,257.8,824.9432
2025-03-26 20:00:00+01:00,257.8,261.8,255.6,261.6,1325.3089
2025-03-26 21:00:00+01:00,261.6,264.3,260.7,263.0,1121.1889
2025-03-26 22:00:00+01:00,262.9,263.9,258.7,261.9,408.798
2025-03-26 23:00:00+01:00,261.6,261.7,259.6,260.4,235.248
2025-03-27 00:00:00+01:00,260.3,261.4,258.8,260.9,394.2299
2025-03-27 01:00:00+01:00,261.0,264.0,260.4,263.5,355.4804
2025-03-27 02:00:00+01:00,263.5,264.6,262.1,263.0,305.5324
2025-03-27 03:00:00+01:00,262.9,266.0,262.6,264.7,547.0893
2025-03-27 04:00:00+01:00,264.8,265.9,263.8,265.9,277.9827
2025-03-27 05:00:00+01:00,265.9,266.6,264.2,265.7,683.5992
2025-03-27 06:00:00+01:00,265.4,266.3,264.3,264.8,395.8814
2025-03-27 07:00:00+01:00,264.7,266.7,264.3,265.1,530.5043
2025-03-27 08:00:00+01:00,265.1,265.3,263.1,264.1,356.13
2025-03-27 09:00:00+01:00,264.1,268.6,263.0,266.4,1002.0582
2025-03-27 10:00:00+01:00,266.8,268.8,265.4,267.2,827.0322
2025-03-27 11:00:00+01:00,267.3,268.7,265.6,265.9,596.247
2025-03-27 12:00:00+01:00,265.7,268.4,264.6,265.4,1037.9951
2025-03-27 13:00:00+01:00,265.3,270.4,265.2,267.1,1060.0003
2025-03-27 14:00:00+01:00,267.0,269.5,262.8,269.5,1886.3947
2025-03-27 15:00:00+01:00,269.2,276.7,267.4,276.7,2584.1916
2025-03-27 16:00:00+01:00,276.8,278.1,270.6,271.8,2293.5842
2025-03-27 17:00:00+01:00,271.9,275.6,271.8,271.9,1285.1313
2025-03-27 18:00:00+01:00,272.0,272.5,269.0,269.2,1192.6135
2025-03-27 19:00:00+01:00,268.9,274.0,268.4,271.3,734.8193
2025-03-27 20:00:00+01:00,271.1,271.7,269.5,269.5,606.0417
2025-03-27 21:00:00+01:00,269.5,270.7,268.5,270.1,308.0267
2025-03-27 22:00:00+01:00,270.0,273.7,268.9,272.3,1875.8996
2025-03-27 23:00:00+01:00,272.3,272.9,271.5,271.6,484.2694
2025-03-28 00:00:00+01:00,271.7,271.8,269.0,269.0,269.6355
2025-03-28 01:00:00+01:00,269.2,269.6,265.8,269.3,615.5227
2025-03-28 02:00:00+01:00,269.4,270.7,268.5,268.7,367.9939
2025-03-28 03:00:00+01:00,268.8,270.4,267.6,268.0,350.3125
2025-03-28 04:00:00+01:00,268.0,268.0,263.8,264.5,713.9056
2025-03-28 05:00:00+01:00,264.5,264.8,256.6,258.1,2245.0305
2025-03-28 06:00:00+01:00,258.0,258.0,254.4,255.3,2117.4313
2025-03-28 07:00:00+01:00,255.1,257.7,253.8,254.2,1113.0065
2025-03-28 08:00:00+01:00,254.1,255.1,251.7,252.2,821.1704
2025-03-28 09:00:00+01:00,252.1,254.9,252.1,253.5,718.202
2025-03-28 10:00:00+01:00,253.5,256.5,252.6,254.4,580.4719
2025-03-28 11:00:00+01:00,254.4,254.8,252.3,252.9,1403.4875
2025-03-28 12:00:00+01:00,252.9,256.3,252.4,255.9,1160.9782
2025-03-28 13:00:00+01:00,255.9,257.2,253.2,253.9,1119.0883
2025-03-28 14:00:00+01:00,254.0,256.8,252.0,253.0,1813.1259
2025-03-28 15:00:00+01:00,253.0,253.7,249.2,250.9,2090.5175
2025-03-28 16:00:00+01:00,250.8,251.8,248.8,250.8,1019.1043
2025-03-28 17:00:00+01:00,250.8,251.6,244.1,245.0,1753.1255
2025-03-28 18:00:00+01:00,244.7,245.3,242.0,243.0,1312.6559
2025-03-28 19:00:00+01:00,243.0,243.8,241.3,242.6,650.1646
2025-03-28 20:00:00+01:00,242.5,242.7,238.7,239.7,1187.0579
2025-03-28 21:00:00+01:00,239.8,242.4,239.0,239.5,2029.4445
2025-03-28 22:00:00+01:00,239.6,243.1,238.5,243.0,1473.0248
2025-03-28 23:00:00+01:00,242.8,246.7,242.8,246.7,1203.2613
2025-03-29 00:00:00+01:00,246.6,246.7,244.1,244.4,1150.0605
2025-03-29 01:00:00+01:00,244.4,245.3,242.6,243.2,1077.2152
2025-03-29 02:00:00+01:00,243.2,244.7,241.7,242.8,617.7194
2025-03-29 03:00:00+01:00,242.8,243.4,240.7,240.7,238.4318
2025-03-29 04:00:00+01:00,240.6,243.5,238.9,242.3,504.2693
2025-03-29 05:00:00+01:00,242.3,243.1,240.2,240.5,339.3846
2025-03-29 06:00:00+01:00,240.4,241.3,239.0,239.5,460.5937
2025-03-29 07:00:00+01:00,239.5,239.5,236.2,236.8,956.1323
2025-03-29 08:00:00+01:00,236.7,237.2,233.7,235.0,1475.2237
2025-03-29 09:00:00+01:00,235.0,237.6,234.3,237.0,658.747
2025-03-29 10:00:00+01:00,236.9,237.4,232.4,233.7,1275.2984
2025-03-29 11:00:00+01:00,233.7,234.1,229.9,230.1,1705.8818
2025-03-29 12:00:00+01:00,229.9,231.0,220.9,223.6,5393.385
2025-03-29 13:00:00+01:00,223.6,228.5,222.9,228.4,2417.7418
2025-03-29 14:00:00+01:00,228.3,231.0,228.1,228.4,1468.7241
2025-03-29 15:00:00+01:00,228.4,228.4,224.4,224.9,1054.6694
2025-03-29 16:00:00+01:00,224.9,226.5,224.7,225.7,921.2525
2025-03-29 17:00:00+01:00,225.6,227.2,223.4,223.9,748.5463
2025-03-29 18:00:00+01:00,223.7,227.4,221.5,225.8,1555.4367
2025-03-29 19:00:00+01:00,225.8,229.3,225.6,228.7,703.8714
2025-03-29 20:00:00+01:00,228.8,230.8,227.9,230.8,626.6796
2025-03-29 21:00:00+01:00,230.8,234.0,228.9,230.3,2208.522
2025-03-29 22:00:00+01:00,230.2,232.1,229.1,231.0,702.0775
2025-03-29 23:00:00+01:00,230.9,231.3,229.0,230.2,318.9069
2025-03-30 00:00:00+01:00,230.0,232.0,229.1,231.1,1274.0949
2025-03-30 01:00:00+01:00,231.2,231.4,227.3,229.2,432.0126
2025-03-30 03:00:00+02:00,229.3,232.0,229.2,229.9,335.4833
2025-03-30 04:00:00+02:00,229.8,233.0,229.8,231.9,244.239
2025-03-30 05:00:00+02:00,232.2,237.4,231.8,231.8,1051.0085
2025-03-30 06:00:00+02:00,231.7,233.8,231.7,233.4,364.8266
2025-03-30 07:00:00+02:00,232.9,233.8,230.8,231.3,716.0778
2025-03-30 08:00:00+02:00,231.5,233.1,229.6,232.0,483.7485
2025-03-30 09:00:00+02:00,232.0,232.8,229.7,230.0,411.0716
2025-03-30 10:00:00+02:00,230.0,232.4,230.0,232.3,1069.409
2025-03-30 11:00:00+02:00,232.3,232.6,229.8,230.5,527.7287
2025-03-30 12:00:00+02:00,230.3,231.2,226.6,228.0,639.3787
2025-03-30 13:00:00+02:00,228.0,230.3,227.7,228.2,466.2763
2025-03-30 14:00:00+02:00,228.2,228.7,226.8,227.2,404.0079
2025-03-30 15:00:00+02:00,227.1,228.2,223.8,225.0,1837.974
2025-03-30 16:00:00+02:00,225.1,228.0,224.4,226.9,680.7798
2025-03-30 17:00:00+02:00,226.9,229.0,226.2,226.5,892.2648
2025-03-30 18:00:00+02:00,226.6,227.1,223.6,224.2,1912.593
2025-03-30 19:00:00+02:00,224.0,226.8,223.1,226.1,2624.3518
2025-03-30 20:00:00+02:00,226.1,229.6,226.0,229.3,878.894
2025-03-30 21:00:00+02:00,229.4,231.0,228.2,228.5,542.1155
2025-03-30 22:00:00+02:00,228.6,229.1,227.5,227.8,353.3243
2025-03-30 23:00:00+02:00,227.9,228.7,224.8,226.2,543.4358
2025-03-31 00:00:00+02:00,226.0,229.2,222.2,228.1,1285.8466
2025-03-31 01:00:00+02:00,227.9,228.2,224.9,227.0,777.4209
2025-03-31 02:00:00+02:00,227.1,228.1,222.1,222.2,798.5261
2025-03-31 03:00:00+02:00,222.5,227.0,221.8,227.0,903.1871
2025-03-31 04:00:00+02:00,226.8,227.1,224.2,225.2,434.2434
2025-03-31 05:00:00+02:00,225.3,225.9,221.1,221.1,1016.2255
2025-03-31 06:00:00+02:00,221.1,223.7,220.3,223.5,559.9054
2025-03-31 07:00:00+02:00,223.4,225.6,223.0,223.2,294.862
2025-03-31 08:00:00+02:00,223.3,223.6,220.3,220.5,2154.5865
2025-03-31 09:00:00+02:00,220.6,222.4,216.8,218.3,2080.8925
2025-03-31 10:00:00+02:00,218.3,221.3,217.3,217.6,1073.6555
2025-03-31 11:00:00+02:00,217.7,218.5,213.9,214.7,4150.559
2025-03-31 12:00:00+02:00,214.6,217.9,212.8,217.8,2040.2478
2025-03-31 13:00:00+02:00,217.9,218.4,215.1,216.9,1985.8598
2025-03-31 14:00:00+02:00,217.1,222.5,216.0,221.1,1406.4918
2025-03-31 15:00:00+02:00,220.5,221.7,214.4,218.1,1706.9292
2025-03-31 16:00:00+02:00,218.2,226.4,218.2,225.5,2978.4478
2025-03-31 17:00:00+02:00,225.4,226.7,222.5,222.6,1927.8798
2025-03-31 18:00:00+02:00,222.7,224.2,221.5,223.4,771.8697
2025-03-31 19:00:00+02:00,223.3,225.2,220.6,221.4,772.1599
2025-03-31 20:00:00+02:00,221.3,225.7,221.3,223.7,1065.603
2025-03-31 21:00:00+02:00,223.8,225.3,222.2,222.2,1100.6904
2025-03-31 22:00:00+02:00,222.2,223.6,221.5,222.0,414.7792
2025-03-31 23:00:00+02:00,222.3,225.5,222.2,223.1,274.6222
2025-04-01 00:00:00+02:00,223.0,223.8,221.8,223.8,222.837
2025-04-01 01:00:00+02:00,223.8,225.6,223.0,223.8,591.1814
2025-04-01 02:00:00+02:00,223.8,226.1,223.7,225.3,420.8069
2025-04-01 03:00:00+02:00,225.1,225.3,223.1,223.8,343.4195
2025-04-01 04:00:00+02:00,223.7,227.3,223.5,227.3,301.4885
2025-04-01 05:00:00+02:00,227.3,228.8,225.8,226.3,1203.529
2025-04-01 06:00:00+02:00,226.4,228.0,225.9,227.1,589.7779
2025-04-01 07:00:00+02:00,227.1,228.7,226.0,226.0,488.5566
2025-04-01 08:00:00+02:00,225.9,230.0,225.4,228.9,835.8442
2025-04-01 09:00:00+02:00,228.8,229.5,226.5,227.0,620.3718
2025-04-01 10:00:00+02:00,227.0,233.2,224.4,231.9,2732.0129
2025-04-01 11:00:00+02:00,231.6,233.6,230.2,231.6,1316.9635
2025-04-01 12:00:00+02:00,231.7,232.2,226.5,226.7,1337.2857
2025-04-01 13:00:00+02:00,226.7,227.5,224.6,227.0,1137.2841
2025-04-01 14:00:00+02:00,226.9,228.3,224.9,226.1,914.7003
2025-04-01 15:00:00+02:00,226.0,229.0,224.6,228.1,1282.747
2025-04-01 16:00:00+02:00,228.0,230.8,224.2,230.1,1871.68
2025-04-01 17:00:00+02:00,229.9,235.4,229.9,233.3,2940.3577
2025-04-01 18:00:00+02:00,233.4,234.7,230.0,231.5,1719.1677
2025-04-01 19:00:00+02:00,231.4,231.8,228.6,228.8,930.2813
2025-04-01 20:00:00+02:00,228.7,228.8,226.9,228.1,1079.0863
2025-04-01 21:00:00+02:00,228.2,229.1,226.5,229.1,1353.5687
2025-04-01 22:00:00+02:00,229.1,229.9,227.4,229.6,718.2068
2025-04-01 23:00:00+02:00,229.5,231.8,228.7,230.8,1118.7011
2025-04-02 00:00:00+02:00,230.4,232.8,229.3,231.9,860.459
2025-04-02 01:00:00+02:00,231.9,233.0,230.4,232.0,638.8249
2025-04-02 02:00:00+02:00,232.1,233.3,228.7,229.3,1608.977
2025-04-02 03:00:00+02:00,229.2,230.3,226.9,227.9,705.0958
2025-04-02 04:00:00+02:00,228.0,228.0,224.5,225.5,1045.7867
2025-04-02 05:00:00+02:00,225.4,228.1,225.1,225.4,560.1185
2025-04-02 06:00:00+02:00,225.3,227.4,224.7,225.3,896.2787
2025-04-02 07:00:00+02:00,225.2,225.3,220.6,221.5,1765.6123
2025-04-02 08:00:00+02:00,221.3,223.8,221.1,221.8,739.0692
2025-04-02 09:00:00+02:00,221.9,226.2,221.9,225.6,720.9217
2025-04-02 10:00:00+02:00,225.4,228.5,224.7,227.2,1185.0008
2025-04-02 11:00:00+02:00,227.1,230.7,226.9,229.6,1553.3096
2025-04-02 12:00:00+02:00,229.8,231.3,226.9,227.7,1407.2807
2025-04-02 13:00:00+02:00,227.5,228.6,225.8,226.0,632.935
2025-04-02 14:00:00+02:00,225.9,226.6,224.2,226.3,1325.9658
2025-04-02 15:00:00+02:00,226.2,229.3,222.5,225.7,2308.1491
2025-04-02 16:00:00+02:00,225.5,227.8,224.5,226.9,1589.3633
2025-04-02 17:00:00+02:00,226.6,234.0,226.4,230.9,5430.2486
2025-04-02 18:00:00+02:00,230.8,233.1,229.9,230.6,1678.1446
2025-04-02 19:00:00+02:00,230.4,231.6,226.4,228.1,2721.1591
2025-04-02 20:00:00+02:00,228.0,230.3,226.5,229.5,923.6544
2025-04-02 21:00:00+02:00,229.6,232.7,228.4,231.9,1443.5667
2025-04-02 22:00:00+02:00,232.0,237.8,223.7,226.7,13082.8251
2025-04-02 23:00:00+02:00,226.9,227.0,217.5,220.0,4008.3123
2025-04-03 00:00:00+02:00,219.9,219.9,209.4,210.2,6563.7129
2025-04-03 01:00:00+02:00,210.0,214.5,208.4,211.9,2522.2867
2025-04-03 02:00:00+02:00,211.9,216.6,210.2,216.3,3029.188
2025-04-03 03:00:00+02:00,216.1,217.7,215.6,216.9,927.9866
2025-04-03 04:00:00+02:00,216.9,218.2,215.9,218.1,441.9802
2025-04-03 05:00:00+02:00,218.1,219.4,216.9,216.9,997.0984
2025-04-03 06:00:00+02:00,216.9,218.1,215.8,217.5,584.7297
2025-04-03 07:00:00+02:00,217.5,218.8,215.1,215.1,747.7607
2025-04-03 08:00:00+02:00,215.1,215.9,211.5,211.5,1182.1693
2025-04-03 09:00:00+02:00,211.7,213.1,208.9,211.7,3123.8103
2025-04-03 10:00:00+02:00,211.5,214.1,211.5,213.6,1149.0402
2025-04-03 11:00:00+02:00,213.6,213.9,210.5,210.7,1221.0481
2025-04-03 12:00:00+02:00,210.6,210.9,203.0,204.2,4404.6599
2025-04-03 13:00:00+02:00,203.9,206.2,203.0,204.8,1715.2881
2025-04-03 14:00:00+02:00,204.7,205.4,198.7,199.1,5933.2063
2025-04-03 15:00:00+02:00,199.0,204.9,198.2,203.4,5081.0994
2025-04-03 16:00:00+02:00,203.5,204.3,200.2,202.3,2303.0257
2025-04-03 17:00:00+02:00,202.0,207.1,201.9,206.5,2770.9352
2025-04-03 18:00:00+02:00,206.4,209.6,205.8,206.3,2287.637
2025-04-03 19:00:00+02:00,206.4,208.4,204.7,207.1,1985.837
2025-04-03 20:00:00+02:00,207.2,210.0,205.7,208.2,1386.1255
2025-04-03 21:00:00+02:00,208.2,209.3,205.9,206.9,1764.9185
2025-04-03 22:00:00+02:00,207.0,209.8,206.5,209.5,1053.5622
2025-04-03 23:00:00+02:00,209.5,212.9,209.2,212.4,820.7848
2025-04-04 00:00:00+02:00,212.5,214.1,211.6,213.2,877.4783
2025-04-04 01:00:00+02:00,213.5,216.0,211.9,215.5,810.1115
2025-04-04 02:00:00+02:00,215.9,218.5,214.0,214.8,2172.6223
2025-04-04 03:00:00+02:00,214.8,216.4,213.2,213.5,593.5669
2025-04-04 04:00:00+02:00,213.9,217.3,213.9,215.4,565.978
2025-04-04 05:00:00+02:00,215.5,216.5,214.3,215.2,582.1047
2025-04-04 06:00:00+02:00,215.1,215.7,213.3,214.3,622.8027
2025-04-04 07:00:00+02:00,214.4,217.2,213.4,217.0,816.4052
2025-04-04 08:00:00+02:00,217.0,217.9,216.0,216.3,509.0489
2025-04-04 09:00:00+02:00,216.2,218.9,216.1,218.5,1569.7539
2025-04-04 10:00:00+02:00,218.7,220.1,217.1,217.3,1905.4859
2025-04-04 11:00:00+02:00,217.3,217.5,215.3,216.7,806.2231
2025-04-04 12:00:00+02:00,216.7,217.1,208.6,208.6,3721.6543
2025-04-04 13:00:00+02:00,209.2,209.5,203.4,208.2,3215.9769
2025-04-04 14:00:00+02:00,208.2,210.8,205.7,209.5,3304.519
2025-04-04 15:00:00+02:00,209.6,212.7,206.8,211.6,6567.3753
2025-04-04 16:00:00+02:00,211.6,212.6,208.1,211.4,3650.116
2025-04-04 17:00:00+02:00,211.1,218.1,211.0,214.9,6874.9488
2025-04-04 18:00:00+02:00,215.0,217.3,214.1,216.0,2126.4573
2025-04-04 19:00:00+02:00,216.2,220.0,213.6,219.9,3824.5056
2025-04-04 20:00:00+02:00,220.1,221.9,217.4,219.1,3405.5021
2025-04-04 21:00:00+02:00,219.1,222.5,218.6,220.0,1878.6865
2025-04-04 22:00:00+02:00,220.1,222.0,218.4,221.0,1593.543
2025-04-04 23:00:00+02:00,221.0,222.1,219.9,221.0,1229.8471
2025-04-05 00:00:00+02:00,221.0,222.7,220.7,221.1,402.5798
2025-04-05 01:00:00+02:00,221.1,221.5,219.4,220.8,748.4938
2025-04-05 02:00:00+02:00,220.8,221.4,218.7,220.1,774.4734
2025-04-05 03:00:00+02:00,220.0,221.0,218.6,218.7,533.4652
2025-04-05 04:00:00+02:00,218.7,219.0,217.1,218.0,560.1825
2025-04-05 05:00:00+02:00,218.0,218.7,217.5,218.0,248.0396
2025-04-05 06:00:00+02:00,217.9,218.4,216.0,216.4,419.3253
2025-04-05 07:00:00+02:00,216.4,218.1,216.4,216.6,225.496
2025-04-05 08:00:00+02:00,216.5,217.5,215.4,216.6,1200.7636
2025-04-05 09:00:00+02:00,216.5,217.7,215.2,217.1,670.0212
2025-04-05 10:00:00+02:00,217.1,217.7,216.5,217.4,578.8533
2025-04-05 11:00:00+02:00,217.3,218.7,217.1,218.5,633.7815
2025-04-05 12:00:00+02:00,218.5,219.8,217.6,218.9,1274.7258
2025-04-05 13:00:00+02:00,218.7,219.1,217.4,217.7,335.0403
2025-04-05 14:00:00+02:00,217.6,218.5,215.9,218.0,629.6113
2025-04-05 15:00:00+02:00,218.0,218.4,213.9,215.1,1219.8588
2025-04-05 16:00:00+02:00,215.1,216.6,215.0,215.9,522.1219
2025-04-05 17:00:00+02:00,215.7,215.9,212.8,214.0,2123.3389
2025-04-05 18:00:00+02:00,214.0,216.3,214.0,215.6,642.1706
2025-04-05 19:00:00+02:00,215.4,218.2,215.1,217.2,424.0976
2025-04-05 20:00:00+02:00,217.4,218.9,217.3,218.6,1037.5053
2025-04-05 21:00:00+02:00,218.5,218.8,216.9,217.4,1054.0567
2025-04-05 22:00:00+02:00,217.6,218.3,216.3,218.1,409.8094
2025-04-05 23:00:00+02:00,218.1,219.9,217.9,218.1,1109.0755
2025-04-06 00:00:00+02:00,218.0,219.0,217.4,218.1,328.279
2025-04-06 01:00:00+02:00,218.1,220.6,217.9,219.6,496.5729
2025-04-06 02:00:00+02:00,219.6,219.8,217.7,218.4,456.1496
2025-04-06 03:00:00+02:00,218.3,219.6,218.3,218.7,249.2785
2025-04-06 04:00:00+02:00,218.8,219.2,217.7,217.7,236.5597
2025-04-06 05:00:00+02:00,217.7,217.8,216.5,217.5,373.3567
2025-04-06 06:00:00+02:00,217.6,218.0,216.3,217.8,333.8182
2025-04-06 07:00:00+02:00,217.9,219.4,217.5,218.3,763.1014
2025-04-06 08:00:00+02:00,218.2,218.5,215.9,216.0,454.5016
2025-04-06 09:00:00+02:00,216.0,216.2,214.8,215.2,1479.341
2025-04-06 10:00:00+02:00,215.2,216.5,213.8,216.3,1560.9742
2025-04-06 11:00:00+02:00,216.3,216.5,215.5,216.3,880.6888
2025-04-06 12:00:00+02:00,216.2,216.6,213.8,214.3,1612.1854
2025-04-06 13:00:00+02:00,214.5,215.0,212.1,214.0,625.0681
2025-04-06 14:00:00+02:00,213.9,214.2,211.6,211.7,922.3808
2025-04-06 15:00:00+02:00,211.7,212.2,207.4,207.7,2244.0211
2025-04-06 16:00:00+02:00,207.5,209.2,205.7,209.0,1628.8667
2025-04-06 17:00:00+02:00,208.9,209.7,207.7,208.3,895.9306
2025-04-06 18:00:00+02:00,208.2,208.5,203.0,203.3,3734.0484
2025-04-06 19:00:00+02:00,203.2,203.6,194.6,196.7,8527.0165
2025-04-06 20:00:00+02:00,196.5,196.9,185.1,187.7,13319.8075
2025-04-06 21:00:00+02:00,187.7,190.2,185.8,188.8,6416.7314
2025-04-06 22:00:00+02:00,188.8,190.1,180.1,183.4,8902.933
2025-04-06 23:00:00+02:00,183.6,185.9,181.7,183.6,3757.9954
2025-04-07 00:00:00+02:00,183.8,187.1,180.8,183.1,5239.8898
2025-04-07 01:00:00+02:00,182.9,185.2,177.4,183.5,6899.464
2025-04-07 02:00:00+02:00,183.6,184.5,181.2,184.0,3044.6909
2025-04-07 03:00:00+02:00,184.2,192.9,184.2,191.1,3751.9114
2025-04-07 04:00:00+02:00,190.9,191.7,186.4,187.0,1316.1629
2025-04-07 05:00:00+02:00,187.1,188.3,181.3,183.8,1562.7549
2025-04-07 06:00:00+02:00,183.9,187.1,182.2,185.0,1894.2806
2025-04-07 07:00:00+02:00,185.1,186.5,179.9,181.5,5058.0229
2025-04-07 08:00:00+02:00,181.6,184.0,167.6,170.1,10553.1353
2025-04-07 09:00:00+02:00,170.2,179.0,169.8,175.2,6234.0486
2025-04-07 10:00:00+02:00,175.0,185.4,174.1,184.2,5769.2327
2025-04-07 11:00:00+02:00,184.4,188.4,181.4,185.3,5056.0976
2025-04-07 12:00:00+02:00,185.3,189.6,184.6,185.3,2955.1864
2025-04-07 13:00:00+02:00,185.2,187.3,181.4,181.9,3449.742
2025-04-07 14:00:00+02:00,181.9,189.2,181.6,187.5,4953.1779
2025-04-07 15:00:00+02:00,187.2,196.5,182.3,194.7,6292.0366
2025-04-07 16:00:00+02:00,194.4,208.0,192.5,198.8,16801.904
2025-04-07 17:00:00+02:00,198.6,200.4,193.9,194.1,5443.8275
2025-04-07 18:00:00+02:00,194.0,194.3,188.9,189.7,1931.4152
2025-04-07 19:00:00+02:00,189.6,197.0,189.6,195.6,3522.3595
2025-04-07 20:00:00+02:00,195.7,195.8,192.4,193.7,2043.0351
2025-04-07 21:00:00+02:00,193.6,196.6,193.1,194.9,1572.7877
2025-04-07 22:00:00+02:00,194.8,202.2,194.8,201.4,2563.9369
2025-04-07 23:00:00+02:00,201.3,202.9,199.2,201.3,1666.2874
2025-04-08 00:00:00+02:00,201.3,207.8,201.0,205.3,1882.1211
2025-04-08 01:00:00+02:00,205.2,208.1,203.6,204.3,3269.9122
2025-04-08 02:00:00+02:00,204.5,207.4,204.1,205.7,1046.3439
2025-04-08 03:00:00+02:00,206.0,216.3,204.0,215.6,3773.5077
2025-04-08 04:00:00+02:00,215.5,217.2,213.7,216.9,3326.985
2025-04-08 05:00:00+02:00,216.8,217.7,213.4,214.1,1807.0006
2025-04-08 06:00:00+02:00,214.1,216.6,212.5,214.2,2413.4294
2025-04-08 07:00:00+02:00,214.1,214.7,210.1,211.8,2377.1906
2025-04-08 08:00:00+02:00,211.6,211.8,208.7,209.2,2679.4351
2025-04-08 09:00:00+02:00,209.2,210.2,207.2,208.8,2824.0675
2025-04-08 10:00:00+02:00,208.7,209.4,206.0,207.3,1790.1519
2025-04-08 11:00:00+02:00,207.2,207.7,204.6,205.0,2844.7718
2025-04-08 12:00:00+02:00,204.9,207.3,204.1,205.7,1269.6268
2025-04-08 13:00:00+02:00,205.9,215.3,205.7,212.9,4297.1222
2025-04-08 14:00:00+02:00,213.0,213.8,206.4,209.0,2877.3715
2025-04-08 15:00:00+02:00,208.9,212.3,207.4,210.8,5291.5027
2025-04-08 16:00:00+02:00,210.6,212.8,205.6,205.6,3140.0297
2025-04-08 17:00:00+02:00,205.8,207.1,204.2,206.4,2516.5029
2025-04-08 18:00:00+02:00,206.4,206.4,196.0,196.7,4111.994
2025-04-08 19:00:00+02:00,196.6,199.6,193.0,198.2,5892.151
2025-04-08 20:00:00+02:00,198.1,200.4,196.5,196.8,3040.9554
2025-04-08 21:00:00+02:00,196.8,198.7,193.3,197.3,3286.4048
2025-04-08 22:00:00+02:00,197.2,199.5,194.8,198.0,1138.6409
2025-04-08 23:00:00+02:00,198.2,199.0,196.0,197.5,1168.4683
2025-04-09 00:00:00+02:00,197.7,197.7,194.7,196.6,1398.0154
2025-04-09 01:00:00+02:00,196.5,197.3,194.1,195.2,666.4644
2025-04-09 02:00:00+02:00,195.0,198.0,193.6,195.3,1200.5001
2025-04-09 03:00:00+02:00,195.4,198.9,190.0,197.4,2686.7777
2025-04-09 04:00:00+02:00,197.3,201.4,195.5,195.6,1390.93
2025-04-09 05:00:00+02:00,195.6,196.6,193.2,193.9,1030.8154
2025-04-09 06:00:00+02:00,193.6,199.3,193.3,196.5,2247.7324
2025-04-09 07:00:00+02:00,196.7,199.8,195.5,197.1,1247.6963
2025-04-09 08:00:00+02:00,197.1,200.9,197.0,199.5,1651.3651
2025-04-09 09:00:00+02:00,199.4,204.8,199.4,203.3,3788.7226
2025-04-09 10:00:00+02:00,203.1,203.7,200.1,200.7,2249.4631
2025-04-09 11:00:00+02:00,200.8,201.5,199.6,200.2,1188.4088
2025-04-09 12:00:00+02:00,200.3,200.7,197.1,199.6,1690.3501
2025-04-09 13:00:00+02:00,199.5,199.7,193.1,194.1,3584.9515
2025-04-09 14:00:00+02:00,194.0,198.1,193.1,196.5,1797.7927
2025-04-09 15:00:00+02:00,196.6,202.4,196.4,201.7,4221.5843
2025-04-09 16:00:00+02:00,201.7,205.1,198.2,198.5,3915.037
2025-04-09 17:00:00+02:00,198.5,203.1,198.5,201.5,1873.9853
2025-04-09 18:00:00+02:00,201.5,206.8,201.0,206.7,1989.6094
2025-04-09 19:00:00+02:00,206.5,223.6,204.0,222.7,17861.8969
2025-04-09 20:00:00+02:00,222.3,232.9,218.7,223.0,13747.758
2025-04-09 21:00:00+02:00,222.9,230.8,222.9,227.9,3076.3712
2025-04-09 22:00:00+02:00,228.2,233.6,227.8,232.9,4800.3407
2025-04-09 23:00:00+02:00,233.0,234.0,229.9,230.9,2608.6027
2025-04-10 00:00:00+02:00,230.8,233.5,229.6,232.4,2258.96
2025-04-10 01:00:00+02:00,232.4,234.0,229.7,230.4,1155.2314
2025-04-10 02:00:00+02:00,230.3,231.7,226.5,229.0,2016.5045
2025-04-10 03:00:00+02:00,229.0,230.8,227.2,230.8,915.2507
2025-04-10 04:00:00+02:00,230.9,232.1,229.8,230.3,806.6536
2025-04-10 05:00:00+02:00,230.3,230.6,225.3,229.7,1239.0553
2025-04-10 06:00:00+02:00,229.8,231.4,226.9,231.3,924.9598
2025-04-10 07:00:00+02:00,231.2,236.2,230.4,234.4,2323.1291
2025-04-10 08:00:00+02:00,234.0,237.6,234.0,237.5,1696.8358
2025-04-10 09:00:00+02:00,237.5,240.8,233.2,236.2,6159.3996
2025-04-10 10:00:00+02:00,236.2,236.9,231.3,232.7,2784.3634
2025-04-10 11:00:00+02:00,232.5,236.8,232.3,233.3,1574.6077
2025-04-10 12:00:00+02:00,233.2,234.0,231.6,233.4,1266.5416
2025-04-10 13:00:00+02:00,233.4,234.0,231.2,233.4,2006.4316
2025-04-10 14:00:00+02:00,233.3,240.8,232.6,235.8,6874.8399
2025-04-10 15:00:00+02:00,236.0,240.6,233.7,235.7,5443.5931
2025-04-10 16:00:00+02:00,235.9,242.4,234.0,236.1,4513.7646
2025-04-10 17:00:00+02:00,236.1,237.7,227.0,228.9,7210.8111
2025-04-10 18:00:00+02:00,228.8,232.5,225.7,229.3,5884.119
2025-04-10 19:00:00+02:00,229.2,231.9,227.0,228.4,3126.9318
2025-04-10 20:00:00+02:00,228.4,230.5,227.3,230.0,1620.6587
2025-04-10 21:00:00+02:00,229.9,231.9,227.6,228.5,2703.9773
2025-04-10 22:00:00+02:00,228.3,231.9,227.5,231.9,693.4552
2025-04-10 23:00:00+02:00,231.9,233.6,228.0,228.7,1110.6825
2025-04-11 00:00:00+02:00,228.9,231.0,227.5,228.1,873.7407
2025-04-11 01:00:00+02:00,228.1,231.9,227.8,231.4,739.6822
2025-04-11 02:00:00+02:00,231.4,235.3,230.8,233.7,2268.3549
2025-04-11 03:00:00+02:00,233.9,237.3,233.3,236.6,2493.713
2025-04-11 04:00:00+02:00,236.5,240.9,234.2,234.9,2656.6062
2025-04-11 05:00:00+02:00,234.9,240.5,234.9,239.3,1367.7856
2025-04-11 06:00:00+02:00,239.6,242.1,237.3,240.4,1993.0652
2025-04-11 07:00:00+02:00,240.4,243.7,239.0,243.5,2120.3739
2025-04-11 08:00:00+02:00,243.8,247.5,242.5,244.3,4408.9707
2025-04-11 09:00:00+02:00,244.2,245.2,238.5,241.3,2264.0173
2025-04-11 10:00:00+02:00,241.3,242.3,235.9,236.8,3165.3779
2025-04-11 11:00:00+02:00,236.6,240.2,235.3,239.6,2236.2144
2025-04-11 12:00:00+02:00,239.6,241.5,237.2,238.1,2148.8029
2025-04-11 13:00:00+02:00,237.8,241.3,237.4,240.3,1686.2318
2025-04-11 14:00:00+02:00,240.3,247.4,240.3,246.2,3969.1212
2025-04-11 15:00:00+02:00,246.3,253.5,244.5,250.4,6028.0529
2025-04-11 16:00:00+02:00,250.3,250.3,242.6,243.5,4240.1619
2025-04-11 17:00:00+02:00,243.4,246.7,239.5,244.0,4452.1596
2025-04-11 18:00:00+02:00,244.1,247.8,241.6,247.1,2557.129
2025-04-11 19:00:00+02:00,247.0,254.5,245.5,252.6,4356.9925
2025-04-11 20:00:00+02:00,252.7,254.0,249.9,251.2,2375.4744
2025-04-11 21:00:00+02:00,251.1,253.4,250.5,252.3,974.5912
2025-04-11 22:00:00+02:00,252.2,258.2,251.1,257.3,2206.5635
2025-04-11 23:00:00+02:00,257.1,260.3,254.5,256.7,2122.5209
2025-04-12 00:00:00+02:00,256.7,257.0,247.2,247.9,1676.7711
2025-04-12 01:00:00+02:00,247.8,251.2,247.5,250.7,742.4666
2025-04-12 02:00:00+02:00,250.6,253.1,248.6,252.9,802.3977
2025-04-12 03:00:00+02:00,252.5,255.0,251.2,255.0,987.8687
2025-04-12 04:00:00+02:00,254.9,258.2,253.0,255.3,1276.1455
2025-04-12 05:00:00+02:00,255.3,259.5,255.2,256.3,1545.3267
2025-04-12 06:00:00+02:00,256.3,261.5,255.5,260.8,1671.3377
2025-04-12 07:00:00+02:00,261.0,261.3,255.8,258.1,1493.9303
2025-04-12 08:00:00+02:00,258.2,261.5,256.6,256.6,1606.0075
2025-04-12 09:00:00+02:00,256.6,257.8,254.0,254.6,1247.9686
2025-04-12 10:00:00+02:00,254.5,256.0,251.6,252.9,2056.643
2025-04-12 11:00:00+02:00,252.8,253.9,251.3,253.3,880.8923
2025-04-12 12:00:00+02:00,253.1,254.3,251.5,253.8,692.4146
2025-04-12 13:00:00+02:00,254.0,255.3,249.5,252.6,1025.3901
2025-04-12 14:00:00+02:00,252.6,255.1,249.9,254.6,1148.1773
2025-04-12 15:00:00+02:00,254.6,258.2,254.1,257.1,2786.0682
2025-04-12 16:00:00+02:00,256.9,261.8,255.4,259.3,3552.2491
2025-04-12 17:00:00+02:00,259.4,263.1,259.0,259.7,2302.373
2025-04-12 18:00:00+02:00,259.6,261.0,256.6,257.7,1334.4547
2025-04-12 19:00:00+02:00,257.8,258.9,255.0,256.3,1174.3641
2025-04-12 20:00:00+02:00,256.1,258.4,256.1,258.1,706.7855
2025-04-12 21:00:00+02:00,258.1,258.2,254.9,255.5,875.0696
2025-04-12 22:00:00+02:00,255.4,258.2,254.0,254.3,1585.8126
2025-04-12 23:00:00+02:00,254.0,256.0,253.7,255.3,593.6507
2025-04-13 00:00:00+02:00,255.3,257.8,254.5,254.8,868.1342
2025-04-13 01:00:00+02:00,255.0,255.6,253.4,253.8,902.615
2025-04-13 02:00:00+02:00,253.8,254.8,252.0,254.1,757.6899
2025-04-13 03:00:00+02:00,254.2,255.0,251.5,252.4,668.7888
2025-04-13 04:00:00+02:00,252.6,253.6,251.8,253.1,370.6522
2025-04-13 05:00:00+02:00,252.6,253.0,250.6,251.8,441.2207
2025-04-13 06:00:00+02:00,251.8,252.9,250.4,250.7,633.3383
2025-04-13 07:00:00+02:00,250.6,251.9,249.6,251.3,657.7376
2025-04-13 08:00:00+02:00,251.1,255.5,251.1,254.3,969.4211
2025-04-13 09:00:00+02:00,254.3,256.4,253.5,254.3,913.282
2025-04-13 10:00:00+02:00,254.2,254.5,251.6,252.4,1170.0422
2025-04-13 11:00:00+02:00,252.4,253.8,251.1,253.3,950.5219
2025-04-13 12:00:00+02:00,253.2,253.8,250.3,252.0,766.9536
2025-04-13 13:00:00+02:00,251.9,252.2,249.8,251.5,699.415
2025-04-13 14:00:00+02:00,251.4,252.6,250.5,251.0,532.3929
2025-04-13 15:00:00+02:00,251.1,252.6,244.1,244.9,3158.0975
2025-04-13 16:00:00+02:00,245.0,247.3,243.7,246.2,1615.4166
2025-04-13 17:00:00+02:00,246.0,246.1,244.1,245.4,1115.3368
2025-04-13 18:00:00+02:00,245.3,248.8,245.0,248.2,1628.8543
2025-04-13 19:00:00+02:00,248.2,253.4,247.7,251.0,2323.7299
2025-04-13 20:00:00+02:00,251.1,252.4,248.4,249.4,2452.7374
2025-04-13 21:00:00+02:00,249.5,249.8,241.2,243.6,3347.1283
2025-04-13 22:00:00+02:00,243.6,246.5,241.5,242.6,2348.0715
2025-04-13 23:00:00+02:00,242.7,242.8,237.1,240.0,2515.4149
2025-04-14 00:00:00+02:00,240.0,240.8,236.7,236.9,1178.3558
2025-04-14 01:00:00+02:00,236.9,240.7,236.2,240.0,942.9445
2025-04-14 02:00:00+02:00,240.0,246.4,239.0,241.3,2217.4229
2025-04-14 03:00:00+02:00,241.3,243.4,239.8,241.1,1237.003
2025-04-14 04:00:00+02:00,241.3,249.6,240.5,245.6,1659.7044
2025-04-14 05:00:00+02:00,245.6,245.8,242.8,243.2,936.1321
2025-04-14 06:00:00+02:00,243.5,248.0,243.3,247.0,1002.2321
2025-04-14 07:00:00+02:00,247.1,248.6,239.9,240.6,796.1955
2025-04-14 08:00:00+02:00,240.3,245.5,239.4,244.7,1283.6647
2025-04-14 09:00:00+02:00,244.6,245.3,242.3,243.1,929.327
2025-04-14 10:00:00+02:00,243.2,244.0,241.5,243.8,1145.9551
2025-04-14 11:00:00+02:00,243.7,244.8,240.8,242.4,2060.5531
2025-04-14 12:00:00+02:00,242.4,246.2,241.2,245.9,2172.0295
2025-04-14 13:00:00+02:00,246.1,247.7,244.7,245.9,1725.8618
2025-04-14 14:00:00+02:00,246.0,250.9,245.0,249.4,2164.725
2025-04-14 15:00:00+02:00,249.4,250.3,237.0,240.2,4416.5337
2025-04-14 16:00:00+02:00,240.3,249.1,239.7,246.6,4144.2405
2025-04-14 17:00:00+02:00,246.5,247.1,236.9,238.4,4323.7549
2025-04-14 18:00:00+02:00,238.7,240.7,237.2,237.3,2019.0084
2025-04-14 19:00:00+02:00,237.2,241.4,237.2,241.0,2063.3302
2025-04-14 20:00:00+02:00,240.8,243.0,240.6,242.7,1365.9622
2025-04-14 21:00:00+02:00,242.8,245.0,240.8,241.7,2016.8218
2025-04-14 22:00:00+02:00,241.7,241.8,235.7,239.1,2566.6825
2025-04-14 23:00:00+02:00,239.2,239.2,235.7,236.7,673.5811
2025-04-15 00:00:00+02:00,236.8,236.9,234.6,235.9,999.4307
2025-04-15 01:00:00+02:00,235.8,237.8,235.5,236.4,896.1043
2025-04-15 02:00:00+02:00,236.6,239.3,234.8,238.7,1038.0594
2025-04-15 03:00:00+02:00,238.7,238.8,235.3,237.1,1509.8818
2025-04-15 04:00:00+02:00,237.2,238.9,235.5,237.4,1308.3536
2025-04-15 05:00:00+02:00,237.6,243.3,237.1,241.5,2504.9939
2025-04-15 06:00:00+02:00,241.3,241.5,236.2,238.3,1218.516
2025-04-15 07:00:00+02:00,238.4,240.0,237.4,238.1,905.2588
2025-04-15 08:00:00+02:00,238.0,238.2,235.7,236.7,2733.7887
2025-04-15 09:00:00+02:00,236.6,239.2,236.6,238.4,1434.1727
2025-04-15 10:00:00+02:00,238.3,238.8,237.3,238.2,890.8937
2025-04-15 11:00:00+02:00,238.2,241.3,237.7,240.9,1175.0393
2025-04-15 12:00:00+02:00,240.9,241.1,237.5,238.6,1211.9359
2025-04-15 13:00:00+02:00,238.5,239.6,237.4,239.3,1819.1133
2025-04-15 14:00:00+02:00,239.3,240.4,236.2,237.7,2235.2799
2025-04-15 15:00:00+02:00,237.7,243.5,236.4,239.0,3477.4516
2025-04-15 16:00:00+02:00,238.9,240.0,234.7,236.1,3815.933
2025-04-15 17:00:00+02:00,236.0,238.8,234.7,236.5,2152.4419
2025-04-15 18:00:00+02:00,236.4,237.9,235.7,236.4,1510.4276
2025-04-15 19:00:00+02:00,236.4,236.9,231.3,231.7,2039.2941
2025-04-15 20:00:00+02:00,231.5,232.1,229.4,230.6,2428.2496
2025-04-15 21:00:00+02:00,230.5,231.6,229.7,231.5,1509.593
2025-04-15 22:00:00+02:00,231.4,232.6,229.7,230.8,1233.9437
2025-04-15 23:00:00+02:00,230.8,234.8,230.7,232.2,1330.9368
2025-04-16 00:00:00+02:00,232.2,232.3,230.4,231.5,856.5407
2025-04-16 01:00:00+02:00,231.4,232.5,230.3,230.6,935.6019
2025-04-16 02:00:00+02:00,230.5,232.2,228.9,230.3,1281.868
2025-04-16 03:00:00+02:00,230.2,233.5,229.8,233.4,698.8048
2025-04-16 04:00:00+02:00,233.5,234.8,232.4,233.4,668.0243
2025-04-16 05:00:00+02:00,233.5,235.1,232.9,234.1,859.0864
2025-04-16 06:00:00+02:00,234.1,234.7,232.0,233.6,906.1779
2025-04-16 07:00:00+02:00,233.6,235.9,232.8,233.2,2137.1212
2025-04-16 08:00:00+02:00,233.0,235.2,232.2,234.2,849.2021
2025-04-16 09:00:00+02:00,234.3,234.5,229.1,229.6,1158.6407
2025-04-16 10:00:00+02:00,229.5,232.3,227.8,229.9,3238.018
2025-04-16 11:00:00+02:00,230.1,231.1,227.8,227.8,858.5999
2025-04-16 12:00:00+02:00,227.8,231.4,227.7,230.5,1310.4799
2025-04-16 13:00:00+02:00,230.5,230.8,228.3,230.2,1574.4363
2025-04-16 14:00:00+02:00,230.1,232.9,229.5,229.9,1104.7865
2025-04-16 15:00:00+02:00,229.8,232.1,229.1,229.7,1095.9289
2025-04-16 16:00:00+02:00,229.7,235.4,229.4,233.4,1981.1796
2025-04-16 17:00:00+02:00,233.6,237.0,232.3,232.9,1773.3075
2025-04-16 18:00:00+02:00,233.2,234.7,230.1,232.7,1133.0902
2025-04-16 19:00:00+02:00,232.6,235.8,222.6,223.0,6579.4645
2025-04-16 20:00:00+02:00,223.0,231.9,223.0,229.4,5590.4751
2025-04-16 21:00:00+02:00,229.6,233.4,227.2,232.5,2558.073
2025-04-16 22:00:00+02:00,232.1,233.4,228.4,228.8,1611.9712
2025-04-16 23:00:00+02:00,228.9,232.4,228.4,231.7,1080.1822
2025-04-17 00:00:00+02:00,231.6,232.9,230.6,232.6,474.6474
2025-04-17 01:00:00+02:00,232.5,232.5,229.7,230.3,494.6743
2025-04-17 02:00:00+02:00,230.3,232.7,230.1,232.7,481.599
2025-04-17 03:00:00+02:00,232.7,234.5,231.6,232.6,427.7035
2025-04-17 04:00:00+02:00,232.6,232.6,229.7,230.4,171.9591
2025-04-17 05:00:00+02:00,230.8,231.5,229.5,231.0,166.0894
2025-04-17 06:00:00+02:00,230.9,231.3,228.1,230.1,440.8303
2025-04-17 07:00:00+02:00,230.0,230.8,228.6,229.3,1136.878
2025-04-17 08:00:00+02:00,229.3,233.6,228.8,232.7,1178.0081
2025-04-17 09:00:00+02:00,232.7,235.0,231.7,234.4,948.8505
2025-04-17 10:00:00+02:00,234.5,235.7,231.5,232.0,1007.0166
2025-04-17 11:00:00+02:00,232.1,234.1,231.7,234.0,1028.4574
2025-04-17 12:00:00+02:00,233.9,234.2,231.4,232.2,793.448
2025-04-17 13:00:00+02:00,232.3,233.0,231.1,232.0,662.043
2025-04-17 14:00:00+02:00,232.0,233.5,231.5,233.0,1045.3711
2025-04-17 15:00:00+02:00,232.8,236.7,231.6,234.3,2499.7243
2025-04-17 16:00:00+02:00,234.1,234.7,230.1,233.4,1609.2131
2025-04-17 17:00:00+02:00,233.5,241.3,233.4,240.2,3543.5749
2025-04-17 18:00:00+02:00,240.1,245.6,238.3,243.6,3619.2998
2025-04-17 19:00:00+02:00,243.6,249.0,242.5,247.5,2743.497
2025-04-17 20:00:00+02:00,247.6,250.0,245.0,245.0,2470.6115
2025-04-17 21:00:00+02:00,245.0,245.4,241.4,245.1,2195.4725
2025-04-17 22:00:00+02:00,244.9,248.0,244.4,247.5,1649.0826
2025-04-17 23:00:00+02:00,248.0,250.6,246.9,249.7,1260.9457
2025-04-18 00:00:00+02:00,249.6,250.6,246.4,246.4,886.5869
2025-04-18 01:00:00+02:00,246.4,249.3,246.4,247.8,510.2186
2025-04-18 02:00:00+02:00,248.0,249.7,247.4,248.1,379.2521
2025-04-18 03:00:00+02:00,248.1,255.1,247.9,254.9,1249.8782
2025-04-18 04:00:00+02:00,255.0,259.8,253.7,257.9,1626.6109
2025-04-18 05:00:00+02:00,257.8,258.2,255.0,257.0,497.1563
2025-04-18 06:00:00+02:00,256.4,258.7,255.1,257.5,1119.0418
2025-04-18 07:00:00+02:00,257.3,257.6,253.1,254.1,1267.0027
2025-04-18 08:00:00+02:00,254.1,256.2,252.5,256.0,898.5455
2025-04-18 09:00:00+02:00,256.1,261.9,253.1,259.3,2037.7973
2025-04-18 10:00:00+02:00,259.4,261.0,256.0,256.8,1804.1669
2025-04-18 11:00:00+02:00,256.8,259.8,255.9,258.8,1138.6955
2025-04-18 12:00:00+02:00,258.7,259.9,256.4,257.4,956.077
2025-04-18 13:00:00+02:00,257.4,262.2,257.4,260.7,1443.2819
2025-04-18 14:00:00+02:00,260.7,266.9,260.5,264.2,2921.6556
2025-04-18 15:00:00+02:00,264.2,266.1,261.0,265.5,2247.7822
2025-04-18 16:00:00+02:00,265.5,267.3,262.9,263.4,4102.0801
2025-04-18 17:00:00+02:00,263.7,263.7,258.1,260.3,3810.4373
2025-04-18 18:00:00+02:00,260.7,261.6,258.6,259.4,1150.3079
2025-04-18 19:00:00+02:00,259.3,264.6,258.4,264.5,1293.6446
2025-04-18 20:00:00+02:00,264.4,264.7,262.6,264.4,817.8739
2025-04-18 21:00:00+02:00,264.5,269.5,264.2,267.7,1859.0246
2025-04-18 22:00:00+02:00,267.6,271.6,267.0,271.6,1995.6615
2025-04-18 23:00:00+02:00,271.6,271.7,268.7,269.6,1804.4485
2025-04-19 00:00:00+02:00,269.9,275.4,269.1,274.7,2680.4681
2025-04-19 01:00:00+02:00,274.6,274.9,268.9,274.5,1711.21
2025-04-19 02:00:00+02:00,274.5,276.2,270.0,271.4,1457.6277
2025-04-19 03:00:00+02:00,271.6,275.4,270.1,272.0,1755.1665
2025-04-19 04:00:00+02:00,272.3,273.6,269.7,272.2,867.6832
2025-04-19 05:00:00+02:00,272.2,275.5,272.2,273.2,930.5909
2025-04-19 06:00:00+02:00,273.2,278.4,272.3,274.9,1477.8341
2025-04-19 07:00:00+02:00,274.9,276.5,270.3,275.4,1733.624
2025-04-19 08:00:00+02:00,275.5,275.5,273.3,275.3,596.8558
2025-04-19 09:00:00+02:00,275.3,279.8,275.0,279.2,1606.3976
2025-04-19 10:00:00+02:00,279.1,289.4,278.7,282.5,5110.8234
2025-04-19 11:00:00+02:00,282.9,286.1,279.6,281.0,3076.441
2025-04-19 12:00:00+02:00,281.2,281.9,273.4,275.9,2101.2194
2025-04-19 13:00:00+02:00,275.8,276.8,273.3,276.0,1737.3106
2025-04-19 14:00:00+02:00,276.0,276.8,272.6,272.7,1512.2081
2025-04-19 15:00:00+02:00,272.6,277.1,271.4,276.3,1614.1734
2025-04-19 16:00:00+02:00,276.4,279.7,274.8,278.6,1444.0811
2025-04-19 17:00:00+02:00,278.7,280.0,272.6,274.1,3129.7692
2025-04-19 18:00:00+02:00,274.2,275.5,273.3,274.1,1286.8588
2025-04-19 19:00:00+02:00,274.1,280.0,274.0,279.2,1699.9966
2025-04-19 20:00:00+02:00,279.2,282.0,277.2,281.0,1484.5797
2025-04-19 21:00:00+02:00,281.0,286.3,280.6,283.2,2862.0612
2025-04-19 22:00:00+02:00,283.2,286.1,279.9,284.4,1467.7097
2025-04-19 23:00:00+02:00,284.3,291.0,284.3,289.6,1797.2326
2025-04-20 00:00:00+02:00,289.1,293.2,286.9,292.3,1953.9329
2025-04-20 01:00:00+02:00,292.3,299.2,289.9,290.0,4180.5153
2025-04-20 02:00:00+02:00,290.4,294.6,288.5,291.7,1758.5591
2025-04-20 03:00:00+02:00,291.9,298.0,291.4,297.7,2161.7648
2025-04-20 04:00:00+02:00,297.8,298.9,292.5,295.8,1223.5831
2025-04-20 05:00:00+02:00,295.7,299.4,294.2,299.1,1275.7215
2025-04-20 06:00:00+02:00,299.1,299.3,295.5,297.9,1861.8266
2025-04-20 07:00:00+02:00,297.7,304.5,295.4,303.8,2235.0202
2025-04-20 08:00:00+02:00,303.5,309.7,302.4,305.7,5407.2643
2025-04-20 09:00:00+02:00,305.8,308.0,300.2,307.6,3588.5031
2025-04-20 10:00:00+02:00,307.8,309.2,302.4,303.4,2560.6712
2025-04-20 11:00:00+02:00,303.4,309.5,302.7,309.1,1816.6937
2025-04-20 12:00:00+02:00,309.2,311.9,301.4,302.3,3250.8189
2025-04-20 13:00:00+02:00,302.3,303.3,290.0,298.1,5304.4353
2025-04-20 14:00:00+02:00,297.9,303.8,296.2,298.8,3507.6414
2025-04-20 15:00:00+02:00,298.7,299.5,295.7,298.4,1838.6036
2025-04-20 16:00:00+02:00,298.3,306.9,296.6,304.5,4609.6578
2025-04-20 17:00:00+02:00,304.4,305.6,300.4,301.7,3223.745
2025-04-20 18:00:00+02:00,301.6,311.5,299.8,311.5,4311.835
2025-04-20 19:00:00+02:00,311.4,314.8,308.0,310.4,3960.8188
2025-04-20 20:00:00+02:00,310.2,319.3,309.4,318.3,3939.8198
2025-04-20 21:00:00+02:00,318.3,318.9,313.6,317.9,3078.271
2025-04-20 22:00:00+02:00,317.9,325.4,315.6,322.5,4224.5461
2025-04-20 23:00:00+02:00,322.5,324.0,317.4,321.7,2621.5315
2025-04-21 00:00:00+02:00,321.7,322.0,314.7,318.4,2458.2844
2025-04-21 01:00:00+02:00,318.5,319.5,315.5,315.5,1082.8679
2025-04-21 02:00:00+02:00,315.6,329.5,314.9,326.2,4955.3748
2025-04-21 03:00:00+02:00,326.4,340.0,326.3,333.3,5543.458
2025-04-21 04:00:00+02:00,333.5,335.8,315.7,316.4,3319.5013
2025-04-21 05:00:00+02:00,316.6,322.9,316.5,317.6,1461.1111
2025-04-21 06:00:00+02:00,317.7,325.3,317.6,324.8,2908.1478
2025-04-21 07:00:00+02:00,324.7,333.1,322.5,324.4,3219.3276
2025-04-21 08:00:00+02:00,324.5,332.3,323.5,328.2,2196.9231
2025-04-21 09:00:00+02:00,328.1,329.2,321.6,323.2,2608.4531
2025-04-21 10:00:00+02:00,323.2,325.6,320.2,320.7,1701.8208
2025-04-21 11:00:00+02:00,320.7,321.3,317.1,319.5,2275.6595
2025-04-21 12:00:00+02:00,319.8,322.4,316.7,317.7,2775.9019
2025-04-21 13:00:00+02:00,317.7,317.7,306.5,310.8,5777.6211
2025-04-21 14:00:00+02:00,310.9,313.3,307.5,309.5,2358.7803
2025-04-21 15:00:00+02:00,309.4,313.6,308.4,310.4,2580.6649
2025-04-21 16:00:00+02:00,310.3,317.6,310.0,314.7,4171.1112
2025-04-21 17:00:00+02:00,314.4,316.9,309.4,311.8,2858.3441
2025-04-21 18:00:00+02:00,311.8,314.4,307.9,308.1,3239.3898
2025-04-21 19:00:00+02:00,308.7,309.2,299.5,303.7,5583.4065
2025-04-21 20:00:00+02:00,303.6,307.6,302.3,306.0,2235.2083
2025-04-21 21:00:00+02:00,306.0,316.0,305.7,315.0,3730.3902
2025-04-21 22:00:00+02:00,315.0,317.2,311.0,311.4,2114.9222
2025-04-21 23:00:00+02:00,311.3,312.7,308.9,312.0,1499.5502
2025-04-22 00:00:00+02:00,311.6,312.6,309.9,310.9,531.6832
2025-04-22 01:00:00+02:00,310.8,315.9,309.8,313.8,1009.7336
2025-04-22 02:00:00+02:00,314.0,315.8,309.2,310.9,1845.9465
2025-04-22 03:00:00+02:00,311.0,324.7,310.2,324.2,2593.7197
2025-04-22 04:00:00+02:00,324.3,326.6,313.6,320.3,1912.5203
2025-04-22 05:00:00+02:00,320.3,321.4,316.0,318.2,908.0997
2025-04-22 06:00:00+02:00,318.0,318.5,311.6,312.6,1063.3589
2025-04-22 07:00:00+02:00,312.5,320.8,311.7,319.1,1413.0914
2025-04-22 08:00:00+02:00,319.2,320.9,316.6,320.6,1422.6269
2025-04-22 09:00:00+02:00,320.7,326.3,320.5,325.1,3225.5314
2025-04-22 10:00:00+02:00,325.0,330.0,323.9,325.0,2607.3953
2025-04-22 11:00:00+02:00,325.1,328.5,324.0,326.7,858.4748
2025-04-22 12:00:00+02:00,326.6,327.3,324.3,327.0,805.0641
2025-04-22 13:00:00+02:00,327.1,332.5,327.0,329.4,2236.4344
2025-04-22 14:00:00+02:00,329.5,340.3,328.6,338.8,3763.2741
2025-04-22 15:00:00+02:00,339.0,345.0,333.3,338.6,5518.6879
2025-04-22 16:00:00+02:00,338.4,348.4,334.9,346.2,6032.3162
2025-04-22 17:00:00+02:00,346.1,349.3,334.3,338.7,6461.3492
2025-04-22 18:00:00+02:00,338.6,345.5,337.9,342.4,4069.8843
2025-04-22 19:00:00+02:00,342.4,345.9,338.4,345.4,3069.8336
2025-04-22 20:00:00+02:00,345.4,351.0,344.2,346.8,4282.3773
2025-04-22 21:00:00+02:00,346.9,347.0,334.8,337.4,6851.5766
2025-04-22 22:00:00+02:00,337.6,338.0,331.5,332.9,3405.6222
2025-04-22 23:00:00+02:00,333.0,344.2,331.5,338.6,3647.6092
2025-04-23 00:00:00+02:00,338.6,339.7,331.0,335.0,1970.3818
2025-04-23 01:00:00+02:00,335.1,339.2,333.1,338.4,2301.2301
2025-04-23 02:00:00+02:00,338.4,342.0,333.7,335.5,2921.339
2025-04-23 03:00:00+02:00,335.7,338.7,332.5,333.0,1351.326
2025-04-23 04:00:00+02:00,332.7,337.8,331.9,333.9,1218.3989
2025-04-23 05:00:00+02:00,333.8,335.9,330.7,334.8,1371.9278
2025-04-23 06:00:00+02:00,334.8,341.7,334.1,341.2,2105.8539
2025-04-23 07:00:00+02:00,341.1,341.5,334.5,335.5,1479.3481
2025-04-23 08:00:00+02:00,335.2,339.7,333.0,337.3,2170.1673
2025-04-23 09:00:00+02:00,337.7,338.5,328.5,334.6,3426.7381
2025-04-23 10:00:00+02:00,334.5,337.2,332.0,335.5,2826.3174
2025-04-23 11:00:00+02:00,335.6,338.4,333.4,334.7,1342.9713
2025-04-23 12:00:00+02:00,334.7,336.7,330.5,336.3,3509.8855
2025-04-23 13:00:00+02:00,336.2,336.7,332.3,333.0,1811.174
2025-04-23 14:00:00+02:00,333.0,337.8,331.9,337.4,1067.2388
2025-04-23 15:00:00+02:00,337.4,341.1,326.1,328.4,4995.3738
2025-04-23 16:00:00+02:00,328.8,334.5,327.0,330.6,2673.0409
2025-04-23 17:00:00+02:00,330.3,332.4,323.1,331.6,3173.3682
2025-04-23 18:00:00+02:00,331.8,334.5,328.9,334.0,2609.563
2025-04-23 19:00:00+02:00,334.0,344.6,332.7,344.0,3622.9778
2025-04-23 20:00:00+02:00,343.9,348.3,340.6,345.6,3876.3271
2025-04-23 21:00:00+02:00,345.8,350.0,338.2,340.0,2726.399
2025-04-23 22:00:00+02:00,339.9,344.6,339.9,343.8,1368.2105
2025-04-23 23:00:00+02:00,343.8,346.6,340.4,341.2,993.1803
2025-04-24 00:00:00+02:00,341.3,343.7,338.7,339.6,447.108
2025-04-24 01:00:00+02:00,339.6,344.1,335.7,336.4,1692.7135
2025-04-24 02:00:00+02:00,336.2,342.7,335.6,339.6,1582.2209
2025-04-24 03:00:00+02:00,339.7,341.9,336.7,338.6,553.1528
2025-04-24 04:00:00+02:00,338.6,341.0,334.5,334.7,800.4809
2025-04-24 05:00:00+02:00,334.9,339.6,332.9,333.8,750.5779
2025-04-24 06:00:00+02:00,333.6,341.4,332.4,340.2,1526.2668
2025-04-24 07:00:00+02:00,340.5,344.5,339.3,344.3,972.4756
2025-04-24 08:00:00+02:00,344.3,345.6,335.8,336.7,1363.3072
2025-04-24 09:00:00+02:00,336.9,339.4,334.7,336.4,1747.6321
2025-04-24 10:00:00+02:00,336.7,337.5,325.2,328.4,2865.3799
2025-04-24 11:00:00+02:00,328.5,332.0,328.4,330.4,1395.6424
2025-04-24 12:00:00+02:00,330.2,331.4,327.7,330.1,889.2446
2025-04-24 13:00:00+02:00,330.1,330.1,325.9,329.6,1596.9875
2025-04-24 14:00:00+02:00,329.5,336.2,327.9,335.8,1749.9874
2025-04-24 15:00:00+02:00,335.8,338.7,333.3,336.9,2170.7869
2025-04-24 16:00:00+02:00,336.8,345.0,336.3,344.8,5148.1933
2025-04-24 17:00:00+02:00,344.5,355.1,341.8,353.7,5095.3718
2025-04-24 18:00:00+02:00,353.8,364.0,353.7,359.9,5006.0475
2025-04-24 19:00:00+02:00,359.9,360.3,345.9,349.5,4655.5112
2025-04-24 20:00:00+02:00,349.5,359.9,349.5,359.3,3655.8739
2025-04-24 21:00:00+02:00,359.2,359.7,352.4,357.7,2788.9268
2025-04-24 22:00:00+02:00,357.6,360.4,356.3,357.4,1510.6024
2025-04-24 23:00:00+02:00,357.0,357.4,352.2,353.1,1056.5407
2025-04-25 00:00:00+02:00,353.1,355.6,350.9,354.4,654.2503
2025-04-25 01:00:00+02:00,354.3,359.9,352.3,358.2,1204.0563
2025-04-25 02:00:00+02:00,357.8,361.6,352.4,359.5,1899.2391
2025-04-25 03:00:00+02:00,359.6,367.3,354.6,356.3,1633.2837
2025-04-25 04:00:00+02:00,356.4,360.7,352.1,353.5,1617.3982
2025-04-25 05:00:00+02:00,353.6,361.4,351.6,356.4,1285.4416
2025-04-25 06:00:00+02:00,356.4,360.8,348.6,351.7,2816.3492
2025-04-25 07:00:00+02:00,351.2,354.3,348.6,351.4,1256.7902
2025-04-25 08:00:00+02:00,351.6,358.9,350.2,357.1,1530.2379
2025-04-25 09:00:00+02:00,357.2,360.0,353.9,358.7,1803.3568
2025-04-25 10:00:00+02:00,358.7,359.9,355.4,358.2,852.0689
2025-04-25 11:00:00+02:00,357.8,367.8,357.7,367.5,2639.5112
2025-04-25 12:00:00+02:00,367.3,369.5,362.3,368.3,2831.0832
2025-04-25 13:00:00+02:00,368.4,369.2,363.7,368.2,1819.0954
2025-04-25 14:00:00+02:00,368.2,375.3,362.8,363.7,5766.318
2025-04-25 15:00:00+02:00,363.9,369.2,361.4,368.5,2375.0554
2025-04-25 16:00:00+02:00,368.4,373.6,364.2,366.3,2781.2017
2025-04-25 17:00:00+02:00,366.5,370.2,362.6,364.2,2270.897
2025-04-25 18:00:00+02:00,364.2,367.8,360.0,364.4,1798.8275
2025-04-25 19:00:00+02:00,364.3,364.3,351.4,352.8,2464.2185
2025-04-25 20:00:00+02:00,353.1,359.7,353.1,355.6,1446.9364
2025-04-25 21:00:00+02:00,355.7,358.8,353.7,357.6,953.8189
2025-04-25 22:00:00+02:00,357.5,360.5,356.3,359.6,915.4068
2025-04-25 23:00:00+02:00,359.4,361.0,353.9,355.9,564.1532
2025-04-26 00:00:00+02:00,355.5,358.2,354.5,355.2,588.5231
2025-04-26 01:00:00+02:00,355.0,355.7,352.7,354.1,490.7029
2025-04-26 02:00:00+02:00,354.4,357.4,353.9,356.8,395.1745
2025-04-26 03:00:00+02:00,356.7,359.4,354.3,357.8,587.3806
2025-04-26 04:00:00+02:00,357.6,359.5,355.6,356.1,495.6477
2025-04-26 05:00:00+02:00,356.2,356.6,351.6,352.8,1019.8453
2025-04-26 06:00:00+02:00,352.7,354.2,348.7,349.7,993.0501
2025-04-26 07:00:00+02:00,349.5,352.2,347.1,348.9,1026.6739
2025-04-26 08:00:00+02:00,349.0,351.5,347.9,350.3,577.47
2025-04-26 09:00:00+02:00,350.2,352.1,347.4,348.3,1231.7213
2025-04-26 10:00:00+02:00,348.3,352.4,343.4,345.3,1566.0902
2025-04-26 11:00:00+02:00,345.4,346.5,340.4,344.4,1735.6138
2025-04-26 12:00:00+02:00,344.2,348.4,343.8,346.4,604.1306
2025-04-26 13:00:00+02:00,346.4,347.0,341.5,342.9,835.5027
2025-04-26 14:00:00+02:00,343.1,344.7,342.4,343.3,723.0422
2025-04-26 15:00:00+02:00,343.1,344.6,338.5,340.5,1027.9675
2025-04-26 16:00:00+02:00,340.4,343.5,337.8,341.9,1313.8593
2025-04-26 17:00:00+02:00,341.9,348.4,341.7,347.6,1297.4
2025-04-26 18:00:00+02:00,347.7,348.6,342.9,344.0,1150.0911
2025-04-26 19:00:00+02:00,344.0,347.0,343.3,343.9,440.8105
2025-04-26 20:00:00+02:00,343.8,345.0,343.0,344.9,263.2534
2025-04-26 21:00:00+02:00,344.6,348.8,344.5,348.4,611.35
2025-04-26 22:00:00+02:00,348.5,353.1,346.8,348.0,1708.689
2025-04-26 23:00:00+02:00,348.1,351.1,347.9,349.7,1521.5998
2025-04-27 00:00:00+02:00,349.7,350.7,347.5,349.9,569.868
2025-04-27 01:00:00+02:00,349.7,351.6,348.5,349.4,213.8763
2025-04-27 02:00:00+02:00,349.6,353.2,346.8,349.8,499.9493
2025-04-27 03:00:00+02:00,349.6,352.5,341.0,341.7,1097.5257
2025-04-27 04:00:00+02:00,341.7,346.9,340.8,346.2,428.5698
2025-04-27 05:00:00+02:00,346.3,347.0,343.0,346.4,468.0194
2025-04-27 06:00:00+02:00,346.4,348.6,344.9,346.6,469.7763
2025-04-27 07:00:00+02:00,346.3,351.9,346.1,351.9,1115.3446
2025-04-27 08:00:00+02:00,351.9,357.2,351.4,353.1,1624.8541
2025-04-27 09:00:00+02:00,353.1,354.6,348.5,351.4,676.3064
2025-04-27 10:00:00+02:00,351.5,356.4,350.8,354.2,1055.5659
2025-04-27 11:00:00+02:00,354.0,355.1,349.0,350.2,892.3948
2025-04-27 12:00:00+02:00,350.2,351.1,346.0,348.0,562.7613
2025-04-27 13:00:00+02:00,347.8,350.3,347.0,348.0,760.6339
2025-04-27 14:00:00+02:00,347.9,353.1,347.6,349.6,1339.1547
2025-04-27 15:00:00+02:00,349.3,353.2,346.3,352.5,1050.7118
2025-04-27 16:00:00+02:00,352.6,355.9,351.4,352.5,1067.3793
2025-04-27 17:00:00+02:00,352.5,353.2,349.4,349.5,1157.1443
2025-04-27 18:00:00+02:00,349.5,352.3,348.1,351.5,686.4797
2025-04-27 19:00:00+02:00,351.4,353.5,348.0,349.6,1046.0478
2025-04-27 20:00:00+02:00,349.6,351.4,346.2,350.3,1111.1999
2025-04-27 21:00:00+02:00,350.4,356.3,350.4,354.6,1200.7514
2025-04-27 22:00:00+02:00,354.7,357.4,352.3,355.7,1207.9829
2025-04-27 23:00:00+02:00,355.7,363.1,355.6,362.4,1766.6745
2025-04-28 00:00:00+02:00,362.2,364.3,357.9,360.6,1395.5181
2025-04-28 01:00:00+02:00,360.4,364.9,359.2,360.6,1100.1605
2025-04-28 02:00:00+02:00,360.7,362.0,354.6,355.6,1161.5952
2025-04-28 03:00:00+02:00,355.3,356.9,345.6,345.6,1656.4395
2025-04-28 04:00:00+02:00,345.5,353.8,345.3,353.4,726.1814
2025-04-28 05:00:00+02:00,353.4,359.2,351.6,355.4,922.5979
2025-04-28 06:00:00+02:00,355.4,357.0,352.5,355.6,565.1432
2025-04-28 07:00:00+02:00,355.5,363.3,355.2,363.1,1090.1588
2025-04-28 08:00:00+02:00,363.1,375.3,363.1,372.0,3171.1524
2025-04-28 09:00:00+02:00,372.0,378.9,371.6,378.9,2906.6105
2025-04-28 10:00:00+02:00,378.9,385.3,376.6,381.6,3767.4552
2025-04-28 11:00:00+02:00,382.2,389.5,379.0,381.9,2519.9904
2025-04-28 12:00:00+02:00,381.8,382.4,369.1,372.6,3480.5957
2025-04-28 13:00:00+02:00,372.3,377.1,369.7,373.6,1069.7606
2025-04-28 14:00:00+02:00,373.8,380.5,370.4,378.3,1419.948
2025-04-28 15:00:00+02:00,378.0,383.7,374.1,374.1,2324.8447
2025-04-28 16:00:00+02:00,374.2,382.2,369.2,369.8,2088.4178
2025-04-28 17:00:00+02:00,370.1,371.5,359.3,362.4,5395.1116
2025-04-28 18:00:00+02:00,362.3,367.5,358.8,366.0,2208.5333
2025-04-28 19:00:00+02:00,366.1,372.3,363.8,371.0,1180.2518
2025-04-28 20:00:00+02:00,371.0,375.6,366.6,374.1,1358.1572
2025-04-28 21:00:00+02:00,373.9,377.6,372.5,376.6,1467.4404
2025-04-28 22:00:00+02:00,376.4,379.3,373.9,374.3,1361.5385
2025-04-28 23:00:00+02:00,374.3,374.7,369.6,373.4,1021.3669
2025-04-29 00:00:00+02:00,372.7,382.1,371.4,379.3,1218.3961
2025-04-29 01:00:00+02:00,379.2,383.0,376.7,378.1,910.7241
2025-04-29 02:00:00+02:00,378.4,379.3,374.8,375.6,615.7497
2025-04-29 03:00:00+02:00,375.4,382.4,371.7,377.7,889.5034
2025-04-29 04:00:00+02:00,377.6,385.0,375.9,380.7,833.4077
2025-04-29 05:00:00+02:00,380.6,386.2,379.6,383.2,1030.2209
2025-04-29 06:00:00+02:00,383.3,383.6,370.6,371.4,1072.9503
2025-04-29 07:00:00+02:00,371.2,376.6,370.9,373.7,1625.0485
2025-04-29 08:00:00+02:00,373.4,385.4,373.1,381.7,2467.7648
2025-04-29 09:00:00+02:00,381.1,384.3,379.5,382.5,759.3345
2025-04-29 10:00:00+02:00,382.3,384.9,378.3,381.8,988.8285
2025-04-29 11:00:00+02:00,381.7,384.3,380.9,383.3,658.032
2025-04-29 12:00:00+02:00,383.2,383.2,376.8,376.8,611.3474
2025-04-29 13:00:00+02:00,376.7,381.5,375.4,380.0,1041.8911
2025-04-29 14:00:00+02:00,379.7,382.3,373.3,373.9,1123.1707
2025-04-29 15:00:00+02:00,373.7,377.4,371.3,376.3,1321.0853
2025-04-29 16:00:00+02:00,376.2,379.4,373.0,376.5,1088.7156
2025-04-29 17:00:00+02:00,376.4,377.5,369.7,370.4,1244.0602
2025-04-29 18:00:00+02:00,370.4,374.7,368.4,371.0,1255.6603
2025-04-29 19:00:00+02:00,371.0,373.9,368.4,370.6,1334.4315
2025-04-29 20:00:00+02:00,370.7,373.4,369.5,371.3,801.8858
2025-04-29 21:00:00+02:00,371.3,374.2,371.1,372.2,413.9893
2025-04-29 22:00:00+02:00,372.2,373.0,366.3,366.3,1160.5123
2025-04-29 23:00:00+02:00,366.2,369.7,363.8,367.5,1306.4224
2025-04-30 00:00:00+02:00,367.5,368.3,363.1,365.1,1081.875
2025-04-30 01:00:00+02:00,365.1,367.0,361.5,366.2,594.0627
2025-04-30 02:00:00+02:00,366.3,371.7,365.3,369.0,1225.1262
2025-04-30 03:00:00+02:00,369.0,369.5,363.7,366.4,530.7908
2025-04-30 04:00:00+02:00,366.4,367.9,365.2,365.7,339.6262
2025-04-30 05:00:00+02:00,365.7,368.9,364.4,368.3,791.5378
2025-04-30 06:00:00+02:00,368.2,369.5,365.7,368.6,408.8661
2025-04-30 07:00:00+02:00,368.7,370.7,366.2,367.4,504.9206
2025-04-30 08:00:00+02:00,367.6,369.9,366.5,367.0,242.6826
2025-04-30 09:00:00+02:00,367.0,368.2,360.4,362.4,727.6336
2025-04-30 10:00:00+02:00,362.3,362.7,358.9,361.6,1140.1336
2025-04-30 11:00:00+02:00,361.3,366.2,359.9,366.2,1027.0987
2025-04-30 12:00:00+02:00,366.2,366.2,361.0,363.3,614.7462
2025-04-30 13:00:00+02:00,363.3,367.0,363.1,366.7,571.2135
2025-04-30 14:00:00+02:00,366.5,366.7,353.4,356.4,2606.1828
2025-04-30 15:00:00+02:00,356.0,356.0,335.4,335.8,5810.4624
2025-04-30 16:00:00+02:00,335.7,355.0,334.5,348.1,5005.4369
2025-04-30 17:00:00+02:00,348.0,352.9,347.5,350.3,1690.7353
2025-04-30 18:00:00+02:00,350.2,350.3,343.2,349.4,1832.4625
2025-04-30 19:00:00+02:00,349.3,356.6,347.7,355.0,2244.442
2025-04-30 20:00:00+02:00,354.7,358.7,350.0,351.2,2122.4691
2025-04-30 21:00:00+02:00,351.2,352.6,348.2,350.3,880.3761
2025-04-30 22:00:00+02:00,350.3,355.8,349.6,350.2,1436.7797
2025-04-30 23:00:00+02:00,350.2,355.9,350.1,352.5,784.5216
2025-05-01 00:00:00+02:00,352.9,355.4,352.8,354.6,470.4521
2025-05-01 01:00:00+02:00,354.6,357.6,354.2,355.1,517.286
2025-05-01 02:00:00+02:00,355.1,359.0,353.3,357.3,683.6538
2025-05-01 03:00:00+02:00,357.4,363.0,357.2,362.6,1265.5018
2025-05-01 04:00:00+02:00,362.3,363.9,359.4,359.8,391.1721
2025-05-01 05:00:00+02:00,359.8,362.2,357.0,357.4,443.2434
2025-05-01 06:00:00+02:00,357.3,357.5,351.9,355.4,662.4597
2025-05-01 07:00:00+02:00,355.3,358.9,354.3,357.4,487.9727
2025-05-01 08:00:00+02:00,357.4,358.7,354.1,357.1,510.8951
2025-05-01 09:00:00+02:00,357.0,363.5,356.0,361.1,922.6005
2025-05-01 10:00:00+02:00,360.9,362.8,358.7,361.7,791.7302
2025-05-01 11:00:00+02:00,361.7,364.2,359.6,362.1,1592.4179
2025-05-01 12:00:00+02:00,362.0,372.1,362.0,368.8,2817.2008
2025-05-01 13:00:00+02:00,368.8,371.5,367.4,370.9,1367.5781
2025-05-01 14:00:00+02:00,370.8,376.2,369.8,370.8,1690.1583
2025-05-01 15:00:00+02:00,370.8,373.6,365.6,366.1,1865.7216
2025-05-01 16:00:00+02:00,366.0,374.0,366.0,373.1,1703.1558
2025-05-01 17:00:00+02:00,373.2,375.5,369.2,369.2,1884.28
2025-05-01 18:00:00+02:00,369.3,373.4,368.5,371.7,838.4265
2025-05-01 19:00:00+02:00,371.6,372.3,366.2,369.9,962.324
2025-05-01 20:00:00+02:00,369.9,370.3,366.4,368.8,828.696
2025-05-01 21:00:00+02:00,368.8,368.8,362.1,363.6,1707.188
2025-05-01 22:00:00+02:00,363.7,364.6,360.8,363.0,959.8646
2025-05-01 23:00:00+02:00,363.0,366.6,362.4,362.4,481.7824
2025-05-02 00:00:00+02:00,362.8,363.6,359.5,360.4,612.8836
2025-05-02 01:00:00+02:00,360.3,360.8,355.7,358.1,657.7487
2025-05-02 02:00:00+02:00,357.9,362.3,356.2,361.9,514.577
2025-05-02 03:00:00+02:00,361.7,362.4,356.8,358.1,343.8762
2025-05-02 04:00:00+02:00,358.0,361.4,356.7,359.9,295.4207
2025-05-02 05:00:00+02:00,360.0,361.7,357.6,357.7,397.3716
2025-05-02 06:00:00+02:00,357.8,360.0,357.1,358.4,293.5398
2025-05-02 07:00:00+02:00,358.4,362.5,358.0,358.2,505.0817
2025-05-02 08:00:00+02:00,358.3,360.9,353.9,356.5,682.2121
2025-05-02 09:00:00+02:00,356.3,359.5,355.2,355.5,998.941
2025-05-02 10:00:00+02:00,355.5,365.3,354.6,365.2,814.8168
2025-05-02 11:00:00+02:00,365.0,369.0,362.0,368.3,1304.5264
2025-05-02 12:00:00+02:00,368.3,370.8,365.6,366.3,837.6129
2025-05-02 13:00:00+02:00,366.7,369.9,365.9,367.2,673.8568
2025-05-02 14:00:00+02:00,367.1,370.4,363.4,368.5,1287.169
2025-05-02 15:00:00+02:00,368.5,372.6,365.0,370.4,1622.9836
2025-05-02 16:00:00+02:00,370.4,378.3,369.4,378.0,2419.5218
2025-05-02 17:00:00+02:00,378.3,379.0,369.3,373.2,1770.9894
2025-05-02 18:00:00+02:00,373.2,379.9,372.9,374.0,1870.4992
2025-05-02 19:00:00+02:00,374.2,375.6,371.7,372.3,1048.1492
2025-05-02 20:00:00+02:00,372.3,376.9,371.7,372.6,1127.7394
2025-05-02 21:00:00+02:00,372.5,376.0,368.5,371.2,1838.0381
2025-05-02 22:00:00+02:00,371.3,375.6,370.2,375.4,1101.31
2025-05-02 23:00:00+02:00,375.4,376.5,370.0,371.8,857.3946
2025-05-03 00:00:00+02:00,371.5,373.2,369.6,370.3,669.7924
2025-05-03 01:00:00+02:00,370.2,375.7,369.9,375.1,267.3988
2025-05-03 02:00:00+02:00,375.1,376.0,372.8,373.8,273.6337
2025-05-03 03:00:00+02:00,373.8,374.4,367.4,368.8,371.4406
2025-05-03 04:00:00+02:00,368.5,376.1,368.5,375.5,438.1325
2025-05-03 05:00:00+02:00,375.7,377.1,373.3,375.0,414.5342
2025-05-03 06:00:00+02:00,375.1,376.0,372.6,374.3,242.5699
2025-05-03 07:00:00+02:00,374.2,374.6,371.0,371.3,291.2535
2025-05-03 08:00:00+02:00,371.3,371.3,364.6,365.2,1200.9176
2025-05-03 09:00:00+02:00,365.2,368.6,363.6,367.9,706.8554
2025-05-03 10:00:00+02:00,367.9,368.5,362.0,363.3,658.0776
2025-05-03 11:00:00+02:00,363.2,367.2,362.1,364.5,743.592
2025-05-03 12:00:00+02:00,364.3,365.3,359.3,359.8,945.1849
2025-05-03 13:00:00+02:00,359.6,362.8,358.8,362.2,1282.2351
2025-05-03 14:00:00+02:00,362.0,364.4,361.7,363.4,503.8926
2025-05-03 15:00:00+02:00,363.6,365.8,362.6,364.5,455.0289
2025-05-03 16:00:00+02:00,364.4,365.5,362.2,363.0,448.1041
2025-05-03 17:00:00+02:00,363.3,365.0,363.2,364.2,622.6014
2025-05-03 18:00:00+02:00,364.2,364.2,355.5,359.1,1572.9096
2025-05-03 19:00:00+02:00,358.8,359.4,355.5,359.1,829.37
2025-05-03 20:00:00+02:00,359.1,361.5,356.8,357.7,2002.0872
2025-05-03 21:00:00+02:00,357.5,361.1,357.1,358.7,1341.0792
2025-05-03 22:00:00+02:00,358.7,360.5,356.5,357.6,640.2179
2025-05-03 23:00:00+02:00,357.6,360.3,355.3,357.9,303.7188
2025-05-04 00:00:00+02:00,358.6,358.6,356.1,357.0,285.1684
2025-05-04 01:00:00+02:00,356.9,356.9,353.1,353.2,596.869
2025-05-04 02:00:00+02:00,353.2,354.2,346.8,347.6,1239.5884
2025-05-04 03:00:00+02:00,347.5,353.2,346.2,351.6,740.0468
2025-05-04 04:00:00+02:00,351.7,355.6,350.1,351.9,491.9653
2025-05-04 05:00:00+02:00,351.5,351.9,348.8,350.2,309.1882
2025-05-04 06:00:00+02:00,350.2,352.7,348.1,348.6,323.5156
2025-05-04 07:00:00+02:00,348.4,351.3,347.6,348.7,694.5171
2025-05-04 08:00:00+02:00,348.6,349.7,345.6,348.4,414.5862
2025-05-04 09:00:00+02:00,348.6,348.9,346.0,348.2,444.3571
2025-05-04 10:00:00+02:00,348.3,350.8,347.4,350.7,1069.5138
2025-05-04 11:00:00+02:00,350.3,350.4,345.9,346.2,732.3612
2025-05-04 12:00:00+02:00,346.3,349.2,345.6,348.5,321.7708
2025-05-04 13:00:00+02:00,348.5,350.9,347.1,347.7,442.7501
2025-05-04 14:00:00+02:00,347.7,351.3,347.6,350.1,494.911
2025-05-04 15:00:00+02:00,349.9,351.2,345.1,347.6,595.0866
2025-05-04 16:00:00+02:00,348.0,354.3,347.9,353.9,2027.8774
2025-05-04 17:00:00+02:00,353.9,354.8,350.7,353.9,668.7863
2025-05-04 18:00:00+02:00,354.0,354.9,346.7,347.6,974.428
2025-05-04 19:00:00+02:00,347.7,350.3,345.9,348.3,836.8547
2025-05-04 20:00:00+02:00,348.3,349.5,346.0,346.1,366.3917
2025-05-04 21:00:00+02:00,346.2,346.4,341.3,345.0,728.226
2025-05-04 22:00:00+02:00,345.0,349.6,344.5,348.9,444.1613
2025-05-04 23:00:00+02:00,348.9,349.3,345.8,348.5,228.686
2025-05-05 00:00:00+02:00,348.6,348.6,341.2,343.3,861.7905
2025-05-05 01:00:00+02:00,342.9,345.0,339.3,344.3,832.9293
2025-05-05 02:00:00+02:00,344.1,346.7,344.0,346.1,554.5643
2025-05-05 03:00:00+02:00,346.2,346.5,339.8,340.9,1114.7378
2025-05-05 04:00:00+02:00,340.7,353.1,339.8,350.9,1156.4931
2025-05-05 05:00:00+02:00,350.7,353.6,349.1,350.2,669.0334
2025-05-05 06:00:00+02:00,350.3,353.0,348.6,352.0,355.1017
2025-05-05 07:00:00+02:00,351.9,360.3,351.5,359.8,965.6923
2025-05-05 08:00:00+02:00,360.0,361.1,357.2,357.6,1172.5187
2025-05-05 09:00:00+02:00,357.6,364.5,355.7,362.2,1169.3339
2025-05-05 10:00:00+02:00,362.2,367.1,361.9,365.1,1678.0639
2025-05-05 11:00:00+02:00,365.1,366.6,362.5,363.2,973.1994
2025-05-05 12:00:00+02:00,363.2,363.6,354.1,356.9,1789.4629
2025-05-05 13:00:00+02:00,357.5,359.0,353.4,355.9,1228.1966
2025-05-05 14:00:00+02:00,356.0,361.3,352.6,360.1,1627.5434
2025-05-05 15:00:00+02:00,360.0,360.9,353.9,360.9,2129.8364
2025-05-05 16:00:00+02:00,361.0,364.7,357.4,363.8,1821.0945
2025-05-05 17:00:00+02:00,363.7,367.5,360.3,361.9,1883.7752
2025-05-05 18:00:00+02:00,361.8,369.7,361.8,368.1,1974.0662
2025-05-05 19:00:00+02:00,368.0,370.8,366.9,370.1,1251.0463
2025-05-05 20:00:00+02:00,370.1,379.0,369.9,376.0,2557.5192
2025-05-05 21:00:00+02:00,375.7,377.4,371.9,373.3,1794.7766
2025-05-05 22:00:00+02:00,373.2,373.3,367.3,371.0,1233.0324
2025-05-05 23:00:00+02:00,371.3,376.2,371.2,374.4,1502.4435
2025-05-06 00:00:00+02:00,374.5,379.2,373.7,377.0,2094.9894
2025-05-06 01:00:00+02:00,377.0,378.4,374.2,375.2,615.3631
2025-05-06 02:00:00+02:00,375.2,376.5,372.7,374.6,484.0495
2025-05-06 03:00:00+02:00,374.8,375.6,370.4,371.2,612.4973
2025-05-06 04:00:00+02:00,371.0,372.5,366.5,368.5,692.2407
2025-05-06 05:00:00+02:00,368.7,371.4,365.2,371.1,566.1732
2025-05-06 06:00:00+02:00,371.2,377.7,370.8,377.2,834.8434
2025-05-06 07:00:00+02:00,377.2,378.5,370.8,371.2,1126.016
2025-05-06 08:00:00+02:00,371.2,373.4,368.7,370.6,479.8236
2025-05-06 09:00:00+02:00,370.6,372.7,369.3,369.9,843.2043
2025-05-06 10:00:00+02:00,369.9,373.6,366.9,371.3,3532.7711
2025-05-06 11:00:00+02:00,371.1,371.1,363.1,365.7,1674.4654
2025-05-06 12:00:00+02:00,365.9,367.4,360.4,362.0,1820.5499
2025-05-06 13:00:00+02:00,361.9,364.3,358.0,360.8,2253.2811
2025-05-06 14:00:00+02:00,360.8,362.5,357.0,358.4,2579.1252
2025-05-06 15:00:00+02:00,358.9,358.9,352.6,356.6,1708.5298
2025-05-06 16:00:00+02:00,356.6,367.3,356.6,361.4,4455.5136
2025-05-06 17:00:00+02:00,361.4,365.8,359.5,361.9,1160.6446
2025-05-06 18:00:00+02:00,361.9,363.5,355.2,355.8,1537.9145
2025-05-06 19:00:00+02:00,355.8,362.1,355.6,359.6,3144.4913
2025-05-06 20:00:00+02:00,359.7,368.6,358.4,367.8,1440.3503
2025-05-06 21:00:00+02:00,367.9,368.6,362.3,363.1,970.3509
2025-05-06 22:00:00+02:00,363.0,364.5,357.4,359.1,1669.3853
2025-05-06 23:00:00+02:00,359.0,362.5,354.7,358.4,1946.1436
2025-05-07 00:00:00+02:00,358.1,371.8,357.9,371.4,2214.9276
2025-05-07 01:00:00+02:00,371.5,374.8,368.1,373.8,1970.3322
2025-05-07 02:00:00+02:00,374.0,384.9,372.9,384.0,2419.98
2025-05-07 03:00:00+02:00,384.1,387.0,382.1,383.8,1684.7389
2025-05-07 04:00:00+02:00,383.7,384.7,376.6,379.3,1059.407
2025-05-07 05:00:00+02:00,379.3,380.8,374.5,377.9,1210.8616
2025-05-07 06:00:00+02:00,377.9,379.6,372.2,373.9,1074.8247
2025-05-07 07:00:00+02:00,373.9,374.9,367.2,367.3,1493.5556
2025-05-07 08:00:00+02:00,367.4,370.3,362.8,363.7,919.0706
2025-05-07 09:00:00+02:00,363.8,372.4,363.6,372.2,1782.4497
2025-05-07 10:00:00+02:00,372.1,372.4,366.8,369.1,2857.078
2025-05-07 11:00:00+02:00,369.2,370.8,364.6,365.6,2214.8052
2025-05-07 12:00:00+02:00,365.6,366.7,362.6,365.6,1103.584
2025-05-07 13:00:00+02:00,365.6,365.9,363.1,364.8,660.0872
2025-05-07 14:00:00+02:00,364.8,366.7,363.6,365.5,906.988
2025-05-07 15:00:00+02:00,365.4,366.3,362.3,364.8,1422.6016
2025-05-07 16:00:00+02:00,364.6,366.3,359.1,361.7,2530.8645
2025-05-07 17:00:00+02:00,361.6,363.8,359.7,360.2,1111.4995
2025-05-07 18:00:00+02:00,360.2,360.2,353.4,358.8,1627.6192
2025-05-07 19:00:00+02:00,358.9,359.9,355.5,359.1,1184.905
2025-05-07 20:00:00+02:00,359.1,364.4,355.3,361.4,2986.3911
2025-05-07 21:00:00+02:00,361.5,362.2,356.5,358.2,1661.3489
2025-05-07 22:00:00+02:00,358.3,359.9,356.4,359.5,874.5724
2025-05-07 23:00:00+02:00,359.4,364.4,358.4,363.5,911.5071
2025-05-08 00:00:00+02:00,363.9,372.2,363.8,368.7,3513.2316
2025-05-08 01:00:00+02:00,368.7,373.9,366.6,368.0,1633.7231
2025-05-08 02:00:00+02:00,368.0,370.3,363.8,369.5,1257.9655
2025-05-08 03:00:00+02:00,369.4,378.3,368.9,377.6,2790.234
2025-05-08 04:00:00+02:00,377.7,384.0,377.6,382.6,2091.0897
2025-05-08 05:00:00+02:00,383.0,386.9,379.8,386.2,1454.8101
2025-05-08 06:00:00+02:00,386.3,402.3,386.2,395.1,4995.6171
2025-05-08 07:00:00+02:00,395.1,398.7,391.6,392.7,1765.7111
2025-05-08 08:00:00+02:00,392.8,397.0,392.6,396.9,1730.1045
2025-05-08 09:00:00+02:00,396.8,404.8,396.4,400.3,3041.149
2025-05-08 10:00:00+02:00,400.3,411.2,399.8,403.5,4148.4547
2025-05-08 11:00:00+02:00,403.8,406.8,399.8,406.8,4998.1284
2025-05-08 12:00:00+02:00,406.7,406.9,403.0,405.0,2372.836
2025-05-08 13:00:00+02:00,404.8,405.0,398.1,401.3,2094.2489
2025-05-08 14:00:00+02:00,401.4,403.5,395.9,396.7,1839.7099
2025-05-08 15:00:00+02:00,396.8,403.3,396.0,400.6,2606.3439
2025-05-08 16:00:00+02:00,400.6,406.9,399.0,402.8,3306.2156
2025-05-08 17:00:00+02:00,402.8,419.9,401.5,409.1,6154.3486
2025-05-08 18:00:00+02:00,409.2,421.3,407.4,419.0,4241.615
2025-05-08 19:00:00+02:00,419.1,419.9,410.9,412.7,3141.0494
2025-05-08 20:00:00+02:00,412.9,417.4,410.9,414.6,1789.9755
2025-05-08 21:00:00+02:00,414.4,417.8,410.9,417.2,2536.7587
2025-05-08 22:00:00+02:00,417.3,424.6,411.3,423.3,4517.1394
2025-05-08 23:00:00+02:00,423.0,428.0,415.8,419.4,4054.938
2025-05-09 00:00:00+02:00,419.4,419.6,412.4,417.9,1606.4493
2025-05-09 01:00:00+02:00,418.2,423.5,415.5,423.2,1349.7155
2025-05-09 02:00:00+02:00,423.1,427.3,419.7,424.8,2022.4472
2025-05-09 03:00:00+02:00,424.6,432.3,422.9,427.3,1433.5001
2025-05-09 04:00:00+02:00,427.1,428.0,421.7,425.5,713.5931
2025-05-09 05:00:00+02:00,425.7,430.9,419.8,419.8,1071.8267
2025-05-09 06:00:00+02:00,419.8,427.9,419.5,427.3,931.5862
2025-05-09 07:00:00+02:00,427.2,430.9,424.1,430.3,915.0536
2025-05-09 08:00:00+02:00,430.5,440.0,428.6,439.2,3084.4336
2025-05-09 09:00:00+02:00,439.3,449.4,439.0,442.1,3853.4251
2025-05-09 10:00:00+02:00,442.0,451.6,435.2,440.0,4015.0395
2025-05-09 11:00:00+02:00,439.7,443.1,425.8,427.4,3131.553
2025-05-09 12:00:00+02:00,427.6,436.0,424.2,435.3,2034.3141
2025-05-09 13:00:00+02:00,435.3,437.6,427.3,429.0,5752.327
2025-05-09 14:00:00+02:00,428.6,434.2,423.1,433.1,2324.067
2025-05-09 15:00:00+02:00,433.3,446.3,431.1,442.1,2633.6787
2025-05-09 16:00:00+02:00,441.9,441.9,425.0,430.2,3334.0287
2025-05-09 17:00:00+02:00,431.1,431.9,424.8,427.1,1571.8446
2025-05-09 18:00:00+02:00,427.5,427.5,417.6,419.6,1933.5306
2025-05-09 19:00:00+02:00,419.7,428.7,418.6,428.6,1521.3309
2025-05-09 20:00:00+02:00,428.6,433.2,426.4,426.5,1319.1719
2025-05-09 21:00:00+02:00,426.7,428.5,424.3,424.9,751.5006
2025-05-09 22:00:00+02:00,425.1,429.0,424.7,426.8,769.553
2025-05-09 23:00:00+02:00,426.9,427.5,423.2,425.9,447.0479
2025-05-10 00:00:00+02:00,426.1,430.9,425.4,428.2,882.7461
2025-05-10 01:00:00+02:00,428.2,431.4,426.8,430.4,1152.5938
2025-05-10 02:00:00+02:00,430.4,441.3,425.3,426.8,2530.359
2025-05-10 03:00:00+02:00,426.9,430.9,425.1,425.1,683.6461
2025-05-10 04:00:00+02:00,425.0,435.0,424.1,434.4,791.62
2025-05-10 05:00:00+02:00,434.5,437.0,432.2,435.9,1278.0114
2025-05-10 06:00:00+02:00,435.8,443.9,434.0,441.9,1765.683
2025-05-10 07:00:00+02:00,441.8,449.2,440.8,446.7,2614.0175
2025-05-10 08:00:00+02:00,446.8,450.0,443.6,448.5,1844.8619
2025-05-10 09:00:00+02:00,448.5,451.1,443.2,449.9,1964.4373
2025-05-10 10:00:00+02:00,450.1,456.0,445.0,449.0,1864.7817
2025-05-10 11:00:00+02:00,449.3,454.0,443.8,450.0,1451.2586
2025-05-10 12:00:00+02:00,450.4,454.0,444.5,444.5,1288.8475
2025-05-10 13:00:00+02:00,444.5,446.8,435.9,438.4,1803.9952
2025-05-10 14:00:00+02:00,438.4,446.4,438.3,446.4,887.79
2025-05-10 15:00:00+02:00,446.4,448.8,444.4,447.7,688.619
2025-05-10 16:00:00+02:00,447.7,449.2,442.8,446.2,667.5299
2025-05-10 17:00:00+02:00,446.2,446.2,440.5,442.2,774.2653
2025-05-10 18:00:00+02:00,442.2,449.9,441.3,449.2,1028.0901
2025-05-10 19:00:00+02:00,448.7,455.9,445.9,447.7,1697.2764
2025-05-10 20:00:00+02:00,447.4,451.9,446.7,451.1,811.614
2025-05-10 21:00:00+02:00,450.5,454.8,447.9,453.0,758.6274
2025-05-10 22:00:00+02:00,452.9,454.7,449.9,451.6,630.6305
2025-05-10 23:00:00+02:00,451.6,461.6,451.0,459.6,1132.3248
2025-05-11 00:00:00+02:00,459.4,464.1,456.3,463.8,945.201
2025-05-11 01:00:00+02:00,463.9,469.2,461.0,464.2,1453.5261
2025-05-11 02:00:00+02:00,464.3,468.1,452.2,463.9,1362.1296
2025-05-11 03:00:00+02:00,463.8,466.8,456.6,460.6,834.5133
2025-05-11 04:00:00+02:00,460.6,462.3,453.1,456.0,727.8019
2025-05-11 05:00:00+02:00,455.9,459.8,451.5,453.9,913.972
2025-05-11 06:00:00+02:00,453.8,460.6,453.4,460.6,444.605
2025-05-11 07:00:00+02:00,460.7,461.4,455.6,455.7,379.7467
2025-05-11 08:00:00+02:00,455.7,456.4,448.0,451.9,888.0443
2025-05-11 09:00:00+02:00,451.7,451.7,442.6,446.2,1421.785
2025-05-11 10:00:00+02:00,446.3,452.0,445.2,448.0,974.9947
2025-05-11 11:00:00+02:00,448.1,457.1,447.9,455.7,983.7977
2025-05-11 12:00:00+02:00,455.8,456.7,452.5,455.1,633.5378
2025-05-11 13:00:00+02:00,455.1,458.4,455.0,457.6,897.8024
2025-05-11 14:00:00+02:00,457.4,459.7,450.5,454.0,1517.7197
2025-05-11 15:00:00+02:00,453.8,457.3,445.8,446.0,1252.2744
2025-05-11 16:00:00+02:00,446.2,450.4,446.1,449.1,1342.3041
2025-05-11 17:00:00+02:00,449.1,452.4,441.5,445.4,1189.8811
2025-05-11 18:00:00+02:00,445.4,446.4,438.7,442.9,3822.6516
2025-05-11 19:00:00+02:00,442.9,450.1,441.3,448.2,1306.6273
2025-05-11 20:00:00+02:00,448.2,456.2,444.6,453.6,2648.0672
2025-05-11 21:00:00+02:00,453.6,457.3,453.0,454.8,1661.5914
2025-05-11 22:00:00+02:00,455.0,455.6,450.9,453.9,904.8813
2025-05-11 23:00:00+02:00,454.0,455.2,450.3,454.6,281.7829
2025-05-12 00:00:00+02:00,454.9,456.1,448.5,452.3,638.7538
2025-05-12 01:00:00+02:00,452.8,461.1,452.8,459.0,838.2071
2025-05-12 02:00:00+02:00,458.9,474.9,458.8,473.5,1632.3426
2025-05-12 03:00:00+02:00,473.5,478.3,465.7,470.3,1575.1198
2025-05-12 04:00:00+02:00,470.3,475.7,468.1,475.4,1313.3158
2025-05-12 05:00:00+02:00,475.5,478.0,471.9,473.6,1007.7372
2025-05-12 06:00:00+02:00,473.5,475.9,468.1,472.6,1234.043
2025-05-12 07:00:00+02:00,472.7,475.0,465.9,467.5,977.8808
2025-05-12 08:00:00+02:00,467.7,474.1,464.7,472.2,1294.9484
2025-05-12 09:00:00+02:00,472.2,489.0,468.5,472.7,5297.3326
2025-05-12 10:00:00+02:00,473.0,473.2,462.2,468.1,2848.4903
2025-05-12 11:00:00+02:00,468.5,472.0,461.9,464.0,2173.9649
2025-05-12 12:00:00+02:00,464.0,465.4,460.2,463.1,1614.0542
2025-05-12 13:00:00+02:00,462.9,464.9,454.1,456.5,1789.0604
2025-05-12 14:00:00+02:00,455.9,463.7,454.1,461.1,1697.2511
2025-05-12 15:00:00+02:00,461.0,466.0,456.6,463.9,1828.3064
2025-05-12 16:00:00+02:00,464.1,465.4,445.4,451.1,3178.4799
2025-05-12 17:00:00+02:00,451.3,455.8,445.0,452.7,2236.4071
2025-05-12 18:00:00+02:00,452.5,457.8,450.3,455.7,1576.1523
2025-05-12 19:00:00+02:00,455.6,460.7,446.8,449.4,3520.9278
2025-05-12 20:00:00+02:00,449.5,450.5,435.2,442.3,3361.6629
2025-05-12 21:00:00+02:00,442.4,456.7,441.5,454.1,2589.1589
2025-05-12 22:00:00+02:00,453.9,454.1,449.4,452.1,843.3416
2025-05-12 23:00:00+02:00,452.1,456.2,450.7,454.8,599.7436
2025-05-13 00:00:00+02:00,454.9,463.3,452.3,460.0,1351.5842
2025-05-13 01:00:00+02:00,460.2,461.6,455.0,456.6,508.8372
2025-05-13 02:00:00+02:00,456.4,457.0,450.7,451.5,1329.9703
2025-05-13 03:00:00+02:00,451.5,456.3,449.4,454.8,1005.7262
2025-05-13 04:00:00+02:00,454.8,457.4,445.3,447.5,1157.3592
2025-05-13 05:00:00+02:00,447.5,449.8,442.0,443.6,880.7934
2025-05-13 06:00:00+02:00,443.5,452.8,442.2,452.4,1034.5026
2025-05-13 07:00:00+02:00,452.1,453.2,447.6,450.3,1657.0892
2025-05-13 08:00:00+02:00,450.2,456.5,450.2,456.4,891.3479
2025-05-13 09:00:00+02:00,456.4,460.4,456.0,457.2,1983.0411
2025-05-13 10:00:00+02:00,457.3,460.2,454.4,459.2,871.6139
2025-05-13 11:00:00+02:00,459.3,467.7,459.3,465.6,2256.8993
2025-05-13 12:00:00+02:00,465.7,465.9,458.8,459.4,921.9542
2025-05-13 13:00:00+02:00,459.3,459.7,455.7,456.0,954.8327
2025-05-13 14:00:00+02:00,456.3,463.4,453.6,457.6,1754.1565
2025-05-13 15:00:00+02:00,457.6,460.7,455.3,456.9,1253.3456
2025-05-13 16:00:00+02:00,457.0,458.0,449.4,452.0,1710.4793
2025-05-13 17:00:00+02:00,451.9,461.3,451.6,458.4,1265.2433
2025-05-13 18:00:00+02:00,458.4,462.4,456.8,458.0,1088.8978
2025-05-13 19:00:00+02:00,458.0,461.9,457.1,460.5,713.9625
2025-05-13 20:00:00+02:00,460.6,460.9,457.7,460.2,811.3563
2025-05-13 21:00:00+02:00,460.4,470.7,459.9,464.3,2307.3815
2025-05-13 22:00:00+02:00,464.2,467.3,459.3,464.6,1330.8356
2025-05-13 23:00:00+02:00,464.5,470.1,462.2,467.0,1176.7077
2025-05-14 00:00:00+02:00,466.9,467.4,462.7,464.1,507.6484
2025-05-14 01:00:00+02:00,464.2,465.4,460.5,462.1,499.1964
2025-05-14 02:00:00+02:00,462.0,462.5,457.6,459.7,589.1875
2025-05-14 03:00:00+02:00,459.4,464.1,457.4,459.0,510.1624
2025-05-14 04:00:00+02:00,458.9,460.7,456.5,458.4,563.5408
2025-05-14 05:00:00+02:00,458.4,462.8,457.2,462.8,453.6295
2025-05-14 06:00:00+02:00,462.8,469.0,460.7,467.8,1221.891
2025-05-14 07:00:00+02:00,467.7,470.0,465.4,469.1,650.1324
2025-05-14 08:00:00+02:00,469.1,470.5,466.5,467.2,478.8656
2025-05-14 09:00:00+02:00,467.1,467.8,459.0,463.4,1127.7857
2025-05-14 10:00:00+02:00,463.2,465.3,454.7,454.9,2013.9901
2025-05-14 11:00:00+02:00,455.3,458.1,451.7,455.2,1253.28
2025-05-14 12:00:00+02:00,455.1,456.6,451.6,454.4,568.1151
2025-05-14 13:00:00+02:00,454.4,460.0,454.3,457.5,617.4353
2025-05-14 14:00:00+02:00,457.5,459.3,453.0,454.2,496.8116
2025-05-14 15:00:00+02:00,454.1,457.8,448.5,452.9,1609.1145
2025-05-14 16:00:00+02:00,453.1,454.0,445.9,449.2,1295.1938
2025-05-14 17:00:00+02:00,449.2,454.1,445.3,454.1,422.519
2025-05-14 18:00:00+02:00,454.0,455.1,446.5,449.8,834.2769
2025-05-14 19:00:00+02:00,449.8,451.7,442.7,450.6,1417.5115
2025-05-14 20:00:00+02:00,450.3,453.6,449.3,453.5,573.9198
2025-05-14 21:00:00+02:00,453.5,457.3,450.0,454.3,1003.7588
2025-05-14 22:00:00+02:00,454.5,455.3,449.7,451.1,509.7813
2025-05-14 23:00:00+02:00,451.1,453.4,449.9,453.4,202.741
2025-05-15 00:00:00+02:00,453.3,455.0,451.9,454.9,360.0372
2025-05-15 01:00:00+02:00,455.1,457.8,454.7,455.5,260.1905
2025-05-15 02:00:00+02:00,455.5,464.7,455.4,460.0,1238.5914
2025-05-15 03:00:00+02:00,459.7,461.4,450.6,451.9,309.565
2025-05-15 04:00:00+02:00,451.8,458.0,450.4,456.0,218.8535
2025-05-15 05:00:00+02:00,456.2,458.1,444.4,444.6,495.0045
2025-05-15 06:00:00+02:00,444.6,446.5,440.1,444.0,1126.4794
2025-05-15 07:00:00+02:00,443.8,443.8,432.1,433.4,1867.7096
2025-05-15 08:00:00+02:00,433.6,436.4,429.8,433.0,1024.5969
2025-05-15 09:00:00+02:00,433.0,434.0,420.6,421.8,1865.4239
2025-05-15 10:00:00+02:00,421.7,432.7,421.6,431.7,1490.9743
2025-05-15 11:00:00+02:00,431.7,431.7,419.6,424.7,1544.9455
2025-05-15 12:00:00+02:00,424.7,424.7,417.6,422.7,1543.0407
2025-05-15 13:00:00+02:00,422.9,429.4,422.7,427.6,1616.9425
2025-05-15 14:00:00+02:00,427.6,435.1,424.8,430.1,2148.2027
2025-05-15 15:00:00+02:00,429.9,437.0,423.0,428.5,3114.38
2025-05-15 16:00:00+02:00,428.5,431.2,421.2,429.0,1936.3599
2025-05-15 17:00:00+02:00,428.9,443.3,427.7,442.4,2379.4952
2025-05-15 18:00:00+02:00,442.2,444.5,435.3,444.4,1864.8136
2025-05-15 19:00:00+02:00,444.6,449.2,442.7,443.8,1664.0849
2025-05-15 20:00:00+02:00,443.7,445.5,433.7,435.5,1341.1377
2025-05-15 21:00:00+02:00,435.5,441.5,432.8,439.0,813.465
2025-05-15 22:00:00+02:00,439.3,442.3,434.8,436.7,819.8501
2025-05-15 23:00:00+02:00,436.7,436.7,427.5,434.3,1079.125
2025-05-16 00:00:00+02:00,434.4,438.0,431.3,431.3,721.5629
2025-05-16 01:00:00+02:00,431.3,436.6,427.5,436.6,504.8069
2025-05-16 02:00:00+02:00,436.6,443.8,433.8,440.4,509.2028
2025-05-16 03:00:00+02:00,440.6,443.5,437.4,441.3,385.2696
2025-05-16 04:00:00+02:00,441.1,444.5,439.1,441.3,795.5874
2025-05-16 05:00:00+02:00,441.2,443.0,439.3,441.1,338.3478
2025-05-16 06:00:00+02:00,441.1,443.2,434.8,438.6,440.4227
2025-05-16 07:00:00+02:00,438.9,443.1,438.7,440.0,468.8012
2025-05-16 08:00:00+02:00,439.5,442.0,437.8,439.9,618.9171
2025-05-16 09:00:00+02:00,440.1,442.7,437.3,442.6,602.463
2025-05-16 10:00:00+02:00,442.6,445.4,434.8,437.7,838.1165
2025-05-16 11:00:00+02:00,438.0,443.0,437.3,440.9,580.3537
2025-05-16 12:00:00+02:00,441.3,442.4,437.1,440.7,496.8225
2025-05-16 13:00:00+02:00,440.9,445.8,440.1,444.2,834.9514
2025-05-16 14:00:00+02:00,444.3,445.0,440.3,440.7,511.3095
2025-05-16 15:00:00+02:00,440.6,444.7,440.0,443.5,670.9826
2025-05-16 16:00:00+02:00,443.4,444.3,439.0,439.6,1198.7131
2025-05-16 17:00:00+02:00,439.6,445.5,439.4,444.0,811.3142
2025-05-16 18:00:00+02:00,444.1,446.1,437.1,440.3,784.605
2025-05-16 19:00:00+02:00,440.3,440.9,433.4,433.9,557.0709
2025-05-16 20:00:00+02:00,434.0,436.4,432.8,435.4,347.0804
2025-05-16 21:00:00+02:00,435.0,437.3,433.5,436.6,293.9755
2025-05-16 22:00:00+02:00,436.5,439.7,431.1,433.8,737.0068
2025-05-16 23:00:00+02:00,433.7,438.9,433.3,437.6,369.6554
2025-05-17 00:00:00+02:00,437.4,437.9,424.4,427.7,762.9913
2025-05-17 01:00:00+02:00,427.8,431.2,423.8,425.3,371.4908
2025-05-17 02:00:00+02:00,425.3,428.2,421.3,423.1,589.5042
2025-05-17 03:00:00+02:00,422.3,422.6,412.8,417.4,1671.8182
2025-05-17 04:00:00+02:00,417.3,422.6,413.4,420.6,1128.0936
2025-05-17 05:00:00+02:00,420.7,425.1,415.5,424.0,1129.0913
2025-05-17 06:00:00+02:00,424.2,425.7,420.8,423.3,500.3462
2025-05-17 07:00:00+02:00,423.3,424.1,414.8,415.9,380.7717
2025-05-17 08:00:00+02:00,416.1,422.5,416.0,422.0,429.1392
2025-05-17 09:00:00+02:00,422.1,424.4,418.7,420.5,313.3358
2025-05-17 10:00:00+02:00,420.6,424.5,418.5,418.9,886.296
2025-05-17 11:00:00+02:00,418.8,420.5,416.3,419.2,416.4886
2025-05-17 12:00:00+02:00,419.0,422.4,417.9,419.2,455.3362
2025-05-17 13:00:00+02:00,419.2,421.9,417.2,419.1,501.1383
2025-05-17 14:00:00+02:00,419.1,419.4,416.6,417.6,461.4667
2025-05-17 15:00:00+02:00,417.7,419.6,409.9,412.4,1063.7947
2025-05-17 16:00:00+02:00,412.1,425.0,412.1,422.7,999.7384
2025-05-17 17:00:00+02:00,422.6,423.3,420.1,421.2,331.7203
2025-05-17 18:00:00+02:00,420.5,423.1,414.7,419.6,680.0178
2025-05-17 19:00:00+02:00,419.6,423.9,418.9,420.5,768.3346
2025-05-17 20:00:00+02:00,420.4,425.0,418.8,419.7,835.1688
2025-05-17 21:00:00+02:00,419.3,424.0,418.5,419.3,254.7392
2025-05-17 22:00:00+02:00,419.1,424.8,417.5,424.3,489.7642
2025-05-17 23:00:00+02:00,424.4,424.9,422.2,424.6,484.6456
2025-05-18 00:00:00+02:00,424.6,425.0,418.4,419.9,663.1601
2025-05-18 01:00:00+02:00,419.7,424.5,419.4,423.7,191.6191
2025-05-18 02:00:00+02:00,423.6,424.4,419.9,421.6,277.3169
2025-05-18 03:00:00+02:00,421.6,423.1,419.7,422.2,83.2955
2025-05-18 04:00:00+02:00,422.4,423.0,420.9,422.2,133.7373
2025-05-18 05:00:00+02:00,422.3,424.2,419.9,422.9,197.4251
2025-05-18 06:00:00+02:00,422.9,426.0,422.9,424.5,297.353
2025-05-18 07:00:00+02:00,424.7,433.4,424.7,431.9,843.9663
2025-05-18 08:00:00+02:00,431.9,432.0,425.4,426.8,677.8801
2025-05-18 09:00:00+02:00,426.8,429.7,425.5,428.7,567.1503
2025-05-18 10:00:00+02:00,428.8,432.7,428.1,432.2,574.5256
2025-05-18 11:00:00+02:00,432.2,433.9,424.8,426.1,654.993
2025-05-18 12:00:00+02:00,426.0,426.5,421.3,421.5,372.2467
2025-05-18 13:00:00+02:00,421.4,425.2,418.4,418.7,673.8003
2025-05-18 14:00:00+02:00,418.7,422.4,415.9,422.3,611.9268
2025-05-18 15:00:00+02:00,422.3,426.1,418.8,425.8,485.4885
2025-05-18 16:00:00+02:00,425.7,435.5,425.4,434.4,1896.7453
2025-05-18 17:00:00+02:00,434.5,440.8,431.2,438.8,2341.8182
2025-05-18 18:00:00+02:00,439.0,440.4,433.0,437.9,849.7633
2025-05-18 19:00:00+02:00,437.9,438.1,421.0,422.1,1635.1678
2025-05-18 20:00:00+02:00,421.9,422.6,415.2,418.9,1841.5121
2025-05-18 21:00:00+02:00,418.8,421.3,405.3,405.7,1685.065
2025-05-18 22:00:00+02:00,405.8,411.6,396.3,410.7,2977.451
2025-05-18 23:00:00+02:00,410.5,418.5,409.6,411.3,915.9283
2025-05-19 00:00:00+02:00,411.4,418.9,408.0,418.7,933.8352
2025-05-19 01:00:00+02:00,418.3,427.3,413.9,425.5,1010.1291
2025-05-19 02:00:00+02:00,425.6,428.4,415.6,416.8,1212.1943
2025-05-19 03:00:00+02:00,416.7,419.1,412.7,415.8,450.331
2025-05-19 04:00:00+02:00,415.3,416.5,411.4,413.0,375.5472
2025-05-19 05:00:00+02:00,412.8,413.6,403.4,404.7,918.4474
2025-05-19 06:00:00+02:00,404.7,408.1,397.3,399.8,1018.8887
2025-05-19 07:00:00+02:00,399.9,402.1,397.3,399.0,889.8633
2025-05-19 08:00:00+02:00,398.9,402.1,391.7,392.3,1803.152
2025-05-19 09:00:00+02:00,392.0,401.6,391.9,398.0,1316.173
2025-05-19 10:00:00+02:00,397.9,399.3,393.1,395.1,1279.3416
2025-05-19 11:00:00+02:00,394.7,397.4,390.7,390.7,3671.1263
2025-05-19 12:00:00+02:00,390.7,394.8,388.1,392.0,1227.0459
2025-05-19 13:00:00+02:00,392.0,393.7,389.8,392.4,738.7523
2025-05-19 14:00:00+02:00,392.4,393.1,388.7,391.4,703.8322
2025-05-19 15:00:00+02:00,391.5,404.0,391.4,400.1,1793.4595
2025-05-19 16:00:00+02:00,399.9,405.4,397.1,404.1,1305.3759
2025-05-19 17:00:00+02:00,404.3,408.6,402.0,404.4,1024.0618
2025-05-19 18:00:00+02:00,404.5,409.9,400.6,409.9,789.2574
2025-05-19 19:00:00+02:00,409.8,416.3,409.8,411.3,3736.2984
2025-05-19 20:00:00+02:00,410.9,414.6,403.7,404.3,1171.6054
2025-05-19 21:00:00+02:00,404.3,407.7,402.2,407.5,2971.9097
2025-05-19 22:00:00+02:00,407.4,410.7,406.3,408.3,584.0305
2025-05-19 23:00:00+02:00,408.9,408.9,403.6,406.8,850.3479
2025-05-20 00:00:00+02:00,406.5,407.4,405.0,407.4,324.7118
2025-05-20 01:00:00+02:00,407.4,411.9,407.1,411.0,419.8232
2025-05-20 02:00:00+02:00,411.0,418.4,409.7,410.1,936.8933
2025-05-20 03:00:00+02:00,410.2,419.1,409.4,416.8,481.4028
2025-05-20 04:00:00+02:00,417.2,424.5,416.3,417.0,1278.778
2025-05-20 05:00:00+02:00,417.0,418.0,411.7,414.0,607.266
2025-05-20 06:00:00+02:00,414.1,416.6,411.4,416.0,339.8493
2025-05-20 07:00:00+02:00,416.0,423.1,415.2,420.2,3049.8476
2025-05-20 08:00:00+02:00,420.1,424.3,418.3,420.8,550.9035
2025-05-20 09:00:00+02:00,420.7,422.1,415.6,419.9,678.0851
2025-05-20 10:00:00+02:00,419.7,423.2,417.6,420.9,619.604
2025-05-20 11:00:00+02:00,420.8,422.1,417.1,419.9,330.0548
2025-05-20 12:00:00+02:00,420.3,420.5,416.0,419.7,427.635
2025-05-20 13:00:00+02:00,419.9,419.9,413.8,416.4,779.8519
2025-05-20 14:00:00+02:00,415.9,416.2,412.1,415.1,645.9891
2025-05-20 15:00:00+02:00,415.0,418.6,412.7,415.0,479.9067
2025-05-20 16:00:00+02:00,415.0,417.1,412.5,414.4,442.5742
2025-05-20 17:00:00+02:00,414.1,417.6,411.5,414.7,526.0887
2025-05-20 18:00:00+02:00,414.6,415.7,410.1,411.5,523.5104
2025-05-20 19:00:00+02:00,411.3,417.0,411.3,415.8,452.3838
2025-05-20 20:00:00+02:00,415.6,416.0,406.8,407.6,862.6523
2025-05-20 21:00:00+02:00,407.9,418.3,406.2,415.4,661.1429
2025-05-20 22:00:00+02:00,415.2,417.4,412.6,415.7,500.628
2025-05-20 23:00:00+02:00,416.3,419.9,412.0,415.1,837.7283
2025-05-21 00:00:00+02:00,415.3,418.1,413.0,417.9,240.6463
2025-05-21 01:00:00+02:00,418.0,421.1,414.1,415.6,733.5975
2025-05-21 02:00:00+02:00,415.7,415.9,410.9,414.9,537.37
2025-05-21 03:00:00+02:00,414.4,418.9,413.6,415.1,341.0154
2025-05-21 04:00:00+02:00,415.3,416.7,413.2,415.9,214.8291
2025-05-21 05:00:00+02:00,416.4,421.5,415.8,419.7,531.1931
2025-05-21 06:00:00+02:00,419.9,424.3,417.9,421.9,642.5117
2025-05-21 07:00:00+02:00,421.4,425.6,421.4,423.3,745.662
2025-05-21 08:00:00+02:00,423.2,425.4,420.1,424.4,593.2943
2025-05-21 09:00:00+02:00,424.6,425.5,416.2,418.8,780.8434
2025-05-21 10:00:00+02:00,419.2,421.4,416.7,416.9,296.103
2025-05-21 11:00:00+02:00,417.2,417.2,413.4,414.7,643.4763
2025-05-21 12:00:00+02:00,414.5,416.4,413.2,414.7,358.5033
2025-05-21 13:00:00+02:00,414.8,418.7,414.2,415.0,375.9463
2025-05-21 14:00:00+02:00,414.9,416.0,411.7,412.4,627.5387
2025-05-21 15:00:00+02:00,412.6,419.3,410.8,416.1,1086.0717
2025-05-21 16:00:00+02:00,416.4,424.5,415.2,424.4,799.4529
2025-05-21 17:00:00+02:00,424.2,431.4,421.1,427.5,2981.067
2025-05-21 18:00:00+02:00,427.5,447.5,427.5,440.1,3843.2766
2025-05-21 19:00:00+02:00,440.4,446.6,421.5,425.5,3261.5281
2025-05-21 20:00:00+02:00,425.6,437.8,424.4,432.4,1608.5386
2025-05-21 21:00:00+02:00,432.4,441.2,427.1,440.4,1199.2483
2025-05-21 22:00:00+02:00,440.3,445.9,438.0,444.6,1270.5504
2025-05-21 23:00:00+02:00,444.4,449.2,441.5,443.1,1128.1082
2025-05-22 00:00:00+02:00,444.0,449.6,443.2,447.7,632.9125
2025-05-22 01:00:00+02:00,447.9,456.5,446.2,449.8,1765.9766
2025-05-22 02:00:00+02:00,449.9,456.3,447.5,456.2,969.0464
2025-05-22 03:00:00+02:00,456.2,465.0,455.4,461.6,1491.0651
2025-05-22 04:00:00+02:00,461.4,463.5,457.7,459.2,547.9824
2025-05-22 05:00:00+02:00,459.5,468.3,458.2,464.1,919.258
2025-05-22 06:00:00+02:00,464.2,472.8,461.5,472.0,1474.5626
2025-05-22 07:00:00+02:00,472.1,472.4,462.6,462.7,1355.9076
2025-05-22 08:00:00+02:00,462.7,474.8,462.5,471.2,1242.2015
2025-05-22 09:00:00+02:00,471.2,475.7,469.4,471.9,1542.322
2025-05-22 10:00:00+02:00,472.3,475.4,468.5,471.2,1070.625
2025-05-22 11:00:00+02:00,471.1,472.9,468.4,469.4,799.2707
2025-05-22 12:00:00+02:00,469.4,471.2,466.3,467.5,1009.9563
2025-05-22 13:00:00+02:00,467.7,469.5,463.3,468.6,2004.978
2025-05-22 14:00:00+02:00,468.5,470.9,465.6,470.1,2198.9438
2025-05-22 15:00:00+02:00,470.2,471.4,465.9,468.2,769.0931
2025-05-22 16:00:00+02:00,468.3,475.2,468.2,471.9,1742.9915
2025-05-22 17:00:00+02:00,471.8,475.5,471.2,474.5,765.9296
2025-05-22 18:00:00+02:00,474.7,478.1,473.6,474.5,1061.3386
2025-05-22 19:00:00+02:00,474.6,475.5,471.1,473.2,712.5036
2025-05-22 20:00:00+02:00,473.4,476.1,471.0,474.4,561.6409
2025-05-22 21:00:00+02:00,474.4,474.7,466.7,469.8,1219.0868
2025-05-22 22:00:00+02:00,469.9,471.9,463.2,466.9,945.2141
2025-05-22 23:00:00+02:00,466.5,468.7,462.6,465.2,444.9639
2025-05-23 00:00:00+02:00,465.4,466.3,460.5,462.9,510.2115
2025-05-23 01:00:00+02:00,463.3,467.8,462.1,466.6,299.3991
2025-05-23 02:00:00+02:00,466.6,467.7,462.5,464.8,278.3833
2025-05-23 03:00:00+02:00,465.1,468.3,463.2,466.8,192.1833
2025-05-23 04:00:00+02:00,466.6,472.3,465.3,470.8,394.0002
2025-05-23 05:00:00+02:00,471.1,474.0,468.9,471.5,313.6029
2025-05-23 06:00:00+02:00,471.7,472.1,464.0,468.2,304.0209
2025-05-23 07:00:00+02:00,468.5,468.5,463.4,466.7,244.7758
2025-05-23 08:00:00+02:00,466.6,467.1,458.1,460.1,1098.8858
2025-05-23 09:00:00+02:00,460.2,466.6,460.2,462.9,380.5137
2025-05-23 10:00:00+02:00,463.1,466.4,462.4,464.8,541.0786
2025-05-23 11:00:00+02:00,464.7,470.4,463.7,470.2,650.1394
2025-05-23 12:00:00+02:00,470.3,470.6,464.9,467.6,747.6065
2025-05-23 13:00:00+02:00,467.3,467.8,444.7,447.3,2467.8045
2025-05-23 14:00:00+02:00,447.4,447.8,434.3,445.4,3283.5288
2025-05-23 15:00:00+02:00,445.6,455.4,442.1,455.2,1351.9446
2025-05-23 16:00:00+02:00,455.3,457.0,451.1,452.8,1254.2207
2025-05-23 17:00:00+02:00,452.9,454.5,448.0,448.8,745.5791
2025-05-23 18:00:00+02:00,448.8,450.9,442.5,446.7,1331.1265
2025-05-23 19:00:00+02:00,446.8,450.4,443.6,444.7,1314.119
2025-05-23 20:00:00+02:00,444.7,445.5,440.3,440.6,782.3762
2025-05-23 21:00:00+02:00,440.6,443.8,438.6,440.6,676.2581
2025-05-23 22:00:00+02:00,440.5,440.5,429.7,432.2,1840.3077
2025-05-23 23:00:00+02:00,432.1,433.5,424.8,426.9,1420.8233
2025-05-24 00:00:00+02:00,427.1,430.7,422.6,422.6,691.0233
2025-05-24 01:00:00+02:00,422.6,423.3,414.8,420.6,1520.1191
2025-05-24 02:00:00+02:00,420.4,427.9,418.5,424.4,999.2692
2025-05-24 03:00:00+02:00,424.1,426.3,422.4,422.7,296.5546
2025-05-24 04:00:00+02:00,422.8,426.1,421.8,425.3,339.8329
2025-05-24 05:00:00+02:00,425.0,429.2,424.7,428.9,426.7763
2025-05-24 06:00:00+02:00,429.0,432.0,428.3,430.4,321.0163
2025-05-24 07:00:00+02:00,430.5,430.5,424.9,426.0,249.5716
2025-05-24 08:00:00+02:00,425.9,427.4,423.0,424.8,539.9545
2025-05-24 09:00:00+02:00,424.7,429.2,424.7,426.5,485.0959
2025-05-24 10:00:00+02:00,426.6,432.9,425.8,432.3,1783.0075
2025-05-24 11:00:00+02:00,432.5,434.7,430.9,434.5,550.3042
2025-05-24 12:00:00+02:00,434.4,441.2,431.6,439.0,1735.9979
2025-05-24 13:00:00+02:00,439.4,439.5,434.3,434.8,587.4583
2025-05-24 14:00:00+02:00,434.9,440.5,432.2,438.8,705.8269
2025-05-24 15:00:00+02:00,438.7,439.1,433.5,433.9,402.9882
2025-05-24 16:00:00+02:00,433.6,435.9,432.8,435.1,298.3819
2025-05-24 17:00:00+02:00,435.2,438.2,432.4,435.1,1333.8052
2025-05-24 18:00:00+02:00,435.2,435.9,431.5,434.9,452.19
2025-05-24 19:00:00+02:00,435.4,441.2,435.3,437.3,911.0087
2025-05-24 20:00:00+02:00,437.3,440.7,437.0,438.6,473.8123
2025-05-24 21:00:00+02:00,438.9,440.2,435.3,437.3,348.0383
2025-05-24 22:00:00+02:00,437.2,437.7,434.3,437.6,225.0967
2025-05-24 23:00:00+02:00,437.5,438.7,432.8,437.1,266.3848
2025-05-25 00:00:00+02:00,437.1,437.1,432.3,432.9,464.2628
2025-05-25 01:00:00+02:00,433.2,435.0,430.1,432.1,326.6965
2025-05-25 02:00:00+02:00,432.1,434.0,424.4,425.9,502.3934
2025-05-25 03:00:00+02:00,425.8,431.3,423.4,430.0,247.9379
2025-05-25 04:00:00+02:00,429.3,434.1,427.6,431.6,876.8586
2025-05-25 05:00:00+02:00,431.5,435.3,431.4,435.0,71.7555
2025-05-25 06:00:00+02:00,435.1,435.5,431.2,432.4,298.5121
2025-05-25 07:00:00+02:00,432.0,432.0,428.6,430.6,538.0137
2025-05-25 08:00:00+02:00,430.8,432.7,429.4,429.7,311.3265
2025-05-25 09:00:00+02:00,429.8,429.8,424.4,425.8,428.6667
2025-05-25 10:00:00+02:00,425.8,425.8,418.2,419.0,1710.7808
2025-05-25 11:00:00+02:00,418.9,421.1,415.9,420.6,952.4171
2025-05-25 12:00:00+02:00,420.6,422.5,418.4,418.8,320.3253
2025-05-25 13:00:00+02:00,418.7,420.1,415.9,418.3,502.5425
2025-05-25 14:00:00+02:00,418.3,421.9,416.8,421.9,526.7734
2025-05-25 15:00:00+02:00,421.8,422.3,419.2,421.3,349.1009
2025-05-25 16:00:00+02:00,421.2,421.8,413.3,415.5,706.2704
2025-05-25 17:00:00+02:00,415.6,418.1,409.8,417.6,1123.6691
2025-05-25 18:00:00+02:00,417.7,417.9,412.8,415.9,726.4268
2025-05-25 19:00:00+02:00,415.9,418.7,413.8,414.7,627.9726
2025-05-25 20:00:00+02:00,415.1,419.4,414.0,419.2,568.7798
2025-05-25 21:00:00+02:00,419.2,425.0,418.5,423.4,506.0404
2025-05-25 22:00:00+02:00,423.5,426.6,421.7,425.0,702.7085
2025-05-25 23:00:00+02:00,425.1,427.5,420.2,423.5,465.6699
2025-05-26 00:00:00+02:00,423.5,435.7,422.8,435.4,1276.4687
2025-05-26 01:00:00+02:00,435.4,436.2,429.1,432.1,447.9904
2025-05-26 02:00:00+02:00,432.1,439.1,429.5,439.0,842.3405
2025-05-26 03:00:00+02:00,438.8,444.3,436.8,441.0,1059.8225
2025-05-26 04:00:00+02:00,441.2,444.2,438.1,440.1,522.8055
2025-05-26 05:00:00+02:00,439.7,440.6,437.6,438.0,288.2723
2025-05-26 06:00:00+02:00,438.1,445.5,436.5,445.2,979.4907
2025-05-26 07:00:00+02:00,445.2,446.5,443.7,446.0,714.6021
2025-05-26 08:00:00+02:00,445.9,461.3,445.3,459.8,1938.7339
2025-05-26 09:00:00+02:00,460.1,460.4,447.9,450.3,1714.4353
2025-05-26 10:00:00+02:00,450.3,452.3,445.7,447.3,586.8531
2025-05-26 11:00:00+02:00,447.4,452.2,446.2,447.5,1178.22
2025-05-26 12:00:00+02:00,447.5,447.8,443.6,445.2,720.4376
2025-05-26 13:00:00+02:00,445.1,447.0,442.5,445.3,658.0943
2025-05-26 14:00:00+02:00,445.3,450.7,444.6,448.7,442.0813
2025-05-26 15:00:00+02:00,448.6,450.6,441.0,442.5,827.1103
2025-05-26 16:00:00+02:00,442.4,444.4,438.0,443.6,1011.0995
2025-05-26 17:00:00+02:00,443.7,451.2,442.2,444.3,2819.6582
2025-05-26 18:00:00+02:00,444.4,446.4,437.8,439.2,2762.9862
2025-05-26 19:00:00+02:00,438.8,440.4,431.4,432.2,1278.484
2025-05-26 20:00:00+02:00,432.3,434.9,429.4,429.6,559.1854
2025-05-26 21:00:00+02:00,429.4,431.1,426.3,430.9,1044.6034
2025-05-26 22:00:00+02:00,430.5,436.4,428.8,436.4,754.674
2025-05-26 23:00:00+02:00,436.2,436.3,431.5,432.9,483.8993
2025-05-27 00:00:00+02:00,433.0,436.3,430.8,431.0,393.5415
2025-05-27 01:00:00+02:00,431.0,435.3,429.9,435.0,569.9251
2025-05-27 02:00:00+02:00,435.0,440.0,434.5,435.1,592.8771
2025-05-27 03:00:00+02:00,435.4,435.6,425.4,432.7,840.0459
2025-05-27 04:00:00+02:00,432.7,440.2,431.7,433.3,719.1577
2025-05-27 05:00:00+02:00,432.8,438.4,432.8,434.2,428.6538
2025-05-27 06:00:00+02:00,434.2,438.8,434.0,436.2,307.983
2025-05-27 07:00:00+02:00,436.4,445.3,432.8,443.2,735.9996
2025-05-27 08:00:00+02:00,443.1,450.8,439.9,440.0,1653.3909
2025-05-27 09:00:00+02:00,440.0,448.2,440.0,445.0,877.2318
2025-05-27 10:00:00+02:00,445.1,447.3,442.4,446.0,482.4792
2025-05-27 11:00:00+02:00,445.9,447.4,442.0,445.3,380.4727
2025-05-27 12:00:00+02:00,445.4,447.9,442.0,446.9,515.1731
2025-05-27 13:00:00+02:00,446.8,447.5,444.5,447.0,384.7707
2025-05-27 14:00:00+02:00,447.2,447.8,443.0,445.2,623.9339
2025-05-27 15:00:00+02:00,445.2,450.6,442.9,444.3,1344.3488
2025-05-27 16:00:00+02:00,444.3,447.9,441.6,443.8,1106.1936
2025-05-27 17:00:00+02:00,443.7,447.0,440.8,446.6,617.0388
2025-05-27 18:00:00+02:00,446.5,447.4,443.6,445.1,487.8371
2025-05-27 19:00:00+02:00,445.3,447.2,443.0,445.0,681.9843
2025-05-27 20:00:00+02:00,445.1,450.4,444.3,448.0,908.9902
2025-05-27 21:00:00+02:00,448.0,455.7,447.2,452.1,1149.0859
2025-05-27 22:00:00+02:00,452.0,458.0,451.0,455.6,774.9482
2025-05-27 23:00:00+02:00,455.5,459.1,451.3,452.2,988.9268
2025-05-28 00:00:00+02:00,452.4,453.6,445.4,450.8,749.8084
2025-05-28 01:00:00+02:00,450.6,451.9,447.5,448.4,175.5143
2025-05-28 02:00:00+02:00,448.4,456.1,447.3,455.7,528.5264
2025-05-28 03:00:00+02:00,455.6,457.5,452.1,452.2,510.5603
2025-05-28 04:00:00+02:00,452.5,454.5,448.1,453.3,614.1073
2025-05-28 05:00:00+02:00,453.0,456.7,450.7,455.6,266.2472
2025-05-28 06:00:00+02:00,455.5,456.9,451.8,452.0,455.6501
2025-05-28 07:00:00+02:00,451.9,452.2,448.5,448.7,370.636
2025-05-28 08:00:00+02:00,448.6,448.8,443.9,446.3,511.375
2025-05-28 09:00:00+02:00,446.1,449.2,444.5,445.0,640.9956
2025-05-28 10:00:00+02:00,445.3,448.4,445.0,448.4,731.6223
2025-05-28 11:00:00+02:00,448.4,448.4,440.9,443.7,1312.1773
2025-05-28 12:00:00+02:00,443.7,445.5,441.0,444.9,569.9036
2025-05-28 13:00:00+02:00,444.7,445.5,442.4,444.5,312.5724
2025-05-28 14:00:00+02:00,444.8,449.8,443.4,445.5,612.2597
2025-05-28 15:00:00+02:00,445.6,447.5,438.6,438.7,951.7176
2025-05-28 16:00:00+02:00,438.7,439.8,432.7,433.2,1914.1429
2025-05-28 17:00:00+02:00,432.9,434.0,427.1,428.7,967.2538
2025-05-28 18:00:00+02:00,428.6,435.6,428.3,434.8,490.9764
2025-05-28 19:00:00+02:00,434.9,438.9,432.8,436.9,762.5974
2025-05-28 20:00:00+02:00,436.6,440.3,433.7,433.9,559.2503
2025-05-28 21:00:00+02:00,433.7,437.0,428.6,429.3,820.0607
2025-05-28 22:00:00+02:00,429.0,433.5,428.7,433.0,581.6241
2025-05-28 23:00:00+02:00,433.0,435.0,431.2,434.9,292.825
2025-05-29 00:00:00+02:00,434.4,434.9,427.6,428.8,339.8963
2025-05-29 01:00:00+02:00,428.9,435.8,428.7,434.8,233.1317
2025-05-29 02:00:00+02:00,434.9,440.2,429.5,440.1,596.9769
2025-05-29 03:00:00+02:00,440.3,440.6,436.9,437.9,366.5163
2025-05-29 04:00:00+02:00,437.8,441.9,434.6,441.3,349.3471
2025-05-29 05:00:00+02:00,441.5,442.9,435.6,437.4,334.9476
2025-05-29 06:00:00+02:00,437.3,438.6,427.0,431.9,621.5392
2025-05-29 07:00:00+02:00,432.1,433.4,428.3,429.0,306.9915
2025-05-29 08:00:00+02:00,429.0,432.7,428.2,430.9,425.2374
2025-05-29 09:00:00+02:00,430.8,431.1,428.8,429.3,226.643
2025-05-29 10:00:00+02:00,429.5,434.4,427.7,433.5,467.6473
2025-05-29 11:00:00+02:00,433.1,433.7,431.3,433.6,322.2304
2025-05-29 12:00:00+02:00,433.4,433.6,430.4,432.2,308.2579
2025-05-29 13:00:00+02:00,432.4,433.9,430.2,431.2,612.4131
2025-05-29 14:00:00+02:00,431.2,432.7,428.5,430.0,954.708
2025-05-29 15:00:00+02:00,430.0,433.1,426.4,426.9,888.4523
2025-05-29 16:00:00+02:00,427.0,427.6,416.7,424.9,1958.4157
2025-05-29 17:00:00+02:00,424.7,427.4,422.4,424.1,778.3621
2025-05-29 18:00:00+02:00,424.1,425.2,419.4,420.8,620.4696
2025-05-29 19:00:00+02:00,420.6,423.8,419.3,421.3,832.3981
2025-05-29 20:00:00+02:00,421.5,422.9,420.2,420.7,389.4966
2025-05-29 21:00:00+02:00,420.5,420.7,416.6,419.4,949.1208
2025-05-29 22:00:00+02:00,419.6,421.9,418.7,421.3,440.2357
2025-05-29 23:00:00+02:00,421.4,424.2,420.2,423.9,285.122
2025-05-30 00:00:00+02:00,423.6,424.1,418.9,419.0,295.1503
2025-05-30 01:00:00+02:00,418.9,419.8,414.5,416.3,582.6834
2025-05-30 02:00:00+02:00,416.3,419.0,396.6,400.9,2128.3108
2025-05-30 03:00:00+02:00,401.1,411.0,400.0,404.8,1062.1829
2025-05-30 04:00:00+02:00,404.9,413.3,404.8,412.5,500.2694
2025-05-30 05:00:00+02:00,412.4,414.4,411.0,413.4,218.6783
2025-05-30 06:00:00+02:00,413.2,416.0,409.3,414.6,581.2161
2025-05-30 07:00:00+02:00,414.8,418.4,413.3,414.4,494.4508
2025-05-30 08:00:00+02:00,413.9,414.3,403.7,407.6,866.793
2025-05-30 09:00:00+02:00,407.9,411.0,406.5,408.6,679.8898
2025-05-30 10:00:00+02:00,408.5,409.9,402.0,406.1,2308.7016
2025-05-30 11:00:00+02:00,406.0,407.9,400.5,407.3,2037.7795
2025-05-30 12:00:00+02:00,407.2,410.2,404.1,409.7,548.694
2025-05-30 13:00:00+02:00,409.8,410.2,407.1,409.6,480.3259
2025-05-30 14:00:00+02:00,409.5,411.7,404.6,408.2,1049.3715
2025-05-30 15:00:00+02:00,408.2,409.2,401.6,401.9,753.1892
2025-05-30 16:00:00+02:00,402.1,404.4,399.4,403.1,1702.3543
2025-05-30 17:00:00+02:00,402.9,405.0,396.4,396.6,1822.8398
2025-05-30 18:00:00+02:00,396.7,399.0,383.8,386.0,3841.5749
2025-05-30 19:00:00+02:00,386.1,391.4,384.5,391.4,1105.4119
2025-05-30 20:00:00+02:00,391.3,395.6,390.5,395.1,928.3339
2025-05-30 21:00:00+02:00,394.8,395.3,391.6,393.0,385.4481
2025-05-30 22:00:00+02:00,392.9,393.5,389.4,390.8,1078.8441
2025-05-30 23:00:00+02:00,391.0,393.0,388.1,388.4,487.4708
2025-05-31 00:00:00+02:00,388.4,390.1,378.3,378.4,1270.1654
2025-05-31 01:00:00+02:00,378.3,382.3,375.4,376.7,1235.7426
2025-05-31 02:00:00+02:00,376.7,378.8,368.8,371.1,2434.8249
2025-05-31 03:00:00+02:00,371.2,375.8,366.0,371.3,1566.3226
2025-05-31 04:00:00+02:00,371.1,377.5,366.3,373.8,1035.4606
2025-05-31 05:00:00+02:00,373.4,382.3,373.4,380.9,895.4394
2025-05-31 06:00:00+02:00,381.0,408.7,380.5,408.3,2499.8747
2025-05-31 07:00:00+02:00,408.1,415.8,401.5,402.1,2265.3592
2025-05-31 08:00:00+02:00,402.2,412.4,400.2,409.8,1762.2843
2025-05-31 09:00:00+02:00,409.7,409.8,403.1,404.1,1103.5396
2025-05-31 10:00:00+02:00,404.0,404.6,398.4,400.9,1122.7214
2025-05-31 11:00:00+02:00,400.9,404.1,399.5,401.3,521.9172
2025-05-31 12:00:00+02:00,401.2,403.4,397.9,401.9,539.3379
2025-05-31 13:00:00+02:00,401.9,402.2,397.0,397.5,546.1879
2025-05-31 14:00:00+02:00,397.5,404.3,396.7,403.9,530.6414
2025-05-31 15:00:00+02:00,403.6,407.8,401.7,403.2,820.9118
2025-05-31 16:00:00+02:00,403.2,413.5,402.6,412.9,1330.4966
2025-05-31 17:00:00+02:00,412.6,414.4,407.2,411.3,1425.1772
2025-05-31 18:00:00+02:00,411.0,420.6,408.4,412.7,1957.2005
2025-05-31 19:00:00+02:00,412.6,416.8,410.5,411.4,870.7437
2025-05-31 20:00:00+02:00,411.2,434.7,411.0,428.5,3929.4261
2025-05-31 21:00:00+02:00,428.4,435.8,423.5,425.8,1551.0571
2025-05-31 22:00:00+02:00,425.9,432.8,425.7,427.8,1132.0669
2025-05-31 23:00:00+02:00,428.2,433.7,428.1,432.9,1251.4102
2025-06-01 00:00:00+02:00,433.2,434.6,429.7,431.1,889.4436
2025-06-01 01:00:00+02:00,431.1,434.4,428.7,430.5,618.3327
2025-06-01 02:00:00+02:00,430.4,435.8,427.7,435.2,1062.2567
2025-06-01 03:00:00+02:00,435.2,435.7,425.6,428.0,834.7539
2025-06-01 04:00:00+02:00,428.4,429.0,422.2,424.6,569.8993
2025-06-01 05:00:00+02:00,424.6,433.4,421.9,430.5,617.117
2025-06-01 06:00:00+02:00,430.4,435.1,428.9,434.2,579.4634
2025-06-01 07:00:00+02:00,434.4,439.5,427.7,431.1,1782.0863
2025-06-01 08:00:00+02:00,431.2,432.0,426.5,427.8,1416.7736
2025-06-01 09:00:00+02:00,427.7,427.9,424.8,427.5,440.8309
2025-06-01 10:00:00+02:00,427.3,429.4,423.6,424.5,467.7508
2025-06-01 11:00:00+02:00,424.7,425.9,415.3,417.9,1490.8314
2025-06-01 12:00:00+02:00,417.8,420.2,413.5,418.2,715.1045
2025-06-01 13:00:00+02:00,418.0,418.6,413.1,418.4,973.918
2025-06-01 14:00:00+02:00,418.3,419.7,411.5,412.8,943.0454
2025-06-01 15:00:00+02:00,412.8,418.0,411.6,415.5,559.887
2025-06-01 16:00:00+02:00,415.7,422.6,414.7,414.8,1233.1674
2025-06-01 17:00:00+02:00,414.8,419.2,413.5,418.4,445.7556
2025-06-01 18:00:00+02:00,418.5,421.6,416.5,418.0,1096.5379
2025-06-01 19:00:00+02:00,417.9,422.2,417.8,420.9,560.4068
2025-06-01 20:00:00+02:00,420.7,420.9,410.5,412.8,1440.4628
2025-06-01 21:00:00+02:00,412.8,415.3,411.3,415.2,569.4783
2025-06-01 22:00:00+02:00,415.1,415.4,410.3,411.4,768.7005
2025-06-01 23:00:00+02:00,411.0,416.0,410.6,415.4,368.3457
2025-06-02 00:00:00+02:00,415.4,415.9,413.1,413.8,304.5406
2025-06-02 01:00:00+02:00,413.7,415.6,413.0,413.9,1397.9068
2025-06-02 02:00:00+02:00,414.1,415.5,413.0,415.0,399.9353
2025-06-02 03:00:00+02:00,415.1,415.7,413.2,414.3,253.8042
2025-06-02 04:00:00+02:00,414.2,414.5,408.4,413.4,628.7167
2025-06-02 05:00:00+02:00,413.8,415.1,408.9,409.4,442.473
2025-06-02 06:00:00+02:00,409.3,409.6,404.7,405.4,614.4638
2025-06-02 07:00:00+02:00,405.8,409.3,403.9,409.3,570.873
2025-06-02 08:00:00+02:00,409.0,411.7,407.6,409.5,366.6497
2025-06-02 09:00:00+02:00,409.2,415.3,409.1,413.0,547.8316
2025-06-02 10:00:00+02:00,412.9,415.6,412.1,413.0,475.3896
2025-06-02 11:00:00+02:00,413.0,413.0,406.2,407.6,518.3955
2025-06-02 12:00:00+02:00,407.6,411.3,405.9,411.2,540.2555
2025-06-02 13:00:00+02:00,411.2,411.8,408.9,410.3,191.3244
2025-06-02 14:00:00+02:00,410.3,411.6,405.4,410.4,686.9996
2025-06-02 15:00:00+02:00,410.3,413.3,404.5,406.2,1246.1042
2025-06-02 16:00:00+02:00,406.1,411.0,404.9,408.1,673.2176
2025-06-02 17:00:00+02:00,408.1,410.5,405.6,408.0,810.6944
2025-06-02 18:00:00+02:00,407.9,408.0,401.6,405.2,968.8571
2025-06-02 19:00:00+02:00,405.2,406.0,403.4,404.0,422.7389
2025-06-02 20:00:00+02:00,404.0,405.4,401.0,401.9,580.7881
2025-06-02 21:00:00+02:00,402.2,403.5,397.5,398.0,712.5208
2025-06-02 22:00:00+02:00,398.0,404.3,398.0,404.2,1121.8411
2025-06-02 23:00:00+02:00,404.3,405.1,402.8,403.2,463.4936
2025-06-03 00:00:00+02:00,403.2,405.6,401.1,403.3,696.3929
2025-06-03 01:00:00+02:00,403.4,405.5,402.0,404.0,301.3356
2025-06-03 02:00:00+02:00,404.0,405.4,402.5,405.1,366.7945
2025-06-03 03:00:00+02:00,404.9,405.8,402.9,405.1,639.6032
2025-06-03 04:00:00+02:00,405.4,405.5,397.8,397.8,823.9315
2025-06-03 05:00:00+02:00,397.7,398.3,392.0,393.4,1968.1147
2025-06-03 06:00:00+02:00,393.3,394.0,390.7,392.1,637.2485
2025-06-03 07:00:00+02:00,392.3,392.9,391.4,392.1,766.8031
2025-06-03 08:00:00+02:00,392.1,394.4,391.7,393.4,1181.827
2025-06-03 09:00:00+02:00,393.4,393.7,391.0,392.9,525.7465
2025-06-03 10:00:00+02:00,392.7,393.3,385.9,391.0,1694.6405
2025-06-03 11:00:00+02:00,391.1,393.0,388.4,391.3,879.525
2025-06-03 12:00:00+02:00,391.4,393.6,391.0,391.6,664.5025
2025-06-03 13:00:00+02:00,391.7,393.7,391.7,393.1,1011.6393
2025-06-03 14:00:00+02:00,393.1,394.2,392.0,392.8,1399.2804
2025-06-03 15:00:00+02:00,392.6,394.5,390.5,393.2,1524.3207
2025-06-03 16:00:00+02:00,393.1,402.9,390.0,400.0,2927.8546
2025-06-03 17:00:00+02:00,399.8,401.9,395.7,396.6,1597.9315
2025-06-03 18:00:00+02:00,396.4,396.7,389.2,389.9,1429.9996
2025-06-03 19:00:00+02:00,389.8,392.8,384.3,391.4,2208.0903
2025-06-03 20:00:00+02:00,391.5,392.0,388.4,391.4,1065.2044
2025-06-03 21:00:00+02:00,391.5,395.0,391.4,393.2,570.146
2025-06-03 22:00:00+02:00,393.2,393.8,389.1,390.8,799.5083
2025-06-03 23:00:00+02:00,390.7,392.0,383.3,386.2,953.9731
2025-06-04 00:00:00+02:00,386.0,390.6,385.9,389.7,531.8479
2025-06-04 01:00:00+02:00,389.7,391.0,384.9,387.0,842.4935
2025-06-04 02:00:00+02:00,387.0,390.9,386.5,390.8,195.103
2025-06-04 03:00:00+02:00,390.8,394.8,390.8,393.4,769.9698
2025-06-04 04:00:00+02:00,393.6,394.9,391.1,391.8,170.3423
2025-06-04 05:00:00+02:00,391.9,397.5,391.8,395.0,602.84
2025-06-04 06:00:00+02:00,395.0,397.5,393.9,396.2,501.258
2025-06-04 07:00:00+02:00,396.4,396.7,394.0,395.5,469.6241
2025-06-04 08:00:00+02:00,395.5,400.2,393.8,398.6,1046.3747
2025-06-04 09:00:00+02:00,398.7,399.1,394.3,395.4,477.1403
2025-06-04 10:00:00+02:00,395.4,398.0,395.2,396.3,682.2824
2025-06-04 11:00:00+02:00,396.2,397.6,393.7,397.5,486.5576
2025-06-04 12:00:00+02:00,397.5,397.9,394.0,394.2,358.9954
2025-06-04 13:00:00+02:00,394.2,395.2,391.6,391.8,512.9218
2025-06-04 14:00:00+02:00,391.9,393.6,388.6,390.6,985.9891
2025-06-04 15:00:00+02:00,390.3,393.5,388.7,388.9,660.9685
2025-06-04 16:00:00+02:00,388.8,391.2,385.3,391.0,1065.7236
2025-06-04 17:00:00+02:00,390.9,393.5,389.5,390.6,528.3701
2025-06-04 18:00:00+02:00,390.6,392.4,387.5,391.4,899.2958
2025-06-04 19:00:00+02:00,391.4,391.5,387.1,388.3,460.539
2025-06-04 20:00:00+02:00,388.3,390.0,386.4,387.2,786.3577
2025-06-04 21:00:00+02:00,387.1,392.3,386.8,386.9,1067.1259
2025-06-04 22:00:00+02:00,386.6,387.2,378.9,382.2,1582.9251
2025-06-04 23:00:00+02:00,382.0,382.8,377.7,380.2,669.7224
2025-06-05 00:00:00+02:00,379.8,380.3,377.2,378.3,417.1723
2025-06-05 01:00:00+02:00,377.5,382.5,377.4,380.9,306.1531
2025-06-05 02:00:00+02:00,381.4,382.2,378.5,381.5,226.7633
2025-06-05 03:00:00+02:00,381.4,384.3,380.2,381.1,285.1106
2025-06-05 04:00:00+02:00,381.5,383.5,379.2,379.3,490.9279
2025-06-05 05:00:00+02:00,379.4,381.2,378.1,380.1,317.2056
2025-06-05 06:00:00+02:00,380.2,382.7,380.1,381.9,288.0139
2025-06-05 07:00:00+02:00,382.0,382.3,376.7,378.0,491.9542
2025-06-05 08:00:00+02:00,378.1,380.1,377.4,379.2,338.1467
2025-06-05 09:00:00+02:00,379.2,381.0,377.0,378.6,346.0078
2025-06-05 10:00:00+02:00,378.6,379.4,376.3,377.1,350.5861
2025-06-05 11:00:00+02:00,377.0,377.9,375.6,377.7,733.1626
2025-06-05 12:00:00+02:00,377.6,377.7,367.0,368.5,2860.2147
2025-06-05 13:00:00+02:00,368.6,370.0,365.1,369.4,1590.9824
2025-06-05 14:00:00+02:00,369.4,376.5,368.6,375.4,1374.562
2025-06-05 15:00:00+02:00,375.2,377.2,367.5,368.8,1383.4341
2025-06-05 16:00:00+02:00,368.8,372.7,365.3,372.4,2398.3264
2025-06-05 17:00:00+02:00,372.4,374.5,370.6,373.0,654.5459
2025-06-05 18:00:00+02:00,372.5,373.7,366.5,369.0,1139.6045
2025-06-05 19:00:00+02:00,369.1,369.9,363.2,365.6,2001.6321
2025-06-05 20:00:00+02:00,365.5,366.6,360.3,365.3,1104.9401
2025-06-05 21:00:00+02:00,365.5,365.9,351.9,358.6,3063.4556
2025-06-05 22:00:00+02:00,359.1,360.9,349.1,350.0,5201.3358
2025-06-05 23:00:00+02:00,349.8,357.6,347.0,357.1,2940.8628
2025-06-06 00:00:00+02:00,357.0,357.5,352.3,356.0,738.749
2025-06-06 01:00:00+02:00,356.2,356.8,350.8,351.6,875.0285
2025-06-06 02:00:00+02:00,351.6,358.3,351.4,358.3,939.0238
2025-06-06 03:00:00+02:00,357.7,360.8,356.3,359.0,438.0559
2025-06-06 04:00:00+02:00,358.8,360.4,355.7,360.2,727.7392
2025-06-06 05:00:00+02:00,360.2,362.6,358.7,360.1,386.8519
2025-06-06 06:00:00+02:00,360.4,364.1,359.6,362.5,578.2995
2025-06-06 07:00:00+02:00,362.5,364.3,361.4,363.9,416.4364
2025-06-06 08:00:00+02:00,363.7,369.0,363.4,367.3,1308.0645
2025-06-06 09:00:00+02:00,367.4,368.8,365.1,366.2,1126.9002
2025-06-06 10:00:00+02:00,366.1,369.3,365.5,367.0,829.7612
2025-06-06 11:00:00+02:00,367.0,369.0,364.6,364.8,865.6746
2025-06-06 12:00:00+02:00,364.9,369.6,364.8,369.4,939.7048
2025-06-06 13:00:00+02:00,369.5,372.3,368.6,369.4,1393.0338
2025-06-06 14:00:00+02:00,369.5,378.0,368.5,369.2,1729.998
2025-06-06 15:00:00+02:00,369.3,371.3,366.2,368.1,989.7188
2025-06-06 16:00:00+02:00,368.6,373.3,367.4,373.0,812.7944
2025-06-06 17:00:00+02:00,373.2,375.5,370.9,374.2,1299.4394
2025-06-06 18:00:00+02:00,374.1,378.7,373.6,376.1,693.3219
2025-06-06 19:00:00+02:00,376.5,378.2,374.6,378.1,826.0149
2025-06-06 20:00:00+02:00,378.0,378.6,370.9,372.4,744.8591
2025-06-06 21:00:00+02:00,372.4,372.7,367.3,368.2,1323.5363
2025-06-06 22:00:00+02:00,368.7,371.3,368.1,368.1,571.6461
2025-06-06 23:00:00+02:00,368.0,370.7,366.7,369.6,224.0363
2025-06-07 00:00:00+02:00,369.7,370.0,366.1,369.4,540.6361
2025-06-07 01:00:00+02:00,369.3,369.4,366.7,367.5,185.1776
2025-06-07 02:00:00+02:00,367.5,369.9,365.3,369.9,630.4679
2025-06-07 03:00:00+02:00,369.8,370.9,367.2,368.0,139.1917
2025-06-07 04:00:00+02:00,367.8,370.4,367.3,370.4,103.0525
2025-06-07 05:00:00+02:00,370.3,375.7,370.2,374.2,418.7249
2025-06-07 06:00:00+02:00,374.3,374.4,370.7,371.8,345.1881
2025-06-07 07:00:00+02:00,371.9,376.5,371.2,375.6,518.5301
2025-06-07 08:00:00+02:00,375.5,376.7,373.6,376.4,286.1331
2025-06-07 09:00:00+02:00,376.4,377.1,373.7,375.0,570.0967
2025-06-07 10:00:00+02:00,375.0,377.0,373.1,373.9,416.3667
2025-06-07 11:00:00+02:00,374.0,376.0,373.8,374.9,334.43
2025-06-07 12:00:00+02:00,375.1,379.8,374.9,378.1,590.4709
2025-06-07 13:00:00+02:00,377.9,381.0,377.3,378.5,569.5615
2025-06-07 14:00:00+02:00,378.4,380.2,378.1,379.1,373.4574
2025-06-07 15:00:00+02:00,379.3,381.2,378.1,380.4,755.5379
2025-06-07 16:00:00+02:00,380.5,381.1,378.4,378.4,691.7101
2025-06-07 17:00:00+02:00,378.4,386.5,378.4,383.0,1718.1932
2025-06-07 18:00:00+02:00,383.1,383.7,377.3,377.4,750.6803
2025-06-07 19:00:00+02:00,377.5,378.9,375.7,378.5,413.4062
2025-06-07 20:00:00+02:00,378.4,380.4,377.7,380.0,134.6848
2025-06-07 21:00:00+02:00,380.0,382.8,379.9,382.8,273.9757
2025-06-07 22:00:00+02:00,382.6,385.2,380.8,384.9,628.5041
2025-06-07 23:00:00+02:00,384.9,389.1,384.8,388.0,1188.5647
2025-06-08 00:00:00+02:00,388.1,391.2,386.4,386.6,1052.9359
2025-06-08 01:00:00+02:00,386.6,386.9,382.7,386.3,588.2162
2025-06-08 02:00:00+02:00,386.3,389.2,385.2,387.9,278.6866
2025-06-08 03:00:00+02:00,387.8,388.0,385.0,387.3,228.5081
2025-06-08 04:00:00+02:00,387.3,388.7,386.6,387.5,131.0201
2025-06-08 05:00:00+02:00,387.4,387.9,383.8,383.9,37.6822
2025-06-08 06:00:00+02:00,383.9,383.9,381.8,382.4,441.003
2025-06-08 07:00:00+02:00,382.5,382.6,377.9,378.3,818.5383
2025-06-08 08:00:00+02:00,378.2,380.8,378.2,379.1,353.5319
2025-06-08 09:00:00+02:00,379.0,381.3,379.0,380.1,251.0585
2025-06-08 10:00:00+02:00,380.3,381.3,378.9,378.9,286.8971
2025-06-08 11:00:00+02:00,379.0,379.1,375.2,376.4,1607.0247
2025-06-08 12:00:00+02:00,376.4,376.6,372.7,374.6,1302.059
2025-06-08 13:00:00+02:00,374.4,378.2,374.3,377.6,488.6005
2025-06-08 14:00:00+02:00,377.6,378.5,374.9,377.0,480.2765
2025-06-08 15:00:00+02:00,377.0,380.8,376.3,377.1,957.1631
2025-06-08 16:00:00+02:00,377.2,380.2,376.9,379.5,350.1022
2025-06-08 17:00:00+02:00,379.7,382.0,378.2,378.6,400.345
2025-06-08 18:00:00+02:00,378.7,382.7,378.5,381.5,921.6013
2025-06-08 19:00:00+02:00,381.5,382.1,379.2,379.8,789.1283
2025-06-08 20:00:00+02:00,379.8,381.7,378.0,381.7,338.9517
2025-06-08 21:00:00+02:00,381.6,387.2,381.6,386.4,1031.7068
2025-06-08 22:00:00+02:00,386.5,387.6,384.3,384.9,1072.0505
2025-06-08 23:00:00+02:00,384.9,389.6,384.9,387.5,1111.0803
2025-06-09 00:00:00+02:00,387.4,387.5,382.1,383.0,1183.8595
2025-06-09 01:00:00+02:00,382.9,383.3,379.8,383.3,642.8674
2025-06-09 02:00:00+02:00,383.5,384.7,381.8,384.3,290.0237
2025-06-09 03:00:00+02:00,384.2,388.1,382.9,384.8,289.769
2025-06-09 04:00:00+02:00,384.8,385.9,383.1,383.1,384.8991
2025-06-09 05:00:00+02:00,383.0,387.1,380.6,387.1,392.3237
2025-06-09 06:00:00+02:00,387.0,388.8,385.9,386.6,448.829
2025-06-09 07:00:00+02:00,386.5,387.8,383.1,383.2,443.6775
2025-06-09 08:00:00+02:00,383.1,387.6,383.0,387.6,411.5993
2025-06-09 09:00:00+02:00,387.4,387.4,381.4,385.6,388.4744
2025-06-09 10:00:00+02:00,385.5,393.5,385.0,393.4,1704.8086
2025-06-09 11:00:00+02:00,393.3,399.3,391.6,395.7,1785.5823
2025-06-09 12:00:00+02:00,395.6,398.9,392.3,398.8,1267.394
2025-06-09 13:00:00+02:00,398.7,403.0,396.4,401.5,1667.4661
2025-06-09 14:00:00+02:00,401.4,406.7,397.5,406.5,1823.9473
2025-06-09 15:00:00+02:00,406.4,411.5,402.5,403.6,2539.2958
2025-06-09 16:00:00+02:00,403.9,414.8,403.0,409.7,1810.1945
2025-06-09 17:00:00+02:00,409.6,413.4,407.7,412.1,1737.6182
2025-06-09 18:00:00+02:00,412.2,417.8,411.9,413.7,1856.2751
2025-06-09 19:00:00+02:00,413.6,416.2,410.5,411.5,956.4048
2025-06-09 20:00:00+02:00,411.4,414.2,410.4,413.5,1075.2018
2025-06-09 21:00:00+02:00,413.5,414.3,409.5,410.4,1107.6558
2025-06-09 22:00:00+02:00,410.4,411.9,407.8,411.7,923.1564
2025-06-09 23:00:00+02:00,411.7,427.4,411.7,427.3,3023.0119
2025-06-10 00:00:00+02:00,427.4,429.7,418.5,421.5,1234.3342
2025-06-10 01:00:00+02:00,421.7,421.8,417.0,420.0,798.6085
2025-06-10 02:00:00+02:00,420.0,429.3,419.9,423.1,1543.319
2025-06-10 03:00:00+02:00,422.9,426.2,422.3,424.3,402.1357
2025-06-10 04:00:00+02:00,424.0,427.8,422.6,426.4,564.3423
2025-06-10 05:00:00+02:00,426.5,429.7,424.4,429.7,652.0584
2025-06-10 06:00:00+02:00,429.4,432.5,426.1,430.8,945.3933
2025-06-10 07:00:00+02:00,430.8,434.1,426.9,428.6,1447.781
2025-06-10 08:00:00+02:00,428.6,435.7,426.8,434.9,1430.386
2025-06-10 09:00:00+02:00,435.0,437.8,433.1,435.3,1315.3813
2025-06-10 10:00:00+02:00,435.2,435.7,429.2,431.2,1075.9113
2025-06-10 11:00:00+02:00,431.1,435.7,429.8,434.3,575.7038
2025-06-10 12:00:00+02:00,434.2,434.3,431.2,432.0,497.1508
2025-06-10 13:00:00+02:00,432.1,443.4,431.1,438.7,2153.7643
2025-06-10 14:00:00+02:00,438.4,440.7,436.0,437.5,1197.9933
2025-06-10 15:00:00+02:00,437.6,443.2,430.9,434.2,1850.1857
2025-06-10 16:00:00+02:00,434.2,434.7,421.5,427.9,2334.2781
2025-06-10 17:00:00+02:00,427.5,429.6,422.8,427.0,1102.7136
2025-06-10 18:00:00+02:00,427.3,427.7,423.5,423.5,672.7038
2025-06-10 19:00:00+02:00,423.5,426.0,419.9,421.4,894.9146
2025-06-10 20:00:00+02:00,421.9,424.4,420.0,420.9,1368.5362
2025-06-10 21:00:00+02:00,421.0,427.5,417.7,420.2,2230.1561
2025-06-10 22:00:00+02:00,420.1,421.9,415.5,421.6,823.7618
2025-06-10 23:00:00+02:00,421.5,422.4,416.5,422.2,704.6699
2025-06-11 00:00:00+02:00,422.4,426.6,421.5,423.9,1017.8583
2025-06-11 01:00:00+02:00,424.1,428.1,423.1,427.8,267.9213
2025-06-11 02:00:00+02:00,427.8,428.0,423.1,423.3,993.0653
2025-06-11 03:00:00+02:00,423.3,424.0,419.8,421.6,508.8879
2025-06-11 04:00:00+02:00,421.6,423.7,420.7,423.5,175.0876
2025-06-11 05:00:00+02:00,423.4,426.2,421.9,426.1,182.0522
2025-06-11 06:00:00+02:00,426.2,426.8,421.2,421.2,287.5919
2025-06-11 07:00:00+02:00,421.4,422.7,419.9,421.5,297.2064
2025-06-11 08:00:00+02:00,421.4,422.4,419.9,421.2,530.5695
2025-06-11 09:00:00+02:00,421.2,422.5,417.5,420.8,798.7596
2025-06-11 10:00:00+02:00,420.8,421.8,418.3,419.3,546.2465
2025-06-11 11:00:00+02:00,419.7,420.2,417.2,417.8,358.3623
2025-06-11 12:00:00+02:00,417.9,420.3,416.2,418.7,346.4888
2025-06-11 13:00:00+02:00,418.6,418.6,414.2,417.3,516.6909
2025-06-11 14:00:00+02:00,417.4,424.1,414.8,422.4,1167.6102
2025-06-11 15:00:00+02:00,422.6,428.6,421.4,426.9,1360.1702
2025-06-11 16:00:00+02:00,427.0,436.9,426.8,432.0,3223.3568
2025-06-11 17:00:00+02:00,432.0,435.4,428.4,433.2,1229.7822
2025-06-11 18:00:00+02:00,433.6,435.0,431.9,432.1,941.5266
2025-06-11 19:00:00+02:00,432.1,435.9,425.4,426.3,1026.873
2025-06-11 20:00:00+02:00,426.2,427.1,421.2,423.8,1613.9467
2025-06-11 21:00:00+02:00,423.8,424.0,412.5,414.5,1378.6818
2025-06-11 22:00:00+02:00,414.2,417.5,411.3,412.1,683.5158
2025-06-11 23:00:00+02:00,412.0,414.7,403.0,404.0,1339.0612
2025-06-12 00:00:00+02:00,403.9,405.7,400.9,402.8,754.1511
2025-06-12 01:00:00+02:00,402.9,408.5,401.6,407.8,540.6513
2025-06-12 02:00:00+02:00,407.9,408.6,402.7,406.4,255.4638
2025-06-12 03:00:00+02:00,406.4,406.9,398.4,400.0,547.9291
2025-06-12 04:00:00+02:00,400.0,400.5,398.3,399.4,402.6618
2025-06-12 05:00:00+02:00,399.4,400.5,393.4,393.6,1676.6697
2025-06-12 06:00:00+02:00,393.6,395.5,390.0,392.0,1243.8214
2025-06-12 07:00:00+02:00,391.9,394.1,389.4,394.0,1175.4294
2025-06-12 08:00:00+02:00,393.7,398.9,392.0,398.3,986.725
2025-06-12 09:00:00+02:00,398.3,399.8,391.5,393.5,1508.8647
2025-06-12 10:00:00+02:00,393.4,395.9,390.8,395.9,563.1555
2025-06-12 11:00:00+02:00,395.7,397.6,393.3,397.1,294.5582
2025-06-12 12:00:00+02:00,397.1,397.3,392.2,395.0,424.7482
2025-06-12 13:00:00+02:00,394.7,395.4,392.5,392.7,514.8542
2025-06-12 14:00:00+02:00,392.8,398.2,390.0,395.4,837.5286
2025-06-12 15:00:00+02:00,395.3,400.5,394.8,398.4,815.0028
2025-06-12 16:00:00+02:00,398.5,400.3,397.8,399.6,834.8673
2025-06-12 17:00:00+02:00,399.6,404.2,391.5,392.9,1391.0121
2025-06-12 18:00:00+02:00,392.8,398.2,392.3,395.2,506.0762
2025-06-12 19:00:00+02:00,395.1,401.8,394.5,399.4,1069.2254
2025-06-12 20:00:00+02:00,399.4,400.1,390.4,392.4,1147.2195
2025-06-12 21:00:00+02:00,392.5,394.4,386.1,387.9,1293.9804
2025-06-12 22:00:00+02:00,387.7,390.3,378.8,381.5,2765.7497
2025-06-12 23:00:00+02:00,381.3,390.5,379.7,383.3,1138.9554
2025-06-13 00:00:00+02:00,383.4,386.0,382.8,385.6,584.0194
2025-06-13 01:00:00+02:00,385.5,388.6,384.3,386.1,331.1761
2025-06-13 02:00:00+02:00,385.9,385.9,358.7,363.2,4827.3944
2025-06-13 03:00:00+02:00,363.0,363.4,353.6,360.2,2877.3162
2025-06-13 04:00:00+02:00,360.2,364.3,357.2,364.0,1000.0876
2025-06-13 05:00:00+02:00,364.0,369.9,362.7,367.9,1957.941
2025-06-13 06:00:00+02:00,367.8,367.8,363.6,366.7,974.4299
2025-06-13 07:00:00+02:00,366.5,366.7,362.3,362.3,1051.9455
2025-06-13 08:00:00+02:00,362.3,367.3,357.6,367.3,1869.6518
2025-06-13 09:00:00+02:00,367.2,373.1,363.7,371.8,1867.2544
2025-06-13 10:00:00+02:00,372.0,376.5,370.3,370.8,1952.151
2025-06-13 11:00:00+02:00,370.8,371.9,367.1,369.3,1157.8449
2025-06-13 12:00:00+02:00,369.9,370.2,364.3,368.1,805.131
2025-06-13 13:00:00+02:00,368.2,368.4,363.2,368.1,1200.9207
2025-06-13 14:00:00+02:00,368.0,370.8,365.6,366.7,857.4724
2025-06-13 15:00:00+02:00,366.4,370.9,363.4,367.3,1347.2292
2025-06-13 16:00:00+02:00,367.4,369.8,362.1,367.0,1429.0172
2025-06-13 17:00:00+02:00,367.0,372.1,363.9,369.0,2612.4739
2025-06-13 18:00:00+02:00,369.0,374.8,368.0,371.6,1478.2711
2025-06-13 19:00:00+02:00,371.5,371.5,364.6,369.2,1454.0717
2025-06-13 20:00:00+02:00,369.2,369.6,362.1,364.3,1213.27
2025-06-13 21:00:00+02:00,364.4,367.4,362.9,365.9,873.5045
2025-06-13 22:00:00+02:00,365.9,369.9,364.9,367.9,844.3372
2025-06-13 23:00:00+02:00,368.0,371.3,365.8,371.1,747.1618
2025-06-14 00:00:00+02:00,371.3,372.9,368.1,370.3,795.4061
2025-06-14 01:00:00+02:00,370.3,375.8,370.2,375.7,721.9606
2025-06-14 02:00:00+02:00,375.5,375.5,371.2,371.5,615.445
2025-06-14 03:00:00+02:00,371.5,372.6,369.8,371.0,406.5563
2025-06-14 04:00:00+02:00,370.6,372.5,370.0,371.6,191.9681
2025-06-14 05:00:00+02:00,371.6,373.9,371.0,372.6,96.705
2025-06-14 06:00:00+02:00,372.3,375.3,372.2,373.8,417.9811
2025-06-14 07:00:00+02:00,373.8,374.8,372.3,374.7,298.2717
2025-06-14 08:00:00+02:00,374.6,378.7,374.3,374.8,985.1866
2025-06-14 09:00:00+02:00,374.9,376.0,371.7,375.5,492.3413
2025-06-14 10:00:00+02:00,375.3,375.3,372.1,374.8,401.4535
2025-06-14 11:00:00+02:00,374.9,375.2,372.8,373.0,415.4695
2025-06-14 12:00:00+02:00,372.7,374.8,370.3,373.9,450.139
2025-06-14 13:00:00+02:00,373.7,376.1,373.0,374.8,185.7451
2025-06-14 14:00:00+02:00,374.4,374.4,370.3,371.3,445.3924
2025-06-14 15:00:00+02:00,371.2,371.7,367.8,370.5,970.1256
2025-06-14 16:00:00+02:00,370.7,371.0,368.0,369.3,404.7273
2025-06-14 17:00:00+02:00,369.4,369.8,363.6,365.4,1653.3634
2025-06-14 18:00:00+02:00,365.1,365.4,353.7,356.5,1588.9983
2025-06-14 19:00:00+02:00,356.4,360.4,356.1,359.4,779.4832
2025-06-14 20:00:00+02:00,359.3,362.4,355.2,359.3,856.167
2025-06-14 21:00:00+02:00,359.2,361.9,358.0,358.7,404.3475
2025-06-14 22:00:00+02:00,358.7,361.0,356.5,359.8,525.904
2025-06-14 23:00:00+02:00,359.8,365.2,359.0,364.5,434.2912
2025-06-15 00:00:00+02:00,364.6,366.0,362.6,363.7,283.9506
2025-06-15 01:00:00+02:00,363.8,365.1,362.7,363.7,189.8673
2025-06-15 02:00:00+02:00,363.6,368.4,363.4,368.1,485.6655
2025-06-15 03:00:00+02:00,368.0,368.6,364.9,365.8,399.606
2025-06-15 04:00:00+02:00,365.6,368.3,364.9,365.1,313.4529
2025-06-15 05:00:00+02:00,365.3,367.1,364.9,366.0,153.2034
2025-06-15 06:00:00+02:00,365.8,368.5,365.6,368.5,265.533
2025-06-15 07:00:00+02:00,368.4,370.2,365.9,370.2,231.2871
2025-06-15 08:00:00+02:00,370.3,370.4,367.1,367.4,557.5204
2025-06-15 09:00:00+02:00,367.4,367.7,365.5,366.5,408.1365
2025-06-15 10:00:00+02:00,366.4,366.8,363.9,364.4,318.8334
2025-06-15 11:00:00+02:00,364.3,364.3,360.9,361.2,685.1744
2025-06-15 12:00:00+02:00,361.3,366.0,361.2,366.0,368.7112
2025-06-15 13:00:00+02:00,365.8,366.6,363.9,365.6,280.7103
2025-06-15 14:00:00+02:00,365.6,369.4,365.3,369.4,403.7035
2025-06-15 15:00:00+02:00,369.2,371.4,368.1,370.5,599.799
2025-06-15 16:00:00+02:00,370.7,372.0,367.0,371.9,709.851
2025-06-15 17:00:00+02:00,372.0,374.9,369.6,371.4,995.5744
2025-06-15 18:00:00+02:00,371.4,375.4,371.1,374.9,1039.7358
2025-06-15 19:00:00+02:00,374.8,375.0,368.7,371.8,404.2123
2025-06-15 20:00:00+02:00,371.9,372.4,370.0,372.1,276.9126
2025-06-15 21:00:00+02:00,372.0,373.4,366.4,367.2,1034.2048
2025-06-15 22:00:00+02:00,367.8,367.8,354.9,358.5,2042.725
2025-06-15 23:00:00+02:00,358.3,362.7,356.3,362.7,889.8423
2025-06-16 00:00:00+02:00,362.5,366.6,362.4,365.4,1427.3047
2025-06-16 01:00:00+02:00,365.5,368.3,365.2,367.0,1128.2847
2025-06-16 02:00:00+02:00,367.1,367.6,364.4,367.5,214.473
2025-06-16 03:00:00+02:00,367.5,371.8,363.8,371.4,362.7965
2025-06-16 04:00:00+02:00,371.4,374.2,371.1,373.2,452.5196
2025-06-16 05:00:00+02:00,373.5,375.9,372.0,372.3,414.7057
2025-06-16 06:00:00+02:00,372.1,377.4,372.0,374.6,551.5554
2025-06-16 07:00:00+02:00,374.6,379.7,372.7,376.0,930.7087
2025-06-16 08:00:00+02:00,376.0,383.6,375.5,380.7,1184.1114
2025-06-16 09:00:00+02:00,380.7,385.1,380.5,384.0,815.6281
2025-06-16 10:00:00+02:00,384.3,384.8,379.9,382.4,841.1915
2025-06-16 11:00:00+02:00,382.5,384.7,380.8,382.8,698.6848
2025-06-16 12:00:00+02:00,382.9,384.2,380.6,381.7,615.1507
2025-06-16 13:00:00+02:00,381.7,382.6,377.3,381.1,740.9422
2025-06-16 14:00:00+02:00,380.8,382.3,377.6,380.3,958.678
2025-06-16 15:00:00+02:00,380.3,384.6,379.6,384.0,891.116
2025-06-16 16:00:00+02:00,384.1,386.7,381.7,382.7,1013.6071
2025-06-16 17:00:00+02:00,382.7,389.1,382.7,387.0,954.1286
2025-06-16 18:00:00+02:00,387.2,392.0,384.8,388.0,1156.1036
2025-06-16 19:00:00+02:00,388.1,389.6,386.3,387.7,869.4395
2025-06-16 20:00:00+02:00,387.7,389.5,386.8,387.8,357.2584
2025-06-16 21:00:00+02:00,387.7,390.2,385.5,387.7,589.0309
2025-06-16 22:00:00+02:00,387.5,389.2,384.7,389.0,722.4039
2025-06-16 23:00:00+02:00,389.0,390.3,387.1,387.5,415.0776
2025-06-17 00:00:00+02:00,387.2,388.3,368.8,374.7,2416.5291
2025-06-17 01:00:00+02:00,374.6,379.1,366.3,367.7,1071.7321
2025-06-17 02:00:00+02:00,367.6,367.7,348.0,364.2,5194.2039
2025-06-17 03:00:00+02:00,364.3,369.7,361.9,367.6,973.7269
2025-06-17 04:00:00+02:00,367.7,372.4,363.5,371.7,993.7597
2025-06-17 05:00:00+02:00,371.6,372.2,368.0,368.9,689.4687
2025-06-17 06:00:00+02:00,369.4,370.0,364.2,364.3,703.3913
2025-06-17 07:00:00+02:00,364.2,365.1,361.0,362.8,794.792
2025-06-17 08:00:00+02:00,362.6,363.6,355.2,357.5,1887.6668
2025-06-17 09:00:00+02:00,357.8,360.8,357.5,360.1,1080.9713
2025-06-17 10:00:00+02:00,359.9,360.6,354.6,355.3,1454.8439
2025-06-17 11:00:00+02:00,355.4,356.7,352.6,354.3,1090.1787
2025-06-17 12:00:00+02:00,354.2,356.3,350.3,353.6,1199.9893
2025-06-17 13:00:00+02:00,353.7,354.0,348.9,351.9,1282.7653
2025-06-17 14:00:00+02:00,351.9,354.6,350.1,351.0,876.4535
2025-06-17 15:00:00+02:00,351.0,355.5,350.3,353.9,809.9721
2025-06-17 16:00:00+02:00,353.9,358.4,350.6,351.4,1516.502
2025-06-17 17:00:00+02:00,351.2,352.2,341.2,344.0,3003.3559
2025-06-17 18:00:00+02:00,343.9,346.3,335.5,335.6,2923.869
2025-06-17 19:00:00+02:00,335.5,343.2,334.5,338.0,2507.1053
2025-06-17 20:00:00+02:00,337.8,345.0,337.5,344.7,1678.8454
2025-06-17 21:00:00+02:00,344.7,352.2,344.7,348.6,3173.2212
2025-06-17 22:00:00+02:00,348.5,350.3,344.9,349.0,1407.0848
2025-06-17 23:00:00+02:00,349.1,351.3,346.7,350.2,880.7449
2025-06-18 00:00:00+02:00,350.2,352.0,346.4,348.4,400.9423
2025-06-18 01:00:00+02:00,348.3,353.0,348.0,349.9,376.571
2025-06-18 02:00:00+02:00,350.1,358.9,350.0,356.0,1290.5235
2025-06-18 03:00:00+02:00,355.9,356.8,350.7,351.6,507.3119
2025-06-18 04:00:00+02:00,351.7,354.6,350.7,352.6,244.6468
2025-06-18 05:00:00+02:00,352.4,358.1,352.3,357.9,379.5509
2025-06-18 06:00:00+02:00,357.8,360.9,356.1,358.2,355.4992
2025-06-18 07:00:00+02:00,358.6,361.2,358.3,359.9,450.0449
2025-06-18 08:00:00+02:00,360.0,361.0,354.0,357.2,632.5082
2025-06-18 09:00:00+02:00,357.1,357.6,355.0,356.6,830.9546
2025-06-18 10:00:00+02:00,356.6,358.3,352.6,355.5,450.5204
2025-06-18 11:00:00+02:00,355.8,357.6,351.2,352.7,361.5453
2025-06-18 12:00:00+02:00,352.7,352.8,342.3,343.1,1014.4553
2025-06-18 13:00:00+02:00,343.0,348.6,342.3,347.6,693.9915
2025-06-18 14:00:00+02:00,347.5,348.2,344.8,345.7,590.0957
2025-06-18 15:00:00+02:00,345.8,346.3,337.7,345.9,1874.341
2025-06-18 16:00:00+02:00,346.0,351.7,343.9,346.2,1709.0194
2025-06-18 17:00:00+02:00,346.2,349.6,343.7,346.4,683.8284
2025-06-18 18:00:00+02:00,346.2,346.9,342.9,343.5,427.0911
2025-06-18 19:00:00+02:00,343.3,348.3,340.4,347.1,954.3444
2025-06-18 20:00:00+02:00,347.1,352.9,344.4,345.4,1759.0023
2025-06-18 21:00:00+02:00,345.2,352.2,344.6,347.9,1305.1431
2025-06-18 22:00:00+02:00,348.2,366.4,346.5,363.7,1889.3694
2025-06-18 23:00:00+02:00,363.9,365.9,358.1,364.1,1027.4657
2025-06-19 00:00:00+02:00,363.9,365.8,362.5,362.9,534.3117
2025-06-19 01:00:00+02:00,363.3,367.0,360.5,362.6,960.4409
2025-06-19 02:00:00+02:00,362.4,368.2,360.8,363.9,623.4533
2025-06-19 03:00:00+02:00,364.3,364.5,360.4,362.1,742.6446
2025-06-19 04:00:00+02:00,362.1,363.3,357.7,358.0,511.7376
2025-06-19 05:00:00+02:00,358.0,362.3,357.9,362.0,229.5566
2025-06-19 06:00:00+02:00,362.1,362.2,358.7,361.5,250.3989
2025-06-19 07:00:00+02:00,361.5,363.1,358.2,358.6,251.0235
2025-06-19 08:00:00+02:00,358.3,360.2,356.4,358.6,558.6127
2025-06-19 09:00:00+02:00,358.6,359.9,356.8,357.3,382.5657
2025-06-19 10:00:00+02:00,357.2,359.9,355.6,356.2,358.426
2025-06-19 11:00:00+02:00,355.8,359.5,355.7,359.0,326.1364
2025-06-19 12:00:00+02:00,359.0,359.2,354.8,356.5,283.5561
2025-06-19 13:00:00+02:00,356.6,370.0,355.5,356.6,2506.9121
2025-06-19 14:00:00+02:00,356.7,358.2,355.2,356.9,200.1126
2025-06-19 15:00:00+02:00,357.0,357.8,352.2,353.1,709.1551
2025-06-19 16:00:00+02:00,353.1,355.5,350.5,351.3,677.706
2025-06-19 17:00:00+02:00,351.2,353.2,348.2,348.7,819.1474
2025-06-19 18:00:00+02:00,348.8,352.1,346.3,346.5,484.7674
2025-06-19 19:00:00+02:00,346.6,352.0,345.4,350.0,1092.212
2025-06-19 20:00:00+02:00,350.1,353.4,345.9,348.3,856.3897
2025-06-19 21:00:00+02:00,348.2,350.5,346.5,348.4,651.3967
2025-06-19 22:00:00+02:00,348.5,351.1,346.4,347.4,444.8991
2025-06-19 23:00:00+02:00,347.3,351.7,347.2,350.0,542.1199
2025-06-20 00:00:00+02:00,350.2,354.0,350.2,351.6,270.1891
2025-06-20 01:00:00+02:00,351.6,353.2,350.0,350.7,237.9678
2025-06-20 02:00:00+02:00,350.6,354.3,350.2,352.7,261.3906
2025-06-20 03:00:00+02:00,353.2,353.3,348.9,350.9,139.7506
2025-06-20 04:00:00+02:00,351.0,351.2,347.7,348.3,292.9326
2025-06-20 05:00:00+02:00,348.5,350.1,347.5,348.5,105.0157
2025-06-20 06:00:00+02:00,348.4,349.3,345.6,346.1,475.4469
2025-06-20 07:00:00+02:00,346.3,347.9,340.0,345.4,1071.2322
2025-06-20 08:00:00+02:00,345.4,346.4,343.9,346.1,245.4253
2025-06-20 09:00:00+02:00,346.0,357.1,345.0,356.7,1741.4424
2025-06-20 10:00:00+02:00,357.0,360.9,352.9,355.1,1541.1144
2025-06-20 11:00:00+02:00,355.2,357.3,353.2,354.1,905.4341
2025-06-20 12:00:00+02:00,354.1,354.5,351.8,353.1,896.6931
2025-06-20 13:00:00+02:00,353.1,356.3,352.5,354.4,749.4821
2025-06-20 14:00:00+02:00,354.3,355.5,352.9,354.6,954.0399
2025-06-20 15:00:00+02:00,354.5,357.1,350.9,352.2,1355.4659
2025-06-20 16:00:00+02:00,352.1,353.6,337.8,339.8,2846.7904
2025-06-20 17:00:00+02:00,340.0,343.7,339.5,341.9,1239.3803
2025-06-20 18:00:00+02:00,341.9,342.3,336.4,337.5,2072.6722
2025-06-20 19:00:00+02:00,337.7,339.5,330.6,338.6,4844.8531
2025-06-20 20:00:00+02:00,338.6,342.7,337.5,341.0,2023.4045
2025-06-20 21:00:00+02:00,341.0,342.7,337.8,342.2,1229.188
2025-06-20 22:00:00+02:00,342.0,345.4,340.9,344.1,1131.5796
2025-06-20 23:00:00+02:00,344.3,344.4,341.0,342.4,644.1366
2025-06-21 00:00:00+02:00,342.4,342.6,336.5,338.8,935.7282
2025-06-21 01:00:00+02:00,338.8,341.8,338.2,340.7,488.6903
2025-06-21 02:00:00+02:00,340.6,341.1,337.6,339.7,1338.7111
2025-06-21 03:00:00+02:00,339.8,343.2,339.3,341.9,540.6882
2025-06-21 04:00:00+02:00,342.1,342.3,339.3,341.0,226.9837
2025-06-21 05:00:00+02:00,341.0,343.2,340.7,341.7,287.6247
2025-06-21 06:00:00+02:00,341.8,342.2,340.3,341.0,197.2471
2025-06-21 07:00:00+02:00,341.0,342.9,341.0,342.4,320.763
2025-06-21 08:00:00+02:00,342.8,343.6,342.0,342.8,793.6884
2025-06-21 09:00:00+02:00,342.9,343.3,341.5,343.3,294.8953
2025-06-21 10:00:00+02:00,343.3,345.3,342.2,344.4,598.557
2025-06-21 11:00:00+02:00,344.5,344.5,341.2,342.4,720.3273
2025-06-21 12:00:00+02:00,342.4,343.3,339.6,340.5,918.6997
2025-06-21 13:00:00+02:00,340.6,342.2,340.1,341.5,370.1753
2025-06-21 14:00:00+02:00,341.6,342.5,337.6,337.7,624.5537
2025-06-21 15:00:00+02:00,338.0,338.6,329.2,329.7,2216.1196
2025-06-21 16:00:00+02:00,329.5,331.6,327.1,327.7,2248.9765
2025-06-21 17:00:00+02:00,327.9,331.0,327.2,330.5,2066.049
2025-06-21 18:00:00+02:00,330.5,332.8,329.1,330.9,959.6707
2025-06-21 19:00:00+02:00,330.6,332.7,322.6,324.3,2445.4161
2025-06-21 20:00:00+02:00,324.6,326.9,318.7,320.0,2774.3454
2025-06-21 21:00:00+02:00,319.9,321.5,313.2,313.4,3570.0585
2025-06-21 22:00:00+02:00,313.4,318.2,312.3,314.7,3572.7156
2025-06-21 23:00:00+02:00,314.6,315.2,301.9,308.5,5234.3685
2025-06-22 00:00:00+02:00,308.4,311.9,307.2,310.5,3766.9397
2025-06-22 01:00:00+02:00,310.6,317.1,307.3,316.3,2521.2484
2025-06-22 02:00:00+02:00,316.3,323.4,313.0,319.9,2817.4615
2025-06-22 03:00:00+02:00,320.0,320.2,313.8,314.2,915.1878
2025-06-22 04:00:00+02:00,314.3,317.1,311.2,313.8,1162.1219
2025-06-22 05:00:00+02:00,313.6,314.8,310.9,313.2,951.263
2025-06-22 06:00:00+02:00,313.0,315.7,308.7,312.4,1206.2084
2025-06-22 07:00:00+02:00,312.4,313.9,311.0,313.0,932.8543
2025-06-22 08:00:00+02:00,312.9,318.0,311.7,317.0,1193.251
2025-06-22 09:00:00+02:00,316.8,316.9,313.2,313.8,913.5447
2025-06-22 10:00:00+02:00,314.0,314.8,311.0,311.3,1127.4419
2025-06-22 11:00:00+02:00,311.5,312.3,305.8,306.2,1830.399
2025-06-22 12:00:00+02:00,306.2,309.4,303.4,304.2,3844.5613
2025-06-22 13:00:00+02:00,304.3,306.6,301.9,303.7,1935.4384
2025-06-22 14:00:00+02:00,303.7,306.9,300.4,306.7,1833.2212
2025-06-22 15:00:00+02:00,306.6,307.8,292.9,295.9,5002.5498
2025-06-22 16:00:00+02:00,295.9,300.5,290.0,300.2,5125.7856
2025-06-22 17:00:00+02:00,300.2,303.1,296.4,297.3,2663.0288
2025-06-22 18:00:00+02:00,297.5,300.8,296.3,300.0,1789.269
2025-06-22 19:00:00+02:00,299.7,304.1,297.8,301.8,1103.1158
2025-06-22 20:00:00+02:00,302.0,303.5,297.3,297.4,1650.222
2025-06-22 21:00:00+02:00,297.8,298.0,292.3,292.8,1461.3385
2025-06-22 22:00:00+02:00,292.8,299.5,287.4,298.4,3844.019
2025-06-22 23:00:00+02:00,298.7,300.2,294.1,295.2,1568.7059
2025-06-23 00:00:00+02:00,295.3,306.0,294.9,306.0,2374.1322
2025-06-23 01:00:00+02:00,305.9,306.1,302.9,305.5,1625.3298
2025-06-23 02:00:00+02:00,305.4,310.1,305.1,306.6,1486.1521
2025-06-23 03:00:00+02:00,306.6,309.2,304.5,308.7,709.4245
2025-06-23 04:00:00+02:00,308.7,309.4,306.0,306.6,1043.1505
2025-06-23 05:00:00+02:00,306.4,306.8,304.9,305.5,737.1212
2025-06-23 06:00:00+02:00,305.6,308.6,304.7,306.1,662.24
2025-06-23 07:00:00+02:00,306.0,309.2,305.7,308.3,1008.4539
2025-06-23 08:00:00+02:00,308.4,310.7,306.2,308.0,1426.7106
2025-06-23 09:00:00+02:00,308.1,311.1,307.7,309.0,1313.956
2025-06-23 10:00:00+02:00,308.9,310.7,308.1,309.4,1060.7316
2025-06-23 11:00:00+02:00,309.4,310.7,306.8,310.4,964.9693
2025-06-23 12:00:00+02:00,310.6,310.8,307.3,308.4,714.4522
2025-06-23 13:00:00+02:00,308.4,309.1,305.6,307.5,879.8676
2025-06-23 14:00:00+02:00,307.7,314.5,306.4,314.5,1229.2215
2025-06-23 15:00:00+02:00,314.4,318.1,305.5,317.6,2942.0609
2025-06-23 16:00:00+02:00,317.7,332.8,311.4,311.8,3596.3917
2025-06-23 17:00:00+02:00,311.9,314.1,306.2,307.2,2089.4432
2025-06-23 18:00:00+02:00,307.2,307.4,296.8,301.9,5504.4002
2025-06-23 19:00:00+02:00,301.9,317.3,300.1,314.9,4114.5447
2025-06-23 20:00:00+02:00,314.8,323.5,314.7,322.9,3185.6262
2025-06-23 21:00:00+02:00,322.6,327.2,321.8,326.9,2340.6624
2025-06-23 22:00:00+02:00,326.7,339.7,325.1,336.1,4408.5244
2025-06-23 23:00:00+02:00,336.2,338.6,332.6,332.6,2430.3089
2025-06-24 00:00:00+02:00,334.9,356.0,334.9,354.5,8987.5083
2025-06-24 01:00:00+02:00,354.4,354.8,346.5,350.1,3286.0173
2025-06-24 02:00:00+02:00,350.1,350.9,347.8,350.5,2333.6379
2025-06-24 03:00:00+02:00,350.6,354.0,348.6,352.9,1505.6093
2025-06-24 04:00:00+02:00,352.5,353.3,350.2,350.5,1152.0884
2025-06-24 05:00:00+02:00,350.5,354.6,350.0,351.9,992.4562
2025-06-24 06:00:00+02:00,351.9,356.9,351.9,354.9,1363.3716
2025-06-24 07:00:00+02:00,354.9,360.5,354.1,359.3,1844.3909
2025-06-24 08:00:00+02:00,359.2,364.3,357.6,362.6,1997.0646
2025-06-24 09:00:00+02:00,362.4,363.2,353.7,354.5,2875.1989
2025-06-24 10:00:00+02:00,354.3,355.6,350.2,353.3,1765.6691
2025-06-24 11:00:00+02:00,353.2,358.6,351.9,353.4,1738.0205
2025-06-24 12:00:00+02:00,353.3,356.5,352.6,354.5,1049.0349
2025-06-24 13:00:00+02:00,354.5,356.7,351.7,356.7,1035.4294
2025-06-24 14:00:00+02:00,356.7,358.4,354.5,355.3,656.6768
2025-06-24 15:00:00+02:00,355.2,355.7,350.2,355.1,1698.3288
2025-06-24 16:00:00+02:00,355.0,361.3,352.8,359.2,2052.5743
2025-06-24 17:00:00+02:00,359.5,361.7,351.3,352.1,1625.6218
2025-06-24 18:00:00+02:00,352.2,359.4,346.6,359.3,2517.6978
2025-06-24 19:00:00+02:00,359.1,359.1,349.6,350.6,1674.7184
2025-06-24 20:00:00+02:00,350.9,351.6,345.7,345.8,1161.8706
2025-06-24 21:00:00+02:00,346.0,347.4,341.2,343.6,2204.4576
2025-06-24 22:00:00+02:00,343.5,346.8,341.9,346.5,976.7184
2025-06-24 23:00:00+02:00,346.2,346.9,343.2,346.1,770.2105
2025-06-25 00:00:00+02:00,345.7,345.7,342.3,344.9,658.6788
2025-06-25 01:00:00+02:00,344.8,345.9,342.0,345.5,399.7668
2025-06-25 02:00:00+02:00,345.8,347.0,342.1,346.2,427.7674
2025-06-25 03:00:00+02:00,346.0,346.8,342.1,344.3,372.9434
2025-06-25 04:00:00+02:00,344.4,346.7,342.1,342.3,587.5288
2025-06-25 05:00:00+02:00,342.3,344.1,339.4,339.5,650.0395
2025-06-25 06:00:00+02:00,339.6,340.8,338.3,338.8,701.5883
2025-06-25 07:00:00+02:00,338.7,339.8,335.3,335.4,1258.5709
2025-06-25 08:00:00+02:00,335.4,338.3,334.5,337.0,1265.6114
2025-06-25 09:00:00+02:00,336.7,340.8,335.6,340.5,1210.3662
2025-06-25 10:00:00+02:00,340.4,341.0,334.9,337.8,1030.2552
2025-06-25 11:00:00+02:00,337.8,340.6,335.0,336.8,1767.7411
2025-06-25 12:00:00+02:00,336.8,337.1,334.6,336.8,835.9526
2025-06-25 13:00:00+02:00,336.7,339.1,335.0,339.0,1128.2654
2025-06-25 14:00:00+02:00,339.0,340.0,336.5,339.3,1160.321
2025-06-25 15:00:00+02:00,339.2,346.4,338.7,345.9,2896.4386
2025-06-25 16:00:00+02:00,345.8,346.7,331.3,338.0,3859.0095
2025-06-25 17:00:00+02:00,337.9,337.9,329.9,331.6,3406.8671
2025-06-25 18:00:00+02:00,331.5,333.7,324.6,326.4,2812.2829
2025-06-25 19:00:00+02:00,326.5,333.4,326.3,331.7,2450.6825
2025-06-25 20:00:00+02:00,331.4,333.0,329.0,329.6,1003.3039
2025-06-25 21:00:00+02:00,329.5,331.1,328.0,329.7,1452.586
2025-06-25 22:00:00+02:00,329.5,330.1,325.9,328.5,944.5865
2025-06-25 23:00:00+02:00,328.4,330.3,323.0,324.2,1603.8244
2025-06-26 00:00:00+02:00,324.2,325.4,322.5,324.6,685.8384
2025-06-26 01:00:00+02:00,324.3,325.3,322.7,323.4,737.6947
2025-06-26 02:00:00+02:00,323.2,325.3,321.2,323.7,1004.7726
2025-06-26 03:00:00+02:00,323.8,329.7,323.6,328.4,901.7439
2025-06-26 04:00:00+02:00,328.5,330.9,326.6,330.5,901.2236
2025-06-26 05:00:00+02:00,330.7,333.5,326.0,327.4,794.7212
2025-06-26 06:00:00+02:00,327.6,328.2,324.6,326.7,342.8767
2025-06-26 07:00:00+02:00,326.7,326.7,323.0,324.3,563.3693
2025-06-26 08:00:00+02:00,324.1,328.8,323.5,328.6,807.3456
2025-06-26 09:00:00+02:00,328.4,331.5,327.0,328.6,1530.6383
2025-06-26 10:00:00+02:00,328.6,332.8,328.2,329.0,1602.3258
2025-06-26 11:00:00+02:00,329.1,329.8,323.2,324.5,1175.6004
2025-06-26 12:00:00+02:00,324.3,325.5,323.1,323.7,1216.3854
2025-06-26 13:00:00+02:00,323.8,324.2,322.2,322.7,913.0844
2025-06-26 14:00:00+02:00,322.8,323.3,314.3,319.0,2760.0584
2025-06-26 15:00:00+02:00,319.1,320.5,316.3,317.3,2500.1239
2025-06-26 16:00:00+02:00,317.3,323.2,315.6,318.4,2885.4477
2025-06-26 17:00:00+02:00,318.7,320.0,315.4,319.7,1783.6041
2025-06-26 18:00:00+02:00,319.5,320.5,317.8,318.5,1228.0428
2025-06-26 19:00:00+02:00,318.5,322.2,318.2,318.4,976.4775
2025-06-26 20:00:00+02:00,318.4,322.0,317.5,321.0,1025.6617
2025-06-26 21:00:00+02:00,320.9,326.8,320.3,325.9,1940.5607
2025-06-26 22:00:00+02:00,325.8,331.1,325.5,327.8,1774.2838
2025-06-26 23:00:00+02:00,327.8,328.0,320.4,322.1,1468.7129
2025-06-27 00:00:00+02:00,321.9,325.1,319.6,319.9,908.2715
2025-06-27 01:00:00+02:00,319.9,320.1,317.5,319.8,704.2446
2025-06-27 02:00:00+02:00,319.7,323.0,319.4,320.1,856.6835
2025-06-27 03:00:00+02:00,320.0,325.1,318.7,323.4,1338.2047
2025-06-27 04:00:00+02:00,323.1,325.6,322.0,325.2,553.2798
2025-06-27 05:00:00+02:00,325.6,325.8,323.3,323.5,482.5612
2025-06-27 06:00:00+02:00,323.4,324.5,321.1,322.3,950.7124
2025-06-27 07:00:00+02:00,322.4,324.1,318.4,318.8,1462.8732
2025-06-27 08:00:00+02:00,318.6,320.3,317.7,318.8,841.3577
2025-06-27 09:00:00+02:00,318.8,321.6,314.6,314.9,1446.9912
2025-06-27 10:00:00+02:00,314.9,321.5,314.9,320.6,2282.5108
2025-06-27 11:00:00+02:00,320.7,321.8,318.1,319.5,1363.9562
2025-06-27 12:00:00+02:00,319.6,319.8,316.1,317.4,776.0942
2025-06-27 13:00:00+02:00,317.3,319.7,317.0,318.5,679.6879
2025-06-27 14:00:00+02:00,318.5,321.8,317.6,318.2,1080.444
2025-06-27 15:00:00+02:00,318.0,320.9,316.7,320.4,1293.1065
2025-06-27 16:00:00+02:00,320.5,322.7,318.3,319.6,1309.5423
2025-06-27 17:00:00+02:00,319.4,324.4,318.3,323.8,1586.2641
2025-06-27 18:00:00+02:00,323.6,328.4,322.3,326.8,1919.861
2025-06-27 19:00:00+02:00,326.6,327.1,320.1,324.5,1529.867
2025-06-27 20:00:00+02:00,324.1,325.2,319.9,320.1,1643.764
2025-06-27 21:00:00+02:00,320.2,325.0,319.4,324.2,574.9723
2025-06-27 22:00:00+02:00,324.1,327.1,323.7,326.3,820.1043
2025-06-27 23:00:00+02:00,326.6,327.9,324.4,325.6,873.5201
2025-06-28 00:00:00+02:00,325.9,328.1,325.9,327.1,459.7208
2025-06-28 01:00:00+02:00,327.0,327.3,325.4,326.2,411.0523
2025-06-28 02:00:00+02:00,326.2,327.8,325.6,326.6,440.9613
2025-06-28 03:00:00+02:00,326.2,328.2,324.9,327.5,449.3743
2025-06-28 04:00:00+02:00,327.5,328.4,324.9,325.1,435.2784
2025-06-28 05:00:00+02:00,325.0,325.1,319.5,319.5,634.2918
2025-06-28 06:00:00+02:00,319.6,325.2,316.8,321.5,1045.3875
2025-06-28 07:00:00+02:00,321.7,324.3,321.6,322.8,613.6537
2025-06-28 08:00:00+02:00,322.8,325.4,322.7,325.1,881.7008
2025-06-28 09:00:00+02:00,325.1,327.4,324.4,327.1,606.278
2025-06-28 10:00:00+02:00,327.0,327.9,323.3,325.0,884.2872
2025-06-28 11:00:00+02:00,325.0,327.4,324.2,326.8,637.0493
2025-06-28 12:00:00+02:00,326.8,328.0,325.7,326.5,707.9811
2025-06-28 13:00:00+02:00,326.9,327.5,325.9,326.1,260.8989
2025-06-28 14:00:00+02:00,326.0,327.4,325.3,326.7,299.6433
2025-06-28 15:00:00+02:00,326.8,327.6,324.2,324.2,369.0316
2025-06-28 16:00:00+02:00,324.5,326.3,324.4,326.1,379.7716
2025-06-28 17:00:00+02:00,326.0,328.5,325.6,328.1,353.07
2025-06-28 18:00:00+02:00,328.0,330.0,327.5,327.7,1181.3814
2025-06-28 19:00:00+02:00,328.0,331.5,326.9,331.2,531.696
2025-06-28 20:00:00+02:00,331.3,332.4,329.8,331.3,728.6961
2025-06-28 21:00:00+02:00,331.3,333.2,330.1,330.8,584.0696
2025-06-28 22:00:00+02:00,330.8,331.0,329.1,329.1,270.1341
2025-06-28 23:00:00+02:00,329.1,331.7,328.2,331.3,420.8359
2025-06-29 00:00:00+02:00,331.3,333.8,330.8,331.9,484.0372
2025-06-29 01:00:00+02:00,332.0,332.8,329.9,330.0,268.9508
2025-06-29 02:00:00+02:00,329.8,332.3,329.5,331.1,398.6162
2025-06-29 03:00:00+02:00,331.2,331.3,329.8,329.9,212.2401
2025-06-29 04:00:00+02:00,329.9,329.9,328.3,329.4,195.8122
2025-06-29 05:00:00+02:00,329.1,331.1,329.1,329.3,367.4162
2025-06-29 06:00:00+02:00,329.3,330.9,329.2,330.7,162.8312
2025-06-29 07:00:00+02:00,330.9,332.3,330.9,331.8,136.9004
2025-06-29 08:00:00+02:00,332.0,337.1,331.8,335.8,688.357
2025-06-29 09:00:00+02:00,335.9,336.8,333.9,336.7,691.1946
2025-06-29 10:00:00+02:00,336.8,338.5,335.1,338.4,559.511
2025-06-29 11:00:00+02:00,338.4,342.2,337.4,340.1,1024.5164
2025-06-29 12:00:00+02:00,340.3,343.0,337.5,339.6,1289.5524
2025-06-29 13:00:00+02:00,339.7,339.8,336.2,336.6,1057.3623
2025-06-29 14:00:00+02:00,336.5,340.9,334.9,340.4,1200.3799
2025-06-29 15:00:00+02:00,340.3,344.5,340.0,342.3,2090.5783
2025-06-29 16:00:00+02:00,342.4,344.9,340.5,341.1,1079.6066
2025-06-29 17:00:00+02:00,341.0,342.7,339.4,340.4,632.5006
2025-06-29 18:00:00+02:00,340.3,343.1,338.6,342.6,1372.5328
2025-06-29 19:00:00+02:00,342.8,342.9,339.4,342.5,545.8805
2025-06-29 20:00:00+02:00,342.4,343.8,341.4,343.5,343.5332
2025-06-29 21:00:00+02:00,343.5,344.1,341.4,341.7,663.4064
2025-06-29 22:00:00+02:00,341.9,342.0,339.7,339.8,351.0617
2025-06-29 23:00:00+02:00,339.6,341.8,337.2,341.7,665.4155
2025-06-30 00:00:00+02:00,341.8,351.0,341.6,348.8,2854.5604
2025-06-30 01:00:00+02:00,348.8,350.5,345.6,345.7,1279.293
2025-06-30 02:00:00+02:00,345.8,347.9,343.6,343.9,722.8544
2025-06-30 03:00:00+02:00,344.1,344.1,341.1,341.4,568.4865
2025-06-30 04:00:00+02:00,341.5,341.8,338.9,339.1,343.8257
2025-06-30 05:00:00+02:00,339.3,340.2,338.5,338.5,430.8753
2025-06-30 06:00:00+02:00,338.6,338.7,337.7,337.9,219.7246
2025-06-30 07:00:00+02:00,338.0,341.4,337.6,340.2,567.9462
2025-06-30 08:00:00+02:00,340.4,340.4,333.0,335.8,1467.2244
2025-06-30 09:00:00+02:00,335.7,338.5,335.4,337.4,513.4001
2025-06-30 10:00:00+02:00,337.3,337.4,332.0,333.5,1377.1831
2025-06-30 11:00:00+02:00,333.4,335.0,332.0,332.8,942.6207
2025-06-30 12:00:00+02:00,332.9,333.5,331.3,332.0,740.1718
2025-06-30 13:00:00+02:00,331.9,334.0,329.3,331.1,1115.3087
2025-06-30 14:00:00+02:00,331.1,332.8,328.3,329.4,857.9486
2025-06-30 15:00:00+02:00,329.5,334.0,329.3,330.9,1363.9027
2025-06-30 16:00:00+02:00,331.1,334.4,329.3,331.4,1192.3116
2025-06-30 17:00:00+02:00,331.6,338.6,329.9,335.3,3036.1319
2025-06-30 18:00:00+02:00,335.5,338.4,333.5,337.0,1047.0029
2025-06-30 19:00:00+02:00,336.9,338.1,334.7,336.7,778.9285
2025-06-30 20:00:00+02:00,336.6,337.8,334.2,335.3,645.3931
2025-06-30 21:00:00+02:00,335.2,342.4,335.0,342.2,911.2993
2025-06-30 22:00:00+02:00,342.2,343.7,338.6,338.8,858.0308
2025-06-30 23:00:00+02:00,338.8,339.8,335.7,337.3,559.9192
2025-07-01 00:00:00+02:00,337.4,338.2,334.8,335.0,778.4561
2025-07-01 01:00:00+02:00,335.0,336.4,333.7,334.7,497.2995
2025-07-01 02:00:00+02:00,334.8,337.1,333.9,336.0,740.8747
2025-07-01 03:00:00+02:00,336.0,338.0,334.2,334.2,196.215
2025-07-01 04:00:00+02:00,334.1,334.8,332.1,333.3,760.7668
2025-07-01 05:00:00+02:00,333.5,335.7,332.5,335.3,558.3729
2025-07-01 06:00:00+02:00,335.3,335.6,332.8,333.1,338.5179
2025-07-01 07:00:00+02:00,333.0,334.0,332.2,333.4,303.5044
2025-07-01 08:00:00+02:00,333.3,333.4,330.0,332.4,723.495
2025-07-01 09:00:00+02:00,332.5,333.8,328.6,333.0,2658.7832
2025-07-01 10:00:00+02:00,332.9,333.6,329.0,330.5,495.509
2025-07-01 11:00:00+02:00,330.4,331.2,328.7,330.1,677.7321
2025-07-01 12:00:00+02:00,330.1,330.3,327.6,328.6,641.4618
2025-07-01 13:00:00+02:00,328.5,328.7,324.0,325.3,917.7477
2025-07-01 14:00:00+02:00,325.2,325.6,321.6,322.6,690.724
2025-07-01 15:00:00+02:00,322.6,326.4,321.6,325.3,1276.9196
2025-07-01 16:00:00+02:00,325.3,327.8,320.7,324.3,1661.7261
2025-07-01 17:00:00+02:00,324.2,326.1,322.7,325.8,934.4705
2025-07-01 18:00:00+02:00,325.6,326.9,324.5,325.3,578.8142
2025-07-01 19:00:00+02:00,325.3,325.4,322.0,323.6,546.2987
2025-07-01 20:00:00+02:00,323.6,323.9,319.9,320.5,453.8754
2025-07-01 21:00:00+02:00,320.4,322.7,318.9,319.1,574.9515
2025-07-01 22:00:00+02:00,319.1,320.9,316.8,320.1,936.6957
2025-07-01 23:00:00+02:00,319.9,322.4,318.9,319.2,361.5718
2025-07-02 00:00:00+02:00,319.1,319.9,316.9,317.3,275.949
2025-07-02 01:00:00+02:00,317.4,318.6,316.3,318.3,483.7674
2025-07-02 02:00:00+02:00,318.2,320.1,317.6,319.2,262.6102
2025-07-02 03:00:00+02:00,319.2,321.2,316.5,320.6,406.7806
2025-07-02 04:00:00+02:00,320.6,321.4,318.2,319.7,148.3667
2025-07-02 05:00:00+02:00,319.7,321.3,318.9,319.7,373.719
2025-07-02 06:00:00+02:00,319.7,322.8,318.1,322.2,426.3436
2025-07-02 07:00:00+02:00,322.5,323.7,321.2,323.3,543.7101
2025-07-02 08:00:00+02:00,323.1,327.2,323.0,326.7,785.8383
2025-07-02 09:00:00+02:00,326.7,328.3,324.9,327.7,712.3735
2025-07-02 10:00:00+02:00,327.8,329.6,326.1,326.4,742.4886
2025-07-02 11:00:00+02:00,326.7,327.0,324.8,325.6,369.2696
2025-07-02 12:00:00+02:00,325.7,327.7,324.3,326.8,265.0019
2025-07-02 13:00:00+02:00,326.6,327.8,322.3,323.3,600.6222
2025-07-02 14:00:00+02:00,323.2,323.3,320.1,321.1,656.4551
2025-07-02 15:00:00+02:00,321.1,324.3,320.7,321.9,1113.0004
2025-07-02 16:00:00+02:00,321.9,325.2,320.8,325.0,917.5524
2025-07-02 17:00:00+02:00,325.1,329.0,324.9,328.4,1454.033
2025-07-02 18:00:00+02:00,328.4,336.6,328.0,336.4,3289.5204
2025-07-02 19:00:00+02:00,336.5,339.1,330.3,333.5,2672.2393
2025-07-02 20:00:00+02:00,333.7,335.7,333.3,335.3,738.1968
2025-07-02 21:00:00+02:00,335.5,338.0,334.0,338.0,787.8309
2025-07-02 22:00:00+02:00,337.9,339.4,335.4,338.9,1104.8387
2025-07-02 23:00:00+02:00,338.8,343.2,338.8,341.3,1296.8269
2025-07-03 00:00:00+02:00,341.4,342.1,338.8,338.8,417.8366
2025-07-03 01:00:00+02:00,338.9,339.3,334.3,334.8,901.6236
2025-07-03 02:00:00+02:00,334.9,335.8,331.8,334.6,1054.3827
2025-07-03 03:00:00+02:00,334.7,337.3,333.6,337.1,270.8794
2025-07-03 04:00:00+02:00,337.2,338.5,334.5,338.5,362.9461
2025-07-03 05:00:00+02:00,338.5,343.9,333.6,336.4,1834.3397
2025-07-03 06:00:00+02:00,336.2,339.0,336.0,338.8,532.5571
2025-07-03 07:00:00+02:00,338.9,344.1,338.6,343.7,1059.1689
2025-07-03 08:00:00+02:00,343.9,344.5,342.2,344.2,672.8703
2025-07-03 09:00:00+02:00,344.0,346.2,342.1,342.9,936.6374
2025-07-03 10:00:00+02:00,342.9,346.9,342.9,343.6,843.7587
2025-07-03 11:00:00+02:00,343.8,345.4,342.6,343.4,848.2735
2025-07-03 12:00:00+02:00,343.5,343.8,338.9,340.2,1223.015
2025-07-03 13:00:00+02:00,340.1,340.9,337.6,338.8,715.0721
2025-07-03 14:00:00+02:00,338.7,342.7,333.8,337.7,1663.2127
2025-07-03 15:00:00+02:00,337.7,343.3,336.6,340.7,2105.8438
2025-07-03 16:00:00+02:00,340.9,342.5,335.1,335.8,1545.8205
2025-07-03 17:00:00+02:00,335.8,336.5,329.0,330.2,2265.0187
2025-07-03 18:00:00+02:00,330.1,334.5,330.0,333.5,827.2718
2025-07-03 19:00:00+02:00,333.4,335.0,331.2,332.4,894.3924
2025-07-03 20:00:00+02:00,332.4,335.0,331.3,334.9,349.3134
2025-07-03 21:00:00+02:00,334.8,338.1,334.8,336.4,546.9042
2025-07-03 22:00:00+02:00,336.4,338.3,335.6,338.0,512.8702
2025-07-03 23:00:00+02:00,338.1,339.9,337.1,339.2,267.32
2025-07-04 00:00:00+02:00,339.3,340.5,338.3,339.2,325.5234
2025-07-04 01:00:00+02:00,339.2,340.2,337.6,338.1,135.6547
2025-07-04 02:00:00+02:00,338.1,339.8,337.2,338.6,298.3915
2025-07-04 03:00:00+02:00,338.5,340.7,335.6,336.0,350.8071
2025-07-04 04:00:00+02:00,336.0,336.8,333.6,333.8,525.8271
2025-07-04 05:00:00+02:00,333.7,335.8,333.4,335.0,127.0955
2025-07-04 06:00:00+02:00,335.0,337.7,332.5,332.8,482.0239
2025-07-04 07:00:00+02:00,332.6,335.3,332.6,332.8,395.1111
2025-07-04 08:00:00+02:00,332.8,332.8,328.8,329.6,1195.3483
2025-07-04 09:00:00+02:00,329.5,330.4,323.2,323.6,1416.0768
2025-07-04 10:00:00+02:00,323.5,325.4,320.4,324.9,1354.759
2025-07-04 11:00:00+02:00,324.9,326.1,324.6,325.4,595.0875
2025-07-04 12:00:00+02:00,325.3,325.5,322.2,322.5,756.1786
2025-07-04 13:00:00+02:00,322.5,325.3,322.3,323.5,263.9349
2025-07-04 14:00:00+02:00,323.3,323.8,320.1,321.1,735.7013
2025-07-04 15:00:00+02:00,320.8,322.6,320.1,320.6,528.257
2025-07-04 16:00:00+02:00,320.4,324.4,317.7,320.5,2040.7574
2025-07-04 17:00:00+02:00,320.6,321.1,317.8,318.9,964.8062
2025-07-04 18:00:00+02:00,318.7,320.7,315.3,320.6,1524.017
2025-07-04 19:00:00+02:00,320.5,322.8,319.4,322.4,729.6987
2025-07-04 20:00:00+02:00,322.6,322.8,320.1,320.7,607.2756
2025-07-04 21:00:00+02:00,320.7,322.2,319.7,320.8,202.8674
2025-07-04 22:00:00+02:00,320.9,322.8,320.8,322.7,729.6182
2025-07-04 23:00:00+02:00,322.7,324.7,322.6,324.2,446.4697
2025-07-05 00:00:00+02:00,324.2,326.7,323.7,326.7,455.0401
2025-07-05 01:00:00+02:00,326.5,326.6,324.5,324.7,427.9513
2025-07-05 02:00:00+02:00,324.7,325.6,324.1,325.0,208.8552
2025-07-05 03:00:00+02:00,324.9,325.2,323.3,323.7,157.4902
2025-07-05 04:00:00+02:00,323.6,323.6,320.7,323.4,252.6836
2025-07-05 05:00:00+02:00,323.7,326.0,323.2,324.1,282.5215
2025-07-05 06:00:00+02:00,324.1,324.3,321.2,321.3,359.3273
2025-07-05 07:00:00+02:00,321.3,322.8,321.0,322.7,94.5733
2025-07-05 08:00:00+02:00,322.8,325.0,321.9,325.0,208.9211
2025-07-05 09:00:00+02:00,325.0,325.1,322.5,322.8,238.0802
2025-07-05 10:00:00+02:00,322.8,323.3,321.1,322.2,191.1811
2025-07-05 11:00:00+02:00,322.2,323.4,320.8,323.2,240.2617
2025-07-05 12:00:00+02:00,323.2,324.6,323.2,323.6,218.2958
2025-07-05 13:00:00+02:00,323.5,325.1,323.2,323.4,211.2094
2025-07-05 14:00:00+02:00,323.3,323.3,321.1,322.0,244.4932
2025-07-05 15:00:00+02:00,322.0,323.5,321.5,321.5,158.6864
2025-07-05 16:00:00+02:00,321.8,323.3,321.2,323.0,219.6516
2025-07-05 17:00:00+02:00,323.0,323.8,321.8,322.4,230.9377
2025-07-05 18:00:00+02:00,322.3,323.2,320.2,322.1,264.2554
2025-07-05 19:00:00+02:00,322.1,322.8,320.2,321.8,437.2787
2025-07-05 20:00:00+02:00,321.9,321.9,318.8,319.6,728.8575
2025-07-05 21:00:00+02:00,319.6,321.0,318.0,320.3,341.6803
2025-07-05 22:00:00+02:00,320.0,320.4,318.0,320.3,278.4528
2025-07-05 23:00:00+02:00,320.4,322.7,320.3,322.6,306.1176
2025-07-06 00:00:00+02:00,322.5,322.6,321.3,321.9,242.6317
2025-07-06 01:00:00+02:00,322.0,322.6,321.7,322.4,154.9693
2025-07-06 02:00:00+02:00,322.3,322.3,320.7,321.4,185.6511
2025-07-06 03:00:00+02:00,321.3,321.5,319.9,320.6,31.5702
2025-07-06 04:00:00+02:00,320.7,321.5,320.0,320.0,125.8035
2025-07-06 05:00:00+02:00,319.9,320.5,319.3,320.4,132.5277
2025-07-06 06:00:00+02:00,320.3,321.1,319.8,319.8,131.6837
2025-07-06 07:00:00+02:00,319.9,320.0,318.8,318.9,205.1027
2025-07-06 08:00:00+02:00,318.8,321.0,318.7,320.8,258.2135
2025-07-06 09:00:00+02:00,320.9,322.3,320.7,320.7,272.8258
2025-07-06 10:00:00+02:00,320.9,322.0,319.7,321.8,273.279
2025-07-06 11:00:00+02:00,321.7,323.0,320.9,321.0,493.5471
2025-07-06 12:00:00+02:00,321.1,322.5,320.1,321.5,248.9719
2025-07-06 13:00:00+02:00,321.5,321.6,320.2,321.6,196.0242
2025-07-06 14:00:00+02:00,321.4,323.5,320.0,322.9,738.975
2025-07-06 15:00:00+02:00,323.1,329.1,322.1,328.0,1942.8486
2025-07-06 16:00:00+02:00,328.5,328.8,324.6,325.9,1210.7161
2025-07-06 17:00:00+02:00,326.0,327.3,325.5,326.5,593.5971
2025-07-06 18:00:00+02:00,326.4,328.3,326.3,328.3,623.8789
2025-07-06 19:00:00+02:00,328.3,328.4,326.6,327.7,317.9573
2025-07-06 20:00:00+02:00,327.6,328.3,323.6,325.3,652.9587
2025-07-06 21:00:00+02:00,325.4,327.0,324.9,325.5,759.7019
2025-07-06 22:00:00+02:00,325.7,328.4,325.6,326.6,332.0974
2025-07-06 23:00:00+02:00,326.7,332.3,326.7,330.2,1144.6811
2025-07-07 00:00:00+02:00,329.8,331.9,328.8,329.2,533.1028
2025-07-07 01:00:00+02:00,329.2,329.2,325.3,326.6,802.4792
2025-07-07 02:00:00+02:00,326.8,327.5,325.9,326.7,515.2946
2025-07-07 03:00:00+02:00,326.8,327.5,325.5,327.0,579.9805
2025-07-07 04:00:00+02:00,327.1,331.7,327.1,329.8,640.7673
2025-07-07 05:00:00+02:00,329.7,332.1,329.2,329.3,376.9693
2025-07-07 06:00:00+02:00,329.2,330.7,329.1,329.2,188.9823
2025-07-07 07:00:00+02:00,329.2,330.2,328.1,328.5,411.1011
2025-07-07 08:00:00+02:00,328.6,329.3,326.6,327.3,337.8013
2025-07-07 09:00:00+02:00,327.2,329.2,326.6,329.2,565.1935
2025-07-07 10:00:00+02:00,329.1,329.5,327.6,328.0,340.0171
2025-07-07 11:00:00+02:00,328.0,328.0,323.9,324.7,3092.5208
2025-07-07 12:00:00+02:00,324.6,324.7,323.6,323.6,664.6319
2025-07-07 13:00:00+02:00,323.7,325.9,323.4,324.8,463.5891
2025-07-07 14:00:00+02:00,324.7,324.9,323.0,323.7,453.9753
2025-07-07 15:00:00+02:00,323.7,326.5,322.7,326.2,807.0305
2025-07-07 16:00:00+02:00,326.3,326.4,320.8,321.5,1294.2641
2025-07-07 17:00:00+02:00,321.6,323.6,321.3,323.3,612.1427
2025-07-07 18:00:00+02:00,323.3,323.6,320.2,320.4,834.9738
2025-07-07 19:00:00+02:00,320.4,323.0,319.9,321.1,706.3116
2025-07-07 20:00:00+02:00,321.2,321.8,318.9,321.3,510.1695
2025-07-07 21:00:00+02:00,321.3,324.2,321.3,322.1,379.9655
2025-07-07 22:00:00+02:00,321.9,321.9,318.4,318.9,614.1336
2025-07-07 23:00:00+02:00,318.8,320.0,318.0,318.2,520.0302
2025-07-08 00:00:00+02:00,318.2,318.9,317.0,318.5,339.3482
2025-07-08 01:00:00+02:00,318.4,321.0,318.4,320.4,199.9486
2025-07-08 02:00:00+02:00,319.8,321.5,318.6,319.3,596.0235
2025-07-08 03:00:00+02:00,319.0,319.1,317.5,317.8,407.3526
2025-07-08 04:00:00+02:00,317.7,317.8,315.1,316.9,968.9426
2025-07-08 05:00:00+02:00,316.8,319.3,316.8,318.3,311.4308
2025-07-08 06:00:00+02:00,318.0,319.1,316.8,318.9,197.9219
2025-07-08 07:00:00+02:00,319.0,319.6,318.1,319.6,287.9934
2025-07-08 08:00:00+02:00,319.6,320.9,319.1,320.2,850.7036
2025-07-08 09:00:00+02:00,320.1,321.9,319.7,321.4,735.5404
2025-07-08 10:00:00+02:00,321.4,322.5,318.9,319.3,635.0499
2025-07-08 11:00:00+02:00,319.3,320.7,318.7,320.3,146.8842
2025-07-08 12:00:00+02:00,320.2,322.3,319.3,322.1,374.0893
2025-07-08 13:00:00+02:00,322.1,322.8,321.3,321.5,438.1039
2025-07-08 14:00:00+02:00,321.5,323.0,320.9,323.0,730.0422
2025-07-08 15:00:00+02:00,322.9,323.8,320.5,323.1,604.0658
2025-07-08 16:00:00+02:00,323.2,323.2,318.5,319.0,554.2957
2025-07-08 17:00:00+02:00,318.9,319.6,317.2,317.7,381.4895
2025-07-08 18:00:00+02:00,317.8,319.6,315.7,318.1,1073.4564
2025-07-08 19:00:00+02:00,318.1,322.6,317.8,321.5,1289.6336
2025-07-08 20:00:00+02:00,321.6,322.9,320.4,322.7,453.3995
2025-07-08 21:00:00+02:00,322.7,322.9,318.8,320.4,509.529
2025-07-08 22:00:00+02:00,320.3,320.8,318.4,318.4,310.5594
2025-07-08 23:00:00+02:00,318.5,320.8,318.3,320.4,340.4429
2025-07-09 00:00:00+02:00,320.5,321.0,319.1,320.4,215.8693
2025-07-09 01:00:00+02:00,320.5,321.4,319.7,321.0,213.7276
2025-07-09 02:00:00+02:00,321.2,322.1,319.7,320.8,155.8817
2025-07-09 03:00:00+02:00,320.7,322.0,318.5,319.0,431.0203
2025-07-09 04:00:00+02:00,319.1,319.5,318.1,319.0,303.6146
2025-07-09 05:00:00+02:00,319.0,320.0,317.8,318.5,345.8225
2025-07-09 06:00:00+02:00,318.4,320.9,318.2,320.8,303.497
2025-07-09 07:00:00+02:00,320.7,323.3,319.5,322.9,835.2872
2025-07-09 08:00:00+02:00,323.0,324.6,321.7,324.4,825.6384
2025-07-09 09:00:00+02:00,324.3,324.9,323.3,324.8,624.0561
2025-07-09 10:00:00+02:00,324.9,326.6,324.3,324.7,920.4732
2025-07-09 11:00:00+02:00,324.7,326.6,323.8,325.9,780.0602
2025-07-09 12:00:00+02:00,326.0,326.5,324.5,325.6,704.9532
2025-07-09 13:00:00+02:00,325.7,327.0,325.0,326.1,804.1348
2025-07-09 14:00:00+02:00,326.3,329.9,325.7,327.4,1430.0648
2025-07-09 15:00:00+02:00,327.5,329.5,327.2,328.0,1192.8428
2025-07-09 16:00:00+02:00,327.9,330.2,324.2,326.0,1185.1094
2025-07-09 17:00:00+02:00,325.9,327.5,324.5,326.2,418.5239
2025-07-09 18:00:00+02:00,326.1,328.6,326.1,328.3,560.6558
2025-07-09 19:00:00+02:00,328.2,328.2,325.5,326.5,431.6022
2025-07-09 20:00:00+02:00,326.5,334.5,325.9,334.0,1790.6185
2025-07-09 21:00:00+02:00,334.2,343.4,334.1,343.0,4232.5175
2025-07-09 22:00:00+02:00,343.1,343.6,336.4,341.4,4050.5306
2025-07-09 23:00:00+02:00,341.6,348.3,341.0,345.8,1811.8692
2025-07-10 00:00:00+02:00,345.7,350.6,345.7,350.0,2435.6557
2025-07-10 01:00:00+02:00,349.8,351.6,347.2,347.6,775.5005
2025-07-10 02:00:00+02:00,347.8,350.6,347.7,347.7,345.8361
2025-07-10 03:00:00+02:00,347.9,350.3,347.4,347.5,485.8114
2025-07-10 04:00:00+02:00,347.6,349.4,347.6,348.8,533.3607
2025-07-10 05:00:00+02:00,348.8,351.5,348.6,349.6,445.7094
2025-07-10 06:00:00+02:00,349.8,351.3,346.7,351.3,542.0643
2025-07-10 07:00:00+02:00,351.3,353.3,349.4,349.8,1194.0032
2025-07-10 08:00:00+02:00,349.7,353.5,349.1,353.4,671.8854
2025-07-10 09:00:00+02:00,353.3,356.0,351.8,352.3,1284.0028
2025-07-10 10:00:00+02:00,352.3,353.4,350.8,352.2,1024.8166
2025-07-10 11:00:00+02:00,352.4,352.6,349.3,350.5,678.4154
2025-07-10 12:00:00+02:00,350.5,350.5,347.7,349.4,829.0649
2025-07-10 13:00:00+02:00,349.3,349.3,347.1,348.7,709.3653
2025-07-10 14:00:00+02:00,348.6,348.6,345.7,348.0,882.1238
2025-07-10 15:00:00+02:00,348.0,351.2,347.6,349.0,1100.7666
2025-07-10 16:00:00+02:00,349.1,350.5,346.3,349.6,1144.4931
2025-07-10 17:00:00+02:00,349.7,349.7,346.2,348.2,534.3324
2025-07-10 18:00:00+02:00,348.2,359.4,347.9,357.3,3314.54
2025-07-10 19:00:00+02:00,357.2,365.7,356.1,364.8,2269.0128
2025-07-10 20:00:00+02:00,364.8,368.5,361.7,364.9,2753.4765
2025-07-10 21:00:00+02:00,365.0,367.0,362.3,364.4,1844.2334
2025-07-10 22:00:00+02:00,364.2,368.1,363.4,367.8,1237.9836
2025-07-10 23:00:00+02:00,367.6,378.2,367.6,378.0,4417.3881
2025-07-11 00:00:00+02:00,377.9,381.8,374.5,377.5,2427.4611
2025-07-11 01:00:00+02:00,377.2,378.2,373.2,375.7,1332.6286
2025-07-11 02:00:00+02:00,375.8,376.9,369.4,372.4,777.3447
2025-07-11 03:00:00+02:00,372.0,377.6,371.5,377.5,656.8126
2025-07-11 04:00:00+02:00,377.4,381.0,376.5,379.8,883.9346
2025-07-11 05:00:00+02:00,379.6,380.0,377.1,379.2,477.4987
2025-07-11 06:00:00+02:00,379.1,383.8,376.1,383.5,1295.6211
2025-07-11 07:00:00+02:00,383.3,389.9,382.8,388.4,3226.0563
2025-07-11 08:00:00+02:00,388.2,389.8,376.7,377.8,2131.4452
2025-07-11 09:00:00+02:00,377.9,380.9,375.2,377.8,2777.9209
2025-07-11 10:00:00+02:00,377.9,385.0,377.3,385.0,1764.6802
2025-07-11 11:00:00+02:00,384.9,392.8,383.6,391.5,2642.9844
2025-07-11 12:00:00+02:00,391.4,393.5,388.2,390.0,1969.5644
2025-07-11 13:00:00+02:00,390.1,390.9,386.0,388.4,1291.4735
2025-07-11 14:00:00+02:00,388.6,392.8,388.0,392.7,1479.5468
2025-07-11 15:00:00+02:00,392.5,398.5,388.1,396.6,2916.3229
2025-07-11 16:00:00+02:00,397.2,399.5,391.9,393.8,2475.2995
2025-07-11 17:00:00+02:00,393.8,395.3,381.7,383.8,3249.0386
2025-07-11 18:00:00+02:00,384.0,392.0,383.2,390.5,2047.9712
2025-07-11 19:00:00+02:00,390.5,397.8,390.2,397.8,1327.4337
2025-07-11 20:00:00+02:00,397.8,399.3,395.2,397.2,981.6317
2025-07-11 21:00:00+02:00,397.1,400.7,394.7,399.7,2161.6829
2025-07-11 22:00:00+02:00,399.6,402.9,397.8,398.3,1919.3057
2025-07-11 23:00:00+02:00,398.4,401.2,390.7,394.1,1681.1174
2025-07-12 00:00:00+02:00,394.2,395.7,384.0,390.3,1752.2889
2025-07-12 01:00:00+02:00,390.4,395.1,389.3,394.3,760.5514
2025-07-12 02:00:00+02:00,394.2,395.8,388.1,393.3,603.8536
2025-07-12 03:00:00+02:00,393.4,399.3,393.2,398.4,906.5242
2025-07-12 04:00:00+02:00,398.1,401.3,397.7,398.4,1039.1729
2025-07-12 05:00:00+02:00,398.4,400.5,397.9,399.2,406.2226
2025-07-12 06:00:00+02:00,399.3,400.3,391.6,392.5,536.1565
2025-07-12 07:00:00+02:00,392.9,395.2,390.5,391.5,632.4183
2025-07-12 08:00:00+02:00,391.7,393.7,389.0,392.4,1269.0374
2025-07-12 09:00:00+02:00,392.1,396.7,390.4,392.0,1417.7715
2025-07-12 10:00:00+02:00,392.1,395.5,390.8,392.0,747.8558
2025-07-12 11:00:00+02:00,391.8,394.6,390.4,394.5,677.9671
2025-07-12 12:00:00+02:00,394.4,395.6,392.1,395.3,930.3736
2025-07-12 13:00:00+02:00,395.2,395.4,389.6,390.2,1012.4813
2025-07-12 14:00:00+02:00,390.2,391.2,377.6,382.4,2563.2765
2025-07-12 15:00:00+02:00,382.4,382.4,375.3,380.6,1430.4866
2025-07-12 16:00:00+02:00,380.7,384.6,379.3,380.0,1128.5925
2025-07-12 17:00:00+02:00,379.7,380.7,373.6,376.1,1575.5685
2025-07-12 18:00:00+02:00,376.1,381.4,374.4,377.3,1396.2059
2025-07-12 19:00:00+02:00,377.6,386.5,376.9,384.6,918.0732
2025-07-12 20:00:00+02:00,384.1,386.0,383.1,385.6,305.4512
2025-07-12 21:00:00+02:00,385.6,386.9,383.1,385.6,277.9704
2025-07-12 22:00:00+02:00,385.6,385.7,379.1,379.3,703.8681
2025-07-12 23:00:00+02:00,379.1,384.4,378.8,384.2,504.0316
2025-07-13 00:00:00+02:00,384.5,384.5,380.0,382.8,277.6097
2025-07-13 01:00:00+02:00,382.9,386.0,381.7,384.7,255.9561
2025-07-13 02:00:00+02:00,384.9,386.2,381.9,382.0,439.3323
2025-07-13 03:00:00+02:00,382.1,385.5,381.9,385.0,825.9317
2025-07-13 04:00:00+02:00,384.8,386.1,381.4,385.2,251.0862
2025-07-13 05:00:00+02:00,385.3,388.0,383.5,386.5,198.613
2025-07-13 06:00:00+02:00,386.5,390.6,384.8,390.1,1153.6885
2025-07-13 07:00:00+02:00,390.2,391.3,387.0,387.1,627.2856
2025-07-13 08:00:00+02:00,387.0,391.9,386.3,390.3,712.5088
2025-07-13 09:00:00+02:00,390.2,392.6,385.7,392.6,2210.4827
2025-07-13 10:00:00+02:00,392.6,393.0,388.2,389.4,585.1844
2025-07-13 11:00:00+02:00,389.5,390.0,386.6,387.3,400.1749
2025-07-13 12:00:00+02:00,387.7,391.0,387.6,390.0,431.0534
2025-07-13 13:00:00+02:00,390.1,394.6,389.9,394.6,1052.7074
2025-07-13 14:00:00+02:00,394.4,396.4,392.5,394.6,1009.4271
2025-07-13 15:00:00+02:00,394.7,397.5,392.5,396.5,671.111
2025-07-13 16:00:00+02:00,396.7,400.1,393.3,394.9,1291.3032
2025-07-13 17:00:00+02:00,395.2,399.3,393.2,395.4,802.9392
2025-07-13 18:00:00+02:00,395.7,397.9,392.4,392.8,675.3096
2025-07-13 19:00:00+02:00,392.8,397.9,391.0,397.2,631.9211
2025-07-13 20:00:00+02:00,397.3,400.1,395.8,398.7,633.2974
2025-07-13 21:00:00+02:00,398.4,405.0,396.5,396.8,1455.2658
2025-07-13 22:00:00+02:00,396.8,398.8,394.9,395.1,1089.6652
2025-07-13 23:00:00+02:00,394.8,396.0,387.5,388.8,1382.1614
2025-07-14 00:00:00+02:00,388.5,389.5,384.7,387.4,1359.5797
2025-07-14 01:00:00+02:00,387.4,392.5,386.5,391.1,740.1684
2025-07-14 02:00:00+02:00,391.2,396.5,390.5,393.8,609.3725
2025-07-14 03:00:00+02:00,394.2,398.4,393.2,397.2,923.2241
2025-07-14 04:00:00+02:00,397.0,401.9,395.6,400.0,844.344
2025-07-14 05:00:00+02:00,399.8,408.1,399.5,406.0,1428.9395
2025-07-14 06:00:00+02:00,406.0,428.4,404.3,426.7,6676.3107
2025-07-14 07:00:00+02:00,426.8,432.3,418.3,425.5,4453.1079
2025-07-14 08:00:00+02:00,425.7,428.2,419.8,421.5,2468.1167
2025-07-14 09:00:00+02:00,421.4,427.7,421.2,425.7,1543.9632
2025-07-14 10:00:00+02:00,425.9,426.0,418.6,419.8,2060.6348
2025-07-14 11:00:00+02:00,420.0,422.9,417.3,419.5,1655.2563
2025-07-14 12:00:00+02:00,419.4,422.3,415.2,419.3,1669.0031
2025-07-14 13:00:00+02:00,419.1,421.6,416.1,418.3,1138.5393
2025-07-14 14:00:00+02:00,418.2,420.4,415.8,417.9,1071.3512
2025-07-14 15:00:00+02:00,417.9,421.9,415.3,420.8,1285.429
2025-07-14 16:00:00+02:00,420.7,423.3,410.4,417.8,2326.881
2025-07-14 17:00:00+02:00,417.6,418.3,405.4,408.7,1633.8083
2025-07-14 18:00:00+02:00,408.1,416.2,403.5,415.4,2179.2403
2025-07-14 19:00:00+02:00,415.4,416.2,406.8,408.0,1289.4984
2025-07-14 20:00:00+02:00,408.0,408.4,401.3,401.8,1241.744
2025-07-14 21:00:00+02:00,401.5,411.2,400.7,411.2,1032.7329
2025-07-14 22:00:00+02:00,410.8,410.8,401.6,407.6,1064.7723
2025-07-14 23:00:00+02:00,407.3,410.4,405.8,409.3,526.4181
2025-07-15 00:00:00+02:00,409.4,409.9,407.6,408.9,216.1747
2025-07-15 01:00:00+02:00,409.0,409.3,406.3,408.9,205.1883
2025-07-15 02:00:00+02:00,408.5,412.4,404.4,404.8,613.8009
2025-07-15 03:00:00+02:00,404.9,410.1,401.6,406.1,769.0459
2025-07-15 04:00:00+02:00,406.4,411.0,403.7,407.8,1230.5535
2025-07-15 05:00:00+02:00,407.7,407.8,400.2,407.1,1981.7245
2025-07-15 06:00:00+02:00,407.0,419.1,401.2,417.8,2547.4205
2025-07-15 07:00:00+02:00,417.9,420.6,414.5,419.3,1976.0153
2025-07-15 08:00:00+02:00,419.0,420.9,412.2,416.9,1053.1638
2025-07-15 09:00:00+02:00,416.9,420.6,408.0,410.2,2025.6432
2025-07-15 10:00:00+02:00,410.2,412.7,404.6,410.6,1005.0128
2025-07-15 11:00:00+02:00,410.4,414.2,410.3,412.3,830.1915
2025-07-15 12:00:00+02:00,412.2,420.1,411.5,419.6,1524.0976
2025-07-15 13:00:00+02:00,419.4,427.4,416.8,426.3,2768.4369
2025-07-15 14:00:00+02:00,426.0,430.8,418.8,426.6,2814.8138
2025-07-15 15:00:00+02:00,426.8,437.7,426.4,434.1,3607.7349
2025-07-15 16:00:00+02:00,434.2,436.5,419.3,421.3,2562.7184
2025-07-15 17:00:00+02:00,421.3,430.6,420.0,428.7,1885.9516
2025-07-15 18:00:00+02:00,428.6,434.8,428.0,431.8,1722.7731
2025-07-15 19:00:00+02:00,432.0,435.7,430.1,435.7,1244.8452
2025-07-15 20:00:00+02:00,435.7,437.3,424.4,429.5,2245.8584
2025-07-15 21:00:00+02:00,429.4,434.4,425.4,425.5,1313.4635
2025-07-15 22:00:00+02:00,425.6,427.5,419.9,420.9,1769.4202
2025-07-15 23:00:00+02:00,421.0,429.6,420.6,427.9,663.0933
2025-07-16 00:00:00+02:00,428.1,430.4,426.1,430.3,325.4418
2025-07-16 01:00:00+02:00,430.1,436.6,430.1,436.1,820.5075
2025-07-16 02:00:00+02:00,435.9,446.5,433.8,446.2,1815.1581
2025-07-16 03:00:00+02:00,446.2,446.6,439.6,440.5,784.2173
2025-07-16 04:00:00+02:00,440.3,441.5,431.7,434.0,821.3225
2025-07-16 05:00:00+02:00,434.1,435.0,430.1,433.6,496.4005
2025-07-16 06:00:00+02:00,433.8,436.9,428.6,435.8,1231.5662
2025-07-16 07:00:00+02:00,435.6,440.7,434.1,438.3,1131.9111
2025-07-16 08:00:00+02:00,438.3,444.1,436.4,443.9,1647.0093
2025-07-16 09:00:00+02:00,443.9,445.0,438.6,441.1,1781.1444
2025-07-16 10:00:00+02:00,440.9,441.8,438.4,439.6,937.5986
2025-07-16 11:00:00+02:00,439.9,443.5,438.0,440.3,963.0983
2025-07-16 12:00:00+02:00,440.4,441.7,436.7,437.2,873.9822
2025-07-16 13:00:00+02:00,437.4,440.9,437.3,440.0,809.9139
2025-07-16 14:00:00+02:00,440.0,445.0,437.7,438.2,1417.745
2025-07-16 15:00:00+02:00,438.1,440.7,433.4,435.6,1112.3278
2025-07-16 16:00:00+02:00,435.7,442.6,433.7,440.8,1750.9115
2025-07-16 17:00:00+02:00,441.0,442.7,432.2,437.9,2012.2636
2025-07-16 18:00:00+02:00,437.8,441.3,434.9,439.6,1063.5376
2025-07-16 19:00:00+02:00,439.6,442.0,437.4,441.4,716.4032
2025-07-16 20:00:00+02:00,441.5,445.3,439.3,439.7,1589.9387
2025-07-16 21:00:00+02:00,440.2,442.3,437.4,438.7,910.364
2025-07-16 22:00:00+02:00,438.8,444.6,438.5,440.3,1229.4288
2025-07-16 23:00:00+02:00,440.5,444.9,438.7,441.7,1235.2698
2025-07-17 00:00:00+02:00,441.7,444.1,430.6,433.5,1226.1888
2025-07-17 01:00:00+02:00,433.5,433.8,429.6,431.9,771.1593
2025-07-17 02:00:00+02:00,431.9,438.0,430.8,433.3,570.9962
2025-07-17 03:00:00+02:00,433.1,436.5,424.4,429.3,1455.7557
2025-07-17 04:00:00+02:00,429.1,431.6,424.9,426.6,666.4401
2025-07-17 05:00:00+02:00,427.0,427.0,418.6,422.5,1652.235
2025-07-17 06:00:00+02:00,422.4,425.8,420.6,425.2,500.0595
2025-07-17 07:00:00+02:00,425.2,428.5,423.0,428.4,708.7117
2025-07-17 08:00:00+02:00,428.2,433.4,426.2,431.1,1372.4087
2025-07-17 09:00:00+02:00,431.0,431.3,426.9,429.5,831.1385
2025-07-17 10:00:00+02:00,429.4,430.2,423.9,427.2,1039.1079
2025-07-17 11:00:00+02:00,427.3,434.9,425.8,432.4,1735.1164
2025-07-17 12:00:00+02:00,432.2,433.7,426.9,428.3,1106.11
2025-07-17 13:00:00+02:00,428.4,430.0,425.6,427.9,567.2045
2025-07-17 14:00:00+02:00,427.9,432.8,422.6,429.9,1381.7319
2025-07-17 15:00:00+02:00,429.8,431.3,422.9,430.2,1564.4117
2025-07-17 16:00:00+02:00,429.6,435.1,428.8,434.1,921.2024
2025-07-17 17:00:00+02:00,434.4,435.8,428.9,433.2,714.7223
2025-07-17 18:00:00+02:00,433.5,434.3,423.2,428.4,1674.7019
2025-07-17 19:00:00+02:00,428.7,432.5,427.9,431.8,842.391
2025-07-17 20:00:00+02:00,432.0,432.0,425.9,428.8,802.6005
2025-07-17 21:00:00+02:00,428.9,429.6,418.7,419.1,1941.2892
2025-07-17 22:00:00+02:00,419.0,422.7,412.8,422.4,2091.5819
2025-07-17 23:00:00+02:00,422.6,426.9,420.4,421.9,1528.6959
2025-07-18 00:00:00+02:00,422.0,431.8,420.5,426.5,1668.0157
2025-07-18 01:00:00+02:00,426.4,429.8,421.8,422.5,957.401
2025-07-18 02:00:00+02:00,422.9,428.9,418.8,426.7,862.8917
2025-07-18 03:00:00+02:00,427.0,428.9,421.6,423.0,1217.759
2025-07-18 04:00:00+02:00,423.3,425.6,419.0,425.6,1131.4355
2025-07-18 05:00:00+02:00,425.6,431.9,425.3,429.2,1551.8723
2025-07-18 06:00:00+02:00,429.2,433.5,426.9,433.3,1966.1544
2025-07-18 07:00:00+02:00,433.3,439.2,431.9,437.6,1922.0057
2025-07-18 08:00:00+02:00,437.7,437.8,429.3,431.8,2113.3331
2025-07-18 09:00:00+02:00,432.0,433.2,422.0,422.5,2731.3184
2025-07-18 10:00:00+02:00,422.4,426.6,417.6,420.1,3375.2844
2025-07-18 11:00:00+02:00,420.2,423.0,416.2,421.6,1563.2089
2025-07-18 12:00:00+02:00,421.6,421.6,414.0,419.2,1788.6796
2025-07-18 13:00:00+02:00,419.5,420.1,411.4,415.8,1571.9886
2025-07-18 14:00:00+02:00,416.0,420.9,414.3,420.9,1501.9684
2025-07-18 15:00:00+02:00,420.8,420.9,415.2,417.6,1114.4982
2025-07-18 16:00:00+02:00,417.6,419.6,404.9,410.7,5283.9193
2025-07-18 17:00:00+02:00,410.8,413.7,404.7,410.1,2488.0979
2025-07-18 18:00:00+02:00,409.9,414.1,406.7,413.0,1078.9782
2025-07-18 19:00:00+02:00,413.1,416.5,410.8,413.4,1155.4593
2025-07-18 20:00:00+02:00,413.4,415.0,410.6,412.4,715.8293
2025-07-18 21:00:00+02:00,412.4,414.6,407.6,409.9,1012.1713
2025-07-18 22:00:00+02:00,409.8,410.0,397.4,407.0,3706.6511
2025-07-18 23:00:00+02:00,406.6,410.5,405.6,407.5,1087.4919
2025-07-19 00:00:00+02:00,407.4,413.9,405.2,410.5,1019.5758
2025-07-19 01:00:00+02:00,410.9,413.0,408.4,411.7,427.1717
2025-07-19 02:00:00+02:00,411.8,413.6,407.7,407.9,557.4166
2025-07-19 03:00:00+02:00,408.0,410.9,405.3,409.9,254.7482
2025-07-19 04:00:00+02:00,410.2,414.7,408.1,412.7,526.684
2025-07-19 05:00:00+02:00,412.8,414.6,412.1,413.7,466.3537
2025-07-19 06:00:00+02:00,414.1,415.4,410.4,410.7,509.8392
2025-07-19 07:00:00+02:00,410.7,411.2,408.3,410.2,611.723
2025-07-19 08:00:00+02:00,410.1,410.4,406.1,408.5,972.0287
2025-07-19 09:00:00+02:00,408.2,409.5,406.1,407.7,261.1671
2025-07-19 10:00:00+02:00,407.8,408.5,404.3,405.7,429.0255
2025-07-19 11:00:00+02:00,405.5,410.1,405.1,409.3,185.1136
2025-07-19 12:00:00+02:00,409.2,411.5,404.8,405.9,398.6062
2025-07-19 13:00:00+02:00,405.7,407.4,403.8,405.1,941.5474
2025-07-19 14:00:00+02:00,404.9,407.8,404.4,407.5,619.0341
2025-07-19 15:00:00+02:00,407.5,407.8,405.3,406.6,595.2312
2025-07-19 16:00:00+02:00,406.8,407.1,404.0,406.2,1302.1065
2025-07-19 17:00:00+02:00,406.0,414.3,406.0,412.4,1234.7707
2025-07-19 18:00:00+02:00,412.4,419.8,410.6,413.5,2569.0795
2025-07-19 19:00:00+02:00,413.4,413.9,408.2,409.6,884.8901
2025-07-19 20:00:00+02:00,409.3,414.0,409.2,411.8,782.7192
2025-07-19 21:00:00+02:00,411.8,415.3,410.4,413.1,474.6675
2025-07-19 22:00:00+02:00,413.1,416.7,413.0,415.2,528.4345
2025-07-19 23:00:00+02:00,415.0,417.0,409.9,413.0,870.6002
2025-07-20 00:00:00+02:00,412.5,414.0,411.0,412.6,174.9551
2025-07-20 01:00:00+02:00,412.3,415.7,412.2,413.9,302.6836
2025-07-20 02:00:00+02:00,414.0,417.3,413.0,416.1,548.5439
2025-07-20 03:00:00+02:00,416.0,419.5,415.4,416.1,690.7774
2025-07-20 04:00:00+02:00,415.6,416.8,414.6,416.8,184.8698
2025-07-20 05:00:00+02:00,416.7,417.8,415.0,416.4,183.4116
2025-07-20 06:00:00+02:00,416.0,418.2,414.7,415.7,385.7735
2025-07-20 07:00:00+02:00,415.8,418.2,414.3,418.1,293.1822
2025-07-20 08:00:00+02:00,417.9,418.2,416.2,417.0,310.8362
2025-07-20 09:00:00+02:00,417.1,423.6,416.8,422.4,2307.8907
2025-07-20 10:00:00+02:00,422.5,425.6,422.4,425.3,820.5946
2025-07-20 11:00:00+02:00,425.4,427.2,422.9,426.4,1216.304
2025-07-20 12:00:00+02:00,426.2,430.1,426.2,426.7,1174.964
2025-07-20 13:00:00+02:00,426.8,432.7,426.7,430.1,1132.0088
2025-07-20 14:00:00+02:00,430.2,431.0,426.4,429.4,621.8816
2025-07-20 15:00:00+02:00,429.3,432.5,428.2,432.0,440.0514
2025-07-20 16:00:00+02:00,432.0,432.2,427.4,431.6,805.2535
2025-07-20 17:00:00+02:00,431.6,434.9,430.2,432.5,1033.4217
2025-07-20 18:00:00+02:00,432.5,434.5,429.2,431.6,1784.1344
2025-07-20 19:00:00+02:00,431.5,433.9,427.1,430.4,1430.6305
2025-07-20 20:00:00+02:00,430.9,431.8,424.5,429.6,1398.207
2025-07-20 21:00:00+02:00,429.6,432.2,427.5,427.9,652.1295
2025-07-20 22:00:00+02:00,427.8,428.2,423.6,425.4,1322.1849
2025-07-20 23:00:00+02:00,425.2,425.2,419.0,423.2,1583.9144
2025-07-21 00:00:00+02:00,423.3,423.6,412.1,413.8,2739.385
2025-07-21 01:00:00+02:00,413.5,414.5,406.9,413.4,2493.8285
2025-07-21 02:00:00+02:00,413.7,414.7,408.2,414.5,1425.9623
2025-07-21 03:00:00+02:00,414.6,414.7,410.0,413.3,737.7534
2025-07-21 04:00:00+02:00,413.4,420.1,413.1,420.1,972.0967
2025-07-21 05:00:00+02:00,420.2,424.5,419.8,421.6,1154.7735
2025-07-21 06:00:00+02:00,421.3,423.8,419.2,421.8,778.8742
2025-07-21 07:00:00+02:00,421.6,421.9,417.3,420.1,973.9288
2025-07-21 08:00:00+02:00,420.6,425.7,418.0,425.3,1505.0906
2025-07-21 09:00:00+02:00,425.1,429.1,424.9,428.8,1333.6274
2025-07-21 10:00:00+02:00,428.7,429.1,423.4,427.6,10779.0108
2025-07-21 11:00:00+02:00,427.5,429.0,423.0,425.5,1655.5746
2025-07-21 12:00:00+02:00,425.6,428.4,423.5,428.4,857.1919
2025-07-21 13:00:00+02:00,428.1,432.6,427.1,427.5,1551.4556
2025-07-21 14:00:00+02:00,427.4,429.8,424.6,427.3,1400.0956
2025-07-21 15:00:00+02:00,427.3,431.3,423.3,429.8,1610.8608
2025-07-21 16:00:00+02:00,429.9,436.2,427.3,434.7,2415.2234
2025-07-21 17:00:00+02:00,434.6,444.1,433.7,437.4,3982.5659
2025-07-21 18:00:00+02:00,437.5,438.0,424.6,432.8,3266.2037
2025-07-21 19:00:00+02:00,432.6,436.2,426.4,431.6,1124.559
2025-07-21 20:00:00+02:00,431.6,442.3,431.6,437.6,4486.5376
2025-07-21 21:00:00+02:00,437.5,443.6,430.7,432.4,2926.7443
2025-07-21 22:00:00+02:00,432.5,439.2,430.9,435.9,1561.1458
2025-07-21 23:00:00+02:00,435.7,442.9,434.6,442.0,857.7597
2025-07-22 00:00:00+02:00,442.4,449.5,439.9,444.3,1972.2902
2025-07-22 01:00:00+02:00,444.4,449.6,443.9,446.7,977.8312
2025-07-22 02:00:00+02:00,446.7,451.3,446.5,449.5,2117.6606
2025-07-22 03:00:00+02:00,449.5,457.6,440.1,456.6,3404.5158
2025-07-22 04:00:00+02:00,456.6,461.5,447.8,451.3,2185.4912
2025-07-22 05:00:00+02:00,451.3,453.0,440.4,446.0,2235.1003
2025-07-22 06:00:00+02:00,446.0,446.0,428.4,429.2,3139.7832
2025-07-22 07:00:00+02:00,429.3,436.9,429.1,432.8,1598.1341
2025-07-22 08:00:00+02:00,433.0,438.2,430.8,434.5,1003.4075
2025-07-22 09:00:00+02:00,434.7,437.3,424.4,427.3,1634.4964
2025-07-22 10:00:00+02:00,427.6,427.6,415.1,425.3,2818.7047
2025-07-22 11:00:00+02:00,425.2,426.1,419.1,424.2,1135.1149
2025-07-22 12:00:00+02:00,424.1,430.2,423.3,429.9,1165.0564
2025-07-22 13:00:00+02:00,429.8,432.5,425.8,431.7,1072.7541
2025-07-22 14:00:00+02:00,431.7,437.5,430.2,435.7,1984.32
2025-07-22 15:00:00+02:00,435.7,437.7,427.5,429.5,2267.9931
2025-07-22 16:00:00+02:00,429.5,440.5,424.7,440.3,2255.0698
2025-07-22 17:00:00+02:00,440.2,443.8,436.1,440.0,2422.4019
2025-07-22 18:00:00+02:00,440.1,453.3,439.8,446.9,3177.4555
2025-07-22 19:00:00+02:00,446.8,446.9,438.3,442.1,1557.3444
2025-07-22 20:00:00+02:00,442.0,448.6,441.9,446.0,2034.5942
2025-07-22 21:00:00+02:00,446.0,447.1,435.4,437.4,1195.1149
2025-07-22 22:00:00+02:00,437.4,443.9,436.0,442.4,1066.5669
2025-07-22 23:00:00+02:00,442.9,446.4,440.1,445.7,667.1183
2025-07-23 00:00:00+02:00,445.7,450.4,445.0,450.0,656.2347
2025-07-23 01:00:00+02:00,450.1,454.8,450.0,452.3,2323.2184
2025-07-23 02:00:00+02:00,452.3,452.3,446.0,446.8,1817.7801
2025-07-23 03:00:00+02:00,446.8,450.9,445.4,448.1,432.4255
2025-07-23 04:00:00+02:00,448.2,449.3,445.1,445.9,707.3393
2025-07-23 05:00:00+02:00,446.2,450.2,444.9,447.2,731.7391
2025-07-23 06:00:00+02:00,447.4,451.3,447.0,450.5,399.7431
2025-07-23 07:00:00+02:00,450.4,451.3,448.4,449.8,396.4665
2025-07-23 08:00:00+02:00,449.4,450.5,445.4,448.3,651.4395
2025-07-23 09:00:00+02:00,448.2,450.0,441.3,443.3,837.8713
2025-07-23 10:00:00+02:00,442.8,446.7,441.9,445.5,445.0282
2025-07-23 11:00:00+02:00,445.2,445.8,438.7,441.0,581.6016
2025-07-23 12:00:00+02:00,440.7,443.8,438.3,441.3,960.5993
2025-07-23 13:00:00+02:00,441.1,444.8,439.3,441.9,1017.4574
2025-07-23 14:00:00+02:00,441.9,443.3,431.3,433.5,2224.0072
2025-07-23 15:00:00+02:00,433.6,436.0,421.3,426.9,3951.8181
2025-07-23 16:00:00+02:00,426.5,433.3,425.5,430.4,1532.6137
2025-07-23 17:00:00+02:00,430.3,441.8,427.7,440.8,2126.3982
2025-07-23 18:00:00+02:00,440.6,441.0,428.7,429.4,1450.5451
2025-07-23 19:00:00+02:00,429.5,432.2,420.7,429.6,2059.3396
2025-07-23 20:00:00+02:00,429.8,432.2,426.3,430.1,771.9947
2025-07-23 21:00:00+02:00,430.1,430.7,425.2,425.6,936.9174
2025-07-23 22:00:00+02:00,425.6,427.3,413.3,420.7,2892.3359
2025-07-23 23:00:00+02:00,420.9,421.9,409.0,418.9,1685.3589
2025-07-24 00:00:00+02:00,418.6,427.9,416.2,425.7,885.5514
2025-07-24 01:00:00+02:00,425.8,428.8,424.3,424.8,583.6313
2025-07-24 02:00:00+02:00,424.8,432.4,422.6,431.8,822.6445
2025-07-24 03:00:00+02:00,432.1,434.6,429.7,434.1,645.0795
2025-07-24 04:00:00+02:00,434.3,434.5,429.6,429.9,287.7043
2025-07-24 05:00:00+02:00,430.1,432.0,425.5,425.6,365.054
2025-07-24 06:00:00+02:00,425.6,431.0,422.3,423.6,996.0557
2025-07-24 07:00:00+02:00,423.5,423.5,409.6,411.0,2104.0377
2025-07-24 08:00:00+02:00,411.1,417.8,402.3,408.5,2206.177
2025-07-24 09:00:00+02:00,408.1,419.2,402.8,418.0,1933.8609
2025-07-24 10:00:00+02:00,417.9,424.6,414.9,423.6,1616.2947
2025-07-24 11:00:00+02:00,423.7,424.5,418.5,420.8,1107.8612
2025-07-24 12:00:00+02:00,421.0,423.3,411.6,416.7,1692.4113
2025-07-24 13:00:00+02:00,416.5,420.4,416.0,418.9,885.676
2025-07-24 14:00:00+02:00,418.6,421.2,413.8,418.7,804.4317
2025-07-24 15:00:00+02:00,418.6,420.8,415.4,416.0,1162.4206
2025-07-24 16:00:00+02:00,416.1,430.4,412.7,430.1,2086.8267
2025-07-24 17:00:00+02:00,429.9,434.5,426.9,429.4,2620.8254
2025-07-24 18:00:00+02:00,429.7,431.7,418.9,420.8,1443.4067
2025-07-24 19:00:00+02:00,420.7,433.0,420.3,431.1,1164.4105
2025-07-24 20:00:00+02:00,431.0,436.6,427.9,434.5,1343.2506
2025-07-24 21:00:00+02:00,434.5,435.5,427.3,427.8,1416.6139
2025-07-24 22:00:00+02:00,427.8,431.3,426.9,429.5,482.8712
2025-07-24 23:00:00+02:00,429.5,430.3,423.6,424.4,799.6306
2025-07-25 00:00:00+02:00,424.4,425.7,421.2,422.9,671.5959
2025-07-25 01:00:00+02:00,422.8,422.8,414.6,416.5,1317.3149
2025-07-25 02:00:00+02:00,416.5,428.7,409.8,413.5,3254.719
2025-07-25 03:00:00+02:00,413.3,419.1,410.6,418.0,895.7743
2025-07-25 04:00:00+02:00,418.1,419.3,408.6,409.4,1187.8807
2025-07-25 05:00:00+02:00,408.9,415.2,405.6,410.2,2191.5068
2025-07-25 06:00:00+02:00,409.4,412.4,404.6,411.6,1598.3229
2025-07-25 07:00:00+02:00,411.4,413.3,405.2,406.1,1041.3742
2025-07-25 08:00:00+02:00,406.1,410.5,404.2,409.1,1505.2222
2025-07-25 09:00:00+02:00,409.0,412.8,403.1,408.4,1098.4811
2025-07-25 10:00:00+02:00,408.1,412.7,407.6,410.4,882.3366
2025-07-25 11:00:00+02:00,410.4,418.7,408.7,418.2,884.0413
2025-07-25 12:00:00+02:00,418.3,420.1,415.2,417.8,740.6542
2025-07-25 13:00:00+02:00,418.0,421.3,417.5,417.9,895.0567
2025-07-25 14:00:00+02:00,417.8,419.6,414.0,415.5,819.8307
2025-07-25 15:00:00+02:00,415.6,416.8,411.4,415.4,1054.2279
2025-07-25 16:00:00+02:00,415.7,416.0,405.6,405.9,1184.562
2025-07-25 17:00:00+02:00,405.8,410.2,404.0,409.5,1205.5683
2025-07-25 18:00:00+02:00,409.5,412.5,406.1,411.6,821.2303
2025-07-25 19:00:00+02:00,411.3,413.5,408.2,410.5,450.2358
2025-07-25 20:00:00+02:00,410.0,414.2,409.9,413.3,227.1934
2025-07-25 21:00:00+02:00,413.0,416.5,412.2,414.3,536.7805
2025-07-25 22:00:00+02:00,414.1,420.9,413.6,420.1,677.7386
2025-07-25 23:00:00+02:00,420.3,425.1,420.2,424.5,893.4466
2025-07-26 00:00:00+02:00,424.5,427.9,424.4,427.8,1245.7488
2025-07-26 01:00:00+02:00,427.6,427.7,425.4,427.4,232.1741
2025-07-26 02:00:00+02:00,427.4,427.9,425.5,426.3,280.9756
2025-07-26 03:00:00+02:00,426.3,426.3,422.1,422.6,593.7826
2025-07-26 04:00:00+02:00,422.6,427.3,422.6,425.8,341.3458
2025-07-26 05:00:00+02:00,425.7,426.6,422.4,424.6,615.475
2025-07-26 06:00:00+02:00,424.5,426.7,424.0,426.5,304.1254
2025-07-26 07:00:00+02:00,426.5,429.3,425.4,429.3,396.5991
2025-07-26 08:00:00+02:00,429.2,429.8,426.7,427.6,297.0695
2025-07-26 09:00:00+02:00,427.7,430.0,427.6,428.4,341.4641
2025-07-26 10:00:00+02:00,428.6,430.9,428.6,429.6,765.3202
2025-07-26 11:00:00+02:00,429.7,430.3,427.3,429.1,421.1377
2025-07-26 12:00:00+02:00,429.0,430.4,427.9,428.4,600.2738
2025-07-26 13:00:00+02:00,428.3,430.1,426.4,426.4,457.4288
2025-07-26 14:00:00+02:00,426.4,427.3,424.2,426.5,373.5079
2025-07-26 15:00:00+02:00,426.2,429.3,425.5,427.8,232.176
2025-07-26 16:00:00+02:00,428.0,429.6,426.8,428.6,358.8153
2025-07-26 17:00:00+02:00,428.5,431.9,428.2,431.2,501.633
2025-07-26 18:00:00+02:00,431.2,434.9,430.2,434.2,674.351
2025-07-26 19:00:00+02:00,434.1,434.5,428.1,429.4,471.4391
2025-07-26 20:00:00+02:00,429.5,430.5,427.5,429.3,238.0527
2025-07-26 21:00:00+02:00,429.3,433.1,428.9,432.8,264.8233
2025-07-26 22:00:00+02:00,432.6,432.6,428.8,429.2,159.003
2025-07-26 23:00:00+02:00,429.0,431.4,427.7,430.9,305.1956
2025-07-27 00:00:00+02:00,430.8,433.5,428.3,428.5,509.9154
2025-07-27 01:00:00+02:00,428.5,429.0,426.6,426.8,183.4271
2025-07-27 02:00:00+02:00,426.8,428.0,425.8,427.8,192.087
2025-07-27 03:00:00+02:00,427.9,429.8,426.8,428.4,202.2927
2025-07-27 04:00:00+02:00,428.2,431.8,427.8,430.7,165.8693
2025-07-27 05:00:00+02:00,431.0,431.3,429.3,430.2,179.2109
2025-07-27 06:00:00+02:00,430.1,431.4,429.2,431.1,299.3469
2025-07-27 07:00:00+02:00,431.0,432.5,430.4,430.9,347.3257
2025-07-27 08:00:00+02:00,430.8,431.7,428.9,429.7,233.3142
2025-07-27 09:00:00+02:00,429.7,430.0,428.0,428.7,237.6233
2025-07-27 10:00:00+02:00,428.7,429.4,425.1,426.2,389.0491
2025-07-27 11:00:00+02:00,426.0,426.0,421.6,422.6,695.1978
2025-07-27 12:00:00+02:00,422.7,427.9,422.6,426.3,620.8122
2025-07-27 13:00:00+02:00,426.4,429.9,426.2,429.3,1246.8259
2025-07-27 14:00:00+02:00,429.2,432.0,425.9,431.8,403.9842
2025-07-27 15:00:00+02:00,431.7,432.4,426.2,427.4,983.5907
2025-07-27 16:00:00+02:00,427.1,429.1,425.7,426.6,578.3869
2025-07-27 17:00:00+02:00,426.6,427.1,424.6,426.6,633.2874
2025-07-27 18:00:00+02:00,426.7,433.8,426.5,430.1,2298.3183
2025-07-27 19:00:00+02:00,430.1,433.1,428.9,432.5,629.945
2025-07-27 20:00:00+02:00,432.3,433.5,429.8,431.3,738.3436
2025-07-27 21:00:00+02:00,430.8,431.7,429.3,429.6,712.896
2025-07-27 22:00:00+02:00,429.6,432.1,428.9,429.5,222.2299
2025-07-27 23:00:00+02:00,429.8,430.3,426.4,429.6,617.3174
2025-07-28 00:00:00+02:00,429.7,433.9,429.4,430.7,725.7192
2025-07-28 01:00:00+02:00,430.6,430.7,428.1,429.2,429.4275
2025-07-28 02:00:00+02:00,429.2,434.6,427.4,431.3,832.3346
2025-07-28 03:00:00+02:00,431.4,431.4,425.8,426.7,689.4676
2025-07-28 04:00:00+02:00,426.6,433.8,425.6,429.3,614.5426
2025-07-28 05:00:00+02:00,429.5,432.7,428.9,432.7,444.3381
2025-07-28 06:00:00+02:00,432.6,433.4,430.9,432.2,758.5295
2025-07-28 07:00:00+02:00,432.2,438.4,431.5,437.5,1582.199
2025-07-28 08:00:00+02:00,437.4,439.3,432.8,435.0,1078.5391
2025-07-28 09:00:00+02:00,434.8,435.2,430.0,432.1,828.4094
2025-07-28 10:00:00+02:00,432.1,433.1,427.7,431.4,1100.3868
2025-07-28 11:00:00+02:00,431.4,432.2,428.1,431.3,412.8033
2025-07-28 12:00:00+02:00,431.4,434.2,429.5,433.0,866.0645
2025-07-28 13:00:00+02:00,433.0,433.6,430.0,432.5,428.9414
2025-07-28 14:00:00+02:00,432.7,433.2,429.6,430.6,615.2193
2025-07-28 15:00:00+02:00,430.7,430.7,415.9,418.0,2807.0022
2025-07-28 16:00:00+02:00,417.7,418.7,409.7,411.5,2708.5901
2025-07-28 17:00:00+02:00,411.5,415.8,406.9,410.7,2078.1558
2025-07-28 18:00:00+02:00,410.5,412.7,407.9,408.8,881.8282
2025-07-28 19:00:00+02:00,408.7,411.0,406.1,408.7,980.9866
2025-07-28 20:00:00+02:00,408.9,409.5,404.2,406.5,1705.3902
2025-07-28 21:00:00+02:00,406.5,408.7,402.5,407.2,1616.8804
2025-07-28 22:00:00+02:00,407.2,407.5,400.3,404.0,1884.8948
2025-07-28 23:00:00+02:00,403.6,406.9,400.9,405.0,1054.5659
2025-07-29 00:00:00+02:00,404.8,406.1,399.5,403.4,1259.5598
2025-07-29 01:00:00+02:00,403.5,404.1,400.2,402.7,588.518
2025-07-29 02:00:00+02:00,402.7,406.3,397.2,402.3,2157.6083
2025-07-29 03:00:00+02:00,402.5,404.3,397.9,398.0,324.7676
2025-07-29 04:00:00+02:00,397.9,399.5,393.8,396.4,1172.221
2025-07-29 05:00:00+02:00,396.2,403.3,396.0,402.6,724.5138
2025-07-29 06:00:00+02:00,402.4,403.2,399.2,399.5,610.7096
2025-07-29 07:00:00+02:00,399.4,405.1,398.6,404.5,956.0633
2025-07-29 08:00:00+02:00,404.5,407.7,403.7,406.5,772.0684
2025-07-29 09:00:00+02:00,407.0,411.3,406.7,409.5,1512.3449
2025-07-29 10:00:00+02:00,409.5,410.1,406.2,407.5,809.5616
2025-07-29 11:00:00+02:00,407.6,407.8,405.2,406.7,611.8376
2025-07-29 12:00:00+02:00,406.8,407.6,398.1,398.9,919.8787
2025-07-29 13:00:00+02:00,398.8,401.7,397.9,400.3,1047.2115
2025-07-29 14:00:00+02:00,400.3,402.3,398.6,399.2,1188.5173
2025-07-29 15:00:00+02:00,399.0,401.5,392.0,393.4,1727.0549
2025-07-29 16:00:00+02:00,393.6,394.6,387.8,390.8,2598.7039
2025-07-29 17:00:00+02:00,390.7,392.5,388.1,391.8,1256.3571
2025-07-29 18:00:00+02:00,391.9,393.5,385.0,389.6,2400.9116
2025-07-29 19:00:00+02:00,389.5,392.8,387.4,388.7,838.7445
2025-07-29 20:00:00+02:00,388.6,388.8,384.1,385.6,1427.0555
2025-07-29 21:00:00+02:00,385.6,386.7,380.6,380.6,1487.5708
2025-07-29 22:00:00+02:00,380.8,382.6,375.2,378.4,2092.3247
2025-07-29 23:00:00+02:00,378.6,383.3,375.0,381.6,920.6102
2025-07-30 00:00:00+02:00,381.6,384.0,377.7,382.0,966.924
2025-07-30 01:00:00+02:00,381.9,384.6,380.7,383.8,480.9763
2025-07-30 02:00:00+02:00,383.7,383.7,377.4,379.8,682.9918
2025-07-30 03:00:00+02:00,379.8,383.8,376.3,381.3,403.8059
2025-07-30 04:00:00+02:00,381.4,384.5,381.0,383.5,341.3043
2025-07-30 05:00:00+02:00,383.2,385.0,381.3,383.1,487.1671
2025-07-30 06:00:00+02:00,383.0,383.8,377.3,377.3,702.6131
2025-07-30 07:00:00+02:00,377.3,381.9,374.8,380.6,759.938
2025-07-30 08:00:00+02:00,380.7,382.0,378.9,382.0,508.1061
2025-07-30 09:00:00+02:00,382.0,382.5,376.6,377.4,667.9604
2025-07-30 10:00:00+02:00,377.4,381.4,375.6,380.2,981.3984
2025-07-30 11:00:00+02:00,379.8,379.8,369.3,373.9,2825.7124
2025-07-30 12:00:00+02:00,374.1,376.5,371.9,372.7,739.9427
2025-07-30 13:00:00+02:00,372.7,375.0,360.0,363.7,4901.1135
2025-07-30 14:00:00+02:00,363.7,369.1,360.3,367.8,2886.9499
2025-07-30 15:00:00+02:00,367.8,369.9,365.1,367.2,1585.4337
2025-07-30 16:00:00+02:00,367.2,375.6,364.2,375.2,2397.489
2025-07-30 17:00:00+02:00,375.5,376.0,368.5,371.1,1837.6728
2025-07-30 18:00:00+02:00,371.5,375.8,370.1,372.4,1173.7581
2025-07-30 19:00:00+02:00,372.4,374.2,371.2,374.0,663.2097
2025-07-30 20:00:00+02:00,374.2,375.9,363.2,364.3,2213.1416
2025-07-30 21:00:00+02:00,363.9,373.1,355.3,371.7,4956.0107
2025-07-30 22:00:00+02:00,371.4,375.7,369.2,370.2,1302.8906
2025-07-30 23:00:00+02:00,370.0,372.4,366.0,369.3,724.8013
2025-07-31 00:00:00+02:00,369.2,370.2,366.4,367.9,743.4755
2025-07-31 01:00:00+02:00,367.8,373.6,367.8,372.9,554.6471
2025-07-31 02:00:00+02:00,372.9,375.9,370.9,374.7,646.4091
2025-07-31 03:00:00+02:00,374.5,377.2,373.4,375.9,773.5663
2025-07-31 04:00:00+02:00,376.1,376.1,373.9,375.3,462.2905
2025-07-31 05:00:00+02:00,375.1,378.8,374.7,376.8,429.8323
2025-07-31 06:00:00+02:00,377.0,379.3,376.0,379.3,359.8291
2025-07-31 07:00:00+02:00,379.2,379.7,377.8,378.0,779.7036
2025-07-31 08:00:00+02:00,378.0,381.6,376.6,380.9,1308.8825
2025-07-31 09:00:00+02:00,380.9,381.6,377.8,378.6,1350.834
2025-07-31 10:00:00+02:00,378.5,381.7,378.4,380.1,649.0574
2025-07-31 11:00:00+02:00,380.1,382.2,378.7,382.1,993.4786
2025-07-31 12:00:00+02:00,381.9,382.6,379.9,379.9,863.0503
2025-07-31 13:00:00+02:00,379.8,380.6,375.8,376.8,794.5933
2025-07-31 14:00:00+02:00,377.1,377.3,372.5,374.5,883.1358
2025-07-31 15:00:00+02:00,374.5,374.5,367.6,370.2,1668.0825
2025-07-31 16:00:00+02:00,370.4,371.6,364.1,364.5,1746.4385
2025-07-31 17:00:00+02:00,364.4,368.9,364.4,367.1,1083.2445
2025-07-31 18:00:00+02:00,367.0,374.1,366.5,371.9,963.4174
2025-07-31 19:00:00+02:00,371.9,371.9,366.6,367.6,622.1067
2025-07-31 20:00:00+02:00,367.8,369.7,364.2,367.7,877.2486
2025-07-31 21:00:00+02:00,367.7,368.3,363.3,365.3,776.9986
2025-07-31 22:00:00+02:00,365.2,365.6,360.6,361.9,1304.1915
2025-07-31 23:00:00+02:00,361.7,363.6,356.1,359.9,881.4677
2025-08-01 00:00:00+02:00,359.4,359.4,352.1,353.3,1201.1516
2025-08-01 01:00:00+02:00,353.2,357.0,351.7,353.0,1206.8618
2025-08-01 02:00:00+02:00,353.1,354.4,343.6,353.1,2781.5747
2025-08-01 03:00:00+02:00,352.7,355.1,348.7,353.7,1007.2317
2025-08-01 04:00:00+02:00,353.4,357.4,353.1,356.4,703.9879
2025-08-01 05:00:00+02:00,356.4,357.6,354.4,355.0,473.0956
2025-08-01 06:00:00+02:00,354.9,354.9,351.2,352.6,520.4169
2025-08-01 07:00:00+02:00,352.6,354.1,349.3,351.0,1038.2484
2025-08-01 08:00:00+02:00,350.9,352.0,347.0,350.4,2525.0501
2025-08-01 09:00:00+02:00,350.3,352.1,346.1,348.3,1374.6368
2025-08-01 10:00:00+02:00,348.2,348.2,337.7,343.7,3742.2392
2025-08-01 11:00:00+02:00,343.6,347.6,343.3,344.0,1444.4974
2025-08-01 12:00:00+02:00,344.0,347.9,343.7,346.7,1105.2305
2025-08-01 13:00:00+02:00,347.0,349.7,344.9,349.5,701.041
2025-08-01 14:00:00+02:00,349.1,352.9,346.8,351.0,1892.4487
2025-08-01 15:00:00+02:00,351.1,353.9,341.1,344.6,2460.8457
2025-08-01 16:00:00+02:00,344.3,354.8,341.4,353.0,2509.7907
2025-08-01 17:00:00+02:00,353.2,353.4,346.6,352.8,985.0392
2025-08-01 18:00:00+02:00,352.5,355.0,347.5,348.9,875.8134
2025-08-01 19:00:00+02:00,349.0,349.3,344.2,346.1,741.1504
2025-08-01 20:00:00+02:00,346.4,350.2,343.3,346.3,1578.129
2025-08-01 21:00:00+02:00,346.1,350.9,345.3,350.0,903.5298
2025-08-01 22:00:00+02:00,349.7,351.2,340.4,346.4,1272.7405
2025-08-01 23:00:00+02:00,346.2,349.0,345.6,345.9,1021.9836
2025-08-02 00:00:00+02:00,346.3,346.6,334.3,339.7,2490.4912
2025-08-02 01:00:00+02:00,339.9,344.6,338.8,343.4,1311.5427
2025-08-02 02:00:00+02:00,343.4,348.2,342.7,348.2,1185.0716
2025-08-02 03:00:00+02:00,348.3,348.3,345.0,347.5,230.4954
2025-08-02 04:00:00+02:00,347.3,348.0,346.5,346.9,279.5776
2025-08-02 05:00:00+02:00,347.1,347.8,346.0,346.6,249.3003
2025-08-02 06:00:00+02:00,346.5,349.5,345.8,348.9,435.9552
2025-08-02 07:00:00+02:00,348.8,349.1,347.7,347.8,207.1756
2025-08-02 08:00:00+02:00,347.8,348.1,338.1,341.3,1767.8644
2025-08-02 09:00:00+02:00,341.1,346.4,338.9,345.9,1108.8919
2025-08-02 10:00:00+02:00,345.6,346.4,339.7,339.9,1220.0676
2025-08-02 11:00:00+02:00,339.9,341.2,337.6,338.5,799.2379
2025-08-02 12:00:00+02:00,338.7,339.0,335.6,338.4,824.7424
2025-08-02 13:00:00+02:00,338.5,340.6,336.5,338.7,646.642
2025-08-02 14:00:00+02:00,338.6,339.3,336.3,338.9,440.5731
2025-08-02 15:00:00+02:00,338.9,340.8,335.9,340.0,472.5683
2025-08-02 16:00:00+02:00,339.6,340.6,333.0,335.8,1350.6942
2025-08-02 17:00:00+02:00,335.4,338.6,332.9,334.1,1953.8853
2025-08-02 18:00:00+02:00,334.0,338.1,332.3,336.6,1109.7012
2025-08-02 19:00:00+02:00,336.7,339.4,330.1,332.3,1542.5774
2025-08-02 20:00:00+02:00,332.3,334.1,327.3,329.2,2248.3436
2025-08-02 21:00:00+02:00,329.1,335.1,327.3,330.7,1794.6833
2025-08-02 22:00:00+02:00,330.5,334.4,330.5,334.3,936.9385
2025-08-02 23:00:00+02:00,334.4,336.2,332.5,334.8,539.629
2025-08-03 00:00:00+02:00,334.6,336.4,331.7,335.0,435.1736
2025-08-03 01:00:00+02:00,335.1,335.6,330.1,333.8,368.4803
2025-08-03 02:00:00+02:00,333.7,336.4,328.9,335.9,854.5517
2025-08-03 03:00:00+02:00,336.0,336.9,334.6,336.0,246.0966
2025-08-03 04:00:00+02:00,335.9,338.7,335.8,338.6,180.8777
2025-08-03 05:00:00+02:00,338.5,341.0,337.9,339.1,686.4197
2025-08-03 06:00:00+02:00,338.9,339.3,337.3,339.3,599.6157
2025-08-03 07:00:00+02:00,339.3,340.8,338.8,339.4,416.9149
2025-08-03 08:00:00+02:00,339.3,340.0,338.4,339.4,276.0647
2025-08-03 09:00:00+02:00,339.3,341.4,339.3,341.3,689.4066
2025-08-03 10:00:00+02:00,341.2,343.4,340.9,342.3,808.9032
2025-08-03 11:00:00+02:00,342.2,342.5,340.2,342.3,871.4408
2025-08-03 12:00:00+02:00,342.2,347.9,342.1,347.2,1589.8777
2025-08-03 13:00:00+02:00,347.2,349.7,345.6,345.8,1782.7723
2025-08-03 14:00:00+02:00,345.6,347.7,344.4,346.6,1238.1303
2025-08-03 15:00:00+02:00,346.5,348.2,345.1,346.7,503.4893
2025-08-03 16:00:00+02:00,346.8,347.4,345.0,346.0,629.3345
2025-08-03 17:00:00+02:00,346.0,346.9,344.6,346.7,768.737
2025-08-03 18:00:00+02:00,346.6,348.5,345.0,347.9,658.9307
2025-08-03 19:00:00+02:00,348.2,349.7,346.8,349.3,863.58
2025-08-03 20:00:00+02:00,349.4,351.9,348.2,351.0,840.6474
2025-08-03 21:00:00+02:00,351.2,353.8,349.3,349.6,841.7939
2025-08-03 22:00:00+02:00,349.8,352.0,348.3,351.4,708.9654
2025-08-03 23:00:00+02:00,351.5,352.1,350.2,350.7,762.2697
2025-08-04 00:00:00+02:00,351.0,352.1,348.9,350.0,789.8161
2025-08-04 01:00:00+02:00,350.0,351.7,349.6,350.0,391.1691
2025-08-04 02:00:00+02:00,349.8,357.3,349.3,357.2,805.5818
2025-08-04 03:00:00+02:00,356.8,358.0,352.5,353.0,786.2394
2025-08-04 04:00:00+02:00,352.9,357.3,350.6,354.5,1020.5802
2025-08-04 05:00:00+02:00,354.5,354.7,352.4,353.5,402.1847
2025-08-04 06:00:00+02:00,353.4,354.8,352.2,352.6,566.6123
2025-08-04 07:00:00+02:00,352.6,354.2,351.5,354.1,501.5833
2025-08-04 08:00:00+02:00,354.0,354.6,352.2,354.4,1262.8075
2025-08-04 09:00:00+02:00,354.3,357.5,354.3,357.1,726.1976
2025-08-04 10:00:00+02:00,357.3,359.0,355.5,358.2,974.0909
2025-08-04 11:00:00+02:00,358.3,359.0,354.6,355.0,860.3887
2025-08-04 12:00:00+02:00,355.0,357.0,354.4,356.1,701.874
2025-08-04 13:00:00+02:00,356.0,356.0,353.0,354.6,565.6129
2025-08-04 14:00:00+02:00,354.8,357.8,354.4,357.8,406.7574
2025-08-04 15:00:00+02:00,357.6,359.9,354.5,359.6,1060.2482
2025-08-04 16:00:00+02:00,359.9,367.0,357.1,358.1,2502.9897
2025-08-04 17:00:00+02:00,358.3,359.9,355.8,357.5,759.2647
2025-08-04 18:00:00+02:00,357.6,362.1,357.5,361.4,995.4287
2025-08-04 19:00:00+02:00,361.4,362.7,357.2,357.5,1361.2141
2025-08-04 20:00:00+02:00,357.5,358.8,354.7,355.3,956.0928
2025-08-04 21:00:00+02:00,355.1,355.5,352.8,353.7,599.7948
2025-08-04 22:00:00+02:00,353.8,357.9,352.8,357.3,700.8433
2025-08-04 23:00:00+02:00,357.1,360.9,357.1,358.8,1305.0267
2025-08-05 00:00:00+02:00,359.4,360.4,357.4,359.7,613.1937
2025-08-05 01:00:00+02:00,359.7,359.7,357.4,358.1,248.0402
2025-08-05 02:00:00+02:00,358.0,358.0,355.5,357.0,437.0929
2025-08-05 03:00:00+02:00,356.9,357.2,354.1,354.4,363.3445
2025-08-05 04:00:00+02:00,354.3,355.8,353.9,355.6,295.0982
2025-08-05 05:00:00+02:00,355.8,355.8,350.2,350.3,451.7344
2025-08-05 06:00:00+02:00,350.5,351.5,348.3,349.6,478.1219
2025-08-05 07:00:00+02:00,349.3,350.5,348.6,350.2,614.4338
2025-08-05 08:00:00+02:00,350.3,351.6,346.4,347.6,1237.0958
2025-08-05 09:00:00+02:00,347.5,347.7,343.2,343.3,1808.7708
2025-08-05 10:00:00+02:00,343.4,346.0,342.6,343.5,714.067
2025-08-05 11:00:00+02:00,343.4,349.2,343.3,348.7,855.7985
2025-08-05 12:00:00+02:00,348.6,351.8,347.1,349.8,1679.1834
2025-08-05 13:00:00+02:00,350.0,352.2,349.1,351.0,825.4082
2025-08-05 14:00:00+02:00,351.1,351.6,343.5,347.2,1511.847
2025-08-05 15:00:00+02:00,347.2,349.4,345.7,347.4,1077.783
2025-08-05 16:00:00+02:00,347.3,347.6,338.5,340.1,2900.9316
2025-08-05 17:00:00+02:00,340.0,342.0,335.2,337.3,1928.505
2025-08-05 18:00:00+02:00,337.2,339.6,335.8,337.8,961.0079
2025-08-05 19:00:00+02:00,337.9,341.7,336.7,341.2,750.4683
2025-08-05 20:00:00+02:00,341.0,341.2,337.3,339.2,1168.3357
2025-08-05 21:00:00+02:00,339.2,340.5,336.1,337.1,404.0374
2025-08-05 22:00:00+02:00,337.2,340.0,337.1,337.6,636.1907
2025-08-05 23:00:00+02:00,337.5,339.6,336.3,337.2,1211.2968
2025-08-06 00:00:00+02:00,337.1,339.3,334.0,339.3,692.3135
2025-08-06 01:00:00+02:00,339.2,343.3,338.9,342.2,452.2512
2025-08-06 02:00:00+02:00,342.2,343.0,339.9,340.8,587.3406
2025-08-06 03:00:00+02:00,340.8,340.9,338.9,339.5,350.0321
2025-08-06 04:00:00+02:00,339.4,340.0,337.3,337.7,289.513
2025-08-06 05:00:00+02:00,337.8,338.0,336.0,336.4,363.3367
2025-08-06 06:00:00+02:00,336.3,336.5,334.9,336.3,444.4438
2025-08-06 07:00:00+02:00,336.2,344.4,335.5,341.6,766.0977
2025-08-06 08:00:00+02:00,341.6,342.0,339.0,340.9,361.5436
2025-08-06 09:00:00+02:00,341.2,344.7,341.0,343.9,663.598
2025-08-06 10:00:00+02:00,343.8,344.2,339.9,341.2,522.318
2025-08-06 11:00:00+02:00,341.1,344.0,340.4,342.4,384.8401
2025-08-06 12:00:00+02:00,342.5,343.2,340.0,340.5,449.0219
2025-08-06 13:00:00+02:00,340.5,343.4,340.2,340.9,388.922
2025-08-06 14:00:00+02:00,341.0,342.1,338.1,338.8,468.7851
2025-08-06 15:00:00+02:00,338.8,341.0,337.2,339.8,1201.1718
2025-08-06 16:00:00+02:00,339.8,345.7,338.4,345.4,778.3748
2025-08-06 17:00:00+02:00,345.7,348.3,343.0,348.0,1045.8375
2025-08-06 18:00:00+02:00,348.0,348.9,344.3,345.8,594.9085
2025-08-06 19:00:00+02:00,345.7,348.0,344.6,348.0,456.6709
2025-08-06 20:00:00+02:00,348.1,350.6,347.5,348.1,1156.3655
2025-08-06 21:00:00+02:00,348.0,349.2,347.1,348.2,373.6572
2025-08-06 22:00:00+02:00,348.4,348.6,345.8,346.8,464.3959
2025-08-06 23:00:00+02:00,346.8,347.6,344.3,346.6,596.1945
2025-08-07 00:00:00+02:00,346.8,348.4,346.2,347.5,341.5873
2025-08-07 01:00:00+02:00,347.4,347.9,346.3,346.3,119.1143
2025-08-07 02:00:00+02:00,346.2,346.3,344.4,344.7,166.721
2025-08-07 03:00:00+02:00,344.6,346.4,341.9,342.1,455.2451
2025-08-07 04:00:00+02:00,342.1,343.8,341.4,342.0,213.3906
2025-08-07 05:00:00+02:00,341.9,342.7,341.2,341.8,81.2256
2025-08-07 06:00:00+02:00,341.6,343.9,341.4,342.1,218.5742
2025-08-07 07:00:00+02:00,342.1,345.1,342.0,345.1,191.906
2025-08-07 08:00:00+02:00,345.0,347.5,345.0,346.0,407.8967
2025-08-07 09:00:00+02:00,345.9,347.2,345.9,347.0,353.6377
2025-08-07 10:00:00+02:00,347.0,349.0,347.0,347.2,424.5764
2025-08-07 11:00:00+02:00,347.2,348.2,345.9,348.0,531.3539
2025-08-07 12:00:00+02:00,348.0,357.3,347.7,357.1,1804.7136
2025-08-07 13:00:00+02:00,357.2,359.2,356.5,358.3,810.6801
2025-08-07 14:00:00+02:00,358.4,359.9,355.7,358.4,1588.6671
2025-08-07 15:00:00+02:00,358.6,360.9,357.5,358.4,947.2383
2025-08-07 16:00:00+02:00,358.5,358.9,353.9,355.3,1219.1228
2025-08-07 17:00:00+02:00,355.4,357.3,353.7,356.7,510.9168
2025-08-07 18:00:00+02:00,356.7,357.1,348.9,353.6,1202.1428
2025-08-07 19:00:00+02:00,353.5,354.1,351.9,353.6,298.8256
2025-08-07 20:00:00+02:00,353.7,355.0,352.6,354.7,287.9756
2025-08-07 21:00:00+02:00,354.5,360.5,354.5,360.4,720.2397
2025-08-07 22:00:00+02:00,360.4,362.1,358.6,361.6,863.9338
2025-08-07 23:00:00+02:00,361.7,365.9,361.6,364.5,1280.7537
2025-08-08 00:00:00+02:00,364.8,370.4,364.5,369.9,1382.0419
2025-08-08 01:00:00+02:00,370.0,371.3,368.6,371.1,725.3726
2025-08-08 02:00:00+02:00,371.1,372.6,366.4,369.8,1620.8799
2025-08-08 03:00:00+02:00,369.8,371.4,367.4,368.8,919.124
2025-08-08 04:00:00+02:00,368.7,370.6,366.5,368.5,463.7058
2025-08-08 05:00:00+02:00,368.8,372.2,367.6,372.2,572.2395
2025-08-08 06:00:00+02:00,372.1,375.0,370.7,371.0,979.9031
2025-08-08 07:00:00+02:00,371.0,371.0,368.9,369.3,523.6456
2025-08-08 08:00:00+02:00,369.1,372.8,367.8,372.6,1223.9317
2025-08-08 09:00:00+02:00,372.5,375.7,370.2,375.0,1082.5477
2025-08-08 10:00:00+02:00,375.0,378.2,371.6,372.8,1818.8399
2025-08-08 11:00:00+02:00,372.7,373.5,370.1,372.7,527.5861
2025-08-08 12:00:00+02:00,372.7,373.1,369.1,370.1,893.3269
2025-08-08 13:00:00+02:00,370.2,373.5,370.1,373.2,710.3423
2025-08-08 14:00:00+02:00,373.2,373.3,369.1,369.4,929.0753
2025-08-08 15:00:00+02:00,369.3,377.2,369.3,377.1,1098.5215
2025-08-08 16:00:00+02:00,377.1,380.3,369.5,372.2,3087.5953
2025-08-08 17:00:00+02:00,372.2,372.6,364.4,368.1,2044.567
2025-08-08 18:00:00+02:00,367.9,368.3,364.3,366.4,1227.5192
2025-08-08 19:00:00+02:00,366.4,377.4,366.3,376.4,2353.5098
2025-08-08 20:00:00+02:00,376.4,377.9,373.4,375.4,1568.9589
2025-08-08 21:00:00+02:00,375.6,377.3,374.1,377.3,1094.0727
2025-08-08 22:00:00+02:00,377.3,378.0,374.2,376.7,612.1743
2025-08-08 23:00:00+02:00,376.7,377.7,375.3,375.8,566.9316
2025-08-09 00:00:00+02:00,375.8,377.0,374.6,375.4,299.5443
2025-08-09 01:00:00+02:00,375.4,376.0,373.4,374.2,259.2938
2025-08-09 02:00:00+02:00,374.3,375.0,372.6,373.2,212.2179
2025-08-09 03:00:00+02:00,373.2,375.5,372.1,375.2,177.088
2025-08-09 04:00:00+02:00,375.1,375.9,374.2,374.8,146.4975
2025-08-09 05:00:00+02:00,374.7,376.1,374.0,375.1,142.6312
2025-08-09 06:00:00+02:00,375.1,379.2,374.4,378.5,555.4734
2025-08-09 07:00:00+02:00,378.4,385.8,377.7,384.2,3377.252
2025-08-09 08:00:00+02:00,384.2,384.2,379.6,380.3,1069.6743
2025-08-09 09:00:00+02:00,380.2,385.7,380.1,385.5,1182.5932
2025-08-09 10:00:00+02:00,385.4,387.0,383.6,386.1,1056.4308
2025-08-09 11:00:00+02:00,386.1,389.0,385.0,387.8,679.6436
2025-08-09 12:00:00+02:00,387.8,388.7,386.0,387.5,1137.5338
2025-08-09 13:00:00+02:00,387.4,388.4,385.7,387.1,1609.3285
2025-08-09 14:00:00+02:00,386.9,391.0,386.1,390.6,1291.7345
2025-08-09 15:00:00+02:00,390.6,391.1,382.7,383.4,1581.2159
2025-08-09 16:00:00+02:00,383.3,387.8,380.6,387.3,1379.3185
2025-08-09 17:00:00+02:00,387.2,388.2,383.9,385.6,775.467
2025-08-09 18:00:00+02:00,385.8,388.7,385.8,386.7,400.7068
2025-08-09 19:00:00+02:00,386.7,389.3,385.4,389.0,603.1771
2025-08-09 20:00:00+02:00,389.1,391.0,388.2,390.6,721.7032
2025-08-09 21:00:00+02:00,390.6,391.6,388.7,389.6,580.7982
2025-08-09 22:00:00+02:00,389.6,394.3,388.8,394.2,1184.0112
2025-08-09 23:00:00+02:00,394.1,395.0,388.9,390.5,739.7005
2025-08-10 00:00:00+02:00,390.6,393.9,387.8,388.8,639.7186
2025-08-10 01:00:00+02:00,388.8,391.4,388.0,390.1,296.5234
2025-08-10 02:00:00+02:00,390.4,395.0,389.1,394.5,814.9859
2025-08-10 03:00:00+02:00,394.6,396.1,391.6,394.5,452.3804
2025-08-10 04:00:00+02:00,394.4,396.4,392.6,392.8,473.994
2025-08-10 05:00:00+02:00,392.5,397.7,392.1,396.1,1098.0976
2025-08-10 06:00:00+02:00,396.1,399.2,394.7,398.0,698.4687
2025-08-10 07:00:00+02:00,398.0,398.6,393.4,393.8,601.8531
2025-08-10 08:00:00+02:00,393.7,393.9,389.6,391.4,1241.5265
2025-08-10 09:00:00+02:00,391.3,393.3,383.6,385.1,2188.0715
2025-08-10 10:00:00+02:00,385.2,389.5,380.3,388.7,2028.7855
2025-08-10 11:00:00+02:00,388.9,390.1,387.0,388.0,419.0101
2025-08-10 12:00:00+02:00,388.1,389.2,383.1,384.3,851.6024
2025-08-10 13:00:00+02:00,384.3,387.9,383.0,384.9,679.19
2025-08-10 14:00:00+02:00,384.7,385.3,382.7,384.8,589.9725
2025-08-10 15:00:00+02:00,384.7,386.4,382.0,382.3,468.1465
2025-08-10 16:00:00+02:00,382.3,391.3,381.4,389.5,1214.6865
2025-08-10 17:00:00+02:00,389.5,392.5,387.9,390.8,1143.2934
2025-08-10 18:00:00+02:00,390.6,392.1,389.0,390.6,442.25
2025-08-10 19:00:00+02:00,390.5,392.0,389.2,391.0,379.1133
2025-08-10 20:00:00+02:00,391.0,394.7,390.9,394.3,782.1652
2025-08-10 21:00:00+02:00,394.4,395.7,391.8,393.6,708.4725
2025-08-10 22:00:00+02:00,393.6,393.9,388.5,389.3,1271.2522
2025-08-10 23:00:00+02:00,389.3,389.4,384.8,387.4,489.2262
2025-08-11 00:00:00+02:00,387.6,387.9,384.8,385.5,272.1376
2025-08-11 01:00:00+02:00,385.7,389.2,383.0,389.0,1071.5782
2025-08-11 02:00:00+02:00,389.0,391.6,385.8,388.4,811.0655
2025-08-11 03:00:00+02:00,388.5,395.4,387.9,392.6,974.4164
2025-08-11 04:00:00+02:00,392.8,397.1,392.5,395.0,1240.3571
2025-08-11 05:00:00+02:00,395.2,396.0,393.0,395.9,513.6642
2025-08-11 06:00:00+02:00,396.0,398.1,395.6,395.8,758.5936
2025-08-11 07:00:00+02:00,395.7,397.3,392.5,394.2,906.3632
2025-08-11 08:00:00+02:00,394.4,394.9,391.7,393.3,718.8102
2025-08-11 09:00:00+02:00,393.1,393.8,383.8,384.9,1766.0746
2025-08-11 10:00:00+02:00,384.9,387.5,382.7,386.1,1377.1503
2025-08-11 11:00:00+02:00,385.8,386.3,380.9,381.8,1017.3721
2025-08-11 12:00:00+02:00,381.8,381.9,377.5,378.3,2031.5511
2025-08-11 13:00:00+02:00,378.2,378.6,368.1,369.6,3346.2203
2025-08-11 14:00:00+02:00,369.4,372.1,368.2,370.2,1333.139
2025-08-11 15:00:00+02:00,370.4,375.9,366.9,374.4,1577.913
2025-08-11 16:00:00+02:00,374.5,376.1,370.8,372.2,1784.981
2025-08-11 17:00:00+02:00,372.0,375.1,369.6,374.7,944.884
2025-08-11 18:00:00+02:00,374.5,378.4,372.2,373.6,2043.5367
2025-08-11 19:00:00+02:00,373.5,374.7,363.9,364.4,2278.4749
2025-08-11 20:00:00+02:00,364.7,367.8,361.7,366.6,1732.6671
2025-08-11 21:00:00+02:00,366.4,368.5,363.3,365.6,851.3895
2025-08-11 22:00:00+02:00,365.5,366.3,363.6,365.3,502.8052
2025-08-11 23:00:00+02:00,365.3,366.6,358.7,361.8,1456.1696
2025-08-12 00:00:00+02:00,361.7,362.2,358.1,360.5,1208.4644
2025-08-12 01:00:00+02:00,360.4,362.5,360.0,360.2,558.7657
2025-08-12 02:00:00+02:00,360.2,365.0,359.7,364.1,579.8041
2025-08-12 03:00:00+02:00,364.1,365.0,362.8,364.1,365.3
2025-08-12 04:00:00+02:00,364.0,367.3,363.1,364.8,234.5354
2025-08-12 05:00:00+02:00,364.7,364.9,362.7,362.9,338.1112
2025-08-12 06:00:00+02:00,362.8,366.0,362.4,365.2,475.9321
2025-08-12 07:00:00+02:00,365.0,365.0,360.9,362.9,591.1188
2025-08-12 08:00:00+02:00,362.7,364.3,358.9,362.6,693.5235
2025-08-12 09:00:00+02:00,362.6,365.1,362.6,364.5,423.0245
2025-08-12 10:00:00+02:00,364.5,365.7,361.8,363.7,394.6075
2025-08-12 11:00:00+02:00,363.5,364.5,361.1,362.3,540.8506
2025-08-12 12:00:00+02:00,362.3,362.7,359.8,360.9,861.0191
2025-08-12 13:00:00+02:00,361.0,364.9,357.7,364.4,1138.725
2025-08-12 14:00:00+02:00,364.4,372.7,362.1,371.0,2577.312
2025-08-12 15:00:00+02:00,371.3,374.6,367.2,370.5,1965.216
2025-08-12 16:00:00+02:00,370.6,376.3,369.7,376.2,1681.1129
2025-08-12 17:00:00+02:00,376.1,381.0,375.2,380.2,4073.865
2025-08-12 18:00:00+02:00,380.3,385.9,379.4,385.7,2325.912
2025-08-12 19:00:00+02:00,385.9,388.1,383.3,384.2,2420.6236
2025-08-12 20:00:00+02:00,384.3,389.5,383.6,385.2,1701.7768
2025-08-12 21:00:00+02:00,385.2,392.8,385.0,391.9,866.1658
2025-08-12 22:00:00+02:00,392.0,399.0,391.0,398.4,2568.2467
2025-08-12 23:00:00+02:00,398.4,398.5,390.8,392.8,1355.3306
2025-08-13 00:00:00+02:00,392.9,393.6,390.4,391.5,1258.8467
2025-08-13 01:00:00+02:00,391.5,393.8,389.7,392.2,868.9219
2025-08-13 02:00:00+02:00,392.2,396.0,391.5,391.7,873.9366
2025-08-13 03:00:00+02:00,391.8,391.9,385.5,387.7,997.1
2025-08-13 04:00:00+02:00,387.1,392.4,385.5,392.4,677.9852
2025-08-13 05:00:00+02:00,392.3,394.2,389.3,392.8,479.8343
2025-08-13 06:00:00+02:00,392.4,395.0,390.6,391.8,533.327
2025-08-13 07:00:00+02:00,391.9,393.9,388.0,389.0,1089.697
2025-08-13 08:00:00+02:00,388.8,392.6,387.3,391.0,809.2778
2025-08-13 09:00:00+02:00,391.0,395.1,390.6,394.9,847.8677
2025-08-13 10:00:00+02:00,394.8,397.8,394.8,396.3,1119.2614
2025-08-13 11:00:00+02:00,396.3,400.6,395.8,399.9,1434.2261
2025-08-13 12:00:00+02:00,400.0,404.8,398.0,401.9,1995.0195
2025-08-13 13:00:00+02:00,401.8,402.2,398.6,401.5,1206.8238
2025-08-13 14:00:00+02:00,401.3,404.4,398.2,399.0,1577.6244
2025-08-13 15:00:00+02:00,399.0,404.0,393.9,397.1,1712.6942
2025-08-13 16:00:00+02:00,397.7,398.4,390.6,391.3,1844.6869
2025-08-13 17:00:00+02:00,391.5,394.4,389.0,393.2,1623.924
2025-08-13 18:00:00+02:00,393.3,396.7,392.1,393.1,1036.6314
2025-08-13 19:00:00+02:00,393.0,394.9,391.2,392.9,1087.8372
2025-08-13 20:00:00+02:00,392.8,393.6,385.9,388.5,1973.0435
2025-08-13 21:00:00+02:00,388.3,392.4,387.7,391.9,1115.8539
2025-08-13 22:00:00+02:00,392.0,392.3,388.2,389.2,770.005
2025-08-13 23:00:00+02:00,389.2,391.7,387.7,388.5,771.093
2025-08-14 00:00:00+02:00,388.6,394.5,387.2,392.2,1379.1811
2025-08-14 01:00:00+02:00,391.8,394.9,390.3,390.5,823.4827
2025-08-14 02:00:00+02:00,390.5,395.5,389.8,391.7,1131.966
2025-08-14 03:00:00+02:00,391.6,394.7,389.3,393.3,627.3608
2025-08-14 04:00:00+02:00,393.0,399.5,393.0,399.2,805.9277
2025-08-14 05:00:00+02:00,399.0,402.3,396.3,401.2,903.8942
2025-08-14 06:00:00+02:00,401.1,401.6,394.4,394.4,938.7477
2025-08-14 07:00:00+02:00,394.6,396.0,390.5,391.4,1217.2287
2025-08-14 08:00:00+02:00,391.2,391.8,386.3,389.9,2009.6345
2025-08-14 09:00:00+02:00,389.8,390.9,384.1,386.6,1890.2429
2025-08-14 10:00:00+02:00,386.7,386.7,379.4,380.8,2427.2251
2025-08-14 11:00:00+02:00,380.8,385.0,378.8,383.9,1195.5148
2025-08-14 12:00:00+02:00,383.9,385.5,379.4,382.0,1623.9033
2025-08-14 13:00:00+02:00,381.9,381.9,379.5,380.5,1190.0299
2025-08-14 14:00:00+02:00,380.6,383.9,358.4,365.7,7819.7893
2025-08-14 15:00:00+02:00,365.7,375.0,359.6,371.2,4902.9085
2025-08-14 16:00:00+02:00,371.2,375.3,367.9,370.7,1542.6248
2025-08-14 17:00:00+02:00,370.8,372.2,367.7,369.4,1120.4632
2025-08-14 18:00:00+02:00,369.4,369.4,364.8,367.2,1246.4996
2025-08-14 19:00:00+02:00,367.0,369.2,363.7,368.3,1112.8705
2025-08-14 20:00:00+02:00,368.3,368.8,362.6,366.8,973.4735
2025-08-14 21:00:00+02:00,367.2,367.7,364.1,364.3,3422.0294
2025-08-14 22:00:00+02:00,364.3,365.8,362.6,364.7,1169.4614
2025-08-14 23:00:00+02:00,364.6,364.8,358.3,362.1,1025.3632
2025-08-15 00:00:00+02:00,362.0,364.3,360.2,364.1,504.0813
2025-08-15 01:00:00+02:00,364.0,367.2,363.8,366.0,559.9549
2025-08-15 02:00:00+02:00,366.1,369.8,365.3,368.0,1028.3548
2025-08-15 03:00:00+02:00,368.0,369.2,365.8,367.9,650.1091
2025-08-15 04:00:00+02:00,367.8,371.9,367.6,370.8,509.6874
2025-08-15 05:00:00+02:00,370.8,379.5,370.1,379.0,1085.9522
2025-08-15 06:00:00+02:00,378.9,379.3,374.7,375.5,972.8768
2025-08-15 07:00:00+02:00,375.4,375.5,372.5,375.3,371.4951
2025-08-15 08:00:00+02:00,375.3,380.3,375.1,379.1,936.5396
2025-08-15 09:00:00+02:00,379.2,384.5,378.7,381.4,2429.3506
2025-08-15 10:00:00+02:00,381.2,383.5,379.3,380.5,861.7364
2025-08-15 11:00:00+02:00,380.5,382.5,375.6,376.9,1138.4377
2025-08-15 12:00:00+02:00,376.9,379.7,375.1,376.8,1176.1961
2025-08-15 13:00:00+02:00,376.7,378.8,375.2,376.1,402.5132
2025-08-15 14:00:00+02:00,376.0,383.5,373.9,380.2,1852.9976
2025-08-15 15:00:00+02:00,380.0,381.3,373.4,375.8,1912.1333
2025-08-15 16:00:00+02:00,375.5,377.6,366.0,367.2,2365.6073
2025-08-15 17:00:00+02:00,367.3,369.7,360.4,364.2,2623.6309
2025-08-15 18:00:00+02:00,364.2,368.1,360.6,366.7,1746.5446
2025-08-15 19:00:00+02:00,366.7,368.3,361.9,366.0,1534.8753
2025-08-15 20:00:00+02:00,365.9,366.5,361.5,363.1,1043.5831
2025-08-15 21:00:00+02:00,363.2,367.4,361.8,363.6,798.561
2025-08-15 22:00:00+02:00,363.6,367.8,361.9,367.5,727.5168
2025-08-15 23:00:00+02:00,367.4,368.4,364.1,368.3,546.0304
2025-08-16 00:00:00+02:00,368.2,376.6,367.3,376.6,1022.0267
2025-08-16 01:00:00+02:00,376.5,377.7,367.6,370.8,1215.2031
2025-08-16 02:00:00+02:00,370.7,374.9,368.8,373.4,471.8847
2025-08-16 03:00:00+02:00,373.3,376.8,372.0,373.5,637.1795
2025-08-16 04:00:00+02:00,373.5,373.9,372.1,372.2,406.4267
2025-08-16 05:00:00+02:00,372.2,373.6,371.3,371.4,211.5688
2025-08-16 06:00:00+02:00,371.5,373.1,370.7,372.9,366.8182
2025-08-16 07:00:00+02:00,372.8,373.0,368.8,369.6,249.231
2025-08-16 08:00:00+02:00,369.7,370.8,368.8,369.1,513.7945
2025-08-16 09:00:00+02:00,369.2,372.9,369.1,371.4,618.3877
2025-08-16 10:00:00+02:00,371.3,371.7,369.6,369.8,299.4662
2025-08-16 11:00:00+02:00,369.8,371.1,366.7,366.7,615.185
2025-08-16 12:00:00+02:00,366.7,369.2,365.8,366.8,1114.2842
2025-08-16 13:00:00+02:00,366.9,369.4,364.9,365.2,377.1478
2025-08-16 14:00:00+02:00,365.3,368.0,364.1,367.4,685.2005
2025-08-16 15:00:00+02:00,367.5,370.0,366.5,366.7,583.0691
2025-08-16 16:00:00+02:00,366.9,371.9,366.1,371.6,776.378
2025-08-16 17:00:00+02:00,371.5,373.1,370.0,371.8,760.5553
2025-08-16 18:00:00+02:00,371.8,373.5,370.7,371.5,628.4775
2025-08-16 19:00:00+02:00,371.6,372.1,370.1,371.0,452.5141
2025-08-16 20:00:00+02:00,370.8,373.1,369.8,371.1,381.7105
2025-08-16 21:00:00+02:00,371.1,374.0,371.0,372.0,402.9744
2025-08-16 22:00:00+02:00,372.0,374.5,371.6,374.1,689.0509
2025-08-16 23:00:00+02:00,374.0,374.1,371.7,371.8,347.6096
2025-08-17 00:00:00+02:00,371.8,374.4,371.0,374.0,566.0122
2025-08-17 01:00:00+02:00,373.9,374.3,372.5,374.2,199.0703
2025-08-17 02:00:00+02:00,374.3,374.8,372.5,373.4,324.4076
2025-08-17 03:00:00+02:00,373.3,374.0,371.7,372.5,306.7024
2025-08-17 04:00:00+02:00,372.6,375.6,371.3,375.6,392.1628
2025-08-17 05:00:00+02:00,375.6,375.8,373.4,374.5,458.4639
2025-08-17 06:00:00+02:00,374.3,377.5,374.1,377.0,527.5415
2025-08-17 07:00:00+02:00,377.0,378.0,375.1,375.3,438.8665
2025-08-17 08:00:00+02:00,375.3,376.6,373.4,373.5,309.3703
2025-08-17 09:00:00+02:00,373.6,374.9,372.8,373.7,296.3651
2025-08-17 10:00:00+02:00,373.8,378.6,372.8,378.1,901.0964
2025-08-17 11:00:00+02:00,378.2,378.7,375.6,378.2,928.6306
2025-08-17 12:00:00+02:00,378.2,381.0,377.4,380.4,949.0123
2025-08-17 13:00:00+02:00,380.3,383.5,380.2,383.3,894.1012
2025-08-17 14:00:00+02:00,383.4,383.5,380.0,380.3,835.9148
2025-08-17 15:00:00+02:00,380.4,382.5,377.8,381.6,573.709
2025-08-17 16:00:00+02:00,381.8,382.8,379.4,382.2,775.9316
2025-08-17 17:00:00+02:00,382.0,385.5,380.9,384.8,1347.4043
2025-08-17 18:00:00+02:00,385.0,386.3,379.6,380.5,1449.6239
2025-08-17 19:00:00+02:00,380.5,380.9,378.2,379.3,677.6799
2025-08-17 20:00:00+02:00,379.4,379.9,371.9,376.1,1385.4501
2025-08-17 21:00:00+02:00,376.1,377.2,372.7,373.3,964.3917
2025-08-17 22:00:00+02:00,373.3,376.0,372.8,373.7,645.3721
2025-08-17 23:00:00+02:00,373.8,374.6,372.4,373.6,490.2682
2025-08-18 00:00:00+02:00,373.5,378.6,373.4,377.8,1017.9499
2025-08-18 01:00:00+02:00,377.8,377.8,373.0,373.3,426.0061
2025-08-18 02:00:00+02:00,373.4,373.7,369.2,372.3,1675.2425
2025-08-18 03:00:00+02:00,372.2,372.6,364.8,365.4,1757.635
2025-08-18 04:00:00+02:00,365.3,366.1,357.9,358.3,2836.2295
2025-08-18 05:00:00+02:00,358.2,360.1,355.0,359.5,1233.2329
2025-08-18 06:00:00+02:00,359.4,363.8,358.2,362.4,770.0497
2025-08-18 07:00:00+02:00,362.3,363.6,357.9,362.4,1353.5548
2025-08-18 08:00:00+02:00,362.3,362.3,353.7,356.3,1519.7904
2025-08-18 09:00:00+02:00,356.4,357.9,355.3,355.9,658.8613
2025-08-18 10:00:00+02:00,356.1,357.8,354.6,354.9,1185.2686
2025-08-18 11:00:00+02:00,354.8,357.7,351.7,356.1,1919.3505
2025-08-18 12:00:00+02:00,356.2,356.7,353.9,354.2,801.2183
2025-08-18 13:00:00+02:00,354.3,354.8,352.8,352.8,850.015
2025-08-18 14:00:00+02:00,352.6,358.0,352.1,358.0,1313.7351
2025-08-18 15:00:00+02:00,358.1,358.6,348.5,348.5,2189.5209
2025-08-18 16:00:00+02:00,348.6,355.6,348.5,354.9,962.3789
2025-08-18 17:00:00+02:00,354.6,355.9,350.8,355.7,1188.3005
2025-08-18 18:00:00+02:00,355.8,357.2,352.7,353.7,1128.6039
2025-08-18 19:00:00+02:00,353.8,359.6,353.0,356.3,756.0122
2025-08-18 20:00:00+02:00,356.4,358.2,354.8,358.0,594.6604
2025-08-18 21:00:00+02:00,357.9,359.3,356.5,357.1,589.695
2025-08-18 22:00:00+02:00,357.1,358.2,354.8,356.5,586.9132
2025-08-18 23:00:00+02:00,356.5,358.6,355.7,357.8,469.7488
2025-08-19 00:00:00+02:00,357.9,360.4,356.4,356.6,628.9853
2025-08-19 01:00:00+02:00,356.6,357.3,353.9,355.1,329.2117
2025-08-19 02:00:00+02:00,355.2,358.7,352.0,358.4,1224.1858
2025-08-19 03:00:00+02:00,358.5,360.0,353.9,354.7,641.2982
2025-08-19 04:00:00+02:00,355.1,356.1,353.4,354.4,317.1635
2025-08-19 05:00:00+02:00,354.5,354.5,347.3,349.1,955.4578
2025-08-19 06:00:00+02:00,349.1,353.1,347.2,353.1,693.2786
2025-08-19 07:00:00+02:00,353.2,353.9,350.7,351.3,438.0574
2025-08-19 08:00:00+02:00,351.2,352.9,350.5,351.4,469.9332
2025-08-19 09:00:00+02:00,351.5,351.6,347.8,351.5,1168.1567
2025-08-19 10:00:00+02:00,351.6,353.5,348.8,353.4,1028.5747
2025-08-19 11:00:00+02:00,353.5,356.1,353.1,354.5,815.8709
2025-08-19 12:00:00+02:00,354.6,356.3,353.8,354.0,368.6989
2025-08-19 13:00:00+02:00,354.4,356.6,354.0,356.5,322.523
2025-08-19 14:00:00+02:00,356.5,357.5,354.5,355.8,914.4772
2025-08-19 15:00:00+02:00,355.9,357.1,351.0,354.3,861.7271
2025-08-19 16:00:00+02:00,354.3,355.3,345.4,347.2,2091.9784
2025-08-19 17:00:00+02:00,347.4,351.3,345.2,347.8,1236.3983
2025-08-19 18:00:00+02:00,347.8,348.9,345.3,345.9,1126.9964
2025-08-19 19:00:00+02:00,345.8,348.4,343.2,347.3,1115.9902
2025-08-19 20:00:00+02:00,347.1,349.3,342.4,343.7,1466.9076
2025-08-19 21:00:00+02:00,343.6,346.3,341.1,342.7,1979.431
2025-08-19 22:00:00+02:00,342.9,345.4,340.9,345.4,751.5586
2025-08-19 23:00:00+02:00,345.2,346.5,344.4,345.5,293.6156
2025-08-20 00:00:00+02:00,345.4,348.3,344.5,346.3,961.1214
2025-08-20 01:00:00+02:00,346.4,346.4,341.2,342.2,701.0158
2025-08-20 02:00:00+02:00,342.3,344.7,341.8,343.8,320.3974
2025-08-20 03:00:00+02:00,343.8,345.8,340.2,345.0,549.6559
2025-08-20 04:00:00+02:00,344.9,346.6,344.1,345.8,322.7569
2025-08-20 05:00:00+02:00,345.7,348.1,345.2,346.1,212.657
2025-08-20 06:00:00+02:00,346.2,349.5,346.1,348.6,336.6162
2025-08-20 07:00:00+02:00,348.6,350.1,347.6,350.1,309.2986
2025-08-20 08:00:00+02:00,350.0,350.3,347.6,349.1,454.4564
2025-08-20 09:00:00+02:00,349.1,350.2,347.5,347.9,315.1497
2025-08-20 10:00:00+02:00,348.0,351.6,347.5,351.6,925.5172
2025-08-20 11:00:00+02:00,351.3,351.3,348.6,349.0,431.5899
2025-08-20 12:00:00+02:00,349.0,349.3,347.0,348.0,1312.0327
2025-08-20 13:00:00+02:00,348.1,348.4,342.0,345.7,1104.8031
2025-08-20 14:00:00+02:00,345.7,348.2,344.2,345.6,1000.8382
2025-08-20 15:00:00+02:00,345.7,345.8,338.2,339.9,2379.1173
2025-08-20 16:00:00+02:00,340.2,346.4,337.3,343.8,1880.2601
2025-08-20 17:00:00+02:00,343.7,350.4,343.2,346.3,1592.4163
2025-08-20 18:00:00+02:00,346.6,352.7,346.6,348.3,842.1067
2025-08-20 19:00:00+02:00,348.2,351.9,346.4,350.3,1016.9702
2025-08-20 20:00:00+02:00,350.4,350.6,345.8,348.6,768.5111
2025-08-20 21:00:00+02:00,348.8,355.1,348.1,354.6,884.5096
2025-08-20 22:00:00+02:00,354.8,355.3,353.0,354.3,821.5436
2025-08-20 23:00:00+02:00,354.3,355.0,351.6,353.8,501.9791
2025-08-21 00:00:00+02:00,353.7,355.4,353.3,354.5,557.2397
2025-08-21 01:00:00+02:00,354.4,354.9,352.9,353.3,483.6034
2025-08-21 02:00:00+02:00,353.3,353.6,351.0,353.0,525.8116
2025-08-21 03:00:00+02:00,353.0,354.8,350.6,354.8,343.7601
2025-08-21 04:00:00+02:00,354.7,355.7,348.3,349.6,513.7859
2025-08-21 05:00:00+02:00,349.5,354.1,346.3,346.3,409.1007
2025-08-21 06:00:00+02:00,346.3,349.6,346.0,347.3,1074.8194
2025-08-21 07:00:00+02:00,347.4,349.2,346.1,349.1,522.042
2025-08-21 08:00:00+02:00,349.0,349.0,345.9,346.4,354.3819
2025-08-21 09:00:00+02:00,346.3,347.1,343.6,346.6,716.8446
2025-08-21 10:00:00+02:00,346.5,346.9,343.5,343.7,545.0618
2025-08-21 11:00:00+02:00,343.6,344.0,341.8,341.8,870.107
2025-08-21 12:00:00+02:00,341.8,342.6,340.8,341.8,1399.7436
2025-08-21 13:00:00+02:00,342.0,343.1,340.6,341.7,500.4081
2025-08-21 14:00:00+02:00,341.6,342.2,338.3,339.9,526.1417
2025-08-21 15:00:00+02:00,339.7,343.9,339.1,341.1,1200.5372
2025-08-21 16:00:00+02:00,341.2,345.2,338.4,339.9,940.7641
2025-08-21 17:00:00+02:00,339.9,340.7,336.9,337.1,1101.014
2025-08-21 18:00:00+02:00,337.2,338.9,335.7,335.8,1316.5627
2025-08-21 19:00:00+02:00,336.0,338.3,334.8,337.3,775.1318
2025-08-21 20:00:00+02:00,337.3,340.4,336.9,339.7,581.0733
2025-08-21 21:00:00+02:00,339.6,340.3,336.4,337.3,403.9631
2025-08-21 22:00:00+02:00,337.3,341.1,336.9,339.4,576.8732
2025-08-21 23:00:00+02:00,339.4,340.7,337.7,339.5,743.7285
2025-08-22 00:00:00+02:00,339.2,339.8,338.1,338.7,137.4246
2025-08-22 01:00:00+02:00,338.5,338.5,335.5,336.6,459.5747
2025-08-22 02:00:00+02:00,336.6,340.3,336.5,338.3,307.3686
2025-08-22 03:00:00+02:00,338.4,340.4,337.2,339.7,199.4763
2025-08-22 04:00:00+02:00,339.6,344.1,339.2,340.7,403.8178
2025-08-22 05:00:00+02:00,340.7,341.7,337.6,338.8,108.8059
2025-08-22 06:00:00+02:00,338.8,340.3,337.8,338.8,740.3447
2025-08-22 07:00:00+02:00,338.7,341.3,337.5,340.2,399.7305
2025-08-22 08:00:00+02:00,340.1,342.3,339.0,340.3,640.1987
2025-08-22 09:00:00+02:00,340.2,343.0,340.0,342.0,642.3374
2025-08-22 10:00:00+02:00,341.9,343.0,340.5,340.8,283.4394
2025-08-22 11:00:00+02:00,340.8,342.5,339.8,341.7,658.7707
2025-08-22 12:00:00+02:00,341.4,341.5,336.3,337.6,972.0836
2025-08-22 13:00:00+02:00,337.6,338.0,333.7,333.9,858.7984
2025-08-22 14:00:00+02:00,334.2,335.0,329.3,333.9,1582.6923
2025-08-22 15:00:00+02:00,334.0,338.1,332.4,335.5,1983.1855
2025-08-22 16:00:00+02:00,335.5,357.5,335.5,355.9,9025.8439
2025-08-22 17:00:00+02:00,356.4,361.0,355.0,355.7,3577.6848
2025-08-22 18:00:00+02:00,355.8,363.4,355.7,360.8,2943.6755
2025-08-22 19:00:00+02:00,360.9,367.2,360.9,364.8,1875.2484
2025-08-22 20:00:00+02:00,364.8,368.0,364.1,367.0,1644.1532
2025-08-22 21:00:00+02:00,367.1,371.9,366.7,369.9,1570.1013
2025-08-22 22:00:00+02:00,369.9,372.7,369.0,372.3,1148.3713
2025-08-22 23:00:00+02:00,372.3,373.7,370.6,372.1,1096.4481
2025-08-23 00:00:00+02:00,372.3,373.7,369.1,369.7,800.9028
2025-08-23 01:00:00+02:00,369.7,371.7,369.3,371.2,353.2852
2025-08-23 02:00:00+02:00,371.0,371.4,367.1,367.5,439.8166
2025-08-23 03:00:00+02:00,367.5,367.8,361.3,364.0,497.5339
2025-08-23 04:00:00+02:00,364.1,364.7,356.0,359.3,1483.2359
2025-08-23 05:00:00+02:00,359.4,359.5,356.3,357.4,638.0164
2025-08-23 06:00:00+02:00,357.1,363.4,357.0,363.3,911.0654
2025-08-23 07:00:00+02:00,363.1,369.0,362.7,368.0,786.9015
2025-08-23 08:00:00+02:00,367.9,368.5,364.7,365.4,757.7264
2025-08-23 09:00:00+02:00,365.3,365.5,360.4,361.2,764.7326
2025-08-23 10:00:00+02:00,361.3,362.5,358.7,361.0,801.2044
2025-08-23 11:00:00+02:00,360.9,362.2,359.1,362.0,629.0627
2025-08-23 12:00:00+02:00,362.0,362.3,359.2,359.6,428.9495
2025-08-23 13:00:00+02:00,359.6,361.4,359.2,361.0,535.0653
2025-08-23 14:00:00+02:00,360.9,363.6,359.8,363.1,705.6104
2025-08-23 15:00:00+02:00,362.9,363.2,360.6,361.4,544.3449
2025-08-23 16:00:00+02:00,361.4,363.2,359.9,360.6,544.8775
2025-08-23 17:00:00+02:00,360.5,361.7,359.7,361.1,455.1187
2025-08-23 18:00:00+02:00,361.3,361.6,359.9,361.5,370.1779
2025-08-23 19:00:00+02:00,361.5,362.6,360.7,361.8,638.5525
2025-08-23 20:00:00+02:00,361.8,363.1,361.5,362.9,165.3167
2025-08-23 21:00:00+02:00,362.9,363.7,362.3,363.7,366.457
2025-08-23 22:00:00+02:00,363.5,363.6,361.8,363.3,222.5359
2025-08-23 23:00:00+02:00,363.1,363.4,361.5,362.6,176.184
2025-08-24 00:00:00+02:00,362.6,364.8,362.5,364.6,138.8159
2025-08-24 01:00:00+02:00,364.5,365.5,363.9,364.5,280.4026
2025-08-24 02:00:00+02:00,364.5,366.0,364.2,364.5,335.4424
2025-08-24 03:00:00+02:00,364.4,364.4,361.8,362.8,431.0138
2025-08-24 04:00:00+02:00,362.9,364.5,362.0,362.5,211.5712
2025-08-24 05:00:00+02:00,362.6,363.0,360.0,362.5,130.2551
2025-08-24 06:00:00+02:00,362.3,363.0,361.1,362.5,62.6057
2025-08-24 07:00:00+02:00,362.5,362.5,359.4,359.6,120.0019
2025-08-24 08:00:00+02:00,359.7,359.8,355.4,355.9,1084.455
2025-08-24 09:00:00+02:00,355.9,358.4,355.8,355.8,934.3026
2025-08-24 10:00:00+02:00,355.8,357.2,354.3,355.6,717.5384
2025-08-24 11:00:00+02:00,355.4,356.3,354.2,354.3,514.2307
2025-08-24 12:00:00+02:00,354.2,354.7,349.7,351.1,1689.8237
2025-08-24 13:00:00+02:00,350.7,352.7,350.1,351.9,651.1532
2025-08-24 14:00:00+02:00,351.9,354.0,351.3,354.0,644.2878
2025-08-24 15:00:00+02:00,353.9,354.9,353.0,353.1,403.2737
2025-08-24 16:00:00+02:00,353.2,355.1,352.1,354.8,386.2491
2025-08-24 17:00:00+02:00,354.6,358.1,354.2,356.1,990.0557
2025-08-24 18:00:00+02:00,356.0,357.2,353.9,356.6,602.7996
2025-08-24 19:00:00+02:00,356.2,362.8,356.1,362.1,1047.8091
2025-08-24 20:00:00+02:00,362.0,375.5,361.2,375.3,3176.3037
2025-08-24 21:00:00+02:00,375.3,378.9,355.8,364.3,5528.3746
2025-08-24 22:00:00+02:00,364.4,364.9,356.0,363.0,2563.5682
2025-08-24 23:00:00+02:00,363.0,366.1,360.4,362.1,2186.6977
2025-08-25 00:00:00+02:00,362.3,362.5,356.1,361.4,1000.0264
2025-08-25 01:00:00+02:00,361.4,363.5,361.0,361.0,535.3309
2025-08-25 02:00:00+02:00,361.2,362.0,351.3,354.5,1752.9701
2025-08-25 03:00:00+02:00,354.5,359.9,354.3,357.3,311.0269
2025-08-25 04:00:00+02:00,357.2,363.3,357.2,361.3,478.4865
2025-08-25 05:00:00+02:00,360.7,362.2,356.5,357.1,260.1623
2025-08-25 06:00:00+02:00,357.0,357.5,353.5,353.8,370.8845
2025-08-25 07:00:00+02:00,353.9,354.9,350.5,350.8,525.5903
2025-08-25 08:00:00+02:00,350.7,352.5,346.8,346.9,1048.9564
2025-08-25 09:00:00+02:00,347.0,348.7,340.9,342.5,1402.5996
2025-08-25 10:00:00+02:00,343.1,345.0,339.5,343.0,949.1045
2025-08-25 11:00:00+02:00,343.0,343.6,341.1,343.5,489.4691
2025-08-25 12:00:00+02:00,343.4,343.4,337.3,339.2,979.7883
2025-08-25 13:00:00+02:00,339.1,341.9,338.7,341.9,621.5474
2025-08-25 14:00:00+02:00,341.9,342.8,340.1,342.8,467.1435
2025-08-25 15:00:00+02:00,342.7,342.7,337.6,339.9,1539.9515
2025-08-25 16:00:00+02:00,340.2,344.4,338.9,343.3,1304.8601
2025-08-25 17:00:00+02:00,343.4,344.0,339.5,340.0,602.6769
2025-08-25 18:00:00+02:00,340.1,343.3,338.0,340.2,894.4227
2025-08-25 19:00:00+02:00,340.2,340.6,337.4,337.6,714.2308
2025-08-25 20:00:00+02:00,337.7,337.7,332.4,334.0,1872.7682
2025-08-25 21:00:00+02:00,334.1,335.2,326.7,326.9,2885.1678
2025-08-25 22:00:00+02:00,327.0,328.1,317.2,317.2,6943.266
2025-08-25 23:00:00+02:00,317.1,321.3,316.6,317.0,2754.7156
2025-08-26 00:00:00+02:00,317.2,323.5,317.0,322.1,1210.6622
2025-08-26 01:00:00+02:00,322.2,322.2,319.8,320.7,520.3909
2025-08-26 02:00:00+02:00,320.7,322.6,318.3,321.1,1183.3852
2025-08-26 03:00:00+02:00,320.9,325.7,319.9,325.7,505.7629
2025-08-26 04:00:00+02:00,325.6,327.1,321.5,322.4,340.3737
2025-08-26 05:00:00+02:00,322.5,323.4,321.0,322.2,429.9758
2025-08-26 06:00:00+02:00,322.3,325.1,322.2,323.5,456.6528
2025-08-26 07:00:00+02:00,323.4,324.6,320.8,320.9,671.7726
2025-08-26 08:00:00+02:00,320.8,351.0,320.2,326.4,5432.2066
2025-08-26 09:00:00+02:00,326.3,329.7,323.7,327.2,1300.2198
2025-08-26 10:00:00+02:00,327.2,327.5,323.9,324.7,669.3577
2025-08-26 11:00:00+02:00,324.7,327.0,324.1,326.1,618.0849
2025-08-26 12:00:00+02:00,326.1,329.0,325.0,327.3,778.1954
2025-08-26 13:00:00+02:00,327.3,328.5,323.2,324.1,844.286
2025-08-26 14:00:00+02:00,324.3,331.2,322.4,328.5,2084.2394
2025-08-26 15:00:00+02:00,328.2,328.9,321.7,326.1,1873.7785
2025-08-26 16:00:00+02:00,326.3,331.7,324.1,331.5,1489.4894
2025-08-26 17:00:00+02:00,331.1,332.4,325.9,327.5,1153.4117
2025-08-26 18:00:00+02:00,327.6,331.2,325.5,331.1,802.7676
2025-08-26 19:00:00+02:00,331.0,331.3,327.3,328.9,611.2029
2025-08-26 20:00:00+02:00,329.0,333.4,328.9,332.4,792.9015
2025-08-26 21:00:00+02:00,332.2,337.9,330.8,337.6,919.5897
2025-08-26 22:00:00+02:00,337.5,338.7,334.9,335.6,609.1322
2025-08-26 23:00:00+02:00,335.6,337.4,332.4,337.4,1760.2496
2025-08-27 00:00:00+02:00,337.4,337.8,334.9,336.3,595.3782
2025-08-27 01:00:00+02:00,336.4,338.7,333.3,334.7,2326.0056
2025-08-27 02:00:00+02:00,334.9,335.4,333.0,334.0,991.5021
2025-08-27 03:00:00+02:00,334.0,334.0,331.4,333.5,1769.2511
2025-08-27 04:00:00+02:00,333.6,336.1,332.0,334.8,354.8438
2025-08-27 05:00:00+02:00,334.8,339.1,333.1,337.1,625.788
2025-08-27 06:00:00+02:00,336.9,340.6,336.5,340.2,432.6831
2025-08-27 07:00:00+02:00,340.1,340.7,337.4,337.8,498.9565
2025-08-27 08:00:00+02:00,337.8,338.0,335.5,335.8,1076.484
2025-08-27 09:00:00+02:00,335.8,336.6,334.4,335.4,538.9608
2025-08-27 10:00:00+02:00,335.6,337.7,334.5,337.7,569.1925
2025-08-27 11:00:00+02:00,337.6,339.5,336.5,336.8,988.9729
2025-08-27 12:00:00+02:00,336.7,337.4,334.5,335.6,467.9889
2025-08-27 13:00:00+02:00,335.6,336.7,334.6,336.4,745.8451
2025-08-27 14:00:00+02:00,336.3,336.9,332.4,334.4,775.7946
2025-08-27 15:00:00+02:00,334.3,336.2,331.9,333.5,1129.5997
2025-08-27 16:00:00+02:00,333.6,339.3,332.8,336.6,1272.0661
2025-08-27 17:00:00+02:00,336.7,339.3,335.4,336.8,1108.9418
2025-08-27 18:00:00+02:00,336.8,337.2,333.9,336.2,970.9543
2025-08-27 19:00:00+02:00,336.2,339.6,335.2,339.4,710.5129
2025-08-27 20:00:00+02:00,339.4,341.9,336.4,336.5,1034.5448
2025-08-27 21:00:00+02:00,336.5,337.2,332.2,335.0,1181.67
2025-08-27 22:00:00+02:00,334.8,338.2,329.5,337.9,3824.3628
2025-08-27 23:00:00+02:00,337.8,338.2,331.3,332.2,990.0709
2025-08-28 00:00:00+02:00,332.4,333.8,328.7,332.5,676.734
2025-08-28 01:00:00+02:00,332.4,333.3,330.0,330.4,380.5804
2025-08-28 02:00:00+02:00,330.8,332.4,327.8,330.7,465.2535
2025-08-28 03:00:00+02:00,330.7,333.9,330.6,331.9,491.603
2025-08-28 04:00:00+02:00,331.9,332.8,330.2,330.9,467.4806
2025-08-28 05:00:00+02:00,330.9,333.8,330.4,333.6,675.5507
2025-08-28 06:00:00+02:00,333.5,336.9,332.5,336.7,611.0464
2025-08-28 07:00:00+02:00,336.6,338.2,333.9,335.0,585.6369
2025-08-28 08:00:00+02:00,335.0,335.7,333.7,335.6,378.3176
2025-08-28 09:00:00+02:00,335.4,336.6,333.8,335.8,690.6399
2025-08-28 10:00:00+02:00,336.1,338.7,335.4,335.9,1188.1001
2025-08-28 11:00:00+02:00,336.0,336.0,333.2,333.7,536.6761
2025-08-28 12:00:00+02:00,333.7,335.6,332.6,335.4,404.64
2025-08-28 13:00:00+02:00,335.4,335.9,333.9,335.6,325.8895
2025-08-28 14:00:00+02:00,335.6,337.7,331.9,335.4,1414.1587
2025-08-28 15:00:00+02:00,335.6,337.5,334.0,336.0,1738.0276
2025-08-28 16:00:00+02:00,336.1,337.9,334.1,336.9,1056.4701
2025-08-28 17:00:00+02:00,336.9,337.7,332.7,333.4,1013.0508
2025-08-28 18:00:00+02:00,333.7,335.0,328.5,328.5,1103.7562
2025-08-28 19:00:00+02:00,328.4,331.8,328.2,331.0,382.5531
2025-08-28 20:00:00+02:00,331.0,331.1,328.9,329.9,893.7877
2025-08-28 21:00:00+02:00,329.9,330.8,325.0,325.2,1112.5281
2025-08-28 22:00:00+02:00,325.2,328.5,324.7,327.8,658.5954
2025-08-28 23:00:00+02:00,327.8,332.0,327.7,331.8,369.6545
2025-08-29 00:00:00+02:00,331.8,336.2,331.7,336.1,569.3802
2025-08-29 01:00:00+02:00,335.9,337.0,334.7,335.9,294.9619
2025-08-29 02:00:00+02:00,335.8,337.9,332.6,333.5,730.5018
2025-08-29 03:00:00+02:00,333.6,333.8,330.6,331.2,459.0119
2025-08-29 04:00:00+02:00,331.0,334.1,330.4,332.2,156.4759
2025-08-29 05:00:00+02:00,332.1,334.3,331.1,334.0,306.1983
2025-08-29 06:00:00+02:00,333.7,334.8,331.9,332.5,378.6966
2025-08-29 07:00:00+02:00,332.4,332.6,330.7,331.1,293.453
2025-08-29 08:00:00+02:00,331.1,331.6,327.6,328.4,729.5047
2025-08-29 09:00:00+02:00,328.4,328.6,320.8,322.2,2612.1586
2025-08-29 10:00:00+02:00,322.1,323.5,316.4,318.5,2763.8136
2025-08-29 11:00:00+02:00,318.4,320.3,315.8,320.0,1259.9081
2025-08-29 12:00:00+02:00,319.8,321.6,319.4,320.4,374.872
2025-08-29 13:00:00+02:00,320.4,322.3,319.8,320.8,517.6656
2025-08-29 14:00:00+02:00,320.8,329.1,320.1,323.9,1682.5218
2025-08-29 15:00:00+02:00,323.7,324.2,317.8,319.4,1641.1468
2025-08-29 16:00:00+02:00,319.8,321.7,315.2,318.1,1783.7931
2025-08-29 17:00:00+02:00,318.2,320.6,316.5,317.4,1322.1618
2025-08-29 18:00:00+02:00,317.4,319.6,315.5,318.6,978.423
2025-08-29 19:00:00+02:00,318.5,318.7,315.6,316.1,855.917
2025-08-29 20:00:00+02:00,316.0,316.9,314.3,315.8,1103.0902
2025-08-29 21:00:00+02:00,315.8,319.3,315.0,317.2,651.4265
2025-08-29 22:00:00+02:00,317.5,317.9,315.7,316.8,852.48
2025-08-29 23:00:00+02:00,316.9,320.2,315.5,319.7,451.3564
2025-08-30 00:00:00+02:00,319.8,320.2,317.6,320.2,363.1306
2025-08-30 01:00:00+02:00,320.2,320.9,319.4,319.5,240.4899
2025-08-30 02:00:00+02:00,319.6,319.6,318.1,319.3,226.6323
2025-08-30 03:00:00+02:00,319.3,319.9,314.7,315.0,859.8056
2025-08-30 04:00:00+02:00,315.0,319.7,314.7,319.5,496.5237
2025-08-30 05:00:00+02:00,319.4,323.7,319.3,323.1,632.7979
2025-08-30 06:00:00+02:00,323.0,323.6,321.8,322.2,131.4323
2025-08-30 07:00:00+02:00,322.2,324.8,321.9,323.4,372.8108
2025-08-30 08:00:00+02:00,323.4,324.7,323.1,323.3,235.8347
2025-08-30 09:00:00+02:00,323.3,324.2,322.7,324.2,466.0971
2025-08-30 10:00:00+02:00,324.1,324.8,323.6,323.6,269.0848
2025-08-30 11:00:00+02:00,323.6,324.1,322.6,323.5,243.1573
2025-08-30 12:00:00+02:00,323.4,324.5,323.1,324.4,222.5859
2025-08-30 13:00:00+02:00,324.4,325.0,323.5,324.6,288.97
2025-08-30 14:00:00+02:00,324.6,325.1,322.5,323.1,667.6028
2025-08-30 15:00:00+02:00,323.1,323.1,319.6,322.2,1126.4605
2025-08-30 16:00:00+02:00,322.2,322.4,320.1,322.1,728.7983
2025-08-30 17:00:00+02:00,322.0,324.0,321.6,323.7,390.888
2025-08-30 18:00:00+02:00,323.7,323.9,321.5,321.6,229.9971
2025-08-30 19:00:00+02:00,321.7,322.6,320.7,321.4,137.6235
2025-08-30 20:00:00+02:00,321.4,322.3,320.2,321.0,166.6428
2025-08-30 21:00:00+02:00,320.9,322.3,320.3,321.8,276.1508
2025-08-30 22:00:00+02:00,321.8,321.8,320.3,321.0,73.9433
2025-08-30 23:00:00+02:00,321.1,322.1,320.7,322.0,278.9679
2025-08-31 00:00:00+02:00,321.8,322.7,321.0,322.5,217.1256
2025-08-31 01:00:00+02:00,322.4,323.6,322.4,323.0,280.7207
2025-08-31 02:00:00+02:00,322.9,326.1,322.4,325.7,599.1594
2025-08-31 03:00:00+02:00,325.8,327.0,324.5,326.8,603.5005
2025-08-31 04:00:00+02:00,326.9,327.4,326.1,327.3,94.9447
2025-08-31 05:00:00+02:00,327.4,327.5,326.3,327.1,178.1162
2025-08-31 06:00:00+02:00,327.1,327.1,324.6,325.1,206.7536
2025-08-31 07:00:00+02:00,325.2,325.2,324.1,324.6,57.3947
2025-08-31 08:00:00+02:00,324.6,324.9,323.7,323.9,127.8723
2025-08-31 09:00:00+02:00,323.7,325.0,323.7,324.6,90.7004
2025-08-31 10:00:00+02:00,324.9,327.8,324.9,327.8,278.8358
2025-08-31 11:00:00+02:00,327.7,329.3,326.9,326.9,477.5062
2025-08-31 12:00:00+02:00,327.0,328.3,321.3,322.8,1901.2658
2025-08-31 13:00:00+02:00,322.8,324.5,322.2,324.4,246.6972
2025-08-31 14:00:00+02:00,324.3,324.6,322.5,323.8,370.751
2025-08-31 15:00:00+02:00,323.7,324.2,321.7,322.9,580.3085
2025-08-31 16:00:00+02:00,322.9,323.1,320.9,321.9,264.1492
2025-08-31 17:00:00+02:00,321.8,324.0,321.6,323.7,445.2417
2025-08-31 18:00:00+02:00,323.7,323.8,322.5,323.1,308.0905
2025-08-31 19:00:00+02:00,323.1,323.5,322.2,322.3,459.5369
2025-08-31 20:00:00+02:00,322.2,324.9,322.1,324.7,314.8127
2025-08-31 21:00:00+02:00,324.8,325.1,322.3,322.4,318.929
2025-08-31 22:00:00+02:00,322.4,323.5,321.8,322.8,193.6819
2025-08-31 23:00:00+02:00,322.7,323.5,322.0,322.8,247.6178
2025-09-01 00:00:00+02:00,322.9,323.0,318.7,319.4,763.4616
2025-09-01 01:00:00+02:00,319.4,319.4,315.6,315.6,506.8348
2025-09-01 02:00:00+02:00,315.5,315.7,311.5,313.8,697.747
2025-09-01 03:00:00+02:00,313.7,316.7,312.9,315.1,194.1198
2025-09-01 04:00:00+02:00,315.0,315.6,310.1,311.6,641.4748
2025-09-01 05:00:00+02:00,311.5,312.8,310.4,311.4,1806.6899
2025-09-01 06:00:00+02:00,311.2,311.9,307.8,309.0,929.7447
2025-09-01 07:00:00+02:00,309.0,311.7,308.0,310.5,1127.0734
2025-09-01 08:00:00+02:00,310.5,311.3,308.8,310.6,382.5469
2025-09-01 09:00:00+02:00,310.5,318.4,309.4,318.2,1097.0775
2025-09-01 10:00:00+02:00,318.3,320.2,316.7,318.6,1208.8172
2025-09-01 11:00:00+02:00,318.7,319.9,317.0,317.4,1241.3947
2025-09-01 12:00:00+02:00,317.3,317.4,311.2,313.0,869.3573
2025-09-01 13:00:00+02:00,313.0,315.7,310.8,311.9,1082.1592
2025-09-01 14:00:00+02:00,311.9,313.4,311.1,312.1,574.6626
2025-09-01 15:00:00+02:00,312.1,314.5,310.7,311.5,1147.64
2025-09-01 16:00:00+02:00,311.4,313.0,309.8,311.6,721.7602
2025-09-01 17:00:00+02:00,311.4,312.4,309.5,310.3,884.1418
2025-09-01 18:00:00+02:00,310.3,311.1,308.7,309.5,482.0969
2025-09-01 19:00:00+02:00,309.5,310.2,307.5,309.0,830.6725
2025-09-01 20:00:00+02:00,309.0,311.1,308.9,310.5,725.8908
2025-09-01 21:00:00+02:00,310.5,312.5,310.0,312.1,670.5649
2025-09-01 22:00:00+02:00,312.2,312.4,304.2,308.5,2330.7017
2025-09-01 23:00:00+02:00,308.4,308.7,301.9,305.8,1330.4586
2025-09-02 00:00:00+02:00,305.8,307.9,304.3,306.7,539.3513
2025-09-02 01:00:00+02:00,306.6,310.6,306.6,310.1,288.9561
2025-09-02 02:00:00+02:00,310.3,311.3,309.7,311.0,222.9359
2025-09-02 03:00:00+02:00,311.1,313.1,310.1,312.0,477.0668
2025-09-02 04:00:00+02:00,311.9,315.2,311.2,315.1,385.4379
2025-09-02 05:00:00+02:00,315.1,316.9,314.2,316.6,642.0891
2025-09-02 06:00:00+02:00,316.5,317.4,315.5,316.8,274.1835
2025-09-02 07:00:00+02:00,316.8,316.9,315.5,316.0,391.8392
2025-09-02 08:00:00+02:00,315.9,317.7,315.8,317.3,484.6243
2025-09-02 09:00:00+02:00,317.2,317.2,314.8,315.4,310.1524
2025-09-02 10:00:00+02:00,315.3,318.5,314.7,317.5,566.7916
2025-09-02 11:00:00+02:00,317.2,317.7,315.9,316.5,362.9314
2025-09-02 12:00:00+02:00,316.5,316.6,314.2,315.6,505.0925
2025-09-02 13:00:00+02:00,315.6,315.6,313.8,314.3,774.2632
2025-09-02 14:00:00+02:00,314.3,314.9,309.5,309.6,1332.9381
2025-09-02 15:00:00+02:00,309.5,318.5,309.5,318.2,2078.9291
2025-09-02 16:00:00+02:00,318.2,319.5,315.4,317.0,2437.8397
2025-09-02 17:00:00+02:00,317.0,317.3,312.8,313.4,1711.2363
2025-09-02 18:00:00+02:00,313.6,315.2,312.8,315.1,772.9428
2025-09-02 19:00:00+02:00,315.3,317.1,314.9,316.1,728.8857
2025-09-02 20:00:00+02:00,316.3,316.5,312.9,315.7,2229.7852
2025-09-02 21:00:00+02:00,315.8,317.0,313.4,314.5,794.9014
2025-09-02 22:00:00+02:00,314.6,318.4,314.1,317.9,622.9242
2025-09-02 23:00:00+02:00,318.0,324.0,317.6,323.9,1603.1592
2025-09-03 00:00:00+02:00,323.9,323.9,321.2,323.1,686.8943
2025-09-03 01:00:00+02:00,323.1,323.2,321.0,321.2,274.6237
2025-09-03 02:00:00+02:00,321.2,322.9,320.6,320.8,357.4448
2025-09-03 03:00:00+02:00,320.7,322.3,318.5,322.2,577.6105
2025-09-03 04:00:00+02:00,322.3,323.5,321.6,322.6,380.0927
2025-09-03 05:00:00+02:00,322.6,324.9,322.3,323.8,425.7667
2025-09-03 06:00:00+02:00,323.7,324.2,321.6,322.4,688.2036
2025-09-03 07:00:00+02:00,322.5,322.5,320.4,320.9,385.5086
2025-09-03 08:00:00+02:00,321.0,322.3,319.7,321.1,533.9426
2025-09-03 09:00:00+02:00,321.2,322.0,320.6,321.5,190.2433
2025-09-03 10:00:00+02:00,321.4,323.5,320.8,321.4,342.5505
2025-09-03 11:00:00+02:00,321.5,322.9,320.1,322.9,515.6092
2025-09-03 12:00:00+02:00,322.9,323.2,321.2,322.9,584.1882
2025-09-03 13:00:00+02:00,322.8,324.9,322.5,323.4,470.9297
2025-09-03 14:00:00+02:00,323.4,324.8,321.3,321.7,451.2994
2025-09-03 15:00:00+02:00,321.7,325.4,321.4,322.9,1023.7889
2025-09-03 16:00:00+02:00,323.1,326.0,322.4,324.8,971.7833
2025-09-03 17:00:00+02:00,324.8,326.3,323.4,326.3,691.6167
2025-09-03 18:00:00+02:00,326.1,327.0,325.2,326.2,885.002
2025-09-03 19:00:00+02:00,326.2,328.3,326.2,328.0,843.1157
2025-09-03 20:00:00+02:00,328.0,329.0,324.7,325.9,1276.7144
2025-09-03 21:00:00+02:00,325.7,327.2,325.1,327.1,724.4832
2025-09-03 22:00:00+02:00,326.9,327.9,325.4,325.5,934.3619
2025-09-03 23:00:00+02:00,325.5,326.6,325.0,326.3,480.8234
2025-09-04 00:00:00+02:00,326.4,327.6,325.3,325.5,191.483
2025-09-04 01:00:00+02:00,325.6,326.0,323.6,324.7,645.3638
2025-09-04 02:00:00+02:00,324.8,326.5,324.3,326.2,354.9226
2025-09-04 03:00:00+02:00,326.1,326.1,324.6,325.5,89.7426
2025-09-04 04:00:00+02:00,325.5,325.6,322.3,323.0,498.9141
2025-09-04 05:00:00+02:00,322.9,323.2,320.5,320.7,509.8302
2025-09-04 06:00:00+02:00,320.6,322.2,319.8,320.6,487.7209
2025-09-04 07:00:00+02:00,320.6,320.6,317.0,318.2,2389.2112
2025-09-04 08:00:00+02:00,318.1,318.4,316.6,317.5,681.5232
2025-09-04 09:00:00+02:00,317.4,319.4,317.4,319.2,478.6946
2025-09-04 10:00:00+02:00,319.1,321.2,319.0,319.3,502.3423
2025-09-04 11:00:00+02:00,319.2,320.3,318.7,319.4,294.9591
2025-09-04 12:00:00+02:00,319.4,321.4,318.9,319.9,398.1504
2025-09-04 13:00:00+02:00,319.7,321.5,318.8,319.0,484.218
2025-09-04 14:00:00+02:00,319.1,320.3,316.9,319.1,601.0144
2025-09-04 15:00:00+02:00,319.0,319.4,315.7,317.6,691.1772
2025-09-04 16:00:00+02:00,317.4,318.2,314.8,316.6,953.4565
2025-09-04 17:00:00+02:00,316.5,316.9,312.8,313.5,1740.9071
2025-09-04 18:00:00+02:00,313.5,314.4,311.9,313.2,451.4603
2025-09-04 19:00:00+02:00,313.2,314.9,312.9,313.1,315.7345
2025-09-04 20:00:00+02:00,313.0,314.2,310.9,312.3,451.8184
2025-09-04 21:00:00+02:00,312.1,313.4,311.5,311.9,418.9651
2025-09-04 22:00:00+02:00,311.9,314.8,311.4,313.9,1824.9245
2025-09-04 23:00:00+02:00,313.7,315.7,313.4,315.7,941.3646
2025-09-05 00:00:00+02:00,315.4,317.9,315.3,317.6,341.3087
2025-09-05 01:00:00+02:00,317.6,318.4,314.5,314.6,469.5288
2025-09-05 02:00:00+02:00,314.5,316.4,314.4,314.8,217.1047
2025-09-05 03:00:00+02:00,314.8,316.6,314.6,316.5,92.9951
2025-09-05 04:00:00+02:00,316.6,317.5,315.6,317.0,208.2937
2025-09-05 05:00:00+02:00,316.9,316.9,315.5,316.7,186.2341
2025-09-05 06:00:00+02:00,316.7,316.8,315.3,316.1,85.7209
2025-09-05 07:00:00+02:00,316.0,316.9,315.7,316.8,234.9667
2025-09-05 08:00:00+02:00,316.6,317.7,316.3,317.6,258.5169
2025-09-05 09:00:00+02:00,317.7,322.0,317.6,321.6,1850.2398
2025-09-05 10:00:00+02:00,321.9,321.9,319.4,321.1,697.6307
2025-09-05 11:00:00+02:00,321.0,321.2,318.8,321.2,405.0618
2025-09-05 12:00:00+02:00,321.1,322.3,321.0,321.1,592.8255
2025-09-05 13:00:00+02:00,321.0,322.0,320.7,321.8,449.5049
2025-09-05 14:00:00+02:00,321.9,326.7,320.8,326.5,2979.8291
2025-09-05 15:00:00+02:00,326.7,327.4,324.2,324.7,1657.4542
2025-09-05 16:00:00+02:00,324.7,324.8,314.6,316.9,2951.4
2025-09-05 17:00:00+02:00,316.8,319.8,316.1,318.1,823.4742
2025-09-05 18:00:00+02:00,318.2,319.1,317.0,318.9,410.8361
2025-09-05 19:00:00+02:00,318.7,318.8,317.0,318.4,316.1961
2025-09-05 20:00:00+02:00,318.5,320.6,317.4,319.9,511.6575
2025-09-05 21:00:00+02:00,319.9,321.3,319.5,320.6,1137.2743
2025-09-05 22:00:00+02:00,320.5,321.6,319.5,321.4,848.8713
2025-09-05 23:00:00+02:00,321.3,321.5,317.5,318.3,674.9221
2025-09-06 00:00:00+02:00,318.3,320.1,318.1,319.6,107.1583
2025-09-06 01:00:00+02:00,319.6,319.9,318.2,318.2,96.1268
2025-09-06 02:00:00+02:00,318.2,320.6,318.1,320.1,147.2086
2025-09-06 03:00:00+02:00,320.1,320.8,319.7,320.0,62.5319
2025-09-06 04:00:00+02:00,320.0,320.9,319.1,320.8,79.4102
2025-09-06 05:00:00+02:00,320.7,320.8,320.1,320.2,62.8613
2025-09-06 06:00:00+02:00,320.2,320.2,318.2,318.6,159.4623
2025-09-06 07:00:00+02:00,318.5,318.5,316.7,317.2,271.76
2025-09-06 08:00:00+02:00,317.2,317.6,316.7,316.8,119.8972
2025-09-06 09:00:00+02:00,316.8,317.3,316.4,317.0,132.8258
2025-09-06 10:00:00+02:00,317.1,317.4,316.3,316.7,176.4642
2025-09-06 11:00:00+02:00,316.6,316.6,314.8,315.5,659.2398
2025-09-06 12:00:00+02:00,315.4,317.2,314.7,317.2,320.9817
2025-09-06 13:00:00+02:00,317.1,317.1,315.7,316.4,176.6271
2025-09-06 14:00:00+02:00,316.4,317.1,315.8,315.8,140.0604
2025-09-06 15:00:00+02:00,315.7,316.4,315.4,316.3,273.9315
2025-09-06 16:00:00+02:00,316.3,317.7,316.1,316.8,238.3654
2025-09-06 17:00:00+02:00,316.8,316.9,314.7,315.1,280.318
2025-09-06 18:00:00+02:00,314.9,317.2,314.5,316.3,451.8442
2025-09-06 19:00:00+02:00,316.4,316.8,314.8,315.3,250.8058
2025-09-06 20:00:00+02:00,315.1,316.7,315.1,316.4,106.7628
2025-09-06 21:00:00+02:00,316.2,316.4,314.2,314.5,349.9679
2025-09-06 22:00:00+02:00,314.5,317.3,314.5,317.3,404.2545
2025-09-06 23:00:00+02:00,317.2,317.4,316.3,317.4,182.2088
2025-09-07 00:00:00+02:00,317.4,317.9,317.2,317.8,839.9933
2025-09-07 01:00:00+02:00,317.9,318.8,316.9,317.0,395.9367
2025-09-07 02:00:00+02:00,317.1,319.8,317.0,319.2,779.4255
2025-09-07 03:00:00+02:00,319.1,320.7,319.0,320.3,160.2555
2025-09-07 04:00:00+02:00,320.3,321.2,319.8,321.0,160.6986
2025-09-07 05:00:00+02:00,321.0,321.2,320.4,320.8,121.3687
2025-09-07 06:00:00+02:00,320.8,322.1,320.8,322.1,263.6349
2025-09-07 07:00:00+02:00,322.1,323.8,321.8,323.5,557.887
2025-09-07 08:00:00+02:00,323.4,323.6,321.6,321.9,715.7116
2025-09-07 09:00:00+02:00,321.9,322.9,321.0,321.4,406.725
2025-09-07 10:00:00+02:00,321.3,324.1,321.3,323.7,471.553
2025-09-07 11:00:00+02:00,323.5,324.3,322.3,323.1,352.6739
2025-09-07 12:00:00+02:00,323.0,324.1,322.8,324.1,128.5066
2025-09-07 13:00:00+02:00,324.2,325.0,324.1,324.9,757.7653
2025-09-07 14:00:00+02:00,324.9,325.1,323.7,324.3,347.2026
2025-09-07 15:00:00+02:00,324.2,325.7,323.8,325.7,308.9163
2025-09-07 16:00:00+02:00,325.7,325.9,324.2,324.8,759.5214
2025-09-07 17:00:00+02:00,324.8,328.3,324.3,327.0,2414.4712
2025-09-07 18:00:00+02:00,326.9,327.7,325.8,325.8,957.8375
2025-09-07 19:00:00+02:00,325.9,326.4,324.1,324.3,932.1062
2025-09-07 20:00:00+02:00,324.4,325.1,323.0,323.7,616.3025
2025-09-07 21:00:00+02:00,323.5,324.8,322.9,324.2,460.3978
2025-09-07 22:00:00+02:00,324.2,324.8,321.8,323.6,570.3137
2025-09-07 23:00:00+02:00,323.6,323.7,322.4,322.5,347.6678
2025-09-08 00:00:00+02:00,322.5,326.2,322.4,326.2,296.863
2025-09-08 01:00:00+02:00,326.1,328.3,326.1,326.6,667.1806
2025-09-08 02:00:00+02:00,326.3,328.7,325.3,326.3,390.1806
2025-09-08 03:00:00+02:00,326.1,330.1,325.8,329.8,888.8414
2025-09-08 04:00:00+02:00,329.9,333.5,327.8,333.3,1521.6411
2025-09-08 05:00:00+02:00,333.3,336.0,330.9,331.6,1206.1963
2025-09-08 06:00:00+02:00,331.5,332.4,330.2,331.5,760.86
2025-09-08 07:00:00+02:00,331.5,333.8,330.6,332.0,874.8901
2025-09-08 08:00:00+02:00,332.0,333.3,330.2,332.1,523.2247
2025-09-08 09:00:00+02:00,332.0,334.9,331.5,333.6,1165.3043
2025-09-08 10:00:00+02:00,333.7,339.2,333.6,338.5,1793.3898
2025-09-08 11:00:00+02:00,338.6,340.8,338.2,340.6,1069.463
2025-09-08 12:00:00+02:00,340.5,343.4,339.0,339.2,1675.9579
2025-09-08 13:00:00+02:00,339.2,340.2,336.6,338.0,944.4456
2025-09-08 14:00:00+02:00,338.0,338.9,336.9,337.5,429.9161
2025-09-08 15:00:00+02:00,337.6,339.6,334.8,335.2,1629.2545
2025-09-08 16:00:00+02:00,335.6,341.4,335.5,341.3,1174.1989
2025-09-08 17:00:00+02:00,341.2,348.1,340.6,346.8,4086.0048
2025-09-08 18:00:00+02:00,346.8,347.4,343.3,343.9,1845.9362
2025-09-08 19:00:00+02:00,344.0,345.5,342.1,342.4,745.8505
2025-09-08 20:00:00+02:00,342.3,344.0,341.2,343.8,565.464
2025-09-08 21:00:00+02:00,343.6,343.9,340.3,341.0,819.9616
2025-09-08 22:00:00+02:00,341.2,341.4,337.7,338.8,965.67
2025-09-08 23:00:00+02:00,338.6,342.6,338.1,342.4,707.8357
2025-09-09 00:00:00+02:00,342.4,344.0,342.3,343.0,465.9635
2025-09-09 01:00:00+02:00,343.1,344.7,342.4,344.2,286.9263
2025-09-09 02:00:00+02:00,344.2,348.2,343.9,345.8,1897.6215
2025-09-09 03:00:00+02:00,345.7,346.3,341.0,341.7,1107.4927
2025-09-09 04:00:00+02:00,341.7,342.4,337.0,338.2,597.542
2025-09-09 05:00:00+02:00,338.2,343.0,337.7,342.6,1248.8995
2025-09-09 06:00:00+02:00,342.5,343.5,340.8,342.1,893.1863
2025-09-09 07:00:00+02:00,341.9,344.5,341.5,344.3,646.5945
2025-09-09 08:00:00+02:00,344.3,349.3,343.2,347.6,1661.7907
2025-09-09 09:00:00+02:00,347.6,349.0,344.3,346.7,1204.9362
2025-09-09 10:00:00+02:00,346.6,347.7,344.8,346.5,1069.7216
2025-09-09 11:00:00+02:00,346.5,348.0,345.6,346.7,674.0568
2025-09-09 12:00:00+02:00,346.7,348.7,344.3,345.1,791.7102
2025-09-09 13:00:00+02:00,344.8,346.8,344.6,344.9,600.4973
2025-09-09 14:00:00+02:00,344.9,349.2,342.6,343.4,1374.0996
2025-09-09 15:00:00+02:00,343.5,345.9,341.2,345.5,1031.0795
2025-09-09 16:00:00+02:00,345.6,346.0,337.9,340.0,4238.0297
2025-09-09 17:00:00+02:00,339.9,340.5,332.7,334.9,1962.1197
2025-09-09 18:00:00+02:00,334.9,336.0,334.0,335.8,635.3848
2025-09-09 19:00:00+02:00,335.8,337.6,334.7,335.0,700.6011
2025-09-09 20:00:00+02:00,335.0,336.2,333.8,336.1,984.4895
2025-09-09 21:00:00+02:00,336.2,338.2,335.2,335.8,679.5445
2025-09-09 22:00:00+02:00,335.8,336.5,334.4,335.9,534.7779
2025-09-09 23:00:00+02:00,335.9,337.1,332.7,333.7,904.1728
2025-09-10 00:00:00+02:00,333.6,335.7,332.2,335.6,336.6621
2025-09-10 01:00:00+02:00,335.7,336.4,334.7,335.5,353.0309
2025-09-10 02:00:00+02:00,335.5,335.6,333.0,334.0,292.1459
2025-09-10 03:00:00+02:00,333.9,340.2,333.7,337.3,1023.2513
2025-09-10 04:00:00+02:00,337.8,340.1,337.7,340.0,493.4578
2025-09-10 05:00:00+02:00,340.1,340.1,337.7,339.0,443.7269
2025-09-10 06:00:00+02:00,339.0,339.8,337.8,339.0,463.3095
2025-09-10 07:00:00+02:00,338.8,339.5,336.7,338.1,318.4456
2025-09-10 08:00:00+02:00,338.2,339.2,336.6,338.3,493.7559
2025-09-10 09:00:00+02:00,338.3,341.3,337.9,340.2,1211.7801
2025-09-10 10:00:00+02:00,340.2,340.8,338.8,339.5,611.8237
2025-09-10 11:00:00+02:00,339.4,340.7,337.6,339.7,693.7347
2025-09-10 12:00:00+02:00,339.7,339.8,336.9,337.3,440.8678
2025-09-10 13:00:00+02:00,337.1,338.0,328.0,334.7,10369.0215
2025-09-10 14:00:00+02:00,334.7,340.7,334.2,339.9,2910.2375
2025-09-10 15:00:00+02:00,339.9,343.1,339.5,341.2,5064.4595
2025-09-10 16:00:00+02:00,341.1,346.8,341.1,344.2,2580.3353
2025-09-10 17:00:00+02:00,344.3,347.0,344.0,344.1,1343.1661
2025-09-10 18:00:00+02:00,344.2,344.7,341.3,344.4,598.245
2025-09-10 19:00:00+02:00,344.5,345.3,341.3,342.7,525.5096
2025-09-10 20:00:00+02:00,342.5,343.3,341.0,341.9,751.1421
2025-09-10 21:00:00+02:00,341.9,342.2,336.0,338.0,1600.8257
2025-09-10 22:00:00+02:00,338.0,341.4,337.9,341.3,881.3359
2025-09-10 23:00:00+02:00,341.2,344.4,341.1,344.2,675.1766
2025-09-11 00:00:00+02:00,344.2,345.8,343.5,345.7,1004.7096
2025-09-11 01:00:00+02:00,345.8,348.8,345.6,348.7,849.0839
2025-09-11 02:00:00+02:00,348.7,355.0,348.7,354.4,1897.8415
2025-09-11 03:00:00+02:00,354.3,354.5,351.9,352.3,871.3527
2025-09-11 04:00:00+02:00,352.4,353.5,351.2,351.3,328.8777
2025-09-11 05:00:00+02:00,351.3,353.5,351.2,353.2,589.495
2025-09-11 06:00:00+02:00,353.1,353.4,350.8,350.9,461.1689
2025-09-11 07:00:00+02:00,351.2,355.0,349.7,354.5,1130.8681
2025-09-11 08:00:00+02:00,354.5,357.2,353.0,356.8,1084.7569
2025-09-11 09:00:00+02:00,356.6,359.6,354.1,359.4,1560.7325
2025-09-11 10:00:00+02:00,359.3,360.6,357.4,360.5,1329.2787
2025-09-11 11:00:00+02:00,360.6,360.9,358.1,360.1,1032.6739
2025-09-11 12:00:00+02:00,360.0,361.5,359.0,359.1,1006.271
2025-09-11 13:00:00+02:00,359.1,359.9,355.5,355.9,1031.2895
2025-09-11 14:00:00+02:00,356.1,364.1,351.1,360.1,6708.1175
2025-09-11 15:00:00+02:00,360.4,360.5,354.2,359.5,2385.7562
2025-09-11 16:00:00+02:00,359.6,359.7,354.3,355.1,903.5776
2025-09-11 17:00:00+02:00,355.1,356.8,352.5,352.5,1042.0106
2025-09-11 18:00:00+02:00,352.5,354.8,352.3,354.0,755.823
2025-09-11 19:00:00+02:00,354.0,359.3,353.7,358.2,1550.3432
2025-09-11 20:00:00+02:00,358.1,358.8,356.4,357.3,753.9524
2025-09-11 21:00:00+02:00,357.1,359.4,356.1,359.1,361.9785
2025-09-11 22:00:00+02:00,358.9,359.6,356.4,357.2,872.9096
2025-09-11 23:00:00+02:00,357.2,358.2,355.7,358.2,406.9438
2025-09-12 00:00:00+02:00,358.2,359.7,357.3,357.3,905.3647
2025-09-12 01:00:00+02:00,357.2,359.6,357.2,357.9,310.974
2025-09-12 02:00:00+02:00,358.1,363.0,357.5,361.0,1273.3682
2025-09-12 03:00:00+02:00,361.0,361.6,356.8,357.1,931.0371
2025-09-12 04:00:00+02:00,357.0,358.3,356.1,356.4,285.5028
2025-09-12 05:00:00+02:00,356.4,357.0,354.3,355.6,673.3371
2025-09-12 06:00:00+02:00,355.6,357.0,354.6,356.9,535.9351
2025-09-12 07:00:00+02:00,356.9,358.6,356.1,358.3,966.8349
2025-09-12 08:00:00+02:00,358.3,358.7,353.1,354.4,1427.7941
2025-09-12 09:00:00+02:00,354.1,355.5,352.4,353.3,887.3467
2025-09-12 10:00:00+02:00,353.4,353.9,351.1,352.0,1110.7891
2025-09-12 11:00:00+02:00,352.0,353.2,350.3,350.8,570.6727
2025-09-12 12:00:00+02:00,350.8,350.8,347.4,349.0,1433.7448
2025-09-12 13:00:00+02:00,348.9,349.2,346.3,346.8,885.6363
2025-09-12 14:00:00+02:00,346.9,349.8,345.4,349.2,839.0617
2025-09-12 15:00:00+02:00,349.1,352.0,348.5,351.8,994.5438
2025-09-12 16:00:00+02:00,351.8,353.2,349.4,351.1,1285.2018
2025-09-12 17:00:00+02:00,351.1,351.9,349.4,351.3,693.5492
2025-09-12 18:00:00+02:00,351.3,354.3,350.7,354.2,658.7239
2025-09-12 19:00:00+02:00,354.3,357.3,353.6,356.1,1253.5019
2025-09-12 20:00:00+02:00,356.1,358.9,355.7,357.6,1330.5461
2025-09-12 21:00:00+02:00,357.8,358.5,355.9,358.0,608.9354
2025-09-12 22:00:00+02:00,357.8,359.2,355.7,356.5,1590.6113
2025-09-12 23:00:00+02:00,356.5,357.5,355.5,357.0,478.2745
2025-09-13 00:00:00+02:00,357.3,361.4,357.3,360.3,1501.9812
2025-09-13 01:00:00+02:00,360.2,362.8,359.2,362.2,1018.058
2025-09-13 02:00:00+02:00,362.3,363.3,360.6,362.9,646.2203
2025-09-13 03:00:00+02:00,362.8,363.2,358.4,358.7,402.1218
2025-09-13 04:00:00+02:00,358.6,360.1,357.8,359.3,370.3453
2025-09-13 05:00:00+02:00,359.1,361.3,359.0,361.2,438.7395
2025-09-13 06:00:00+02:00,361.0,363.0,359.9,359.9,520.3253
2025-09-13 07:00:00+02:00,360.0,361.9,359.6,359.9,587.2218
2025-09-13 08:00:00+02:00,359.9,361.5,359.3,360.6,509.6861
2025-09-13 09:00:00+02:00,360.6,362.6,359.7,362.0,1063.7993
2025-09-13 10:00:00+02:00,362.0,364.3,361.5,364.3,794.1532
2025-09-13 11:00:00+02:00,364.1,368.7,363.7,367.6,1535.9892
2025-09-13 12:00:00+02:00,367.6,368.8,365.8,366.4,697.3173
2025-09-13 13:00:00+02:00,366.2,367.5,364.2,367.1,927.6184
2025-09-13 14:00:00+02:00,367.0,369.5,365.7,369.0,714.5118
2025-09-13 15:00:00+02:00,368.9,370.0,359.7,363.2,2075.55
2025-09-13 16:00:00+02:00,363.1,365.3,359.9,364.1,1328.5109
2025-09-13 17:00:00+02:00,363.8,366.2,359.9,361.7,1332.8915
2025-09-13 18:00:00+02:00,361.7,362.7,356.8,357.8,1878.5475
2025-09-13 19:00:00+02:00,358.2,359.0,354.1,358.9,1680.0289
2025-09-13 20:00:00+02:00,358.7,359.5,357.2,359.4,512.2439
2025-09-13 21:00:00+02:00,359.4,359.4,357.1,358.1,1065.1126
2025-09-13 22:00:00+02:00,358.1,360.5,357.9,359.3,770.2361
2025-09-13 23:00:00+02:00,359.2,361.9,357.5,358.7,877.7478
2025-09-14 00:00:00+02:00,358.7,359.6,357.9,359.4,355.038
2025-09-14 01:00:00+02:00,359.5,360.9,358.5,359.4,317.5928
2025-09-14 02:00:00+02:00,359.3,360.3,356.0,356.8,338.7678
2025-09-14 03:00:00+02:00,356.7,357.9,354.1,357.9,506.3361
2025-09-14 04:00:00+02:00,357.9,360.0,357.1,358.4,222.0187
2025-09-14 05:00:00+02:00,358.6,358.7,355.0,355.5,431.006
2025-09-14 06:00:00+02:00,355.5,356.0,352.1,355.8,633.0304
2025-09-14 07:00:00+02:00,355.8,358.4,355.6,357.5,699.8598
2025-09-14 08:00:00+02:00,357.5,357.7,352.8,354.0,847.9724
2025-09-14 09:00:00+02:00,353.9,355.4,352.5,353.7,697.3352
2025-09-14 10:00:00+02:00,353.7,354.2,351.8,352.8,994.5255
2025-09-14 11:00:00+02:00,352.6,355.2,351.9,354.2,520.6535
2025-09-14 12:00:00+02:00,354.1,354.7,352.2,352.7,566.6346
2025-09-14 13:00:00+02:00,352.7,353.2,348.8,349.3,924.1237
2025-09-14 14:00:00+02:00,349.3,351.1,347.3,348.7,752.1704
2025-09-14 15:00:00+02:00,348.6,349.2,346.7,348.0,927.3889
2025-09-14 16:00:00+02:00,348.0,350.5,345.2,346.8,1199.0435
2025-09-14 17:00:00+02:00,346.8,348.1,344.7,346.7,665.1714
2025-09-14 18:00:00+02:00,346.6,349.7,346.0,349.2,856.0712
2025-09-14 19:00:00+02:00,349.2,353.2,349.0,351.6,709.1862
2025-09-14 20:00:00+02:00,351.4,351.5,349.0,349.3,637.1553
2025-09-14 21:00:00+02:00,349.2,351.9,348.3,351.1,512.9431
2025-09-14 22:00:00+02:00,351.0,353.0,350.4,351.6,586.8842
2025-09-14 23:00:00+02:00,351.4,354.2,349.9,353.8,1339.5231
2025-09-15 00:00:00+02:00,353.9,355.0,352.7,353.9,367.2971
2025-09-15 01:00:00+02:00,353.8,354.0,349.5,350.5,406.2511
2025-09-15 02:00:00+02:00,350.5,352.8,349.2,351.4,462.2099
2025-09-15 03:00:00+02:00,351.3,352.3,347.1,351.3,772.5903
2025-09-15 04:00:00+02:00,351.3,353.3,350.5,350.7,232.062
2025-09-15 05:00:00+02:00,350.7,353.5,350.7,353.1,185.2992
2025-09-15 06:00:00+02:00,353.0,354.4,351.1,354.2,624.8712
2025-09-15 07:00:00+02:00,354.0,357.0,353.5,356.1,780.4857
2025-09-15 08:00:00+02:00,355.9,356.6,348.7,350.0,853.4989
2025-09-15 09:00:00+02:00,350.0,353.0,346.6,347.0,1448.4779
2025-09-15 10:00:00+02:00,347.0,347.1,339.5,339.8,2921.9896
2025-09-15 11:00:00+02:00,339.9,342.9,339.3,342.0,1130.8239
2025-09-15 12:00:00+02:00,342.0,342.2,338.1,340.6,845.5064
2025-09-15 13:00:00+02:00,340.4,341.6,339.3,339.4,392.0107
2025-09-15 14:00:00+02:00,339.3,340.5,337.2,337.8,943.8118
2025-09-15 15:00:00+02:00,337.8,341.4,337.2,339.7,863.948
2025-09-15 16:00:00+02:00,339.8,341.2,337.0,338.4,1103.5379
2025-09-15 17:00:00+02:00,338.4,339.9,335.6,338.1,1071.6466
2025-09-15 18:00:00+02:00,338.0,339.1,335.5,337.6,2271.7604
2025-09-15 19:00:00+02:00,337.6,340.0,336.4,339.8,962.7461
2025-09-15 20:00:00+02:00,339.7,341.1,339.1,340.7,902.7693
2025-09-15 21:00:00+02:00,340.6,342.0,339.3,340.7,721.9822
2025-09-15 22:00:00+02:00,340.7,343.3,340.7,342.8,656.1744
2025-09-15 23:00:00+02:00,342.8,343.1,341.2,342.5,776.4646
2025-09-16 00:00:00+02:00,342.5,344.1,341.1,341.9,468.6247
2025-09-16 01:00:00+02:00,341.9,343.6,341.3,343.3,177.1678
2025-09-16 02:00:00+02:00,343.2,343.3,341.5,342.9,269.7692
2025-09-16 03:00:00+02:00,342.9,344.5,341.6,341.9,443.0867
2025-09-16 04:00:00+02:00,341.9,343.2,340.7,341.4,187.9989
2025-09-16 05:00:00+02:00,341.2,343.4,341.2,341.2,143.6091
2025-09-16 06:00:00+02:00,341.2,341.6,338.4,340.2,731.7366
2025-09-16 07:00:00+02:00,340.2,343.3,339.9,342.7,520.4536
2025-09-16 08:00:00+02:00,342.7,343.4,339.5,339.9,1638.1137
2025-09-16 09:00:00+02:00,339.8,342.1,339.8,341.1,701.2011
2025-09-16 10:00:00+02:00,341.2,345.1,341.2,343.9,757.1922
2025-09-16 11:00:00+02:00,343.9,344.4,342.4,343.2,410.4218
2025-09-16 12:00:00+02:00,343.2,344.7,340.7,341.1,1280.6899
2025-09-16 13:00:00+02:00,341.0,341.5,339.7,339.7,560.9099
2025-09-16 14:00:00+02:00,339.8,340.4,336.8,337.4,1156.3542
2025-09-16 15:00:00+02:00,337.4,341.9,337.2,340.4,1530.9219
2025-09-16 16:00:00+02:00,340.3,341.0,337.5,341.0,571.6186
2025-09-16 17:00:00+02:00,340.7,342.4,338.8,342.1,701.2438
2025-09-16 18:00:00+02:00,342.1,342.5,340.4,341.3,315.5282
2025-09-16 19:00:00+02:00,341.1,345.5,341.1,344.4,866.0985
2025-09-16 20:00:00+02:00,344.3,345.1,342.9,343.3,624.9148
2025-09-16 21:00:00+02:00,343.3,344.7,342.6,344.6,476.5843
2025-09-16 22:00:00+02:00,344.6,345.5,344.3,345.3,741.1617
2025-09-16 23:00:00+02:00,345.3,347.1,345.1,347.1,511.6957
2025-09-17 00:00:00+02:00,347.1,347.8,345.7,346.1,356.5701
2025-09-17 01:00:00+02:00,346.0,346.4,344.1,344.7,87.6634
2025-09-17 02:00:00+02:00,344.7,346.5,344.0,345.2,107.3355
2025-09-17 03:00:00+02:00,345.2,345.7,343.6,344.4,210.386
2025-09-17 04:00:00+02:00,344.5,347.3,343.8,345.8,366.6172
2025-09-17 05:00:00+02:00,345.7,346.1,342.6,342.9,466.8953
2025-09-17 06:00:00+02:00,343.0,343.9,340.6,341.4,463.1838
2025-09-17 07:00:00+02:00,341.4,345.8,341.3,345.6,487.2419
2025-09-17 08:00:00+02:00,345.5,347.0,344.4,346.5,906.5526
2025-09-17 09:00:00+02:00,346.6,347.2,345.7,346.0,482.0161
2025-09-17 10:00:00+02:00,346.2,346.2,343.3,343.9,567.3581
2025-09-17 11:00:00+02:00,343.9,344.8,342.6,343.2,304.2807
2025-09-17 12:00:00+02:00,343.1,344.5,341.9,343.2,357.9662
2025-09-17 13:00:00+02:00,343.2,345.3,342.9,344.7,390.117
2025-09-17 14:00:00+02:00,344.6,346.4,344.2,346.0,628.0482
2025-09-17 15:00:00+02:00,345.8,346.5,344.3,345.5,363.9257
2025-09-17 16:00:00+02:00,345.6,348.9,345.1,346.3,1919.9592
2025-09-17 17:00:00+02:00,346.4,348.0,344.6,344.7,680.9995
2025-09-17 18:00:00+02:00,344.5,345.1,340.6,344.8,1726.9259
2025-09-17 19:00:00+02:00,345.0,348.2,342.5,342.5,1558.7554
2025-09-17 20:00:00+02:00,342.4,349.2,339.1,341.0,5208.5351
2025-09-17 21:00:00+02:00,341.1,348.3,341.0,347.5,1672.4888
2025-09-17 22:00:00+02:00,347.7,351.9,347.7,348.3,1754.9758
2025-09-17 23:00:00+02:00,348.3,353.9,346.5,353.3,1052.2447
2025-09-18 00:00:00+02:00,353.5,359.0,353.5,358.0,1445.3096
2025-09-18 01:00:00+02:00,358.1,360.3,357.4,359.0,853.7528
2025-09-18 02:00:00+02:00,359.1,360.7,357.7,358.7,522.4726
2025-09-18 03:00:00+02:00,358.6,360.5,358.5,359.8,428.9873
2025-09-18 04:00:00+02:00,360.0,362.8,359.1,362.8,472.0802
2025-09-18 05:00:00+02:00,362.6,364.6,361.6,363.6,1364.1295
2025-09-18 06:00:00+02:00,363.6,364.0,360.9,362.6,464.5531
2025-09-18 07:00:00+02:00,362.6,363.1,358.6,359.8,778.8075
2025-09-18 08:00:00+02:00,359.7,360.2,355.7,357.6,1134.8391
2025-09-18 09:00:00+02:00,357.6,360.4,356.5,359.3,783.426
2025-09-18 10:00:00+02:00,359.3,362.5,358.7,362.5,843.9891
2025-09-18 11:00:00+02:00,362.1,364.7,361.0,363.0,1165.601
2025-09-18 12:00:00+02:00,363.0,367.5,361.4,366.4,4992.452
2025-09-18 13:00:00+02:00,366.4,368.0,365.0,367.9,1785.6655
2025-09-18 14:00:00+02:00,367.9,370.1,364.9,365.0,2599.8406
2025-09-18 15:00:00+02:00,365.0,367.0,363.3,365.8,1635.6902
2025-09-18 16:00:00+02:00,365.6,368.8,365.6,368.5,1028.4576
2025-09-18 17:00:00+02:00,368.5,371.5,368.1,370.0,2343.7341
2025-09-18 18:00:00+02:00,369.9,371.5,368.8,370.1,1458.5117
2025-09-18 19:00:00+02:00,370.1,372.0,367.0,368.7,2675.3672
2025-09-18 20:00:00+02:00,368.8,373.2,368.1,372.1,2666.5685
2025-09-18 21:00:00+02:00,372.2,372.6,367.2,369.0,1153.7524
2025-09-18 22:00:00+02:00,368.8,371.2,368.1,369.5,1436.4059
2025-09-18 23:00:00+02:00,369.4,369.8,367.9,369.0,302.2409
2025-09-19 00:00:00+02:00,368.9,369.2,364.6,364.6,721.2748
2025-09-19 01:00:00+02:00,364.7,364.8,361.6,361.9,2215.2067
2025-09-19 02:00:00+02:00,362.0,363.9,361.9,363.7,578.3411
2025-09-19 03:00:00+02:00,364.0,364.4,359.2,360.1,742.777
2025-09-19 04:00:00+02:00,359.8,360.2,358.1,358.3,590.4332
2025-09-19 05:00:00+02:00,358.5,358.8,354.4,354.9,910.1878
2025-09-19 06:00:00+02:00,354.8,356.8,352.4,356.4,1259.1137
2025-09-19 07:00:00+02:00,356.3,356.8,353.9,355.2,674.9709
2025-09-19 08:00:00+02:00,355.2,355.2,351.6,351.8,556.2842
2025-09-19 09:00:00+02:00,351.8,355.2,351.1,354.5,589.2334
2025-09-19 10:00:00+02:00,354.3,357.6,354.1,354.7,769.6995
2025-09-19 11:00:00+02:00,354.7,355.5,351.1,351.6,844.1519
2025-09-19 12:00:00+02:00,351.6,353.1,351.0,352.5,476.2375
2025-09-19 13:00:00+02:00,352.4,352.6,350.0,350.0,507.4503
2025-09-19 14:00:00+02:00,350.0,351.4,349.4,349.8,1519.6827
2025-09-19 15:00:00+02:00,349.9,353.1,349.9,351.6,711.9354
2025-09-19 16:00:00+02:00,351.5,352.7,348.6,349.8,1123.833
2025-09-19 17:00:00+02:00,349.8,349.9,346.6,349.2,1454.2668
2025-09-19 18:00:00+02:00,349.1,351.0,348.9,350.5,493.5728
2025-09-19 19:00:00+02:00,350.4,350.6,347.4,347.7,935.7026
2025-09-19 20:00:00+02:00,347.6,348.3,345.4,347.7,555.8847
2025-09-19 21:00:00+02:00,347.8,348.9,346.6,346.7,460.5151
2025-09-19 22:00:00+02:00,346.5,348.8,346.5,347.4,434.3587
2025-09-19 23:00:00+02:00,347.3,349.0,345.9,348.6,342.5662
2025-09-20 00:00:00+02:00,348.6,349.7,348.4,348.4,394.8491
2025-09-20 01:00:00+02:00,348.4,348.4,343.8,346.1,747.0201
2025-09-20 02:00:00+02:00,346.0,347.4,345.1,347.2,478.1618
2025-09-20 03:00:00+02:00,347.4,347.5,344.5,345.7,279.4404
2025-09-20 04:00:00+02:00,345.5,345.5,342.3,345.1,634.3856
2025-09-20 05:00:00+02:00,345.0,345.1,343.4,344.7,152.4987
2025-09-20 06:00:00+02:00,344.6,345.0,343.7,344.3,328.0504
2025-09-20 07:00:00+02:00,344.2,347.0,344.0,346.9,573.1303
2025-09-20 08:00:00+02:00,346.8,346.8,345.2,346.3,355.3711
2025-09-20 09:00:00+02:00,346.2,347.4,345.6,347.3,242.8723
2025-09-20 10:00:00+02:00,347.3,347.3,343.0,343.1,631.7758
2025-09-20 11:00:00+02:00,343.2,344.1,341.6,341.8,890.0109
2025-09-20 12:00:00+02:00,341.9,342.7,341.7,342.0,319.6159
2025-09-20 13:00:00+02:00,342.0,343.3,341.2,343.1,398.4393
2025-09-20 14:00:00+02:00,343.0,343.0,341.1,342.4,417.2357
2025-09-20 15:00:00+02:00,342.3,343.4,341.7,342.5,285.8774
2025-09-20 16:00:00+02:00,342.5,344.9,341.3,344.7,380.9097
2025-09-20 17:00:00+02:00,344.6,347.7,344.6,347.4,1225.1934
2025-09-20 18:00:00+02:00,347.4,348.7,345.6,348.2,666.9045
2025-09-20 19:00:00+02:00,348.2,348.2,345.6,346.3,570.553
2025-09-20 20:00:00+02:00,346.2,346.5,344.5,345.5,351.1287
2025-09-20 21:00:00+02:00,345.6,346.4,344.3,345.2,481.5988
2025-09-20 22:00:00+02:00,345.1,346.7,344.8,346.6,380.4168
2025-09-20 23:00:00+02:00,346.5,348.2,346.2,346.2,614.1953
2025-09-21 00:00:00+02:00,346.1,346.9,345.4,346.2,118.3528
2025-09-21 01:00:00+02:00,346.1,346.2,345.1,345.9,115.7671
2025-09-21 02:00:00+02:00,345.9,347.2,344.7,346.8,256.6953
2025-09-21 03:00:00+02:00,347.0,347.0,344.5,344.6,167.4322
2025-09-21 04:00:00+02:00,344.7,346.7,343.6,346.1,222.5386
2025-09-21 05:00:00+02:00,346.0,346.3,345.6,346.2,62.4876
2025-09-21 06:00:00+02:00,346.2,346.6,345.5,346.6,218.7399
2025-09-21 07:00:00+02:00,346.7,348.0,345.8,348.0,376.7948
2025-09-21 08:00:00+02:00,348.2,348.9,347.5,347.7,347.8791
2025-09-21 09:00:00+02:00,347.6,347.7,346.3,346.4,315.9674
2025-09-21 10:00:00+02:00,346.3,346.9,344.2,344.8,582.7783
2025-09-21 11:00:00+02:00,344.8,345.1,340.5,342.7,979.5302
2025-09-21 12:00:00+02:00,342.7,343.4,341.7,341.7,266.3014
2025-09-21 13:00:00+02:00,341.7,343.6,341.4,342.3,277.4544
2025-09-21 14:00:00+02:00,342.3,344.6,342.3,342.9,298.6645
2025-09-21 15:00:00+02:00,342.8,344.3,342.7,344.3,196.585
2025-09-21 16:00:00+02:00,344.0,344.8,342.8,342.8,390.5572
2025-09-21 17:00:00+02:00,342.7,344.1,341.5,341.7,499.5103
2025-09-21 18:00:00+02:00,341.7,342.5,338.1,340.1,1198.3973
2025-09-21 19:00:00+02:00,340.0,342.0,338.2,342.0,832.7821
2025-09-21 20:00:00+02:00,342.0,342.7,341.7,342.0,661.8573
2025-09-21 21:00:00+02:00,342.0,342.1,339.8,340.6,425.2465
2025-09-21 22:00:00+02:00,340.5,340.5,338.4,338.6,638.9872
2025-09-21 23:00:00+02:00,338.7,339.3,337.0,337.8,787.6489
2025-09-22 00:00:00+02:00,337.7,338.3,335.6,338.2,559.6246
2025-09-22 01:00:00+02:00,337.9,337.9,333.6,334.1,1141.7069
2025-09-22 02:00:00+02:00,334.1,334.4,325.1,326.8,2915.9964
2025-09-22 03:00:00+02:00,326.7,329.7,326.3,327.6,1463.9681
2025-09-22 04:00:00+02:00,327.4,328.2,321.1,322.9,1554.6631
2025-09-22 05:00:00+02:00,322.9,324.6,322.4,323.8,924.5596
2025-09-22 06:00:00+02:00,323.8,324.7,321.9,323.6,541.4648
2025-09-22 07:00:00+02:00,323.5,323.7,317.5,317.5,1243.1195
2025-09-22 08:00:00+02:00,317.7,318.1,302.0,313.3,9218.5387
2025-09-22 09:00:00+02:00,313.0,313.5,308.7,308.8,2291.9989
2025-09-22 10:00:00+02:00,308.8,312.2,306.4,311.4,2226.928
2025-09-22 11:00:00+02:00,311.6,311.6,306.4,307.0,1790.9117
2025-09-22 12:00:00+02:00,306.9,310.7,306.0,310.3,2633.5279
2025-09-22 13:00:00+02:00,310.2,312.1,309.6,311.8,1121.3526
2025-09-22 14:00:00+02:00,311.8,314.3,310.5,313.0,959.0761
2025-09-22 15:00:00+02:00,313.1,317.8,312.7,317.7,1604.0785
2025-09-22 16:00:00+02:00,317.6,318.1,313.1,314.3,1289.5391
2025-09-22 17:00:00+02:00,314.2,315.8,312.5,314.0,1208.2484
2025-09-22 18:00:00+02:00,314.0,315.8,313.4,314.9,1092.244
2025-09-22 19:00:00+02:00,314.9,316.5,313.1,315.2,1276.6898
2025-09-22 20:00:00+02:00,315.0,315.7,313.5,313.7,1025.6629
2025-09-22 21:00:00+02:00,313.6,315.0,311.5,312.1,1321.3029
2025-09-22 22:00:00+02:00,312.0,314.2,311.3,313.7,856.5579
2025-09-22 23:00:00+02:00,313.6,316.0,313.0,315.9,614.1783
2025-09-23 00:00:00+02:00,315.9,317.1,315.7,316.9,393.3243
2025-09-23 01:00:00+02:00,316.9,319.4,316.4,318.8,660.2168
2025-09-23 02:00:00+02:00,318.9,319.3,316.5,316.9,426.1662
2025-09-23 03:00:00+02:00,316.9,317.4,315.2,315.2,461.6782
2025-09-23 04:00:00+02:00,315.2,316.3,313.3,314.1,439.6368
2025-09-23 05:00:00+02:00,314.1,316.9,311.7,316.0,789.3808
2025-09-23 06:00:00+02:00,316.0,316.8,313.6,315.1,459.7922
2025-09-23 07:00:00+02:00,315.1,317.4,313.9,316.1,941.1593
2025-09-23 08:00:00+02:00,316.1,320.4,315.5,320.0,1202.7034
2025-09-23 09:00:00+02:00,319.9,320.1,318.0,318.6,868.4418
2025-09-23 10:00:00+02:00,318.8,320.4,318.0,319.6,653.6682
2025-09-23 11:00:00+02:00,319.5,320.5,316.6,317.3,1123.2746
2025-09-23 12:00:00+02:00,317.2,318.0,316.5,317.4,308.9512
2025-09-23 13:00:00+02:00,317.3,317.3,315.4,315.4,721.2201
2025-09-23 14:00:00+02:00,315.4,317.4,315.1,316.7,482.4719
2025-09-23 15:00:00+02:00,316.6,317.8,315.7,316.3,549.9887
2025-09-23 16:00:00+02:00,316.3,319.0,311.1,312.5,1797.6622
2025-09-23 17:00:00+02:00,312.3,316.4,311.5,314.7,1164.3119
2025-09-23 18:00:00+02:00,314.5,317.0,312.5,316.0,1239.4152
2025-09-23 19:00:00+02:00,315.9,316.1,309.0,309.1,1801.1294
2025-09-23 20:00:00+02:00,309.2,311.9,307.6,308.0,3248.6604
2025-09-23 21:00:00+02:00,307.7,310.8,307.7,308.5,1074.0212
2025-09-23 22:00:00+02:00,308.3,310.7,306.6,309.7,5686.9367
2025-09-23 23:00:00+02:00,309.7,311.4,308.3,310.5,454.2651
2025-09-24 00:00:00+02:00,310.5,311.6,309.7,310.9,395.8947
2025-09-24 01:00:00+02:00,310.8,311.3,308.4,308.7,655.1297
2025-09-24 02:00:00+02:00,308.7,312.3,308.3,311.2,801.2163
2025-09-24 03:00:00+02:00,311.2,315.2,310.6,314.6,680.2748
2025-09-24 04:00:00+02:00,314.7,315.0,312.3,312.9,623.9085
2025-09-24 05:00:00+02:00,312.9,313.4,307.8,308.1,1026.0692
2025-09-24 06:00:00+02:00,308.0,312.6,305.1,309.1,2041.6976
2025-09-24 07:00:00+02:00,309.0,312.8,308.9,312.4,827.3042
2025-09-24 08:00:00+02:00,312.3,312.8,310.8,312.3,560.9493
2025-09-24 09:00:00+02:00,312.4,312.7,310.6,312.1,716.6278
2025-09-24 10:00:00+02:00,312.1,312.5,310.1,311.0,378.8972
2025-09-24 11:00:00+02:00,310.8,311.9,309.7,311.7,516.5294
2025-09-24 12:00:00+02:00,311.5,311.6,308.8,310.7,554.8594
2025-09-24 13:00:00+02:00,310.9,312.3,310.4,312.0,446.5085
2025-09-24 14:00:00+02:00,311.9,313.9,311.1,312.3,928.0991
2025-09-24 15:00:00+02:00,312.2,313.9,310.7,310.8,675.5714
2025-09-24 16:00:00+02:00,310.9,316.9,310.8,315.1,950.9505
2025-09-24 17:00:00+02:00,315.1,315.6,312.7,312.9,764.9677
2025-09-24 18:00:00+02:00,313.0,314.5,312.1,313.9,536.4061
2025-09-24 19:00:00+02:00,314.0,315.8,313.5,314.6,559.1348
2025-09-24 20:00:00+02:00,314.5,314.9,313.5,314.2,446.6501
2025-09-24 21:00:00+02:00,314.0,314.9,312.1,313.6,529.8855
2025-09-24 22:00:00+02:00,313.7,314.4,311.7,313.7,524.9891
2025-09-24 23:00:00+02:00,313.6,313.7,309.5,310.4,410.8236
2025-09-25 00:00:00+02:00,310.5,312.8,310.5,311.9,316.0682
2025-09-25 01:00:00+02:00,311.9,313.2,311.0,311.7,728.5003
2025-09-25 02:00:00+02:00,311.6,312.8,309.4,310.1,514.1015
2025-09-25 03:00:00+02:00,309.9,310.6,307.4,308.9,1117.3468
2025-09-25 04:00:00+02:00,308.8,311.7,307.0,309.8,970.047
2025-09-25 05:00:00+02:00,309.7,309.7,305.0,307.7,621.6395
2025-09-25 06:00:00+02:00,307.7,308.7,299.6,301.5,4159.7746
2025-09-25 07:00:00+02:00,301.5,304.4,299.0,303.2,1059.3588
2025-09-25 08:00:00+02:00,303.2,303.8,300.3,300.6,1034.2569
2025-09-25 09:00:00+02:00,300.5,302.8,300.0,301.2,759.8718
2025-09-25 10:00:00+02:00,301.2,303.0,300.4,301.5,1112.0461
2025-09-25 11:00:00+02:00,301.5,304.9,300.8,300.9,1608.0159
2025-09-25 12:00:00+02:00,300.9,303.2,300.5,300.6,503.5008
2025-09-25 13:00:00+02:00,300.5,301.5,297.5,298.5,1485.095
2025-09-25 14:00:00+02:00,298.5,301.6,293.2,299.8,3833.3158
2025-09-25 15:00:00+02:00,299.8,302.3,295.0,300.3,5743.0004
2025-09-25 16:00:00+02:00,300.4,306.2,300.4,303.2,2840.3449
2025-09-25 17:00:00+02:00,303.2,303.5,301.1,303.0,894.5651
2025-09-25 18:00:00+02:00,303.1,303.5,297.1,297.8,1550.654
2025-09-25 19:00:00+02:00,297.8,297.9,290.2,291.8,4687.1228
2025-09-25 20:00:00+02:00,291.7,300.6,290.6,300.5,3396.8301
2025-09-25 21:00:00+02:00,300.5,303.1,299.2,299.6,1599.5178
2025-09-25 22:00:00+02:00,299.8,301.2,296.5,297.3,1641.9225
2025-09-25 23:00:00+02:00,297.3,301.3,296.9,300.8,1220.2787
2025-09-26 00:00:00+02:00,300.7,302.8,298.4,299.5,499.6702
2025-09-26 01:00:00+02:00,299.5,300.6,295.3,298.2,865.1077
2025-09-26 02:00:00+02:00,298.2,302.4,298.1,302.0,978.6987
2025-09-26 03:00:00+02:00,302.1,303.7,301.1,303.4,1152.773
2025-09-26 04:00:00+02:00,303.3,305.4,302.3,305.0,558.1364
2025-09-26 05:00:00+02:00,305.0,306.3,303.6,306.1,450.9595
2025-09-26 06:00:00+02:00,306.1,306.7,303.5,304.0,985.1137
2025-09-26 07:00:00+02:00,304.1,305.7,301.0,301.6,1043.1854
2025-09-26 08:00:00+02:00,301.6,302.7,299.5,299.7,1371.9032
2025-09-26 09:00:00+02:00,299.8,301.1,298.6,300.1,1425.2003
2025-09-26 10:00:00+02:00,300.0,300.5,298.1,298.8,1734.3259
2025-09-26 11:00:00+02:00,298.8,299.2,295.6,297.2,1200.6441
2025-09-26 12:00:00+02:00,297.2,297.4,293.2,294.4,2126.8597
2025-09-26 13:00:00+02:00,294.3,297.3,292.4,296.2,938.4849
2025-09-26 14:00:00+02:00,296.0,299.2,293.2,297.3,2018.5139
2025-09-26 15:00:00+02:00,297.2,297.8,293.7,296.8,2893.3553
2025-09-26 16:00:00+02:00,296.8,297.2,291.3,292.5,1809.2857
2025-09-26 17:00:00+02:00,292.7,297.9,292.3,297.7,1793.7518
2025-09-26 18:00:00+02:00,297.5,300.8,297.5,300.8,1004.7299
2025-09-26 19:00:00+02:00,300.6,304.1,300.2,303.8,1346.8754
2025-09-26 20:00:00+02:00,303.7,306.0,301.7,302.2,1568.3909
2025-09-26 21:00:00+02:00,302.1,302.1,298.0,299.5,1799.5785
2025-09-26 22:00:00+02:00,299.5,301.1,297.9,299.1,1545.4343
2025-09-26 23:00:00+02:00,299.0,301.7,298.3,300.8,1838.3396
2025-09-27 00:00:00+02:00,300.8,301.8,300.1,300.2,324.956
2025-09-27 01:00:00+02:00,300.1,301.5,299.0,301.4,450.747
2025-09-27 02:00:00+02:00,301.4,301.5,299.8,301.5,323.0497
2025-09-27 03:00:00+02:00,301.4,301.6,299.4,300.3,187.3588
2025-09-27 04:00:00+02:00,300.2,301.8,299.4,301.0,190.0521
2025-09-27 05:00:00+02:00,301.0,301.8,299.7,300.1,476.1057
2025-09-27 06:00:00+02:00,300.0,301.0,299.8,300.6,212.4452
2025-09-27 07:00:00+02:00,300.6,301.9,299.4,301.5,380.4108
2025-09-27 08:00:00+02:00,301.3,301.7,300.4,301.1,117.9643
2025-09-27 09:00:00+02:00,301.1,302.0,299.8,300.4,344.9954
2025-09-27 10:00:00+02:00,300.3,300.6,297.6,297.6,1183.1711
2025-09-27 11:00:00+02:00,297.6,299.3,296.6,299.1,629.8918
2025-09-27 12:00:00+02:00,299.1,300.9,298.2,300.0,401.1081
2025-09-27 13:00:00+02:00,299.9,300.4,299.5,300.2,229.1725
2025-09-27 14:00:00+02:00,300.1,301.9,299.2,301.8,1163.675
2025-09-27 15:00:00+02:00,301.8,301.9,300.5,300.8,283.8653
2025-09-27 16:00:00+02:00,300.7,301.4,300.1,300.6,316.1988
2025-09-27 17:00:00+02:00,300.5,301.6,299.2,300.9,867.1934
2025-09-27 18:00:00+02:00,301.0,301.1,297.3,297.5,1176.3165
2025-09-27 19:00:00+02:00,297.5,298.1,296.1,297.8,1622.5755
2025-09-27 20:00:00+02:00,297.7,298.4,297.2,298.4,232.9953
2025-09-27 21:00:00+02:00,298.4,298.6,297.6,297.6,803.3562
2025-09-27 22:00:00+02:00,297.5,298.6,297.4,297.6,450.3805
2025-09-27 23:00:00+02:00,297.6,299.4,297.4,299.1,199.0205
2025-09-28 00:00:00+02:00,299.1,301.1,298.9,299.2,1453.569
2025-09-28 01:00:00+02:00,299.2,299.9,298.3,298.9,306.5557
2025-09-28 02:00:00+02:00,298.9,299.6,297.1,297.9,1192.8925
2025-09-28 03:00:00+02:00,297.9,297.9,296.4,297.0,361.6534
2025-09-28 04:00:00+02:00,296.9,298.0,296.7,297.1,142.632
2025-09-28 05:00:00+02:00,297.1,297.5,296.0,296.8,200.3497
2025-09-28 06:00:00+02:00,296.8,296.8,295.2,296.4,384.4691
2025-09-28 07:00:00+02:00,296.4,297.5,295.4,296.2,194.124
2025-09-28 08:00:00+02:00,296.1,296.6,294.9,296.4,321.5535
2025-09-28 09:00:00+02:00,296.4,297.4,295.6,297.1,276.1455
2025-09-28 10:00:00+02:00,297.0,297.7,295.2,295.4,382.8871
2025-09-28 11:00:00+02:00,295.5,296.0,294.0,295.1,408.141
2025-09-28 12:00:00+02:00,294.9,296.1,294.0,294.8,444.2726
2025-09-28 13:00:00+02:00,294.8,295.0,293.0,294.1,294.1052
2025-09-28 14:00:00+02:00,294.1,294.3,291.0,292.5,1609.8747
2025-09-28 15:00:00+02:00,292.4,296.4,292.3,295.9,747.7131
2025-09-28 16:00:00+02:00,295.9,296.6,295.0,296.2,508.1409
2025-09-28 17:00:00+02:00,296.2,296.6,295.6,296.2,501.4135
2025-09-28 18:00:00+02:00,296.1,298.4,295.8,297.1,1152.7898
2025-09-28 19:00:00+02:00,297.2,299.7,296.9,298.6,1306.923
2025-09-28 20:00:00+02:00,298.6,300.0,297.8,300.0,555.0652
2025-09-28 21:00:00+02:00,300.1,300.2,298.8,299.6,408.3202
2025-09-28 22:00:00+02:00,299.7,303.0,299.4,302.0,1372.1332
2025-09-28 23:00:00+02:00,302.0,302.5,300.7,301.5,477.3438
2025-09-29 00:00:00+02:00,301.6,306.5,301.5,306.3,1922.1737
2025-09-29 01:00:00+02:00,306.3,307.9,305.8,307.6,1369.3386
2025-09-29 02:00:00+02:00,307.6,307.6,305.7,306.3,388.0691
2025-09-29 03:00:00+02:00,306.2,307.5,305.5,305.7,866.0026
2025-09-29 04:00:00+02:00,305.6,307.1,304.2,306.0,354.6251
2025-09-29 05:00:00+02:00,305.9,306.2,304.8,305.9,365.2267
2025-09-29 06:00:00+02:00,306.0,306.1,304.3,305.9,356.7974
2025-09-29 07:00:00+02:00,305.7,305.9,303.7,305.5,372.4545
2025-09-29 08:00:00+02:00,305.5,306.5,304.3,304.7,653.8026
2025-09-29 09:00:00+02:00,304.7,305.4,302.8,304.3,958.6094
2025-09-29 10:00:00+02:00,304.2,305.6,302.5,304.6,1215.9102
2025-09-29 11:00:00+02:00,304.5,305.4,302.9,303.7,633.0443
2025-09-29 12:00:00+02:00,303.7,304.1,300.6,300.6,1013.033
2025-09-29 13:00:00+02:00,300.6,302.3,298.7,301.8,983.3566
2025-09-29 14:00:00+02:00,301.6,303.5,300.1,300.4,1471.816
2025-09-29 15:00:00+02:00,300.2,305.5,298.8,304.5,2617.4509
2025-09-29 16:00:00+02:00,304.4,309.8,304.3,309.2,2201.9866
2025-09-29 17:00:00+02:00,309.2,310.3,305.3,305.7,1047.2373
2025-09-29 18:00:00+02:00,305.8,307.7,304.6,305.1,742.2165
2025-09-29 19:00:00+02:00,305.0,308.1,303.4,307.8,905.6229
2025-09-29 20:00:00+02:00,307.8,307.8,304.9,306.9,413.1692
2025-09-29 21:00:00+02:00,307.0,310.4,306.7,310.0,856.8896
2025-09-29 22:00:00+02:00,309.9,313.1,309.9,312.0,1675.6844
2025-09-29 23:00:00+02:00,311.9,312.0,310.6,310.8,571.9196
2025-09-30 00:00:00+02:00,310.7,311.2,309.6,310.5,525.2361
2025-09-30 01:00:00+02:00,310.4,311.1,309.7,310.8,836.9876
2025-09-30 02:00:00+02:00,310.7,313.2,309.1,310.9,934.4133
2025-09-30 03:00:00+02:00,310.7,312.3,308.2,310.2,844.8788
2025-09-30 04:00:00+02:00,310.1,310.5,308.2,308.4,357.8952
2025-09-30 05:00:00+02:00,308.4,310.1,308.1,308.7,147.9613
2025-09-30 06:00:00+02:00,308.7,311.3,308.5,310.6,354.3379
2025-09-30 07:00:00+02:00,310.5,311.0,308.1,308.4,735.1488
2025-09-30 08:00:00+02:00,308.2,309.9,307.7,308.7,639.6827
2025-09-30 09:00:00+02:00,308.7,310.4,305.4,307.0,856.7576
2025-09-30 10:00:00+02:00,306.9,307.4,306.0,306.6,468.396
2025-09-30 11:00:00+02:00,306.8,307.1,303.8,304.6,1206.0621
2025-09-30 12:00:00+02:00,304.4,305.4,304.0,304.7,561.0853
2025-09-30 13:00:00+02:00,304.6,304.8,302.4,303.2,1168.3395
2025-09-30 14:00:00+02:00,303.1,304.5,302.6,302.9,346.7537
2025-09-30 15:00:00+02:00,302.9,306.0,302.0,304.0,1425.0938
2025-09-30 16:00:00+02:00,303.9,304.6,300.5,302.8,1446.9079
2025-09-30 17:00:00+02:00,302.9,303.9,296.1,298.4,2596.9955
2025-09-30 18:00:00+02:00,298.3,298.8,295.4,296.7,1007.3652
2025-09-30 19:00:00+02:00,296.7,299.1,296.3,297.2,1110.1789
2025-09-30 20:00:00+02:00,297.3,301.3,296.2,300.4,1050.2003
2025-09-30 21:00:00+02:00,300.4,305.7,300.0,305.4,1085.3605
2025-09-30 22:00:00+02:00,305.3,307.1,303.7,305.9,1579.9156
2025-09-30 23:00:00+02:00,306.1,306.3,303.5,303.5,1002.7859
2025-10-01 00:00:00+02:00,303.5,304.6,301.5,301.8,1015.4412
2025-10-01 01:00:00+02:00,301.8,303.2,300.8,303.0,389.633
2025-10-01 02:00:00+02:00,303.1,304.3,301.1,302.1,553.4116
2025-10-01 03:00:00+02:00,302.2,304.6,300.8,304.4,694.2015
2025-10-01 04:00:00+02:00,304.6,305.1,303.2,303.7,787.035
2025-10-01 05:00:00+02:00,303.7,304.5,301.8,301.8,401.6707
2025-10-01 06:00:00+02:00,301.8,304.8,301.7,302.5,992.9406
2025-10-01 07:00:00+02:00,302.6,305.2,302.6,303.1,671.329
2025-10-01 08:00:00+02:00,303.1,303.3,300.9,301.3,590.2329
2025-10-01 09:00:00+02:00,301.1,303.2,301.1,302.3,851.7444
2025-10-01 10:00:00+02:00,302.2,314.7,302.1,313.5,4684.4881
2025-10-01 11:00:00+02:00,313.6,316.2,313.1,315.3,2663.7475
2025-10-01 12:00:00+02:00,315.4,315.4,311.8,312.3,1061.0983
2025-10-01 13:00:00+02:00,312.5,314.1,312.5,313.6,661.6442
2025-10-01 14:00:00+02:00,313.6,314.3,311.0,311.5,822.0907
2025-10-01 15:00:00+02:00,311.6,314.0,311.4,313.5,1244.2674
2025-10-01 16:00:00+02:00,313.5,314.6,312.3,313.4,1556.0344
2025-10-01 17:00:00+02:00,313.5,319.0,313.0,318.9,1477.6232
2025-10-01 18:00:00+02:00,318.9,321.2,317.0,317.8,2172.4302
2025-10-01 19:00:00+02:00,317.8,318.6,315.4,315.7,1351.155
2025-10-01 20:00:00+02:00,315.6,319.2,315.6,319.0,1169.7081
2025-10-01 21:00:00+02:00,319.0,320.7,318.2,319.9,1308.3321
2025-10-01 22:00:00+02:00,319.7,320.2,318.4,319.0,712.1546
2025-10-01 23:00:00+02:00,318.7,319.1,316.3,317.5,678.5568
2025-10-02 00:00:00+02:00,317.5,318.8,315.8,317.0,424.2862
2025-10-02 01:00:00+02:00,317.0,320.0,316.8,319.7,460.6894
2025-10-02 02:00:00+02:00,319.7,320.4,318.1,319.0,581.025
2025-10-02 03:00:00+02:00,319.0,321.8,318.5,321.7,555.2475
2025-10-02 04:00:00+02:00,321.6,322.7,320.1,321.7,537.1445
2025-10-02 05:00:00+02:00,321.7,322.3,320.9,321.1,337.6947
2025-10-02 06:00:00+02:00,321.0,321.9,319.8,321.0,316.3118
2025-10-02 07:00:00+02:00,321.1,321.8,320.0,320.1,649.2656
2025-10-02 08:00:00+02:00,320.0,323.1,319.9,322.2,979.4147
2025-10-02 09:00:00+02:00,322.2,322.7,318.6,318.7,753.6906
2025-10-02 10:00:00+02:00,318.7,319.5,318.1,318.6,501.4149
2025-10-02 11:00:00+02:00,318.5,319.2,317.6,318.5,356.9445
2025-10-02 12:00:00+02:00,318.5,319.4,317.6,318.7,694.1453
2025-10-02 13:00:00+02:00,318.6,319.9,317.8,318.0,404.0481
2025-10-02 14:00:00+02:00,317.9,319.5,317.3,319.4,577.6045
2025-10-02 15:00:00+02:00,319.3,319.5,316.4,318.8,979.9593
2025-10-02 16:00:00+02:00,318.6,319.5,313.7,314.5,1251.2618
2025-10-02 17:00:00+02:00,314.4,319.2,312.5,319.0,1434.0351
2025-10-02 18:00:00+02:00,319.0,321.6,318.5,319.8,1631.8839
2025-10-02 19:00:00+02:00,319.8,322.2,318.7,322.0,992.0606
2025-10-02 20:00:00+02:00,322.0,326.2,322.0,326.0,1674.964
2025-10-02 21:00:00+02:00,325.9,328.0,325.5,326.1,1601.0836
2025-10-02 22:00:00+02:00,326.3,327.3,324.0,324.9,1018.7563
2025-10-02 23:00:00+02:00,324.8,326.5,324.0,324.6,629.3985
2025-10-03 00:00:00+02:00,324.5,325.9,323.1,323.5,1028.0438
2025-10-03 01:00:00+02:00,323.6,326.4,323.4,325.8,935.0943
2025-10-03 02:00:00+02:00,325.8,325.9,323.1,323.6,565.7906
2025-10-03 03:00:00+02:00,323.6,324.8,321.7,322.2,737.4401
2025-10-03 04:00:00+02:00,322.1,326.3,322.0,326.3,504.8347
2025-10-03 05:00:00+02:00,326.3,328.1,325.7,326.4,1207.4044
2025-10-03 06:00:00+02:00,326.3,328.8,326.2,328.5,661.8513
2025-10-03 07:00:00+02:00,328.5,329.2,327.1,327.9,1058.946
2025-10-03 08:00:00+02:00,327.9,329.2,324.8,326.0,1444.8647
2025-10-03 09:00:00+02:00,326.0,326.5,323.6,326.1,939.1993
2025-10-03 10:00:00+02:00,326.0,326.2,322.1,324.9,1021.191
2025-10-03 11:00:00+02:00,324.8,325.8,322.6,325.5,739.1761
2025-10-03 12:00:00+02:00,325.5,326.0,324.3,325.2,535.0574
2025-10-03 13:00:00+02:00,325.0,325.0,322.6,323.3,687.7502
2025-10-03 14:00:00+02:00,323.3,324.2,322.9,324.0,597.8779
2025-10-03 15:00:00+02:00,323.8,324.8,320.6,323.2,1832.0621
2025-10-03 16:00:00+02:00,323.1,323.3,319.5,321.7,2002.0657
2025-10-03 17:00:00+02:00,321.6,328.4,320.6,328.1,1160.1917
2025-10-03 18:00:00+02:00,328.1,330.9,326.1,326.5,2697.3676
2025-10-03 19:00:00+02:00,326.4,327.1,321.2,322.6,2957.336
2025-10-03 20:00:00+02:00,322.7,326.2,321.3,326.0,1584.0885
2025-10-03 21:00:00+02:00,326.1,327.2,325.2,326.2,1145.8008
2025-10-03 22:00:00+02:00,326.2,326.2,323.6,324.3,530.0182
2025-10-03 23:00:00+02:00,324.3,325.1,322.4,322.7,294.4336
2025-10-04 00:00:00+02:00,322.7,325.3,322.7,323.7,632.8279
2025-10-04 01:00:00+02:00,323.5,323.6,321.6,321.6,360.9741
2025-10-04 02:00:00+02:00,321.6,321.8,319.2,320.1,1051.1177
2025-10-04 03:00:00+02:00,320.1,320.3,318.1,318.8,589.294
2025-10-04 04:00:00+02:00,318.9,320.8,318.4,319.1,599.0536
2025-10-04 05:00:00+02:00,319.1,320.6,318.3,319.9,320.1199
2025-10-04 06:00:00+02:00,319.7,320.5,319.3,320.3,331.095
2025-10-04 07:00:00+02:00,320.2,322.2,320.2,321.4,434.1185
2025-10-04 08:00:00+02:00,321.4,322.4,320.9,321.7,612.8672
2025-10-04 09:00:00+02:00,321.7,321.9,319.1,319.6,717.4265
2025-10-04 10:00:00+02:00,319.6,320.6,316.9,317.4,1389.1404
2025-10-04 11:00:00+02:00,317.3,318.9,316.5,316.7,926.425
2025-10-04 12:00:00+02:00,316.7,318.5,316.0,316.8,809.6314
2025-10-04 13:00:00+02:00,316.7,318.5,316.3,317.1,604.061
2025-10-04 14:00:00+02:00,316.9,318.3,316.2,316.8,806.6359
2025-10-04 15:00:00+02:00,316.7,319.1,316.5,318.2,666.2983
2025-10-04 16:00:00+02:00,318.3,321.2,317.5,317.5,903.3455
2025-10-04 17:00:00+02:00,317.6,318.8,314.9,315.8,1507.7338
2025-10-04 18:00:00+02:00,315.8,318.9,315.1,316.7,816.309
2025-10-04 19:00:00+02:00,316.7,318.8,316.1,317.3,874.5484
2025-10-04 20:00:00+02:00,317.2,317.7,314.9,315.2,790.9966
2025-10-04 21:00:00+02:00,315.0,316.4,315.0,316.3,420.5776
2025-10-04 22:00:00+02:00,316.4,317.6,316.4,316.9,488.689
2025-10-04 23:00:00+02:00,316.7,320.1,316.6,318.5,868.0486
2025-10-05 00:00:00+02:00,318.4,320.3,318.4,319.0,446.9131
2025-10-05 01:00:00+02:00,319.1,320.1,318.1,319.6,278.4374
2025-10-05 02:00:00+02:00,319.7,320.7,316.5,316.6,707.4276
2025-10-05 03:00:00+02:00,316.6,318.2,316.5,317.8,471.6197
2025-10-05 04:00:00+02:00,317.7,322.5,317.2,322.4,1397.1783
2025-10-05 05:00:00+02:00,322.4,323.6,321.0,321.1,873.9476
2025-10-05 06:00:00+02:00,321.0,325.3,321.0,324.6,1389.7144
2025-10-05 07:00:00+02:00,324.6,325.3,322.5,324.4,863.4596
2025-10-05 08:00:00+02:00,324.4,325.0,323.0,323.8,1030.1145
2025-10-05 09:00:00+02:00,323.8,327.3,323.2,327.2,1171.7576
2025-10-05 10:00:00+02:00,327.2,327.9,325.9,326.3,1603.1744
2025-10-05 11:00:00+02:00,326.2,327.0,323.3,324.2,2192.2072
2025-10-05 12:00:00+02:00,324.1,324.4,320.8,321.4,1475.3543
2025-10-05 13:00:00+02:00,321.3,323.1,319.6,322.4,883.8893
2025-10-05 14:00:00+02:00,322.3,322.3,319.6,320.3,711.7396
2025-10-05 15:00:00+02:00,320.2,321.9,320.1,321.6,557.447
2025-10-05 16:00:00+02:00,321.5,323.9,319.5,321.5,950.1556
2025-10-05 17:00:00+02:00,321.4,323.2,321.0,322.4,537.3831
2025-10-05 18:00:00+02:00,322.4,323.5,320.3,323.2,775.9457
2025-10-05 19:00:00+02:00,323.2,324.0,312.4,315.8,3803.4449
2025-10-05 20:00:00+02:00,315.7,317.6,314.7,316.1,899.1361
2025-10-05 21:00:00+02:00,316.1,316.1,313.0,313.1,764.763
2025-10-05 22:00:00+02:00,313.1,315.1,311.8,313.9,534.201
2025-10-05 23:00:00+02:00,313.8,315.6,313.1,315.2,576.5899
2025-10-06 00:00:00+02:00,315.3,316.0,313.5,315.1,523.2401
2025-10-06 01:00:00+02:00,315.1,317.0,314.9,315.5,693.2257
2025-10-06 02:00:00+02:00,315.5,317.8,313.4,314.3,1208.3548
2025-10-06 03:00:00+02:00,314.0,318.7,313.1,317.1,651.9991
2025-10-06 04:00:00+02:00,317.0,318.9,315.7,317.6,496.2707
2025-10-06 05:00:00+02:00,317.5,318.0,316.9,317.3,159.6335
2025-10-06 06:00:00+02:00,317.2,318.2,316.3,317.0,313.5676
2025-10-06 07:00:00+02:00,317.1,317.6,315.9,317.0,213.8548
2025-10-06 08:00:00+02:00,316.8,319.6,316.8,319.5,1078.0248
2025-10-06 09:00:00+02:00,319.5,322.2,318.8,320.2,1785.0437
2025-10-06 10:00:00+02:00,320.3,322.1,320.0,321.5,641.9579
2025-10-06 11:00:00+02:00,321.5,323.6,321.5,322.7,657.1898
2025-10-06 12:00:00+02:00,322.6,325.0,322.3,323.9,1120.5023
2025-10-06 13:00:00+02:00,323.9,325.6,322.4,325.4,963.5033
2025-10-06 14:00:00+02:00,325.3,328.8,325.3,328.4,1961.047
2025-10-06 15:00:00+02:00,328.5,335.5,326.8,335.4,4848.4699
2025-10-06 16:00:00+02:00,335.5,338.1,332.3,332.7,2428.1518
2025-10-06 17:00:00+02:00,332.7,340.9,332.7,340.0,2461.6182
2025-10-06 18:00:00+02:00,340.1,344.6,338.9,344.3,1834.4098
2025-10-06 19:00:00+02:00,344.3,354.9,343.7,348.9,4480.1339
2025-10-06 20:00:00+02:00,349.2,355.1,347.5,353.2,3613.8663
2025-10-06 21:00:00+02:00,353.1,354.6,349.4,352.4,3394.0162
2025-10-06 22:00:00+02:00,352.4,353.7,349.9,350.3,1611.7394
2025-10-06 23:00:00+02:00,350.3,351.9,346.8,348.3,1532.3607
2025-10-07 00:00:00+02:00,348.5,350.3,348.3,349.6,604.4716
2025-10-07 01:00:00+02:00,349.6,350.2,345.0,345.0,1421.0561
2025-10-07 02:00:00+02:00,344.9,346.3,342.6,343.2,645.0718
2025-10-07 03:00:00+02:00,343.2,344.1,340.7,341.7,783.2344
2025-10-07 04:00:00+02:00,341.7,343.5,341.0,341.8,823.2845
2025-10-07 05:00:00+02:00,341.7,345.5,341.6,345.5,343.4336
2025-10-07 06:00:00+02:00,345.4,350.3,342.8,349.3,1091.9057
2025-10-07 07:00:00+02:00,349.3,353.8,348.3,352.6,1840.957
2025-10-07 08:00:00+02:00,352.6,352.6,346.8,347.4,1176.621
2025-10-07 09:00:00+02:00,347.3,350.8,347.2,348.6,1045.0749
2025-10-07 10:00:00+02:00,348.6,348.6,338.6,345.5,4951.6645
2025-10-07 11:00:00+02:00,345.4,346.5,344.9,346.2,768.5705
2025-10-07 12:00:00+02:00,346.1,349.5,345.7,347.1,750.8271
2025-10-07 13:00:00+02:00,347.2,347.6,344.4,346.0,499.4977
2025-10-07 14:00:00+02:00,345.9,350.3,344.5,350.2,1243.0979
2025-10-07 15:00:00+02:00,350.4,351.4,346.2,346.8,2201.0849
2025-10-07 16:00:00+02:00,346.7,347.4,335.6,337.0,5065.2725
2025-10-07 17:00:00+02:00,337.1,339.8,333.0,335.3,4347.2061
2025-10-07 18:00:00+02:00,335.2,340.3,331.3,337.0,2641.9721
2025-10-07 19:00:00+02:00,337.1,338.6,334.5,334.6,1533.1881
2025-10-07 20:00:00+02:00,334.7,335.6,330.9,331.0,1297.9236
2025-10-07 21:00:00+02:00,330.9,333.8,330.9,331.8,1595.2108
2025-10-07 22:00:00+02:00,331.9,339.5,331.5,336.3,1793.9036
2025-10-07 23:00:00+02:00,336.2,338.2,332.7,333.8,720.3774
2025-10-08 00:00:00+02:00,333.8,336.2,333.1,334.5,349.6613
2025-10-08 01:00:00+02:00,334.6,334.6,330.1,331.2,468.2609
2025-10-08 02:00:00+02:00,331.2,332.1,327.4,329.1,854.0129
2025-10-08 03:00:00+02:00,329.1,333.3,328.4,332.5,727.2227
2025-10-08 04:00:00+02:00,332.1,332.6,330.1,331.1,436.4597
2025-10-08 05:00:00+02:00,331.1,331.1,325.7,326.5,975.3439
2025-10-08 06:00:00+02:00,326.4,332.6,323.9,331.1,1129.8601
2025-10-08 07:00:00+02:00,331.1,331.1,326.9,328.7,747.2465
2025-10-08 08:00:00+02:00,328.6,332.9,327.6,330.6,1304.3845
2025-10-08 09:00:00+02:00,330.6,331.2,327.7,330.6,937.475
2025-10-08 10:00:00+02:00,330.8,334.2,329.5,333.3,853.5484
2025-10-08 11:00:00+02:00,333.4,336.1,330.7,331.8,972.6244
2025-10-08 12:00:00+02:00,331.6,334.8,329.7,334.2,1130.9273
2025-10-08 13:00:00+02:00,334.1,336.3,333.2,334.6,732.1751
2025-10-08 14:00:00+02:00,334.7,335.4,330.7,330.9,708.1292
2025-10-08 15:00:00+02:00,330.9,333.2,328.5,332.6,1630.3807
2025-10-08 16:00:00+02:00,332.6,336.8,330.7,331.5,1070.1555
2025-10-08 17:00:00+02:00,331.4,339.5,331.3,338.0,1852.172
2025-10-08 18:00:00+02:00,338.0,341.0,336.8,340.8,2080.9609
2025-10-08 19:00:00+02:00,340.8,345.6,339.5,344.0,2085.7213
2025-10-08 20:00:00+02:00,344.0,344.6,340.7,342.4,1285.657
2025-10-08 21:00:00+02:00,342.2,342.3,336.9,338.5,1519.6564
2025-10-08 22:00:00+02:00,338.4,339.4,336.3,336.3,410.9704
2025-10-08 23:00:00+02:00,336.2,339.3,335.6,336.6,435.4302
2025-10-09 00:00:00+02:00,336.6,338.6,336.6,337.4,236.9097
2025-10-09 01:00:00+02:00,337.2,338.7,336.2,338.1,570.8661
2025-10-09 02:00:00+02:00,338.5,339.4,336.2,336.2,384.1649
2025-10-09 03:00:00+02:00,336.2,336.3,332.0,334.2,996.4846
2025-10-09 04:00:00+02:00,333.9,333.9,328.8,329.9,689.2784
2025-10-09 05:00:00+02:00,329.6,334.4,329.6,333.8,561.1421
2025-10-09 06:00:00+02:00,333.7,334.3,331.8,333.5,342.3553
2025-10-09 07:00:00+02:00,333.3,334.2,330.0,330.3,741.7864
2025-10-09 08:00:00+02:00,330.2,330.2,328.1,329.1,516.2708
2025-10-09 09:00:00+02:00,329.0,329.2,325.4,326.7,2216.833
2025-10-09 10:00:00+02:00,326.7,327.4,321.2,321.4,2306.0338
2025-10-09 11:00:00+02:00,321.4,326.3,321.2,325.6,1009.5113
2025-10-09 12:00:00+02:00,325.6,327.3,323.5,325.8,526.2592
2025-10-09 13:00:00+02:00,325.8,327.9,325.4,326.6,423.1011
2025-10-09 14:00:00+02:00,326.6,331.2,326.4,330.0,828.6743
2025-10-09 15:00:00+02:00,330.0,330.6,325.0,325.2,1000.2529
2025-10-09 16:00:00+02:00,325.3,327.8,321.4,324.4,2977.6585
2025-10-09 17:00:00+02:00,324.4,326.1,321.9,324.3,1667.2145
2025-10-09 18:00:00+02:00,324.2,327.0,323.1,324.2,1733.2403
2025-10-09 19:00:00+02:00,324.1,333.9,323.7,333.2,2541.8397
2025-10-09 20:00:00+02:00,333.3,334.6,332.1,333.0,1907.3784
2025-10-09 21:00:00+02:00,332.8,336.4,331.7,335.2,1853.802
2025-10-09 22:00:00+02:00,335.3,340.4,335.3,338.9,2385.7702
2025-10-09 23:00:00+02:00,338.8,339.9,336.7,339.7,940.9611
2025-10-10 00:00:00+02:00,339.7,344.8,338.8,343.6,1861.362
2025-10-10 01:00:00+02:00,343.5,347.6,342.8,347.3,1683.2622
2025-10-10 02:00:00+02:00,347.3,350.9,346.1,346.7,2423.1876
2025-10-10 03:00:00+02:00,346.6,349.9,345.6,346.9,1001.0309
2025-10-10 04:00:00+02:00,346.8,347.3,343.0,343.4,1119.4884
2025-10-10 05:00:00+02:00,343.3,348.7,340.2,345.1,2550.8505
2025-10-10 06:00:00+02:00,345.2,348.8,344.9,347.4,864.3566
2025-10-10 07:00:00+02:00,347.3,351.9,345.4,351.9,1067.462
2025-10-10 08:00:00+02:00,351.9,356.8,351.7,356.8,3596.7231
2025-10-10 09:00:00+02:00,356.8,363.1,354.5,356.4,6062.3299
2025-10-10 10:00:00+02:00,356.4,370.5,356.3,370.2,7239.9075
2025-10-10 11:00:00+02:00,370.3,380.0,368.1,370.0,7055.5389
2025-10-10 12:00:00+02:00,369.9,378.5,369.7,377.8,3686.5928
2025-10-10 13:00:00+02:00,377.5,388.0,377.2,384.3,5293.6161
2025-10-10 14:00:00+02:00,384.4,394.8,383.5,394.1,6180.27
2025-10-10 15:00:00+02:00,394.1,398.0,383.7,388.7,9356.6457
2025-10-10 16:00:00+02:00,389.0,397.5,386.6,388.8,6367.1991
2025-10-10 17:00:00+02:00,388.6,389.4,364.1,374.2,15101.6057
2025-10-10 18:00:00+02:00,374.3,379.7,370.6,373.2,5746.6869
2025-10-10 19:00:00+02:00,373.3,377.0,364.0,371.0,4930.9053
2025-10-10 20:00:00+02:00,371.1,378.1,370.5,375.9,2746.3098
2025-10-10 21:00:00+02:00,376.0,378.7,364.6,368.8,8370.6733
2025-10-10 22:00:00+02:00,368.8,372.0,340.7,345.2,9360.7829
2025-10-10 23:00:00+02:00,346.0,362.0,139.1,305.5,26452.3945
2025-10-11 00:00:00+02:00,305.6,317.9,261.6,293.8,26945.2195
2025-10-11 01:00:00+02:00,293.6,307.4,286.6,291.1,10318.7342
2025-10-11 02:00:00+02:00,291.3,300.2,286.9,288.2,5095.9913
2025-10-11 03:00:00+02:00,288.1,288.7,275.7,279.4,4709.9851
2025-10-11 04:00:00+02:00,279.0,302.0,279.0,298.3,5262.1231
2025-10-11 05:00:00+02:00,298.0,299.3,288.0,292.5,2954.3974
2025-10-11 06:00:00+02:00,292.5,306.2,292.1,305.8,4403.9101
2025-10-11 07:00:00+02:00,306.0,307.5,298.2,303.1,3333.9168
2025-10-11 08:00:00+02:00,303.2,319.0,302.0,315.6,5456.5887
2025-10-11 09:00:00+02:00,315.6,321.1,310.9,320.4,9451.7519
2025-10-11 10:00:00+02:00,320.3,329.4,317.2,325.6,5393.9742
2025-10-11 11:00:00+02:00,325.2,332.2,324.0,327.1,4613.8707
2025-10-11 12:00:00+02:00,327.0,327.7,316.3,319.2,4205.7041
2025-10-11 13:00:00+02:00,319.1,324.4,316.3,318.8,4218.7749
2025-10-11 14:00:00+02:00,318.7,319.0,308.0,309.1,4589.8051
2025-10-11 15:00:00+02:00,309.2,313.4,303.1,307.1,4083.5812
2025-10-11 16:00:00+02:00,306.8,310.7,305.4,310.2,1783.0206
2025-10-11 17:00:00+02:00,309.8,315.9,307.7,308.2,2150.8339
2025-10-11 18:00:00+02:00,308.2,313.3,300.7,306.6,2775.5995
2025-10-11 19:00:00+02:00,306.8,308.2,304.3,307.8,1669.6276
2025-10-11 20:00:00+02:00,307.9,308.0,304.9,306.6,982.3348
2025-10-11 21:00:00+02:00,306.3,306.3,290.3,294.1,6612.7157
2025-10-11 22:00:00+02:00,293.8,295.0,287.1,289.8,3099.623
2025-10-11 23:00:00+02:00,289.8,298.4,284.2,296.8,4332.9887
2025-10-12 00:00:00+02:00,296.8,299.3,294.7,298.7,1712.1188
2025-10-12 01:00:00+02:00,298.3,300.2,296.1,298.0,958.5725
2025-10-12 02:00:00+02:00,297.9,298.3,289.1,290.0,1412.7824
2025-10-12 03:00:00+02:00,289.9,293.0,288.2,288.3,651.41
2025-10-12 04:00:00+02:00,288.2,293.1,287.1,289.8,898.5983
2025-10-12 05:00:00+02:00,289.7,300.1,288.3,298.6,3147.0738
2025-10-12 06:00:00+02:00,298.3,304.3,297.8,303.9,1140.8538
2025-10-12 07:00:00+02:00,304.3,305.3,299.2,299.2,1013.1436
2025-10-12 08:00:00+02:00,299.2,309.9,298.7,306.5,4680.7257
2025-10-12 09:00:00+02:00,306.4,317.0,305.8,315.0,3984.5518
2025-10-12 10:00:00+02:00,315.0,321.6,313.3,314.5,3769.5013
2025-10-12 11:00:00+02:00,314.7,320.0,311.3,319.1,2957.7963
2025-10-12 12:00:00+02:00,318.9,321.5,312.4,314.8,3734.5927
2025-10-12 13:00:00+02:00,314.6,316.1,312.1,313.0,2118.1118
2025-10-12 14:00:00+02:00,313.1,320.7,313.0,315.1,2655.0908
2025-10-12 15:00:00+02:00,315.2,321.7,311.4,317.6,4004.4728
2025-10-12 16:00:00+02:00,317.7,336.9,317.7,331.0,8749.4801
2025-10-12 17:00:00+02:00,331.5,376.4,331.2,367.9,21407.7835
2025-10-12 18:00:00+02:00,367.8,374.8,354.8,367.7,14904.4975
2025-10-12 19:00:00+02:00,367.7,383.3,365.5,377.3,8409.8764
2025-10-12 20:00:00+02:00,377.4,378.2,365.7,370.3,4850.042
2025-10-12 21:00:00+02:00,370.2,393.1,370.1,391.7,6603.4691
2025-10-12 22:00:00+02:00,391.9,397.0,383.4,385.7,7468.3347
2025-10-12 23:00:00+02:00,385.5,390.0,376.1,386.6,4766.6224
2025-10-13 00:00:00+02:00,386.8,388.9,383.0,385.1,3577.9821
2025-10-13 01:00:00+02:00,385.1,386.1,377.0,383.9,2493.8372
2025-10-13 02:00:00+02:00,383.6,387.7,377.3,381.0,1975.3775
2025-10-13 03:00:00+02:00,381.1,395.4,380.4,393.4,2693.1374
2025-10-13 04:00:00+02:00,393.5,411.8,392.7,409.0,6488.7122
2025-10-13 05:00:00+02:00,408.8,416.7,404.9,410.2,4827.7894
2025-10-13 06:00:00+02:00,410.2,412.9,402.7,412.2,2724.6103
2025-10-13 07:00:00+02:00,412.1,414.2,398.5,401.0,3983.5341
2025-10-13 08:00:00+02:00,401.3,407.9,397.7,406.7,2312.7678
2025-10-13 09:00:00+02:00,406.6,424.4,404.3,420.4,7405.3925
2025-10-13 10:00:00+02:00,420.5,430.0,415.5,416.3,6202.1595
2025-10-13 11:00:00+02:00,416.1,419.0,405.2,414.9,6586.6009
2025-10-13 12:00:00+02:00,414.8,415.4,408.3,412.5,2170.9326
2025-10-13 13:00:00+02:00,412.4,413.7,386.1,402.9,10995.9823
2025-10-13 14:00:00+02:00,402.9,417.5,399.7,410.8,6205.9572
2025-10-13 15:00:00+02:00,410.6,420.8,403.0,417.6,9884.9599
2025-10-13 16:00:00+02:00,417.4,420.1,404.4,404.7,4991.9063
2025-10-13 17:00:00+02:00,404.7,421.8,404.1,419.3,3854.3684
2025-10-13 18:00:00+02:00,419.4,420.3,410.2,414.2,3568.568
2025-10-13 19:00:00+02:00,414.1,424.4,410.5,424.3,2265.4148
2025-10-13 20:00:00+02:00,424.2,429.6,415.0,418.5,5463.1603
2025-10-13 21:00:00+02:00,418.5,435.4,417.6,434.2,6553.1031
2025-10-13 22:00:00+02:00,434.1,443.5,428.6,435.5,8651.2422
2025-10-13 23:00:00+02:00,435.2,441.6,432.4,438.8,2431.9345
2025-10-14 00:00:00+02:00,438.6,446.2,432.5,446.1,2565.3696
2025-10-14 01:00:00+02:00,446.1,450.9,442.6,447.7,7306.7539
2025-10-14 02:00:00+02:00,447.8,449.8,433.1,437.7,4452.1302
2025-10-14 03:00:00+02:00,437.6,437.6,429.2,434.8,2290.3208
2025-10-14 04:00:00+02:00,434.7,444.7,420.8,425.1,6514.8621
2025-10-14 05:00:00+02:00,425.2,437.4,420.8,429.3,6577.1444
2025-10-14 06:00:00+02:00,429.3,430.0,412.8,417.9,4627.3342
2025-10-14 07:00:00+02:00,417.9,424.8,410.8,413.1,10898.8569
2025-10-14 08:00:00+02:00,413.1,415.6,380.4,395.7,18807.7348
2025-10-14 09:00:00+02:00,395.6,411.1,395.4,402.1,7267.3718
2025-10-14 10:00:00+02:00,401.9,419.8,399.8,410.9,6253.8994
2025-10-14 11:00:00+02:00,410.7,426.0,408.8,425.5,8796.6995
2025-10-14 12:00:00+02:00,424.7,424.7,406.9,416.1,9591.698
2025-10-14 13:00:00+02:00,416.2,456.0,414.0,448.5,23084.0369
2025-10-14 14:00:00+02:00,448.7,449.9,416.3,420.0,16324.9041
2025-10-14 15:00:00+02:00,419.9,434.7,408.4,430.1,10251.0682
2025-10-14 16:00:00+02:00,430.1,450.0,423.2,435.2,15524.4488
2025-10-14 17:00:00+02:00,435.2,475.7,432.0,472.3,19301.1527
2025-10-14 18:00:00+02:00,472.9,479.0,460.1,462.4,13903.6259
2025-10-14 19:00:00+02:00,462.3,469.3,451.0,456.3,9941.0914
2025-10-14 20:00:00+02:00,456.3,472.4,454.7,461.4,7019.3207
2025-10-14 21:00:00+02:00,461.3,479.2,441.7,459.7,11938.4786
2025-10-14 22:00:00+02:00,459.9,462.3,446.8,452.7,6935.2498
2025-10-14 23:00:00+02:00,452.7,460.9,449.4,458.6,4044.7385
2025-10-15 00:00:00+02:00,458.7,464.4,447.5,449.1,5229.0833
2025-10-15 01:00:00+02:00,448.7,460.9,448.7,460.7,10040.0407
2025-10-15 02:00:00+02:00,460.7,461.2,450.4,459.7,3539.8962
2025-10-15 03:00:00+02:00,459.5,460.5,438.1,441.6,4596.3665
2025-10-15 04:00:00+02:00,441.6,453.8,440.8,449.1,3239.8967
2025-10-15 05:00:00+02:00,448.8,451.7,439.9,444.2,2625.4975
2025-10-15 06:00:00+02:00,444.3,459.8,441.6,458.5,3181.8035
2025-10-15 07:00:00+02:00,458.5,468.2,456.2,461.2,4866.282
2025-10-15 08:00:00+02:00,461.1,462.7,451.7,458.5,3903.1939
2025-10-15 09:00:00+02:00,458.4,463.1,454.7,460.0,4013.6149
2025-10-15 10:00:00+02:00,459.8,463.2,449.6,450.9,4331.6492
2025-10-15 11:00:00+02:00,451.0,451.1,435.0,440.8,7826.7627
2025-10-15 12:00:00+02:00,440.8,446.3,435.9,436.2,3149.9581
2025-10-15 13:00:00+02:00,436.0,446.3,435.9,443.0,3855.9647
2025-10-15 14:00:00+02:00,442.9,447.3,441.1,444.3,2877.7198
2025-10-15 15:00:00+02:00,444.2,448.8,429.9,435.2,8564.9148
2025-10-15 16:00:00+02:00,435.4,443.4,423.2,426.9,4829.9896
2025-10-15 17:00:00+02:00,427.2,435.0,413.2,417.6,10850.5936
2025-10-15 18:00:00+02:00,417.4,426.0,413.5,423.1,4968.2283
2025-10-15 19:00:00+02:00,423.2,429.9,415.7,429.5,5809.1376
2025-10-15 20:00:00+02:00,429.1,430.0,417.7,428.5,4761.8858
2025-10-15 21:00:00+02:00,428.5,428.5,414.1,415.1,3812.1672
2025-10-15 22:00:00+02:00,415.0,420.6,406.8,413.0,4916.8863
2025-10-15 23:00:00+02:00,413.0,415.8,406.8,409.7,3728.8688
2025-10-16 00:00:00+02:00,409.7,412.5,406.2,407.5,2862.6456
2025-10-16 01:00:00+02:00,407.4,413.3,407.4,411.8,2207.9699
2025-10-16 02:00:00+02:00,411.8,413.1,400.1,401.6,3464.9907
2025-10-16 03:00:00+02:00,401.4,411.5,401.3,409.0,2495.4157
2025-10-16 04:00:00+02:00,409.0,412.7,401.5,406.9,2115.8845
2025-10-16 05:00:00+02:00,406.7,406.7,395.3,398.5,4018.1166
2025-10-16 06:00:00+02:00,398.4,406.9,396.7,396.9,3074.1681
2025-10-16 07:00:00+02:00,396.9,399.4,391.8,396.8,4354.2001
2025-10-16 08:00:00+02:00,396.9,403.0,395.4,402.6,5011.105
2025-10-16 09:00:00+02:00,402.6,402.7,385.3,391.6,5700.4019
2025-10-16 10:00:00+02:00,391.3,392.0,386.5,388.6,3104.4154
2025-10-16 11:00:00+02:00,388.2,400.5,374.5,397.4,9901.4754
2025-10-16 12:00:00+02:00,397.3,411.0,396.9,403.3,8208.2495
2025-10-16 13:00:00+02:00,403.2,405.3,397.7,404.6,3722.2732
2025-10-16 14:00:00+02:00,404.7,410.2,400.8,408.2,5679.5342
2025-10-16 15:00:00+02:00,408.1,416.8,400.7,402.5,7452.6685
2025-10-16 16:00:00+02:00,402.6,409.7,394.3,403.6,9207.2542
2025-10-16 17:00:00+02:00,403.7,405.3,392.9,394.0,8784.0122
2025-10-16 18:00:00+02:00,393.9,408.8,389.4,408.8,13008.6073
2025-10-16 19:00:00+02:00,408.7,413.3,401.2,405.8,9291.4171
2025-10-16 20:00:00+02:00,405.7,406.1,397.1,401.2,5561.4477
2025-10-16 21:00:00+02:00,401.0,401.2,381.3,389.3,8798.9178
2025-10-16 22:00:00+02:00,389.2,391.4,376.5,380.5,4957.8092
2025-10-16 23:00:00+02:00,380.2,387.1,372.2,386.6,6178.2512
2025-10-17 00:00:00+02:00,386.6,386.9,378.4,379.0,2597.0913
2025-10-17 01:00:00+02:00,378.9,382.8,376.7,378.8,1648.5625
2025-10-17 02:00:00+02:00,379.0,383.2,377.7,380.5,1788.7604
2025-10-17 03:00:00+02:00,380.6,385.2,374.1,377.5,2903.1324
2025-10-17 04:00:00+02:00,377.6,380.0,371.9,375.6,2330.6209
2025-10-17 05:00:00+02:00,375.5,378.4,373.7,376.6,2309.8211
2025-10-17 06:00:00+02:00,376.6,379.3,375.5,377.7,1776.0831
2025-10-17 07:00:00+02:00,377.7,378.4,368.5,369.8,4998.253
2025-10-17 08:00:00+02:00,369.8,373.2,358.1,359.0,8018.901
2025-10-17 09:00:00+02:00,358.9,360.3,346.0,346.9,9225.3898
2025-10-17 10:00:00+02:00,347.2,354.1,342.2,349.7,9257.4182
2025-10-17 11:00:00+02:00,349.8,370.7,348.7,361.9,11923.584
2025-10-17 12:00:00+02:00,361.9,365.9,352.2,358.1,8453.5212
2025-10-17 13:00:00+02:00,358.2,376.5,357.9,372.8,12561.1095
2025-10-17 14:00:00+02:00,372.7,377.0,366.5,368.2,7394.785
2025-10-17 15:00:00+02:00,368.1,371.0,359.5,368.7,6287.675
2025-10-17 16:00:00+02:00,368.5,370.2,358.7,367.2,6499.8198
2025-10-17 17:00:00+02:00,367.0,376.1,363.3,375.4,6361.4497
2025-10-17 18:00:00+02:00,375.2,378.3,367.7,368.8,9144.173
2025-10-17 19:00:00+02:00,368.9,373.6,365.1,372.7,2832.2611
2025-10-17 20:00:00+02:00,372.7,376.1,369.7,371.2,2459.134
2025-10-17 21:00:00+02:00,371.4,372.9,364.8,369.3,3074.3426
2025-10-17 22:00:00+02:00,369.4,373.5,366.1,372.9,2471.5177
2025-10-17 23:00:00+02:00,372.9,387.7,372.1,382.7,4951.5103
2025-10-18 00:00:00+02:00,382.8,383.3,376.7,380.9,3752.6476
2025-10-18 01:00:00+02:00,380.9,386.2,379.3,382.8,3167.2454
2025-10-18 02:00:00+02:00,383.0,401.1,379.7,392.0,7059.6355
2025-10-18 03:00:00+02:00,392.1,410.9,392.0,409.2,8113.7711
2025-10-18 04:00:00+02:00,409.3,413.0,399.7,403.2,4511.2219
2025-10-18 05:00:00+02:00,403.1,404.7,397.0,398.7,3971.9999
2025-10-18 06:00:00+02:00,398.6,403.2,392.4,392.6,4238.3393
2025-10-18 07:00:00+02:00,392.5,398.0,390.0,395.4,3274.4256
2025-10-18 08:00:00+02:00,395.4,402.2,393.7,398.1,3493.979
2025-10-18 09:00:00+02:00,398.1,407.7,395.0,396.3,4670.6102
2025-10-18 10:00:00+02:00,396.4,399.6,394.3,394.5,2431.2883
2025-10-18 11:00:00+02:00,394.4,399.3,393.0,398.9,2511.492
2025-10-18 12:00:00+02:00,399.1,400.5,396.0,399.8,2785.8439
2025-10-18 13:00:00+02:00,399.8,402.0,393.8,399.1,2386.1282
2025-10-18 14:00:00+02:00,399.1,399.3,388.6,388.6,4352.9269
2025-10-18 15:00:00+02:00,388.6,388.9,384.9,386.9,3542.0071
2025-10-18 16:00:00+02:00,386.9,392.6,384.7,391.7,2537.2195
2025-10-18 17:00:00+02:00,391.6,393.1,387.3,391.2,1642.8176
2025-10-18 18:00:00+02:00,391.2,392.6,383.6,388.4,3546.5871
2025-10-18 19:00:00+02:00,388.3,400.8,386.2,399.8,4117.6347
2025-10-18 20:00:00+02:00,400.0,401.8,393.1,394.1,3303.2662
2025-10-18 21:00:00+02:00,393.8,396.3,391.3,394.0,1692.6504
2025-10-18 22:00:00+02:00,394.0,399.0,392.6,394.8,2415.7728
2025-10-18 23:00:00+02:00,394.8,399.5,391.9,399.2,2111.3974
2025-10-19 00:00:00+02:00,399.2,400.0,396.1,398.2,2261.3416
2025-10-19 01:00:00+02:00,398.1,402.7,397.4,400.2,2918.5741
2025-10-19 02:00:00+02:00,400.1,406.7,396.9,406.4,3400.7183
2025-10-19 03:00:00+02:00,406.3,408.9,397.9,404.6,4382.6911
2025-10-19 04:00:00+02:00,404.6,404.9,399.4,402.7,2261.3285
2025-10-19 05:00:00+02:00,402.7,411.3,401.2,408.9,2873.4619
2025-10-19 06:00:00+02:00,408.8,409.9,401.8,403.1,2305.4939
2025-10-19 07:00:00+02:00,403.0,413.8,402.4,404.7,4120.324
2025-10-19 08:00:00+02:00,404.7,406.5,397.5,398.0,3623.5615
2025-10-19 09:00:00+02:00,398.0,407.6,397.7,404.7,2729.3172
2025-10-19 10:00:00+02:00,404.7,411.3,402.1,405.0,5283.9613
2025-10-19 11:00:00+02:00,405.1,414.4,394.5,413.4,7643.0575
2025-10-19 12:00:00+02:00,413.4,431.5,412.2,430.4,13410.0283
2025-10-19 13:00:00+02:00,430.3,445.1,427.9,440.6,12579.7478
2025-10-19 14:00:00+02:00,440.6,448.9,434.6,448.5,9350.4566
2025-10-19 15:00:00+02:00,448.5,459.8,445.5,457.2,11226.944
2025-10-19 16:00:00+02:00,457.5,459.6,451.2,454.3,8894.6949
2025-10-19 17:00:00+02:00,454.2,455.6,445.6,454.0,7660.5126
2025-10-19 18:00:00+02:00,454.2,457.0,445.5,450.2,9480.7904
2025-10-19 19:00:00+02:00,450.2,455.4,436.6,441.2,8064.3406
2025-10-19 20:00:00+02:00,441.2,447.2,441.2,445.4,4106.5102
2025-10-19 21:00:00+02:00,445.2,445.9,434.8,436.6,4615.6826
2025-10-19 22:00:00+02:00,436.5,443.1,436.5,441.0,2178.5677
2025-10-19 23:00:00+02:00,441.0,444.7,435.9,443.1,4414.7422
2025-10-20 00:00:00+02:00,443.4,446.0,441.7,445.1,2084.3527
2025-10-20 01:00:00+02:00,445.0,445.1,437.8,439.0,2748.7408
2025-10-20 02:00:00+02:00,438.8,439.7,430.1,436.7,6395.2035
2025-10-20 03:00:00+02:00,436.6,439.0,432.1,433.1,2153.0459
2025-10-20 04:00:00+02:00,433.0,433.0,426.4,430.1,3728.7254
2025-10-20 05:00:00+02:00,430.1,437.4,427.2,435.0,2928.9339
2025-10-20 06:00:00+02:00,435.2,448.7,434.8,447.1,4899.7834
2025-10-20 07:00:00+02:00,447.1,454.7,443.7,454.7,6609.8848
2025-10-20 08:00:00+02:00,454.8,456.5,447.8,451.5,4652.5988
2025-10-20 09:00:00+02:00,451.4,451.4,439.9,441.5,7967.553
2025-10-20 10:00:00+02:00,441.6,444.8,438.5,440.1,3844.7228
2025-10-20 11:00:00+02:00,440.3,440.8,433.2,437.6,3937.1656
2025-10-20 12:00:00+02:00,437.7,438.3,432.2,436.1,3983.5472
2025-10-20 13:00:00+02:00,435.9,438.9,433.9,438.0,2552.0865
2025-10-20 14:00:00+02:00,438.2,442.3,434.7,438.5,5599.468
2025-10-20 15:00:00+02:00,438.5,447.7,435.8,443.4,6664.8309
2025-10-20 16:00:00+02:00,443.6,444.2,432.4,438.8,6363.4331
2025-10-20 17:00:00+02:00,439.1,441.8,434.5,435.2,4806.9742
2025-10-20 18:00:00+02:00,435.1,435.4,426.6,431.4,7155.2724
2025-10-20 19:00:00+02:00,431.7,434.9,425.3,428.7,3600.1001
2025-10-20 20:00:00+02:00,428.8,429.8,418.3,424.6,4747.5079
2025-10-20 21:00:00+02:00,424.6,425.0,420.5,422.4,2954.2693
2025-10-20 22:00:00+02:00,422.3,426.1,420.3,424.9,2102.2743
2025-10-20 23:00:00+02:00,424.9,428.5,423.1,424.4,1940.0242
2025-10-21 00:00:00+02:00,424.4,427.8,422.3,427.2,2097.6975
2025-10-21 01:00:00+02:00,426.9,426.9,422.8,422.9,780.5521
2025-10-21 02:00:00+02:00,423.0,428.4,420.3,425.3,2164.3758
2025-10-21 03:00:00+02:00,425.2,427.1,422.5,424.8,1511.1361
2025-10-21 04:00:00+02:00,425.0,425.9,411.2,414.0,6736.3134
2025-10-21 05:00:00+02:00,414.1,418.2,413.2,415.7,2560.3869
2025-10-21 06:00:00+02:00,415.7,416.2,405.7,407.4,6331.186
2025-10-21 07:00:00+02:00,407.6,411.7,403.5,407.0,4516.2824
2025-10-21 08:00:00+02:00,407.2,409.6,402.8,408.9,4255.4353
2025-10-21 09:00:00+02:00,408.8,413.6,405.7,413.6,2387.8222
2025-10-21 10:00:00+02:00,413.4,413.5,405.6,407.0,2140.7256
2025-10-21 11:00:00+02:00,407.0,407.8,403.8,404.6,1290.1652
2025-10-21 12:00:00+02:00,404.7,405.6,398.5,402.0,5373.0023
2025-10-21 13:00:00+02:00,401.9,405.1,401.2,403.7,1498.7312
2025-10-21 14:00:00+02:00,403.7,409.2,400.6,401.1,4913.3818
2025-10-21 15:00:00+02:00,401.1,405.0,396.5,399.3,5407.4566
2025-10-21 16:00:00+02:00,399.3,421.7,399.1,421.5,11013.8971
2025-10-21 17:00:00+02:00,421.3,424.8,414.7,423.1,11432.356
2025-10-21 18:00:00+02:00,422.9,434.6,413.6,416.2,15233.7241
2025-10-21 19:00:00+02:00,416.5,418.7,403.6,408.0,12093.4858
2025-10-21 20:00:00+02:00,408.2,410.8,402.7,407.3,4085.0281
2025-10-21 21:00:00+02:00,407.3,408.2,404.3,405.0,3013.2563
2025-10-21 22:00:00+02:00,405.0,405.9,395.6,398.1,4431.4729
2025-10-21 23:00:00+02:00,398.0,401.5,388.1,396.9,4828.4273
2025-10-22 00:00:00+02:00,396.9,397.7,386.9,388.7,5925.9807
2025-10-22 01:00:00+02:00,388.7,390.5,380.4,382.2,4255.0434
2025-10-22 02:00:00+02:00,382.2,382.2,377.4,378.1,3439.0537
2025-10-22 03:00:00+02:00,378.1,386.7,377.6,384.6,2356.9331
2025-10-22 04:00:00+02:00,384.7,389.2,383.9,388.1,2188.652
2025-10-22 05:00:00+02:00,388.2,390.9,385.2,390.6,2154.464
2025-10-22 06:00:00+02:00,390.5,393.4,389.7,390.2,2269.5715
2025-10-22 07:00:00+02:00,390.1,390.1,381.6,388.0,4881.8657
2025-10-22 08:00:00+02:00,387.9,389.6,386.4,388.5,1463.9276
2025-10-22 09:00:00+02:00,388.4,430.0,386.0,399.4,10641.5674
2025-10-22 10:00:00+02:00,399.3,399.3,391.2,392.4,4152.7813
2025-10-22 11:00:00+02:00,392.4,392.9,382.5,383.5,11148.2433
2025-10-22 12:00:00+02:00,383.6,390.0,382.6,385.1,4221.9482
2025-10-22 13:00:00+02:00,385.3,394.4,381.1,390.5,4851.6183
2025-10-22 14:00:00+02:00,390.4,392.3,388.0,389.5,2222.3735
2025-10-22 15:00:00+02:00,389.6,395.0,387.8,394.1,3590.6542
2025-10-22 16:00:00+02:00,394.2,397.6,387.6,397.6,5368.8453
2025-10-22 17:00:00+02:00,397.6,399.3,388.8,394.5,4862.0822
2025-10-22 18:00:00+02:00,394.5,396.9,390.4,392.0,2621.5046
2025-10-22 19:00:00+02:00,391.9,393.8,386.4,388.2,3673.1502
2025-10-22 20:00:00+02:00,388.1,391.0,385.7,388.9,2094.1212
2025-10-22 21:00:00+02:00,388.9,393.0,384.0,388.6,3849.4281
2025-10-22 22:00:00+02:00,388.4,389.0,380.6,381.0,3299.7742
2025-10-22 23:00:00+02:00,381.0,381.1,366.5,377.6,10061.5928
2025-10-23 00:00:00+02:00,377.5,382.0,373.8,375.3,3382.86
2025-10-23 01:00:00+02:00,375.3,384.7,375.3,380.7,2734.1685
2025-10-23 02:00:00+02:00,380.7,382.1,376.7,377.1,1470.4305
2025-10-23 03:00:00+02:00,377.0,379.9,374.2,377.3,1957.7156
2025-10-23 04:00:00+02:00,377.3,381.3,376.7,379.0,1188.8591
2025-10-23 05:00:00+02:00,379.0,383.5,378.7,382.0,1614.5266
2025-10-23 06:00:00+02:00,382.0,387.2,381.2,386.0,2948.6464
2025-10-23 07:00:00+02:00,386.1,392.7,383.4,386.4,2321.0273
2025-10-23 08:00:00+02:00,386.5,397.1,383.6,395.1,6301.0205
2025-10-23 09:00:00+02:00,395.2,395.2,387.3,387.6,4079.2169
2025-10-23 10:00:00+02:00,387.6,391.3,386.8,390.4,1811.9555
2025-10-23 11:00:00+02:00,390.5,390.6,388.2,390.0,1279.0502
2025-10-23 12:00:00+02:00,390.0,391.4,387.7,388.3,1766.4943
2025-10-23 13:00:00+02:00,388.3,388.9,370.5,375.9,6672.8012
2025-10-23 14:00:00+02:00,375.5,380.1,372.2,377.5,2716.4925
2025-10-23 15:00:00+02:00,377.4,381.2,375.4,379.5,2216.4033
2025-10-23 16:00:00+02:00,379.5,384.6,373.9,384.5,6726.3939
2025-10-23 17:00:00+02:00,384.5,396.4,382.0,390.2,8167.334
2025-10-23 18:00:00+02:00,390.2,391.0,383.5,388.0,7395.8604
2025-10-23 19:00:00+02:00,388.1,393.8,382.9,390.2,5118.9089
2025-10-23 20:00:00+02:00,390.3,390.7,384.7,385.8,2266.6165
2025-10-23 21:00:00+02:00,385.9,388.1,383.3,386.1,2691.0268
2025-10-23 22:00:00+02:00,386.0,386.4,379.6,381.0,4000.4408
2025-10-23 23:00:00+02:00,381.0,384.2,380.2,382.8,2463.6078
2025-10-24 00:00:00+02:00,382.6,386.2,382.4,384.7,1340.5705
2025-10-24 01:00:00+02:00,384.6,387.4,383.6,386.3,698.7402
2025-10-24 02:00:00+02:00,386.3,388.2,384.9,386.3,1296.811
2025-10-24 03:00:00+02:00,386.3,389.8,384.4,387.8,1772.9247
2025-10-24 04:00:00+02:00,387.9,391.5,386.4,391.2,997.5154
2025-10-24 05:00:00+02:00,390.9,392.4,388.5,389.6,1517.8937
2025-10-24 06:00:00+02:00,389.4,396.1,388.6,394.1,1917.624
2025-10-24 07:00:00+02:00,393.6,395.7,391.8,395.3,1243.2241
2025-10-24 08:00:00+02:00,395.2,397.7,394.4,397.3,3040.4143
2025-10-24 09:00:00+02:00,397.5,398.3,394.1,395.6,1532.7154
2025-10-24 10:00:00+02:00,395.7,402.5,390.6,398.7,4046.6629
2025-10-24 11:00:00+02:00,398.6,399.2,390.1,390.8,3495.4224
2025-10-24 12:00:00+02:00,390.5,391.8,388.9,389.3,1406.3018
2025-10-24 13:00:00+02:00,389.4,389.4,384.3,389.0,3325.0621
2025-10-24 14:00:00+02:00,389.0,400.0,388.4,395.1,7545.397
2025-10-24 15:00:00+02:00,395.2,396.3,386.9,391.2,4505.7067
2025-10-24 16:00:00+02:00,391.2,391.2,381.3,382.2,3538.2647
2025-10-24 17:00:00+02:00,382.4,386.9,379.8,381.4,5224.9058
2025-10-24 18:00:00+02:00,381.4,382.3,377.9,381.1,2847.899
2025-10-24 19:00:00+02:00,381.2,386.0,381.1,383.0,1437.8497
2025-10-24 20:00:00+02:00,383.0,388.9,382.2,388.9,1759.0645
2025-10-24 21:00:00+02:00,388.8,391.9,387.8,388.7,4155.8127
2025-10-24 22:00:00+02:00,388.6,391.8,387.4,389.8,1279.919
2025-10-24 23:00:00+02:00,389.9,390.2,382.3,389.1,3542.4059
2025-10-25 00:00:00+02:00,389.0,389.2,385.3,386.9,1184.0163
2025-10-25 01:00:00+02:00,386.8,387.3,384.7,385.2,553.899
2025-10-25 02:00:00+02:00,385.2,385.2,380.5,381.1,1958.8178
2025-10-25 03:00:00+02:00,381.2,385.0,380.7,382.1,1120.8126
2025-10-25 04:00:00+02:00,382.1,382.6,381.0,381.2,561.277
2025-10-25 05:00:00+02:00,381.1,381.2,378.8,379.7,678.3499
2025-10-25 06:00:00+02:00,379.6,382.7,379.6,381.9,568.3701
2025-10-25 07:00:00+02:00,381.8,383.3,380.4,383.2,554.8678
2025-10-25 08:00:00+02:00,383.3,385.2,382.6,384.2,533.4972
2025-10-25 09:00:00+02:00,384.2,387.6,383.4,384.4,1873.8634
2025-10-25 10:00:00+02:00,384.4,391.5,384.2,391.2,3191.4231
2025-10-25 11:00:00+02:00,391.1,391.5,385.6,386.7,1494.0948
2025-10-25 12:00:00+02:00,386.7,390.3,385.1,387.1,2262.223
2025-10-25 13:00:00+02:00,387.0,389.6,386.1,386.8,792.3459
2025-10-25 14:00:00+02:00,386.6,391.0,386.6,390.5,619.3529
2025-10-25 15:00:00+02:00,390.4,390.6,381.0,390.2,3940.2734
2025-10-25 16:00:00+02:00,390.2,391.8,386.1,389.6,4295.6553
2025-10-25 17:00:00+02:00,389.5,389.5,386.2,386.8,788.7221
2025-10-25 18:00:00+02:00,386.8,387.1,384.6,385.6,1410.7689
2025-10-25 19:00:00+02:00,385.5,389.7,385.3,388.2,1719.3447
2025-10-25 20:00:00+02:00,388.1,392.0,387.0,390.1,1744.6057
2025-10-25 21:00:00+02:00,389.9,390.5,388.1,390.5,670.5736
2025-10-25 22:00:00+02:00,390.4,391.3,387.1,389.0,933.8483
2025-10-25 23:00:00+02:00,389.0,391.3,388.3,390.6,747.4493
2025-10-26 00:00:00+02:00,390.4,396.1,389.0,394.4,2860.3795
2025-10-26 01:00:00+02:00,394.4,399.0,393.7,396.5,2931.8783
2025-10-26 02:00:00+02:00,396.4,406.2,393.7,404.4,3792.3499
2025-10-26 02:00:00+01:00,404.5,404.9,394.1,395.8,3105.0519
2025-10-26 03:00:00+01:00,395.9,395.9,389.7,391.5,2279.4102
2025-10-26 04:00:00+01:00,391.3,392.8,388.7,389.4,1088.6116
2025-10-26 05:00:00+01:00,389.4,392.2,389.0,391.5,998.2147
2025-10-26 06:00:00+01:00,391.8,395.4,391.4,394.9,1394.1508
2025-10-26 07:00:00+01:00,395.0,396.3,392.0,394.5,1328.6064
2025-10-26 08:00:00+01:00,394.4,395.2,389.3,393.4,1648.4918
2025-10-26 09:00:00+01:00,393.2,396.5,392.4,393.1,1084.0609
2025-10-26 10:00:00+01:00,393.0,399.8,391.4,397.3,3282.0912
2025-10-26 11:00:00+01:00,397.2,399.2,393.7,397.7,3199.8319
2025-10-26 12:00:00+01:00,397.6,419.8,397.6,419.5,7581.1368
2025-10-26 13:00:00+01:00,419.5,424.1,414.5,416.2,9572.6723
2025-10-26 14:00:00+01:00,416.4,417.2,408.8,411.2,7668.4663
2025-10-26 15:00:00+01:00,411.4,416.2,408.9,410.0,4256.4762
2025-10-26 16:00:00+01:00,410.0,412.8,406.1,412.5,4671.582
2025-10-26 17:00:00+01:00,412.4,413.1,408.3,409.0,2149.3645
2025-10-26 18:00:00+01:00,408.8,411.5,407.7,409.6,1781.6673
2025-10-26 19:00:00+01:00,409.6,410.9,405.3,406.1,1642.9869
2025-10-26 20:00:00+01:00,406.2,406.6,402.1,404.9,3338.7239
2025-10-26 21:00:00+01:00,404.7,404.7,399.9,400.0,3010.3568
2025-10-26 22:00:00+01:00,400.0,403.7,396.6,403.7,2774.4427
2025-10-26 23:00:00+01:00,403.8,412.4,402.7,407.2,4678.551
2025-10-27 00:00:00+01:00,406.7,408.2,403.6,404.7,2242.8761
2025-10-27 01:00:00+01:00,404.9,406.9,401.1,402.3,2238.0021
2025-10-27 02:00:00+01:00,402.2,407.6,399.9,406.7,2566.2669
2025-10-27 03:00:00+01:00,406.6,417.4,406.6,409.3,4284.8764
2025-10-27 04:00:00+01:00,409.1,412.5,406.2,409.8,2128.5401
2025-10-27 05:00:00+01:00,410.0,419.9,409.6,415.7,3285.1727
2025-10-27 06:00:00+01:00,416.0,417.7,409.7,411.0,1801.6229
2025-10-27 07:00:00+01:00,410.9,417.4,406.7,416.3,3665.1253
2025-10-27 08:00:00+01:00,416.3,418.5,403.6,406.6,4177.6483
2025-10-27 09:00:00+01:00,406.5,410.2,402.0,403.9,2631.836
2025-10-27 10:00:00+01:00,403.8,403.8,398.4,400.4,3289.5782
2025-10-27 11:00:00+01:00,400.4,403.6,398.8,400.9,1555.088
2025-10-27 12:00:00+01:00,401.0,403.6,398.9,402.3,3610.4748
2025-10-27 13:00:00+01:00,402.4,403.6,399.7,400.4,1804.6852
2025-10-27 14:00:00+01:00,400.5,417.2,400.5,413.8,8662.0059
2025-10-27 15:00:00+01:00,413.8,414.7,400.9,408.0,4528.545
2025-10-27 16:00:00+01:00,408.0,415.3,408.0,414.3,3004.4668
2025-10-27 17:00:00+01:00,414.2,423.4,411.9,417.4,7095.3833
2025-10-27 18:00:00+01:00,417.4,419.3,413.3,419.2,2704.3247
2025-10-27 19:00:00+01:00,419.2,419.2,412.3,414.8,2387.3042
2025-10-27 20:00:00+01:00,414.8,414.9,407.8,408.6,3083.7294
2025-10-27 21:00:00+01:00,408.6,409.1,403.7,405.5,4604.6059
2025-10-27 22:00:00+01:00,405.5,413.4,405.4,411.9,2602.6783
2025-10-27 23:00:00+01:00,412.0,416.1,409.5,412.7,2917.2027
2025-10-28 00:00:00+01:00,412.8,416.7,409.2,415.2,2934.1929
2025-10-28 01:00:00+01:00,415.1,422.1,414.8,419.5,6071.567
2025-10-28 02:00:00+01:00,419.5,423.2,413.0,414.8,5488.1376
2025-10-28 03:00:00+01:00,414.6,415.7,405.0,407.9,3355.9419
2025-10-28 04:00:00+01:00,407.7,420.9,407.2,420.4,3091.1154
2025-10-28 05:00:00+01:00,420.3,423.4,417.6,421.6,2496.3635
2025-10-28 06:00:00+01:00,421.4,423.0,408.7,411.0,2930.1874
2025-10-28 07:00:00+01:00,411.0,421.1,410.3,418.5,3102.2996
2025-10-28 08:00:00+01:00,418.7,427.6,415.8,422.8,5430.6598
2025-10-28 09:00:00+01:00,422.9,439.7,421.3,433.8,7415.8656
2025-10-28 10:00:00+01:00,433.8,447.9,433.6,443.6,7824.7357
2025-10-28 11:00:00+01:00,443.6,449.9,440.3,445.5,6313.8734
2025-10-28 12:00:00+01:00,445.6,449.1,441.1,444.1,4474.779
2025-10-28 13:00:00+01:00,443.9,453.6,439.9,448.6,5454.8433
2025-10-28 14:00:00+01:00,448.5,459.7,448.5,451.3,8723.0194
2025-10-28 15:00:00+01:00,451.4,455.0,434.0,443.9,10904.612
2025-10-28 16:00:00+01:00,443.9,450.5,438.5,447.0,7084.1279
2025-10-28 17:00:00+01:00,447.2,452.3,445.2,450.1,5474.9157
2025-10-28 18:00:00+01:00,450.3,450.6,442.7,446.5,2103.5073
2025-10-28 19:00:00+01:00,446.2,450.5,440.1,445.2,3923.5312
2025-10-28 20:00:00+01:00,445.3,446.2,432.2,434.4,6965.1685
2025-10-28 21:00:00+01:00,434.4,434.9,422.9,423.9,9190.6055
2025-10-28 22:00:00+01:00,423.5,437.2,422.0,430.9,4913.772
2025-10-28 23:00:00+01:00,430.7,437.2,428.0,434.9,2366.8443
2025-10-29 00:00:00+01:00,434.9,434.9,430.1,432.5,1569.7588
2025-10-29 01:00:00+01:00,432.3,435.2,428.4,429.2,1373.2405
2025-10-29 02:00:00+01:00,429.1,434.1,427.4,429.2,1839.0411
2025-10-29 03:00:00+01:00,429.0,431.8,425.3,425.7,1150.2833
2025-10-29 04:00:00+01:00,425.7,427.0,423.1,424.7,1655.36
2025-10-29 05:00:00+01:00,424.6,434.2,423.9,433.2,1594.8943
2025-10-29 06:00:00+01:00,433.3,439.4,431.2,435.6,3705.7127
2025-10-29 07:00:00+01:00,435.5,437.7,432.8,435.2,3374.7455
2025-10-29 08:00:00+01:00,435.2,435.4,427.0,429.9,2217.0386
2025-10-29 09:00:00+01:00,429.9,429.9,415.4,418.1,5976.2298
2025-10-29 10:00:00+01:00,418.0,422.1,416.5,419.8,2464.5149
2025-10-29 11:00:00+01:00,420.0,424.7,419.1,421.8,3203.1875
2025-10-29 12:00:00+01:00,421.7,429.8,419.4,428.5,3114.2739
2025-10-29 13:00:00+01:00,428.2,429.3,424.7,425.2,1228.7604
2025-10-29 14:00:00+01:00,425.6,431.1,422.5,426.7,3154.5798
2025-10-29 15:00:00+01:00,427.1,430.2,424.0,428.1,2324.4785
2025-10-29 16:00:00+01:00,428.4,428.6,421.7,425.2,3305.4642
2025-10-29 17:00:00+01:00,425.3,436.8,423.8,428.1,4699.6641
2025-10-29 18:00:00+01:00,427.8,434.1,420.0,432.3,4907.4192
2025-10-29 19:00:00+01:00,432.3,435.2,410.7,427.9,14616.1648
2025-10-29 20:00:00+01:00,428.1,436.1,426.7,433.9,6490.2201
2025-10-29 21:00:00+01:00,433.9,446.3,427.9,443.4,7366.639
2025-10-29 22:00:00+01:00,443.5,451.0,441.5,449.9,5993.0364
2025-10-29 23:00:00+01:00,449.9,450.6,441.3,443.3,3060.6633
2025-10-30 00:00:00+01:00,443.2,450.3,437.1,441.2,4007.1322
2025-10-30 01:00:00+01:00,441.2,450.2,436.0,450.2,4297.0161
2025-10-30 02:00:00+01:00,450.2,455.5,444.2,448.2,4035.3542
2025-10-30 03:00:00+01:00,448.2,453.7,445.4,449.6,2333.5329
2025-10-30 04:00:00+01:00,449.6,449.6,443.5,448.4,2448.0414
2025-10-30 05:00:00+01:00,448.2,448.3,433.0,439.6,8484.6326
2025-10-30 06:00:00+01:00,439.6,448.3,436.3,445.3,5042.2069
2025-10-30 07:00:00+01:00,445.2,447.4,441.1,442.2,2833.7805
2025-10-30 08:00:00+01:00,442.3,454.1,442.0,449.2,3295.8689
2025-10-30 09:00:00+01:00,449.1,450.7,440.6,441.2,3419.3335
2025-10-30 10:00:00+01:00,441.1,441.9,428.6,430.3,9842.406
2025-10-30 11:00:00+01:00,430.2,436.3,428.5,432.6,5253.1946
2025-10-30 12:00:00+01:00,432.5,432.9,425.2,425.7,2657.8384
2025-10-30 13:00:00+01:00,425.7,429.5,421.2,424.1,4643.3556
2025-10-30 14:00:00+01:00,423.9,427.5,406.6,415.7,10158.0665
2025-10-30 15:00:00+01:00,416.0,420.8,411.8,418.8,4156.9122
2025-10-30 16:00:00+01:00,418.6,419.3,411.2,412.0,2939.2838
2025-10-30 17:00:00+01:00,412.0,415.7,408.9,415.7,3759.5965
2025-10-30 18:00:00+01:00,415.6,415.6,398.4,404.8,13441.8416
2025-10-30 19:00:00+01:00,404.9,405.7,396.2,396.5,6276.5423
2025-10-30 20:00:00+01:00,396.5,398.4,389.0,390.2,9241.9488
2025-10-30 21:00:00+01:00,389.9,405.2,388.7,404.1,8728.806
2025-10-30 22:00:00+01:00,403.9,405.5,399.0,405.1,4351.0978
2025-10-30 23:00:00+01:00,405.2,412.5,403.8,411.2,3482.5131
2025-10-31 00:00:00+01:00,411.2,416.2,409.1,414.6,4496.1023
2025-10-31 01:00:00+01:00,414.7,422.4,414.0,420.5,4800.0706
2025-10-31 02:00:00+01:00,420.4,425.0,416.2,418.6,3341.0371
2025-10-31 03:00:00+01:00,418.5,422.0,415.0,420.4,2544.5263
2025-10-31 04:00:00+01:00,420.5,425.9,418.4,424.4,2982.8943
2025-10-31 05:00:00+01:00,424.3,438.0,423.1,438.0,4154.923
2025-10-31 06:00:00+01:00,437.9,441.9,434.2,436.6,4173.1776
2025-10-31 07:00:00+01:00,436.5,438.0,430.9,433.5,4270.7472
2025-10-31 08:00:00+01:00,433.5,436.9,432.4,434.9,2485.3728
2025-10-31 09:00:00+01:00,434.8,442.2,434.1,441.8,3725.5022
2025-10-31 10:00:00+01:00,441.8,443.4,436.3,437.2,3091.3787
2025-10-31 11:00:00+01:00,437.2,439.7,433.3,433.9,2295.283
2025-10-31 12:00:00+01:00,434.1,436.9,430.5,436.1,3614.4261
2025-10-31 13:00:00+01:00,435.9,447.4,435.0,442.8,7271.5198
2025-10-31 14:00:00+01:00,443.0,473.0,443.0,467.7,15755.2368
2025-10-31 15:00:00+01:00,468.0,490.0,464.2,482.2,25441.526
2025-10-31 16:00:00+01:00,482.1,493.2,467.9,484.9,19712.3856
2025-10-31 17:00:00+01:00,485.0,489.3,473.5,474.6,12126.6289
2025-10-31 18:00:00+01:00,474.9,493.7,473.1,487.2,11374.4354
2025-10-31 19:00:00+01:00,487.2,495.4,480.1,482.9,6915.3736
2025-10-31 20:00:00+01:00,482.8,488.6,478.2,485.5,5905.7343
2025-10-31 21:00:00+01:00,485.3,488.7,478.9,479.7,3708.9319
2025-10-31 22:00:00+01:00,479.5,483.9,472.6,478.9,6409.5743
2025-10-31 23:00:00+01:00,479.1,490.9,479.1,484.7,6597.5329
2025-11-01 00:00:00+01:00,484.5,486.4,480.6,480.7,1503.2713
2025-11-01 01:00:00+01:00,481.0,489.4,480.1,485.9,2584.5336
2025-11-01 02:00:00+01:00,486.4,496.3,484.7,493.0,6840.4119
2025-11-01 03:00:00+01:00,493.0,512.0,485.3,511.6,7740.0226
2025-11-01 04:00:00+01:00,511.7,519.5,506.0,516.2,10030.091
2025-11-01 05:00:00+01:00,516.1,523.0,513.7,515.6,5568.2249
2025-11-01 06:00:00+01:00,515.7,533.7,515.4,528.0,6301.6661
2025-11-01 07:00:00+01:00,527.9,539.0,523.1,524.9,7613.4336
2025-11-01 08:00:00+01:00,525.0,535.7,517.2,526.0,7180.7112
2025-11-01 09:00:00+01:00,525.5,528.8,517.5,526.8,4116.143
2025-11-01 10:00:00+01:00,526.9,537.3,525.8,527.8,5978.5277
2025-11-01 11:00:00+01:00,528.3,530.0,521.8,523.7,5394.2405
2025-11-01 12:00:00+01:00,523.5,530.7,522.8,530.1,10150.7456
2025-11-01 13:00:00+01:00,530.0,531.2,517.7,520.8,4120.3831
2025-11-01 14:00:00+01:00,521.2,526.9,494.1,510.9,9059.5424
2025-11-01 15:00:00+01:00,511.0,516.2,499.1,502.8,4955.1606
2025-11-01 16:00:00+01:00,502.8,509.3,486.2,500.9,7660.8187
2025-11-01 17:00:00+01:00,501.3,504.2,492.9,501.5,4085.4881
2025-11-01 18:00:00+01:00,501.4,505.9,495.3,505.5,4565.954
2025-11-01 19:00:00+01:00,505.3,508.5,502.3,507.9,2439.5046
2025-11-01 20:00:00+01:00,507.6,507.9,501.4,506.0,1859.6684
2025-11-01 21:00:00+01:00,506.0,509.0,504.2,506.6,2511.9584
2025-11-01 22:00:00+01:00,506.7,507.8,495.5,496.0,2791.269
2025-11-01 23:00:00+01:00,495.8,501.6,494.7,498.4,1464.2325
2025-11-02 00:00:00+01:00,498.5,500.5,496.4,497.1,1082.2184
2025-11-02 01:00:00+01:00,497.2,499.2,490.0,496.4,1871.8108
2025-11-02 02:00:00+01:00,496.3,507.1,496.3,502.5,2503.162
2025-11-02 03:00:00+01:00,502.3,502.6,494.6,496.8,2110.8981
2025-11-02 04:00:00+01:00,496.7,497.2,488.4,490.6,1975.8901
2025-11-02 05:00:00+01:00,490.4,495.0,489.6,493.8,734.5133
2025-11-02 06:00:00+01:00,493.7,493.7,482.3,488.8,3601.8857
2025-11-02 07:00:00+01:00,488.7,494.2,487.2,492.0,2293.1974
2025-11-02 08:00:00+01:00,492.0,515.9,491.5,515.9,5721.1449
2025-11-02 09:00:00+01:00,515.7,516.6,504.0,505.0,4196.0128
2025-11-02 10:00:00+01:00,504.9,508.8,502.5,505.5,2474.2809
2025-11-02 11:00:00+01:00,505.7,508.7,497.6,498.8,5075.404
2025-11-02 12:00:00+01:00,498.7,505.8,496.3,505.6,2198.5059
2025-11-02 13:00:00+01:00,505.5,507.2,499.6,502.8,2740.52
2025-11-02 14:00:00+01:00,503.1,503.5,492.7,499.3,4511.6096
2025-11-02 15:00:00+01:00,499.3,501.2,488.8,492.4,5054.8152
2025-11-02 16:00:00+01:00,492.5,496.7,485.9,486.8,6674.8295
2025-11-02 17:00:00+01:00,486.7,488.2,463.4,483.2,12891.5927
2025-11-02 18:00:00+01:00,483.4,488.0,482.4,488.0,2840.5125
2025-11-02 19:00:00+01:00,487.8,490.0,479.4,482.7,2977.1343
2025-11-02 20:00:00+01:00,482.6,484.0,476.3,480.0,3049.3105
2025-11-02 21:00:00+01:00,479.9,481.0,477.2,480.1,1266.6679
2025-11-02 22:00:00+01:00,479.9,485.6,477.4,482.4,1951.5456
2025-11-02 23:00:00+01:00,482.2,490.9,482.2,487.8,3705.8808
2025-11-03 00:00:00+01:00,488.0,492.8,486.0,489.1,2932.6653
2025-11-03 01:00:00+01:00,488.8,495.1,480.0,480.2,2708.5895
2025-11-03 02:00:00+01:00,480.1,484.8,478.8,478.9,1286.723
2025-11-03 03:00:00+01:00,478.9,479.9,472.1,476.5,5375.4164
2025-11-03 04:00:00+01:00,476.3,478.2,463.7,463.9,4042.0815
2025-11-03 05:00:00+01:00,464.2,474.5,460.1,474.1,6227.5343
2025-11-03 06:00:00+01:00,474.2,477.9,469.0,470.5,3952.6286
2025-11-03 07:00:00+01:00,470.5,474.1,465.4,470.3,3862.6512
2025-11-03 08:00:00+01:00,470.2,472.2,465.7,468.1,2057.499
2025-11-03 09:00:00+01:00,468.0,469.4,460.7,465.7,3436.4445
2025-11-03 10:00:00+01:00,465.7,471.4,456.8,459.2,4635.5856
2025-11-03 11:00:00+01:00,458.9,469.5,458.8,468.0,3632.9166
2025-11-03 12:00:00+01:00,467.9,478.1,467.8,477.8,3441.4185
2025-11-03 13:00:00+01:00,477.8,484.5,467.1,467.4,7198.6362
2025-11-03 14:00:00+01:00,467.5,470.9,463.3,467.4,3119.0261
2025-11-03 15:00:00+01:00,467.4,473.1,464.3,471.8,3742.0813
2025-11-03 16:00:00+01:00,471.8,474.4,446.0,464.9,18188.6608
2025-11-03 17:00:00+01:00,465.1,489.7,455.2,485.0,15089.4928
2025-11-03 18:00:00+01:00,484.9,504.1,482.3,487.4,12619.1566
2025-11-03 19:00:00+01:00,487.8,489.3,480.4,483.7,4991.7472
2025-11-03 20:00:00+01:00,483.6,486.0,475.6,478.8,5183.7068
2025-11-03 21:00:00+01:00,478.9,481.3,465.2,468.2,6186.2061
2025-11-03 22:00:00+01:00,468.1,473.8,460.2,470.7,8051.3265
2025-11-03 23:00:00+01:00,470.2,470.4,462.4,464.7,4713.6281
2025-11-04 00:00:00+01:00,464.4,467.5,460.9,466.5,3594.7343
2025-11-04 01:00:00+01:00,466.7,469.5,457.0,462.1,3627.224
2025-11-04 02:00:00+01:00,461.9,465.8,452.6,454.9,3446.0355
2025-11-04 03:00:00+01:00,454.8,459.0,446.6,446.9,4446.8616
2025-11-04 04:00:00+01:00,447.0,451.5,443.1,445.8,3001.669
2025-11-04 05:00:00+01:00,445.4,446.0,431.1,432.8,4578.7543
2025-11-04 06:00:00+01:00,432.7,443.4,424.7,426.6,9357.6486
2025-11-04 07:00:00+01:00,426.6,439.4,425.7,438.5,8391.3121
2025-11-04 08:00:00+01:00,438.4,439.0,426.3,427.9,5768.3165
2025-11-04 09:00:00+01:00,428.0,436.6,420.4,432.5,9592.9238
2025-11-04 10:00:00+01:00,432.6,435.0,427.3,429.7,3545.6322
2025-11-04 11:00:00+01:00,429.6,431.2,425.2,426.3,2988.9425
2025-11-04 12:00:00+01:00,426.1,434.2,422.3,426.2,6173.0217
2025-11-04 13:00:00+01:00,426.3,426.4,415.1,417.9,6189.6057
2025-11-04 14:00:00+01:00,417.9,418.6,405.2,409.6,9970.8293
2025-11-04 15:00:00+01:00,409.5,428.7,402.7,424.2,13192.8321
2025-11-04 16:00:00+01:00,424.2,427.7,405.3,408.3,10419.551
2025-11-04 17:00:00+01:00,408.2,410.6,390.2,394.8,10880.7748
2025-11-04 18:00:00+01:00,394.8,413.6,388.3,407.6,12963.3627
2025-11-04 19:00:00+01:00,407.5,407.7,391.8,403.9,10907.9127
2025-11-04 20:00:00+01:00,403.5,407.2,391.4,392.0,7420.449
2025-11-04 21:00:00+01:00,392.1,400.9,375.5,389.8,16585.8502
2025-11-04 22:00:00+01:00,389.9,394.7,372.7,393.7,13994.9235
2025-11-04 23:00:00+01:00,393.8,409.2,391.0,402.1,10902.585
2025-11-05 00:00:00+01:00,401.9,404.7,397.5,401.3,4745.9907
2025-11-05 01:00:00+01:00,401.3,402.2,385.9,387.2,5474.3608
2025-11-05 02:00:00+01:00,387.3,389.7,375.8,388.5,6968.4726
2025-11-05 03:00:00+01:00,388.6,393.6,384.9,392.5,5084.748
2025-11-05 04:00:00+01:00,392.2,397.0,390.1,393.6,3430.1186
2025-11-05 05:00:00+01:00,393.4,394.8,388.0,391.5,2653.5953
2025-11-05 06:00:00+01:00,391.4,393.4,389.5,390.4,1971.5142
2025-11-05 07:00:00+01:00,390.5,390.8,379.3,385.6,9991.9531
2025-11-05 08:00:00+01:00,385.7,385.9,380.0,382.9,2477.8043
2025-11-05 09:00:00+01:00,383.1,383.1,367.3,372.7,7125.1252
2025-11-05 10:00:00+01:00,372.8,380.4,369.5,379.1,3293.2299
2025-11-05 11:00:00+01:00,379.1,385.0,372.1,372.7,4624.5721
2025-11-05 12:00:00+01:00,372.7,383.1,372.7,381.4,3079.4936
2025-11-05 13:00:00+01:00,381.4,392.1,378.4,392.0,6848.5054
2025-11-05 14:00:00+01:00,391.9,394.7,385.0,393.5,5154.1445
2025-11-05 15:00:00+01:00,393.4,396.9,386.6,395.0,7388.3511
2025-11-05 16:00:00+01:00,395.1,404.5,392.3,404.0,7124.6761
2025-11-05 17:00:00+01:00,404.0,405.9,394.4,401.3,8236.7315
2025-11-05 18:00:00+01:00,401.1,401.2,392.0,393.5,4729.4512
2025-11-05 19:00:00+01:00,393.5,400.3,390.7,398.5,3634.7279
2025-11-05 20:00:00+01:00,398.4,403.5,394.5,397.4,4487.8252
2025-11-05 21:00:00+01:00,397.3,401.2,393.1,395.6,2997.6618
2025-11-05 22:00:00+01:00,395.4,395.4,382.1,386.9,5609.7856
2025-11-05 23:00:00+01:00,386.8,388.4,380.4,387.8,3335.3335
2025-11-06 00:00:00+01:00,387.9,388.0,381.8,384.0,2348.9603
2025-11-06 01:00:00+01:00,384.0,386.5,378.1,383.3,3201.9358
2025-11-06 02:00:00+01:00,383.3,383.3,374.7,378.3,2786.1021
2025-11-06 03:00:00+01:00,378.1,386.8,375.4,386.1,2284.438
2025-11-06 04:00:00+01:00,386.0,389.8,385.0,388.0,2337.11
2025-11-06 05:00:00+01:00,388.4,396.8,388.1,392.5,2621.2131
2025-11-06 06:00:00+01:00,392.4,394.6,386.0,388.0,2809.916
2025-11-06 07:00:00+01:00,388.1,389.0,383.3,385.2,2119.2121
2025-11-06 08:00:00+01:00,385.2,387.1,380.4,381.8,2181.2717
2025-11-06 09:00:00+01:00,381.7,384.9,378.3,381.7,1616.6699
2025-11-06 10:00:00+01:00,381.7,382.6,376.2,376.6,1595.5495
2025-11-06 11:00:00+01:00,376.6,377.5,369.4,373.6,5537.6494
2025-11-06 12:00:00+01:00,373.5,381.0,369.9,379.6,1874.0917
2025-11-06 13:00:00+01:00,379.5,379.9,373.6,374.9,2090.4166
2025-11-06 14:00:00+01:00,374.7,385.6,372.1,383.0,6201.2897
2025-11-06 15:00:00+01:00,383.2,393.6,379.2,388.6,9303.9295
2025-11-06 16:00:00+01:00,388.7,398.7,386.7,391.0,11455.0452
2025-11-06 17:00:00+01:00,391.1,395.5,385.2,392.5,5802.0362
2025-11-06 18:00:00+01:00,392.7,411.5,390.2,410.2,9021.1552
2025-11-06 19:00:00+01:00,410.1,410.6,395.1,398.2,6735.3191
2025-11-06 20:00:00+01:00,398.0,402.1,392.0,397.0,4594.1626
2025-11-06 21:00:00+01:00,397.0,399.8,387.6,390.3,5253.8938
2025-11-06 22:00:00+01:00,390.3,397.6,387.0,396.1,3537.3561
2025-11-06 23:00:00+01:00,396.2,399.0,387.8,393.0,2776.8142
2025-11-07 00:00:00+01:00,392.4,393.7,387.2,391.7,2589.1987
2025-11-07 01:00:00+01:00,391.9,398.3,387.9,395.4,3199.6055
2025-11-07 02:00:00+01:00,395.6,397.1,381.1,388.5,5075.932
2025-11-07 03:00:00+01:00,388.3,395.7,386.4,394.0,2413.273
2025-11-07 04:00:00+01:00,394.2,397.2,392.9,393.8,1479.8902
2025-11-07 05:00:00+01:00,393.8,394.6,381.6,384.7,3276.3705
2025-11-07 06:00:00+01:00,384.6,394.0,384.1,393.5,2793.3342
2025-11-07 07:00:00+01:00,393.3,395.0,387.8,389.2,1757.8063
2025-11-07 08:00:00+01:00,389.4,393.1,384.1,387.6,2475.9064
2025-11-07 09:00:00+01:00,387.6,388.4,381.3,383.0,2464.1746
2025-11-07 10:00:00+01:00,383.0,383.6,371.6,373.5,4028.3953
2025-11-07 11:00:00+01:00,373.6,380.5,371.6,379.1,3322.5441
2025-11-07 12:00:00+01:00,379.2,379.3,352.2,356.0,15738.5205
2025-11-07 13:00:00+01:00,356.0,359.0,347.5,353.5,7790.3676
2025-11-07 14:00:00+01:00,353.4,359.2,350.2,356.0,3612.2938
2025-11-07 15:00:00+01:00,355.6,366.8,350.8,365.9,6293.1506
2025-11-07 16:00:00+01:00,365.9,377.8,360.0,373.8,8155.3968
2025-11-07 17:00:00+01:00,373.9,377.2,366.5,376.7,11029.1235
2025-11-07 18:00:00+01:00,376.6,389.9,373.3,387.0,10340.3879
2025-11-07 19:00:00+01:00,387.2,417.3,386.6,403.7,22136.659
2025-11-07 20:00:00+01:00,403.8,410.1,397.6,408.4,12281.9637
2025-11-07 21:00:00+01:00,408.3,413.4,402.3,407.2,11270.755
2025-11-07 22:00:00+01:00,407.2,407.7,401.6,405.1,3811.307
2025-11-07 23:00:00+01:00,405.3,409.8,402.1,404.2,3829.6668
2025-11-08 00:00:00+01:00,404.2,405.2,397.9,399.1,4220.9215
2025-11-08 01:00:00+01:00,399.2,404.7,388.8,389.2,6347.6711
2025-11-08 02:00:00+01:00,389.4,395.2,388.2,394.3,3673.3485
2025-11-08 03:00:00+01:00,394.3,399.1,390.9,390.9,2845.2507
2025-11-08 04:00:00+01:00,390.9,395.3,385.4,386.4,3132.9746
2025-11-08 05:00:00+01:00,386.8,393.5,386.6,388.1,1929.5249
2025-11-08 06:00:00+01:00,387.9,390.7,378.5,380.6,4295.3203
2025-11-08 07:00:00+01:00,380.7,392.1,378.1,392.0,3370.3399
2025-11-08 08:00:00+01:00,392.0,396.2,384.3,387.1,3928.8367
2025-11-08 09:00:00+01:00,387.1,388.4,379.4,383.5,4014.3955
2025-11-08 10:00:00+01:00,383.5,388.6,381.4,382.8,2590.3145
2025-11-08 11:00:00+01:00,382.9,384.9,379.4,382.0,2002.0954
2025-11-08 12:00:00+01:00,382.0,385.1,376.2,378.2,3982.8654
2025-11-08 13:00:00+01:00,378.2,381.5,377.4,378.7,2441.4261
2025-11-08 14:00:00+01:00,378.7,380.2,373.6,374.7,2988.8553
2025-11-08 15:00:00+01:00,374.7,377.3,368.8,375.2,4359.4735
2025-11-08 16:00:00+01:00,375.3,375.6,364.4,365.2,3526.7662
2025-11-08 17:00:00+01:00,365.3,367.9,360.6,367.2,4465.011
2025-11-08 18:00:00+01:00,367.2,375.0,366.5,371.3,3557.8601
2025-11-08 19:00:00+01:00,371.1,372.1,367.1,371.2,4442.3906
2025-11-08 20:00:00+01:00,371.0,371.2,363.2,366.1,2693.1418
2025-11-08 21:00:00+01:00,365.9,368.9,363.2,365.9,2189.507
2025-11-08 22:00:00+01:00,365.7,369.2,363.7,369.2,1666.8776
2025-11-08 23:00:00+01:00,368.9,372.4,367.1,370.7,2243.1433
2025-11-09 00:00:00+01:00,370.6,370.7,367.1,367.6,1110.2981
2025-11-09 01:00:00+01:00,367.6,369.6,363.5,366.1,1381.3345
2025-11-09 02:00:00+01:00,366.0,369.4,363.9,367.5,676.1729
2025-11-09 03:00:00+01:00,367.6,367.8,358.3,360.2,2896.0842
2025-11-09 04:00:00+01:00,360.2,363.0,356.5,361.5,3437.8766
2025-11-09 05:00:00+01:00,361.4,365.0,359.3,360.1,1125.0181
2025-11-09 06:00:00+01:00,359.8,362.8,358.7,361.8,678.1078
2025-11-09 07:00:00+01:00,361.7,364.9,359.8,360.8,914.7699
2025-11-09 08:00:00+01:00,360.8,364.2,359.9,364.1,1353.876
2025-11-09 09:00:00+01:00,364.0,364.0,359.0,360.5,2208.6498
2025-11-09 10:00:00+01:00,360.7,363.5,357.1,358.6,2270.2335
2025-11-09 11:00:00+01:00,358.5,360.8,354.4,360.7,2068.0949
2025-11-09 12:00:00+01:00,360.5,363.9,359.6,360.4,2594.8648
2025-11-09 13:00:00+01:00,360.5,363.9,359.6,362.6,1754.0938
2025-11-09 14:00:00+01:00,362.3,368.9,361.1,368.9,3098.6932
2025-11-09 15:00:00+01:00,368.7,377.8,365.6,371.3,7012.6202
2025-11-09 16:00:00+01:00,371.5,383.9,371.3,378.2,5052.7322
2025-11-09 17:00:00+01:00,377.9,383.4,373.5,381.5,3346.4156
2025-11-09 18:00:00+01:00,381.5,381.6,371.9,373.1,3653.0403
2025-11-09 19:00:00+01:00,373.3,380.9,371.5,380.7,3287.8866
2025-11-09 20:00:00+01:00,380.7,388.3,378.2,388.1,5177.9844
2025-11-09 21:00:00+01:00,387.6,391.7,383.8,386.4,5525.1806
2025-11-09 22:00:00+01:00,386.5,388.5,383.2,384.8,3226.8103
2025-11-09 23:00:00+01:00,384.9,386.7,380.2,383.6,1744.1398
2025-11-10 00:00:00+01:00,383.7,387.1,380.5,381.0,3882.5559
2025-11-10 01:00:00+01:00,381.0,396.0,376.3,393.5,5762.7131
2025-11-10 02:00:00+01:00,393.4,396.4,384.9,390.0,4107.3401
2025-11-10 03:00:00+01:00,390.0,392.4,386.4,392.4,2333.32
2025-11-10 04:00:00+01:00,392.5,394.7,389.0,391.8,2711.2603
2025-11-10 05:00:00+01:00,391.8,398.0,390.6,395.3,2997.3463
2025-11-10 06:00:00+01:00,395.4,398.7,388.7,393.2,2612.1791
2025-11-10 07:00:00+01:00,393.3,396.1,388.3,393.9,2869.8657
2025-11-10 08:00:00+01:00,394.0,399.0,393.4,397.0,2245.592
2025-11-10 09:00:00+01:00,397.1,398.1,385.4,386.9,3689.7437
2025-11-10 10:00:00+01:00,387.0,396.1,386.6,395.4,3003.5616
2025-11-10 11:00:00+01:00,395.4,396.2,386.9,387.9,4277.252
2025-11-10 12:00:00+01:00,387.9,392.1,387.8,388.3,2920.5239
2025-11-10 13:00:00+01:00,388.3,391.8,384.4,387.2,3513.3055
2025-11-10 14:00:00+01:00,387.3,390.3,385.8,387.9,2594.0451
2025-11-10 15:00:00+01:00,387.8,387.8,372.7,377.3,6887.2168
2025-11-10 16:00:00+01:00,377.2,379.8,372.1,374.6,3928.6542
2025-11-10 17:00:00+01:00,374.7,376.5,368.4,370.7,3666.1459
2025-11-10 18:00:00+01:00,370.8,377.5,370.8,377.3,3928.4336
2025-11-10 19:00:00+01:00,377.3,380.8,375.5,376.5,2396.0447
2025-11-10 20:00:00+01:00,376.5,385.1,375.7,383.5,1657.4263
2025-11-10 21:00:00+01:00,383.4,387.7,382.3,384.1,2948.7782
2025-11-10 22:00:00+01:00,384.2,384.3,376.8,380.4,3063.0132
2025-11-10 23:00:00+01:00,380.4,389.3,378.3,388.3,3659.4331
2025-11-11 00:00:00+01:00,388.5,389.7,384.7,387.1,1835.5771
2025-11-11 01:00:00+01:00,387.2,389.4,382.6,387.0,1610.7977
2025-11-11 02:00:00+01:00,386.8,396.3,385.1,385.9,3730.0866
2025-11-11 03:00:00+01:00,385.8,395.7,384.0,394.2,2889.4774
2025-11-11 04:00:00+01:00,394.1,397.5,392.7,395.8,2281.52
2025-11-11 05:00:00+01:00,395.4,396.7,389.3,391.0,2683.5968
2025-11-11 06:00:00+01:00,391.0,391.0,383.6,383.8,1628.8471
2025-11-11 07:00:00+01:00,383.7,384.5,376.3,379.9,3316.8239
2025-11-11 08:00:00+01:00,379.8,381.1,373.8,374.0,2744.8384
2025-11-11 09:00:00+01:00,374.0,378.8,373.4,377.2,1911.0746
2025-11-11 10:00:00+01:00,377.1,380.4,375.6,375.8,2309.4553
2025-11-11 11:00:00+01:00,375.7,378.0,373.3,374.9,1910.0503
2025-11-11 12:00:00+01:00,374.9,378.2,373.7,375.3,1711.0467
2025-11-11 13:00:00+01:00,375.4,376.4,370.4,372.2,2958.0656
2025-11-11 14:00:00+01:00,372.2,375.4,368.8,370.3,3033.3556
2025-11-11 15:00:00+01:00,370.4,379.3,368.3,379.0,2726.619
2025-11-11 16:00:00+01:00,378.9,383.6,374.8,376.7,5584.993
2025-11-11 17:00:00+01:00,376.7,379.0,372.3,376.7,2291.4908
2025-11-11 18:00:00+01:00,376.7,380.5,371.7,375.2,3381.718
2025-11-11 19:00:00+01:00,375.3,376.5,370.9,371.6,1327.9645
2025-11-11 20:00:00+01:00,371.5,371.9,366.2,368.1,3380.425
2025-11-11 21:00:00+01:00,368.0,369.1,363.6,364.9,3132.0553
2025-11-11 22:00:00+01:00,364.9,368.6,362.2,363.4,1543.2366
2025-11-11 23:00:00+01:00,363.3,369.4,360.6,368.1,1287.0639
2025-11-12 00:00:00+01:00,367.8,367.9,361.5,363.4,1459.5824
2025-11-12 01:00:00+01:00,363.7,366.1,360.3,360.8,1883.3838
2025-11-12 02:00:00+01:00,360.8,365.5,359.3,360.9,3280.3047
2025-11-12 03:00:00+01:00,360.8,362.5,357.7,361.1,1507.0752
2025-11-12 04:00:00+01:00,361.2,363.8,360.7,363.2,729.2039
2025-11-12 05:00:00+01:00,363.1,363.4,361.0,363.0,574.2434
2025-11-12 06:00:00+01:00,363.1,365.9,361.9,364.8,1509.2088
2025-11-12 07:00:00+01:00,365.0,372.8,364.7,370.5,1680.078
2025-11-12 08:00:00+01:00,370.6,373.2,360.9,361.7,4157.3447
2025-11-12 09:00:00+01:00,361.8,370.4,361.6,365.9,2951.0217
2025-11-12 10:00:00+01:00,365.8,370.8,364.6,369.4,2519.446
2025-11-12 11:00:00+01:00,369.4,376.6,369.1,376.1,2983.5928
2025-11-12 12:00:00+01:00,375.9,378.7,372.7,376.1,2178.1384
2025-11-12 13:00:00+01:00,376.2,376.3,370.8,371.7,1685.4118
2025-11-12 14:00:00+01:00,371.7,377.1,369.6,373.7,1777.6929
2025-11-12 15:00:00+01:00,373.6,374.1,360.4,364.9,4125.8835
2025-11-12 16:00:00+01:00,364.9,367.1,355.6,359.2,6205.2248
2025-11-12 17:00:00+01:00,359.2,360.6,351.4,355.1,6671.0734
2025-11-12 18:00:00+01:00,354.7,358.6,350.9,357.8,2887.1226
2025-11-12 19:00:00+01:00,357.7,359.1,353.0,353.7,1548.2138
2025-11-12 20:00:00+01:00,353.5,353.6,343.9,344.8,6371.4785
2025-11-12 21:00:00+01:00,344.7,352.5,343.5,350.1,2308.6271
2025-11-12 22:00:00+01:00,350.1,352.2,348.0,351.2,1287.1638
2025-11-12 23:00:00+01:00,351.1,352.9,347.9,352.5,1371.2174
2025-11-13 00:00:00+01:00,352.3,352.6,348.0,348.2,906.6738
2025-11-13 01:00:00+01:00,348.3,352.1,347.3,350.4,1271.6967
2025-11-13 02:00:00+01:00,350.3,355.9,349.8,351.3,1147.1576
2025-11-13 03:00:00+01:00,351.3,354.0,349.2,351.0,1151.9248
2025-11-13 04:00:00+01:00,350.9,357.9,345.2,354.2,2638.6646
2025-11-13 05:00:00+01:00,354.1,354.8,349.4,351.9,2288.618
2025-11-13 06:00:00+01:00,351.7,358.3,350.5,357.6,1654.2983
2025-11-13 07:00:00+01:00,357.6,360.2,356.6,358.2,1693.6773
2025-11-13 08:00:00+01:00,358.3,359.5,353.2,354.3,1285.0874
2025-11-13 09:00:00+01:00,354.3,355.6,351.8,353.5,1646.7711
2025-11-13 10:00:00+01:00,353.4,354.3,346.6,347.8,2497.7987
2025-11-13 11:00:00+01:00,348.0,352.6,347.6,349.5,681.2735
2025-11-13 12:00:00+01:00,349.4,353.3,349.4,352.7,992.501
2025-11-13 13:00:00+01:00,352.7,354.9,350.8,354.2,788.1608
2025-11-13 14:00:00+01:00,354.1,354.9,347.3,351.5,2262.3591
2025-11-13 15:00:00+01:00,351.6,359.3,348.6,356.6,2976.6976
2025-11-13 16:00:00+01:00,356.1,357.5,345.6,347.2,2449.2134
2025-11-13 17:00:00+01:00,347.1,347.7,337.3,338.0,5721.057
2025-11-13 18:00:00+01:00,338.1,338.4,330.1,331.0,8811.8602
2025-11-13 19:00:00+01:00,331.0,337.7,329.1,336.3,5936.8907
2025-11-13 20:00:00+01:00,336.5,343.2,333.8,335.7,8838.7894
2025-11-13 21:00:00+01:00,335.6,338.0,331.3,336.3,4556.8057
2025-11-13 22:00:00+01:00,336.2,338.1,332.7,335.4,2457.4153
2025-11-13 23:00:00+01:00,335.3,341.8,334.6,340.5,2563.7956
2025-11-14 00:00:00+01:00,340.5,343.9,338.6,340.2,2160.7284
2025-11-14 01:00:00+01:00,340.2,342.6,334.7,335.5,2984.3297
2025-11-14 02:00:00+01:00,335.5,337.1,332.6,333.5,1535.5397
2025-11-14 03:00:00+01:00,333.9,338.6,333.6,337.3,1448.0172
2025-11-14 04:00:00+01:00,337.1,339.0,331.3,336.2,4044.3986
2025-11-14 05:00:00+01:00,336.2,336.2,323.1,332.1,5124.2992
2025-11-14 06:00:00+01:00,332.2,335.7,330.4,333.9,3048.747
2025-11-14 07:00:00+01:00,334.0,337.0,326.2,336.6,3999.5269
2025-11-14 08:00:00+01:00,336.5,337.2,332.5,333.5,2702.2584
2025-11-14 09:00:00+01:00,333.5,333.6,329.9,332.5,1564.7839
2025-11-14 10:00:00+01:00,332.4,333.3,325.1,326.0,2664.5846
2025-11-14 11:00:00+01:00,325.9,328.7,324.1,324.3,1942.7053
2025-11-14 12:00:00+01:00,324.3,325.4,320.9,324.0,2709.9998
2025-11-14 13:00:00+01:00,323.9,323.9,312.1,320.1,8720.964
2025-11-14 14:00:00+01:00,320.1,322.9,315.0,321.4,3975.9295
2025-11-14 15:00:00+01:00,321.3,330.2,318.9,328.3,4833.771
2025-11-14 16:00:00+01:00,328.5,333.6,325.1,330.4,3855.8293
2025-11-14 17:00:00+01:00,330.5,337.1,328.6,335.3,4042.2586
2025-11-14 18:00:00+01:00,335.3,339.4,330.8,332.0,4253.5017
2025-11-14 19:00:00+01:00,332.0,337.6,330.9,334.4,3446.2332
2025-11-14 20:00:00+01:00,334.4,343.9,333.3,343.9,5787.9552
2025-11-14 21:00:00+01:00,343.8,344.0,331.3,333.4,4717.6574
2025-11-14 22:00:00+01:00,333.6,339.9,332.7,337.6,2585.6551
2025-11-14 23:00:00+01:00,337.6,340.5,334.8,335.6,1875.74
2025-11-15 00:00:00+01:00,335.9,336.4,327.8,336.0,2377.0358
2025-11-15 01:00:00+01:00,336.0,339.2,329.8,333.8,1759.1456
2025-11-15 02:00:00+01:00,333.7,341.8,332.7,341.2,1304.457
2025-11-15 03:00:00+01:00,341.2,344.2,338.1,344.1,1036.149
2025-11-15 04:00:00+01:00,344.1,346.6,341.6,342.4,1328.7065
2025-11-15 05:00:00+01:00,342.4,345.1,341.2,344.2,870.8224
2025-11-15 06:00:00+01:00,344.2,345.6,341.4,344.9,891.3907
2025-11-15 07:00:00+01:00,344.9,351.0,344.6,349.7,2530.732
2025-11-15 08:00:00+01:00,349.5,349.5,344.3,345.6,2229.5739
2025-11-15 09:00:00+01:00,345.5,345.9,336.0,337.4,3169.8644
2025-11-15 10:00:00+01:00,337.4,341.1,335.3,337.9,1654.9218
2025-11-15 11:00:00+01:00,337.9,341.9,336.6,341.2,766.8506
2025-11-15 12:00:00+01:00,341.2,341.4,333.6,336.4,1677.2617
2025-11-15 13:00:00+01:00,336.4,340.8,335.5,340.4,1157.5348
2025-11-15 14:00:00+01:00,340.3,347.9,338.2,346.5,1994.7396
2025-11-15 15:00:00+01:00,346.7,346.7,339.3,340.1,1429.6218
2025-11-15 16:00:00+01:00,340.1,340.9,338.3,339.3,964.8558
2025-11-15 17:00:00+01:00,339.3,339.6,335.1,338.9,1784.1432
2025-11-15 18:00:00+01:00,338.8,340.9,336.4,339.2,814.2531
2025-11-15 19:00:00+01:00,339.4,340.2,338.1,339.4,625.3152
2025-11-15 20:00:00+01:00,339.5,341.1,338.2,339.5,614.8255
2025-11-15 21:00:00+01:00,339.7,340.1,335.2,336.3,1080.734
2025-11-15 22:00:00+01:00,336.3,338.8,334.4,334.9,959.6857
2025-11-15 23:00:00+01:00,334.9,336.9,333.7,336.3,767.7804
2025-11-16 00:00:00+01:00,335.8,337.0,334.9,335.7,345.356
2025-11-16 01:00:00+01:00,335.6,335.9,331.4,332.6,857.7184
2025-11-16 02:00:00+01:00,332.4,334.5,328.9,333.0,1175.0799
2025-11-16 03:00:00+01:00,332.7,337.9,331.3,337.3,1195.0994
2025-11-16 04:00:00+01:00,337.6,339.8,336.4,339.3,646.1896
2025-11-16 05:00:00+01:00,339.0,341.5,337.6,338.5,1010.3679
2025-11-16 06:00:00+01:00,338.5,344.3,338.5,343.0,1152.9744
2025-11-16 07:00:00+01:00,343.0,344.8,341.9,342.1,1107.4302
2025-11-16 08:00:00+01:00,342.2,343.8,340.9,342.2,955.2799
2025-11-16 09:00:00+01:00,342.3,342.6,338.1,339.4,1761.6695
2025-11-16 10:00:00+01:00,339.7,343.9,337.3,343.8,2331.0417
2025-11-16 11:00:00+01:00,343.8,346.3,342.6,344.7,1140.4343
2025-11-16 12:00:00+01:00,344.7,345.6,333.0,334.6,2871.3091
2025-11-16 13:00:00+01:00,334.6,340.3,333.7,336.3,2529.2002
2025-11-16 14:00:00+01:00,336.3,337.0,331.0,334.0,2564.9085
2025-11-16 15:00:00+01:00,333.8,335.4,331.1,334.1,1656.5967
2025-11-16 16:00:00+01:00,334.1,334.5,323.8,324.7,3797.8441
2025-11-16 17:00:00+01:00,324.7,327.6,318.1,319.6,4656.5195
2025-11-16 18:00:00+01:00,319.8,319.9,312.3,316.2,4798.8155
2025-11-16 19:00:00+01:00,316.1,326.9,314.3,315.8,5730.9402
2025-11-16 20:00:00+01:00,315.7,320.9,315.6,317.1,1683.7606
2025-11-16 21:00:00+01:00,317.1,321.6,316.2,317.1,1534.219
2025-11-16 22:00:00+01:00,316.8,317.4,312.5,314.2,2235.1956
2025-11-16 23:00:00+01:00,314.3,320.4,308.9,318.2,2970.3606
2025-11-17 00:00:00+01:00,318.4,322.9,311.5,320.1,2074.3547
2025-11-17 01:00:00+01:00,320.3,325.8,314.7,324.7,2639.5261
2025-11-17 02:00:00+01:00,324.4,325.3,319.6,320.4,1418.9935
2025-11-17 03:00:00+01:00,320.4,323.5,318.7,321.3,1718.6216
2025-11-17 04:00:00+01:00,321.4,328.9,321.0,328.7,955.4294
2025-11-17 05:00:00+01:00,328.7,329.3,325.5,325.5,1448.817
2025-11-17 06:00:00+01:00,326.4,327.6,324.6,325.8,1260.1576
2025-11-17 07:00:00+01:00,325.9,327.6,323.7,327.3,872.4218
2025-11-17 08:00:00+01:00,327.2,332.0,326.6,331.2,1812.3113
2025-11-17 09:00:00+01:00,331.2,332.9,328.3,329.5,3398.9139
2025-11-17 10:00:00+01:00,329.5,330.5,327.7,329.1,1050.9652
2025-11-17 11:00:00+01:00,329.1,329.2,325.4,325.7,871.6683
2025-11-17 12:00:00+01:00,325.5,330.1,325.4,327.0,709.8889
2025-11-17 13:00:00+01:00,326.9,327.1,322.0,322.0,1604.8271
2025-11-17 14:00:00+01:00,322.1,322.9,311.0,314.4,3890.8654
2025-11-17 15:00:00+01:00,314.1,328.8,312.2,322.5,4141.2335
2025-11-17 16:00:00+01:00,322.6,325.9,318.1,318.9,2705.4011
2025-11-17 17:00:00+01:00,318.6,326.6,313.6,325.7,3085.6766
2025-11-17 18:00:00+01:00,325.9,326.6,315.9,316.2,3561.9401
2025-11-17 19:00:00+01:00,316.2,319.3,311.6,312.9,3939.4116
2025-11-17 20:00:00+01:00,312.8,314.5,307.1,310.6,4496.7762
2025-11-17 21:00:00+01:00,310.3,316.0,308.5,311.6,5565.0404
2025-11-17 22:00:00+01:00,311.6,314.9,307.8,310.5,2540.9511
2025-11-17 23:00:00+01:00,310.8,315.3,309.2,313.0,1427.0416
2025-11-18 00:00:00+01:00,312.9,314.1,310.1,312.6,1006.9718
2025-11-18 01:00:00+01:00,312.7,314.4,306.3,314.0,1668.1066
2025-11-18 02:00:00+01:00,314.1,320.7,313.6,318.1,2163.7004
2025-11-18 03:00:00+01:00,317.8,325.0,314.9,319.8,3646.0754
2025-11-18 04:00:00+01:00,319.8,326.6,315.4,324.5,4104.407
2025-11-18 05:00:00+01:00,324.5,326.7,316.4,323.0,3839.9843
2025-11-18 06:00:00+01:00,322.9,323.7,317.8,318.7,2086.5989
2025-11-18 07:00:00+01:00,318.6,320.0,313.5,313.8,2537.8797
2025-11-18 08:00:00+01:00,313.7,319.6,312.5,319.4,2829.9092
2025-11-18 09:00:00+01:00,319.4,323.7,318.8,322.6,2682.6165
2025-11-18 10:00:00+01:00,322.4,324.0,318.5,322.7,1870.07
2025-11-18 11:00:00+01:00,322.8,323.1,318.2,319.8,1306.293
2025-11-18 12:00:00+01:00,319.5,319.6,315.3,318.2,1569.8016
2025-11-18 13:00:00+01:00,318.6,322.2,315.7,321.5,1961.2048
2025-11-18 14:00:00+01:00,321.5,321.5,315.9,318.9,1165.7386
2025-11-18 15:00:00+01:00,319.4,324.6,316.8,320.9,4258.743
2025-11-18 16:00:00+01:00,320.8,330.2,317.2,327.3,4638.0865
2025-11-18 17:00:00+01:00,327.2,335.6,326.3,331.5,3964.1333
2025-11-18 18:00:00+01:00,331.5,331.6,326.3,330.5,2143.9195
2025-11-18 19:00:00+01:00,330.6,335.2,330.5,333.1,1961.9377
2025-11-18 20:00:00+01:00,333.1,337.8,332.5,336.6,3031.5317
2025-11-18 21:00:00+01:00,336.5,337.5,333.7,335.0,2084.9634
2025-11-18 22:00:00+01:00,335.1,336.6,331.8,332.0,1936.2136
2025-11-18 23:00:00+01:00,332.1,336.6,332.0,334.6,1699.5946
2025-11-19 00:00:00+01:00,334.5,334.5,331.5,332.1,752.3975
2025-11-19 01:00:00+01:00,332.0,332.0,324.6,329.6,3025.601
2025-11-19 02:00:00+01:00,329.9,332.3,327.6,329.4,1416.8731
2025-11-19 03:00:00+01:00,329.5,334.4,328.4,332.8,1146.6307
2025-11-19 04:00:00+01:00,332.8,333.1,325.5,326.5,1053.6039
2025-11-19 05:00:00+01:00,326.4,326.8,322.3,323.7,1402.9656
2025-11-19 06:00:00+01:00,323.7,324.8,316.4,317.7,2354.5011
2025-11-19 07:00:00+01:00,317.9,321.4,316.9,320.2,1967.6148
2025-11-19 08:00:00+01:00,320.2,328.8,319.9,327.9,2162.283
2025-11-19 09:00:00+01:00,327.6,327.8,322.7,323.1,2257.0783
2025-11-19 10:00:00+01:00,323.1,323.1,319.4,321.5,3235.7194
2025-11-19 11:00:00+01:00,321.1,323.7,318.2,318.8,1250.8795
2025-11-19 12:00:00+01:00,318.7,321.4,318.5,320.4,1004.573
2025-11-19 13:00:00+01:00,320.2,323.4,319.1,322.8,946.6152
2025-11-19 14:00:00+01:00,322.9,325.6,320.5,322.4,1998.9153
2025-11-19 15:00:00+01:00,322.1,324.9,317.4,324.9,3522.2737
2025-11-19 16:00:00+01:00,324.8,329.7,317.6,318.8,5211.9993
2025-11-19 17:00:00+01:00,318.8,320.7,309.5,311.9,7171.0017
2025-11-19 18:00:00+01:00,311.9,315.1,307.9,314.6,3149.1102
2025-11-19 19:00:00+01:00,314.1,314.2,303.9,309.1,2958.588
2025-11-19 20:00:00+01:00,309.1,310.7,304.7,306.8,2199.3533
2025-11-19 21:00:00+01:00,306.6,317.0,305.4,316.2,3856.9584
2025-11-19 22:00:00+01:00,316.2,328.5,314.9,326.8,8762.4353
2025-11-19 23:00:00+01:00,326.7,327.3,319.7,324.8,3961.0938
2025-11-20 00:00:00+01:00,324.9,330.4,324.3,325.6,2994.4184
2025-11-20 01:00:00+01:00,325.6,327.3,322.7,326.0,1315.0379
2025-11-20 02:00:00+01:00,326.1,328.7,325.2,327.8,1296.7938
2025-11-20 03:00:00+01:00,327.9,329.5,325.4,326.4,1205.5912
2025-11-20 04:00:00+01:00,326.7,327.5,324.3,327.0,1233.3743
2025-11-20 05:00:00+01:00,326.9,329.8,326.4,329.6,1066.5063
2025-11-20 06:00:00+01:00,329.5,329.6,325.4,327.3,655.2505
2025-11-20 07:00:00+01:00,327.3,328.5,325.8,326.7,1296.3787
2025-11-20 08:00:00+01:00,326.9,332.5,324.9,332.2,1926.4012
2025-11-20 09:00:00+01:00,332.3,332.6,328.5,329.3,1403.7345
2025-11-20 10:00:00+01:00,329.4,329.8,325.9,327.7,1223.6652
2025-11-20 11:00:00+01:00,327.9,328.1,324.3,326.9,2162.083
2025-11-20 12:00:00+01:00,326.8,329.1,325.4,327.5,781.5718
2025-11-20 13:00:00+01:00,327.4,331.4,326.3,330.2,1533.7655
2025-11-20 14:00:00+01:00,330.1,333.0,326.6,327.1,2375.1085
2025-11-20 15:00:00+01:00,327.0,328.8,321.6,325.5,3418.587
2025-11-20 16:00:00+01:00,325.3,325.9,313.6,313.8,5485.861
2025-11-20 17:00:00+01:00,313.8,314.4,303.9,307.0,11051.4925
2025-11-20 18:00:00+01:00,306.8,310.9,304.5,307.7,6843.055
2025-11-20 19:00:00+01:00,307.7,308.9,301.7,302.8,4911.0656
2025-11-20 20:00:00+01:00,302.7,306.9,298.5,306.0,8573.7004
2025-11-20 21:00:00+01:00,306.1,307.3,302.8,304.7,2627.5562
2025-11-20 22:00:00+01:00,304.7,312.7,304.6,311.2,4715.054
2025-11-20 23:00:00+01:00,311.2,315.0,310.3,314.1,1772.4735
2025-11-21 00:00:00+01:00,314.0,314.3,304.5,305.3,3524.5544
2025-11-21 01:00:00+01:00,305.3,310.4,304.9,309.9,1995.583
2025-11-21 02:00:00+01:00,310.0,311.4,307.4,308.1,1872.8511
2025-11-21 03:00:00+01:00,308.1,309.2,301.0,302.2,2178.1716
2025-11-21 04:00:00+01:00,301.8,306.7,301.8,302.7,1560.2993
2025-11-21 05:00:00+01:00,302.6,303.2,296.7,301.9,2254.4653
2025-11-21 06:00:00+01:00,301.9,303.3,298.9,299.9,1282.1387
2025-11-21 07:00:00+01:00,300.1,301.6,297.5,299.1,2527.6374
2025-11-21 08:00:00+01:00,299.1,300.1,272.4,283.4,15710.6485
2025-11-21 09:00:00+01:00,283.4,287.9,279.2,281.4,7339.1579
2025-11-21 10:00:00+01:00,281.2,283.7,273.7,275.3,5599.6038
2025-11-21 11:00:00+01:00,275.2,277.6,272.8,273.9,4676.376
2025-11-21 12:00:00+01:00,273.7,278.1,266.7,267.5,9445.7101
2025-11-21 13:00:00+01:00,267.6,275.3,260.4,272.5,9546.0405
2025-11-21 14:00:00+01:00,272.5,280.6,269.7,278.4,6035.8098
2025-11-21 15:00:00+01:00,278.3,282.7,274.6,279.6,7228.8135
2025-11-21 16:00:00+01:00,279.7,280.4,271.9,272.9,3860.3182
2025-11-21 17:00:00+01:00,272.9,281.5,270.2,281.5,4923.0151
2025-11-21 18:00:00+01:00,281.5,286.2,280.8,281.9,3473.4639
2025-11-21 19:00:00+01:00,281.7,285.8,276.6,283.2,3079.7112
2025-11-21 20:00:00+01:00,283.1,284.8,281.1,282.0,1957.8471
2025-11-21 21:00:00+01:00,282.0,282.5,275.9,279.1,2002.9308
2025-11-21 22:00:00+01:00,279.4,284.3,276.6,282.2,1707.3965
2025-11-21 23:00:00+01:00,282.1,283.4,272.7,272.7,1787.5164
2025-11-22 00:00:00+01:00,272.8,281.5,271.2,280.0,1719.6484
2025-11-22 01:00:00+01:00,280.0,282.1,278.6,280.4,819.6738
2025-11-22 02:00:00+01:00,280.5,282.2,278.7,280.5,746.7361
2025-11-22 03:00:00+01:00,280.6,281.0,274.8,276.0,1397.9786
2025-11-22 04:00:00+01:00,275.8,277.7,274.4,275.5,477.3878
2025-11-22 05:00:00+01:00,275.4,275.9,267.8,273.0,2031.5077
2025-11-22 06:00:00+01:00,272.9,273.6,265.8,269.5,1791.1044
2025-11-22 07:00:00+01:00,269.6,273.3,266.9,272.3,1452.9106
2025-11-22 08:00:00+01:00,272.1,272.4,268.8,271.0,1402.2529
2025-11-22 09:00:00+01:00,270.9,271.0,264.8,266.0,1913.2949
2025-11-22 10:00:00+01:00,266.1,270.9,265.9,269.9,1493.5959
2025-11-22 11:00:00+01:00,270.0,272.0,267.1,268.4,2168.8841
2025-11-22 12:00:00+01:00,268.4,272.8,267.4,270.5,1669.7685
2025-11-22 13:00:00+01:00,270.5,270.5,267.1,268.8,857.7139
2025-11-22 14:00:00+01:00,268.8,269.9,263.4,264.5,3819.7356
2025-11-22 15:00:00+01:00,264.7,271.5,264.7,270.2,2753.7127
2025-11-22 16:00:00+01:00,270.3,271.1,266.6,267.9,1655.7988
2025-11-22 17:00:00+01:00,267.8,272.5,267.7,271.8,2002.986
2025-11-22 18:00:00+01:00,271.7,272.2,270.1,271.0,1599.5457
2025-11-22 19:00:00+01:00,270.8,272.0,268.8,271.4,722.8634
2025-11-22 20:00:00+01:00,271.2,272.2,267.9,268.2,774.9552
2025-11-22 21:00:00+01:00,268.3,270.3,264.6,265.9,1142.756
2025-11-22 22:00:00+01:00,265.9,268.3,265.6,268.2,830.637
2025-11-22 23:00:00+01:00,268.1,275.4,266.8,274.1,1971.3583
2025-11-23 00:00:00+01:00,274.0,274.6,271.1,271.8,2372.9508
2025-11-23 01:00:00+01:00,271.7,273.5,269.1,271.3,1276.7483
2025-11-23 02:00:00+01:00,271.5,277.5,271.4,275.1,1423.9554
2025-11-23 03:00:00+01:00,275.2,277.7,274.5,275.4,1629.8638
2025-11-23 04:00:00+01:00,275.4,277.8,273.6,277.7,2086.7963
2025-11-23 05:00:00+01:00,277.7,281.1,276.6,278.2,1838.7042
2025-11-23 06:00:00+01:00,278.2,278.8,276.1,278.1,1454.4437
2025-11-23 07:00:00+01:00,278.1,279.5,275.8,277.3,706.8299
2025-11-23 08:00:00+01:00,277.2,277.4,273.4,276.5,1518.1751
2025-11-23 09:00:00+01:00,276.7,281.1,276.5,280.4,1301.2067
2025-11-23 10:00:00+01:00,280.4,286.8,280.4,286.0,3189.7664
2025-11-23 11:00:00+01:00,286.0,286.3,281.1,281.2,2117.5256
2025-11-23 12:00:00+01:00,281.1,284.5,279.4,283.4,2599.5616
2025-11-23 13:00:00+01:00,283.4,290.8,282.6,287.8,4438.227
2025-11-23 14:00:00+01:00,288.0,288.9,285.1,288.3,2169.538
2025-11-23 15:00:00+01:00,288.3,290.6,284.8,285.9,3495.0575
2025-11-23 16:00:00+01:00,285.9,294.3,284.8,293.7,3707.9269
2025-11-23 17:00:00+01:00,294.0,303.4,293.3,299.3,8964.8279
2025-11-23 18:00:00+01:00,299.4,302.0,295.3,298.0,5238.291
2025-11-23 19:00:00+01:00,298.1,303.3,297.6,301.2,3705.0814
2025-11-23 20:00:00+01:00,301.3,305.7,299.2,301.4,3658.721
2025-11-23 21:00:00+01:00,301.6,302.9,299.3,301.0,4380.8234
2025-11-23 22:00:00+01:00,301.1,305.1,298.5,302.8,2552.7241
2025-11-23 23:00:00+01:00,303.0,303.2,300.0,301.4,1864.5314
2025-11-24 00:00:00+01:00,301.4,302.1,295.5,297.6,3134.6402
2025-11-24 01:00:00+01:00,297.6,297.9,292.0,294.1,4938.0406
2025-11-24 02:00:00+01:00,293.9,295.5,290.6,294.7,2041.8247
2025-11-24 03:00:00+01:00,294.6,302.6,294.4,297.1,4554.2556
2025-11-24 04:00:00+01:00,297.0,300.6,296.4,297.2,1359.1273
2025-11-24 05:00:00+01:00,297.1,297.4,290.7,291.9,1307.9395
2025-11-24 06:00:00+01:00,291.9,297.1,291.6,293.4,1389.6531
2025-11-24 07:00:00+01:00,293.4,293.6,284.6,285.0,3328.8427
2025-11-24 08:00:00+01:00,284.8,286.1,281.7,284.4,4087.3081
2025-11-24 09:00:00+01:00,284.4,286.2,282.9,285.0,1922.3838
2025-11-24 10:00:00+01:00,284.9,284.9,280.3,280.8,2408.889
2025-11-24 11:00:00+01:00,280.9,285.0,280.2,283.2,1812.9983
2025-11-24 12:00:00+01:00,283.0,284.8,282.2,283.7,1718.6075
2025-11-24 13:00:00+01:00,283.5,284.0,278.4,279.0,2239.1858
2025-11-24 14:00:00+01:00,278.9,285.7,278.4,282.5,2427.978
2025-11-24 15:00:00+01:00,282.4,287.2,280.0,285.3,5493.8516
2025-11-24 16:00:00+01:00,285.5,286.8,281.8,286.0,3322.8547
2025-11-24 17:00:00+01:00,286.0,291.5,285.9,287.3,5113.7657
2025-11-24 18:00:00+01:00,287.5,296.3,287.3,296.0,6673.7949
2025-11-24 19:00:00+01:00,296.1,297.5,291.8,294.1,5635.6278
2025-11-24 20:00:00+01:00,293.9,296.2,293.3,295.4,2677.6634
2025-11-24 21:00:00+01:00,295.5,302.3,293.7,298.0,6809.8755
2025-11-24 22:00:00+01:00,297.9,299.4,294.8,295.7,2348.2725
2025-11-24 23:00:00+01:00,295.6,298.9,293.9,295.4,2646.868
2025-11-25 00:00:00+01:00,295.0,295.4,290.8,292.0,3169.3846
2025-11-25 01:00:00+01:00,291.9,292.1,288.9,291.1,1624.0182
2025-11-25 02:00:00+01:00,291.1,293.3,289.5,289.6,1564.3089
2025-11-25 03:00:00+01:00,289.6,291.9,287.6,291.2,1400.589
2025-11-25 04:00:00+01:00,290.7,291.9,288.4,289.5,787.6569
2025-11-25 05:00:00+01:00,289.4,291.9,289.0,291.7,975.3757
2025-11-25 06:00:00+01:00,291.7,296.1,291.3,295.7,1375.0587
2025-11-25 07:00:00+01:00,295.5,295.5,292.0,294.3,1265.1036
2025-11-25 08:00:00+01:00,294.1,295.7,290.1,290.4,2210.2437
2025-11-25 09:00:00+01:00,290.5,292.7,289.4,290.3,2066.167
2025-11-25 10:00:00+01:00,290.5,293.1,289.5,292.5,1164.1283
2025-11-25 11:00:00+01:00,292.3,293.6,288.1,293.1,2067.4634
2025-11-25 12:00:00+01:00,293.0,293.7,291.0,292.6,1508.5186
2025-11-25 13:00:00+01:00,292.7,298.7,291.6,296.4,4018.3823
2025-11-25 14:00:00+01:00,296.4,301.1,294.7,295.7,3229.7891
2025-11-25 15:00:00+01:00,295.8,300.0,291.6,296.2,5919.646
2025-11-25 16:00:00+01:00,296.1,304.6,292.8,303.1,6300.5163
2025-11-25 17:00:00+01:00,303.1,305.1,297.2,300.4,5025.849
2025-11-25 18:00:00+01:00,300.1,303.6,297.9,300.9,4425.8105
2025-11-25 19:00:00+01:00,300.8,304.1,299.3,299.5,3817.5769
2025-11-25 20:00:00+01:00,299.6,301.1,294.6,299.7,3440.2562
2025-11-25 21:00:00+01:00,299.8,305.3,298.7,304.4,5777.615
2025-11-25 22:00:00+01:00,304.3,308.0,302.9,303.7,3522.9084
2025-11-25 23:00:00+01:00,303.4,307.9,299.8,306.5,2617.51
2025-11-26 00:00:00+01:00,306.5,313.4,304.5,309.9,4021.7963
2025-11-26 01:00:00+01:00,309.9,313.8,308.1,312.7,2652.3832
2025-11-26 02:00:00+01:00,312.6,314.6,308.2,310.2,3897.4903
2025-11-26 03:00:00+01:00,310.2,311.4,305.6,306.6,2644.9335
2025-11-26 04:00:00+01:00,306.7,308.6,305.3,305.7,1014.7543
2025-11-26 05:00:00+01:00,305.7,311.5,305.7,311.2,2171.3536
2025-11-26 06:00:00+01:00,311.0,313.6,309.2,311.9,1899.2911
2025-11-26 07:00:00+01:00,311.8,323.5,311.5,320.0,4944.4486
2025-11-26 08:00:00+01:00,320.0,322.6,316.1,320.5,4008.0922
2025-11-26 09:00:00+01:00,320.4,320.6,315.7,316.0,3418.7575
2025-11-26 10:00:00+01:00,315.9,316.8,311.5,313.0,3454.1238
2025-11-26 11:00:00+01:00,313.0,315.8,310.1,311.9,3443.2935
2025-11-26 12:00:00+01:00,312.1,313.5,309.5,311.3,3068.8384
2025-11-26 13:00:00+01:00,311.3,311.5,303.2,303.8,4466.637
2025-11-26 14:00:00+01:00,303.4,308.3,303.2,307.8,3796.385
2025-11-26 15:00:00+01:00,307.7,309.8,302.9,304.0,4643.6743
2025-11-26 16:00:00+01:00,304.0,307.9,302.7,304.0,3599.468
2025-11-26 17:00:00+01:00,304.0,309.2,303.9,306.9,2981.868
2025-11-26 18:00:00+01:00,307.0,314.7,304.8,313.7,8122.3683
2025-11-26 19:00:00+01:00,313.7,316.8,311.7,316.0,5612.3265
2025-11-26 20:00:00+01:00,315.9,315.9,309.0,309.9,4681.1278
2025-11-26 21:00:00+01:00,309.8,312.0,307.4,310.2,3669.8235
2025-11-26 22:00:00+01:00,310.3,312.8,307.8,312.2,3395.5713
2025-11-26 23:00:00+01:00,312.4,312.7,308.7,309.6,1638.0443
2025-11-27 00:00:00+01:00,309.6,311.6,308.6,309.7,969.5464
2025-11-27 01:00:00+01:00,309.6,311.7,308.1,309.6,1638.049
2025-11-27 02:00:00+01:00,309.5,311.8,305.8,308.7,1415.1946
2025-11-27 03:00:00+01:00,308.5,308.7,306.3,306.6,1706.2929
2025-11-27 04:00:00+01:00,306.5,307.8,303.3,304.6,1430.5124
2025-11-27 05:00:00+01:00,304.5,307.3,304.2,307.1,1125.0267
2025-11-27 06:00:00+01:00,306.9,308.3,304.4,304.5,853.0267
2025-11-27 07:00:00+01:00,304.6,307.4,304.6,307.0,1166.8165
2025-11-27 08:00:00+01:00,307.0,308.1,305.3,306.8,1032.9499
2025-11-27 09:00:00+01:00,306.7,307.5,304.7,306.4,1269.2378
2025-11-27 10:00:00+01:00,306.4,310.5,306.2,306.7,2314.9219
2025-11-27 11:00:00+01:00,306.6,307.7,304.9,305.3,1145.3649
2025-11-27 12:00:00+01:00,305.4,306.7,304.2,306.2,1039.3715
2025-11-27 13:00:00+01:00,306.2,307.8,304.3,305.2,1457.4979
2025-11-27 14:00:00+01:00,305.0,308.0,304.5,305.3,1242.9411
2025-11-27 15:00:00+01:00,305.3,307.0,304.7,306.3,737.6092
2025-11-27 16:00:00+01:00,306.3,308.4,304.6,307.4,1646.3763
2025-11-27 17:00:00+01:00,307.4,312.6,306.8,310.6,2319.8358
2025-11-27 18:00:00+01:00,310.6,311.5,309.1,310.3,2042.2001
2025-11-27 19:00:00+01:00,310.3,312.1,309.1,310.5,2076.6133
2025-11-27 20:00:00+01:00,310.4,310.7,306.1,308.5,2118.5093
2025-11-27 21:00:00+01:00,308.5,310.1,307.4,307.5,965.7367
2025-11-27 22:00:00+01:00,307.4,308.1,304.2,304.2,2168.4685
2025-11-27 23:00:00+01:00,304.2,306.6,298.2,299.6,3890.4579
2025-11-28 00:00:00+01:00,299.4,300.6,295.7,296.7,3274.0793
2025-11-28 01:00:00+01:00,296.6,298.5,296.5,298.1,1042.0884
2025-11-28 02:00:00+01:00,298.0,299.1,295.8,296.4,794.4023
2025-11-28 03:00:00+01:00,296.2,298.4,295.3,297.7,819.8916
2025-11-28 04:00:00+01:00,297.5,299.4,297.2,298.6,1004.0806
2025-11-28 05:00:00+01:00,298.8,303.1,298.3,302.0,651.6212
2025-11-28 06:00:00+01:00,302.0,303.2,299.7,302.5,1594.9444
2025-11-28 07:00:00+01:00,302.4,303.5,300.1,300.7,1446.2226
2025-11-28 08:00:00+01:00,300.7,302.3,300.5,301.1,688.5645
2025-11-28 09:00:00+01:00,301.2,310.0,301.0,310.0,2136.5134
2025-11-28 10:00:00+01:00,310.1,310.6,305.9,307.9,1920.9918
2025-11-28 11:00:00+01:00,307.8,307.8,305.3,305.8,874.2092
2025-11-28 12:00:00+01:00,305.9,305.9,302.1,303.2,1646.6333
2025-11-28 13:00:00+01:00,303.3,305.9,303.3,305.3,1920.8001
2025-11-28 14:00:00+01:00,305.3,311.0,304.1,310.9,1783.386
2025-11-28 15:00:00+01:00,310.8,311.6,306.6,308.7,3092.6542
2025-11-28 16:00:00+01:00,308.5,310.6,307.4,308.2,2212.7251
2025-11-28 17:00:00+01:00,308.5,309.0,303.9,304.1,2022.4218
2025-11-28 18:00:00+01:00,304.2,304.4,297.0,300.0,4520.6406
2025-11-28 19:00:00+01:00,300.0,301.8,297.7,301.0,2952.5804
2025-11-28 20:00:00+01:00,300.9,303.3,300.0,302.4,1182.6132
2025-11-28 21:00:00+01:00,302.3,303.1,300.8,302.7,1570.0582
2025-11-28 22:00:00+01:00,302.5,302.9,299.8,299.9,953.0875
2025-11-28 23:00:00+01:00,299.8,300.2,296.1,299.6,1526.7615
2025-11-29 00:00:00+01:00,299.8,301.3,298.5,298.6,788.0437
2025-11-29 01:00:00+01:00,298.5,299.7,297.7,299.7,378.035
2025-11-29 02:00:00+01:00,299.5,300.7,297.9,298.5,558.5733
2025-11-29 03:00:00+01:00,298.3,299.3,297.6,298.4,291.8023
2025-11-29 04:00:00+01:00,298.8,299.7,298.1,299.4,357.4853
2025-11-29 05:00:00+01:00,299.5,301.6,298.7,301.2,740.575
2025-11-29 06:00:00+01:00,301.1,301.1,299.1,299.2,714.9747
2025-11-29 07:00:00+01:00,299.1,299.7,296.3,297.5,1522.7079
2025-11-29 08:00:00+01:00,297.5,299.6,297.1,298.8,577.6475
2025-11-29 09:00:00+01:00,298.8,299.2,296.8,297.1,482.1532
2025-11-29 10:00:00+01:00,297.1,297.6,296.2,297.3,566.6919
2025-11-29 11:00:00+01:00,297.1,299.0,296.0,298.1,566.6208
2025-11-29 12:00:00+01:00,298.1,299.7,297.6,299.3,555.8245
2025-11-29 13:00:00+01:00,299.1,299.6,296.5,296.6,582.7346
2025-11-29 14:00:00+01:00,296.4,297.2,295.6,296.0,555.0983
2025-11-29 15:00:00+01:00,295.9,296.3,294.4,295.2,965.2971
2025-11-29 16:00:00+01:00,295.3,297.5,294.6,297.3,3260.9112
2025-11-29 17:00:00+01:00,297.3,297.3,295.3,296.6,1037.2776
2025-11-29 18:00:00+01:00,296.4,297.1,293.6,293.8,1222.5962
2025-11-29 19:00:00+01:00,293.8,295.8,292.3,295.0,1329.1571
2025-11-29 20:00:00+01:00,295.2,295.7,294.3,294.8,378.1297
2025-11-29 21:00:00+01:00,294.8,297.4,294.5,297.1,473.0204
2025-11-29 22:00:00+01:00,297.1,297.3,295.7,297.1,345.5318
2025-11-29 23:00:00+01:00,297.1,297.3,295.8,295.9,577.614
2025-11-30 00:00:00+01:00,296.0,297.3,295.4,296.4,227.541
2025-11-30 01:00:00+01:00,296.4,297.3,295.2,295.5,128.4427
2025-11-30 02:00:00+01:00,295.5,297.5,295.2,296.5,192.6985
2025-11-30 03:00:00+01:00,296.5,297.6,293.4,293.6,373.3859
2025-11-30 04:00:00+01:00,293.6,295.3,290.4,295.2,1188.1073
2025-11-30 05:00:00+01:00,295.2,296.4,294.5,296.4,211.1888
2025-11-30 06:00:00+01:00,296.2,296.2,293.3,293.4,2265.8484
2025-11-30 07:00:00+01:00,293.5,295.4,292.8,294.7,3091.5065
2025-11-30 08:00:00+01:00,294.6,295.1,293.9,294.1,586.1973
2025-11-30 09:00:00+01:00,294.1,296.2,293.5,293.6,2181.1892
2025-11-30 10:00:00+01:00,293.7,295.0,293.2,293.9,784.9476
2025-11-30 11:00:00+01:00,293.7,294.2,292.2,292.2,689.963
2025-11-30 12:00:00+01:00,292.1,292.8,291.5,292.2,894.4357
2025-11-30 13:00:00+01:00,292.2,294.1,290.9,293.0,918.611
2025-11-30 14:00:00+01:00,293.2,296.6,293.1,295.1,2163.1697
2025-11-30 15:00:00+01:00,295.1,295.5,292.3,293.7,1045.9741
2025-11-30 16:00:00+01:00,293.8,293.9,292.1,293.3,589.0823
2025-11-30 17:00:00+01:00,293.2,297.3,293.2,296.1,1988.7674
2025-11-30 18:00:00+01:00,295.9,295.9,293.8,294.9,769.7956
2025-11-30 19:00:00+01:00,294.8,295.2,292.5,293.8,2760.3174
2025-11-30 20:00:00+01:00,293.7,296.4,293.7,296.3,975.1782
2025-11-30 21:00:00+01:00,296.2,298.7,296.0,298.0,1620.2526
2025-11-30 22:00:00+01:00,297.9,298.2,295.1,297.4,961.4598
2025-11-30 23:00:00+01:00,297.4,299.4,297.0,298.7,725.2837
2025-12-01 00:00:00+01:00,298.7,298.7,288.2,289.1,2585.6898
2025-12-01 01:00:00+01:00,289.0,289.8,269.3,270.1,13136.7813
2025-12-01 02:00:00+01:00,270.2,275.6,269.5,272.3,2577.2176
2025-12-01 03:00:00+01:00,272.2,275.0,271.8,273.3,1778.8598
2025-12-01 04:00:00+01:00,273.2,273.3,267.6,269.1,1755.3799
2025-12-01 05:00:00+01:00,269.0,269.3,265.1,265.5,3754.191
2025-12-01 06:00:00+01:00,265.5,268.4,265.3,266.7,2184.5372
2025-12-01 07:00:00+01:00,266.6,271.0,266.5,270.5,1894.7401
2025-12-01 08:00:00+01:00,270.4,270.5,268.0,269.6,1361.4335
2025-12-01 09:00:00+01:00,269.5,271.4,268.6,271.1,1733.8219
2025-12-01 10:00:00+01:00,271.0,273.7,269.3,270.0,1664.5443
2025-12-01 11:00:00+01:00,269.9,270.7,268.7,268.9,1307.2976
2025-12-01 12:00:00+01:00,268.7,268.9,263.6,264.8,1864.1764
2025-12-01 13:00:00+01:00,264.7,265.5,261.2,264.4,4253.7478
2025-12-01 14:00:00+01:00,264.4,266.5,262.0,263.3,1416.5301
2025-12-01 15:00:00+01:00,263.2,267.1,262.1,266.0,3086.6428
2025-12-01 16:00:00+01:00,266.0,266.1,254.0,260.4,8193.2123
2025-12-01 17:00:00+01:00,260.6,260.8,257.0,257.4,4073.0705
2025-12-01 18:00:00+01:00,257.6,258.6,255.8,255.9,1342.467
2025-12-01 19:00:00+01:00,256.0,260.0,256.0,259.6,1829.3785
2025-12-01 20:00:00+01:00,259.4,259.8,256.3,258.1,1438.8369
2025-12-01 21:00:00+01:00,257.9,262.4,257.9,261.4,2229.5529
2025-12-01 22:00:00+01:00,261.3,267.0,260.8,265.4,3105.8386
2025-12-01 23:00:00+01:00,265.2,267.2,264.7,265.4,1209.8187
2025-12-02 00:00:00+01:00,265.8,268.3,265.0,265.0,1242.4805
2025-12-02 01:00:00+01:00,265.0,266.9,264.2,265.3,1287.176
2025-12-02 02:00:00+01:00,265.2,268.8,263.7,264.3,1594.7797
2025-12-02 03:00:00+01:00,264.2,265.9,263.5,264.8,454.4638
2025-12-02 04:00:00+01:00,264.6,265.4,262.6,264.0,1590.532
2025-12-02 05:00:00+01:00,264.0,264.5,262.8,263.1,1260.7065
2025-12-02 06:00:00+01:00,263.0,264.1,262.5,262.7,658.0022
2025-12-02 07:00:00+01:00,262.6,263.4,261.7,262.7,1187.7575
2025-12-02 08:00:00+01:00,262.6,262.8,260.2,261.0,404.2816
2025-12-02 09:00:00+01:00,260.9,261.2,257.1,257.5,2463.2498
2025-12-02 10:00:00+01:00,257.5,260.0,257.4,258.3,979.4322
2025-12-02 11:00:00+01:00,258.5,261.6,258.0,260.4,1095.4674
2025-12-02 12:00:00+01:00,260.4,262.1,259.5,261.3,1236.2799
2025-12-02 13:00:00+01:00,261.5,264.1,261.3,264.1,1421.6844
2025-12-02 14:00:00+01:00,263.9,267.5,262.1,266.6,2002.4133
2025-12-02 15:00:00+01:00,266.5,275.1,265.4,274.1,5390.1092
2025-12-02 16:00:00+01:00,274.2,286.5,274.2,285.4,10440.2683
2025-12-02 17:00:00+01:00,285.5,287.4,280.2,283.4,5556.3564
2025-12-02 18:00:00+01:00,283.4,287.2,281.3,285.1,3207.6957
2025-12-02 19:00:00+01:00,284.9,288.7,284.5,286.7,3359.8554
2025-12-02 20:00:00+01:00,286.7,287.8,284.8,285.8,2707.1191
2025-12-02 21:00:00+01:00,285.7,285.9,277.6,279.7,6110.2258
2025-12-02 22:00:00+01:00,279.8,280.7,278.5,279.4,1901.3578
2025-12-02 23:00:00+01:00,279.7,280.5,276.5,280.0,1658.2065
2025-12-03 00:00:00+01:00,280.0,281.4,275.6,276.2,1948.3207
2025-12-03 01:00:00+01:00,276.1,277.5,274.6,275.5,2014.0735
2025-12-03 02:00:00+01:00,275.5,276.9,273.9,276.0,1350.4414
2025-12-03 03:00:00+01:00,276.0,279.9,275.9,279.3,2514.6749
2025-12-03 04:00:00+01:00,279.3,281.3,278.6,279.4,1841.3959
2025-12-03 05:00:00+01:00,279.4,285.0,279.0,284.5,1745.4514
2025-12-03 06:00:00+01:00,284.5,286.9,283.9,285.4,3151.3374
2025-12-03 07:00:00+01:00,285.4,290.2,285.3,286.2,3025.0706
2025-12-03 08:00:00+01:00,286.2,286.5,284.3,285.5,1717.1099
2025-12-03 09:00:00+01:00,285.7,288.8,285.5,288.1,1387.9296
2025-12-03 10:00:00+01:00,288.1,289.0,285.8,287.9,1239.6121
2025-12-03 11:00:00+01:00,287.8,289.1,282.7,283.5,2220.222
2025-12-03 12:00:00+01:00,283.6,284.5,281.4,283.8,1660.4295
2025-12-03 13:00:00+01:00,283.8,285.7,282.9,283.9,1119.3946
2025-12-03 14:00:00+01:00,284.0,285.7,283.3,283.8,1678.5506
2025-12-03 15:00:00+01:00,283.8,287.7,276.5,280.0,8786.6908
2025-12-03 16:00:00+01:00,280.1,282.7,277.7,281.6,3730.2857
2025-12-03 17:00:00+01:00,282.0,284.8,278.8,282.2,1719.5029
2025-12-03 18:00:00+01:00,282.1,289.9,281.9,288.7,2020.7534
2025-12-03 19:00:00+01:00,288.8,290.0,285.6,286.5,3007.6722
2025-12-03 20:00:00+01:00,286.5,289.2,285.9,289.0,1241.3309
2025-12-03 21:00:00+01:00,289.0,290.7,287.1,288.4,2242.9774
2025-12-03 22:00:00+01:00,288.4,295.5,287.3,294.2,3064.9886
2025-12-03 23:00:00+01:00,294.1,296.2,291.9,296.0,3083.3857
2025-12-04 00:00:00+01:00,295.9,298.4,294.7,295.2,2907.6989
2025-12-04 01:00:00+01:00,295.3,296.4,291.8,294.1,2029.8653
2025-12-04 02:00:00+01:00,294.1,302.5,293.2,297.3,4517.6675
2025-12-04 03:00:00+01:00,297.3,300.8,296.8,299.5,1813.7552
2025-12-04 04:00:00+01:00,299.3,301.8,299.0,301.1,929.4978
2025-12-04 05:00:00+01:00,301.2,301.6,298.2,300.9,751.6347
2025-12-04 06:00:00+01:00,301.0,303.1,297.6,298.6,1300.1105
2025-12-04 07:00:00+01:00,298.8,307.4,297.6,307.0,4460.499
2025-12-04 08:00:00+01:00,307.0,308.7,303.6,305.0,2806.8547
2025-12-04 09:00:00+01:00,304.7,309.3,302.9,309.2,3986.291
2025-12-04 10:00:00+01:00,309.3,317.4,308.5,313.8,5372.8396
2025-12-04 11:00:00+01:00,313.8,314.8,308.8,309.3,2536.0166
2025-12-04 12:00:00+01:00,309.1,309.6,305.4,307.3,2184.7014
2025-12-04 13:00:00+01:00,307.5,308.9,302.5,303.3,2737.4022
2025-12-04 14:00:00+01:00,303.2,303.6,295.5,296.7,4386.3657
2025-12-04 15:00:00+01:00,296.7,299.7,294.8,295.8,2584.5208
2025-12-04 16:00:00+01:00,295.7,302.7,295.7,300.9,3777.5892
2025-12-04 17:00:00+01:00,300.8,302.8,297.2,298.1,3578.8126
2025-12-04 18:00:00+01:00,298.0,298.8,294.3,296.4,2171.4994
2025-12-04 19:00:00+01:00,296.5,298.0,293.4,294.0,1903.8816
2025-12-04 20:00:00+01:00,293.9,294.1,286.8,293.5,4275.7966
2025-12-04 21:00:00+01:00,293.3,294.5,289.7,292.9,3386.0642
2025-12-04 22:00:00+01:00,293.1,294.3,290.4,290.4,1148.2095
2025-12-04 23:00:00+01:00,290.6,292.9,290.6,291.8,761.1436
2025-12-05 00:00:00+01:00,291.8,292.7,289.9,290.3,509.914
2025-12-05 01:00:00+01:00,290.2,291.5,284.8,288.3,5577.3434
2025-12-05 02:00:00+01:00,288.3,291.3,288.2,288.7,843.0283
2025-12-05 03:00:00+01:00,288.6,291.2,288.0,289.2,725.3081
2025-12-05 04:00:00+01:00,289.1,289.7,287.9,288.3,483.2948
2025-12-05 05:00:00+01:00,288.3,289.3,285.3,286.4,1049.2465
2025-12-05 06:00:00+01:00,286.4,288.0,285.5,287.7,1003.0043
2025-12-05 07:00:00+01:00,287.7,289.7,287.5,289.2,921.3665
2025-12-05 08:00:00+01:00,289.0,292.5,288.7,290.7,2499.0306
2025-12-05 09:00:00+01:00,290.6,291.3,286.2,288.5,3138.0928
2025-12-05 10:00:00+01:00,288.4,288.8,283.3,284.4,3536.1492
2025-12-05 11:00:00+01:00,284.3,286.6,284.0,285.2,1513.8671
2025-12-05 12:00:00+01:00,285.2,285.2,280.9,283.0,2317.2905
2025-12-05 13:00:00+01:00,283.0,283.2,281.7,282.5,1478.5208
2025-12-05 14:00:00+01:00,282.5,283.2,277.6,278.6,2675.5115
2025-12-05 15:00:00+01:00,278.7,282.9,278.1,280.1,4960.435
2025-12-05 16:00:00+01:00,280.4,287.2,280.1,281.8,6343.9821
2025-12-05 17:00:00+01:00,282.0,282.0,273.5,276.1,6844.0278
2025-12-05 18:00:00+01:00,275.9,278.1,272.8,277.0,2030.3016
2025-12-05 19:00:00+01:00,276.9,279.6,272.4,272.4,2195.7305
2025-12-05 20:00:00+01:00,272.4,275.5,271.3,274.4,1796.8295
2025-12-05 21:00:00+01:00,274.3,275.0,271.6,273.0,2007.6713
2025-12-05 22:00:00+01:00,272.9,275.7,272.8,274.4,1988.7694
2025-12-05 23:00:00+01:00,274.4,276.1,273.8,275.0,571.946
2025-12-06 00:00:00+01:00,275.1,276.2,273.2,275.8,927.9934
2025-12-06 01:00:00+01:00,275.8,277.4,275.4,276.6,798.8773
2025-12-06 02:00:00+01:00,276.6,278.9,276.1,277.9,769.8575
2025-12-06 03:00:00+01:00,278.0,278.1,276.0,277.2,340.8046
2025-12-06 04:00:00+01:00,277.5,278.9,277.2,278.0,270.5657
2025-12-06 05:00:00+01:00,278.3,278.3,276.8,277.2,396.2148
2025-12-06 06:00:00+01:00,277.3,278.1,276.8,277.1,198.3948
2025-12-06 07:00:00+01:00,277.0,279.6,276.4,277.8,570.3676
2025-12-06 08:00:00+01:00,277.7,278.1,276.2,277.8,600.8018
2025-12-06 09:00:00+01:00,278.0,278.4,275.9,276.2,935.2514
2025-12-06 10:00:00+01:00,276.2,278.6,276.2,278.2,485.74
2025-12-06 11:00:00+01:00,278.2,279.0,275.3,275.5,918.2445
2025-12-06 12:00:00+01:00,275.5,277.8,275.2,277.5,689.0594
2025-12-06 13:00:00+01:00,277.5,278.2,275.9,276.3,490.7622
2025-12-06 14:00:00+01:00,276.2,276.9,275.5,275.9,337.4108
2025-12-06 15:00:00+01:00,275.9,280.2,275.6,279.2,2079.2898
2025-12-06 16:00:00+01:00,279.2,280.9,276.8,280.2,1267.4044
2025-12-06 17:00:00+01:00,280.2,283.0,279.9,282.6,1851.2405
2025-12-06 18:00:00+01:00,282.3,284.5,282.0,283.2,2459.3099
2025-12-06 19:00:00+01:00,283.4,283.5,280.6,281.0,2054.533
2025-12-06 20:00:00+01:00,281.0,281.3,277.7,278.0,1634.1343
2025-12-06 21:00:00+01:00,278.1,279.6,277.9,279.0,462.0668
2025-12-06 22:00:00+01:00,278.6,281.4,278.6,281.3,967.102
2025-12-06 23:00:00+01:00,281.2,283.7,280.6,282.2,900.7406
2025-12-07 00:00:00+01:00,282.2,283.4,280.4,283.1,471.8255
2025-12-07 01:00:00+01:00,283.1,285.1,281.8,282.7,1797.348
2025-12-07 02:00:00+01:00,282.6,282.6,280.5,280.5,543.0935
2025-12-07 03:00:00+01:00,280.5,282.2,280.2,281.9,276.6208
2025-12-07 04:00:00+01:00,281.6,282.9,281.1,282.6,152.1501
2025-12-07 05:00:00+01:00,282.6,283.6,281.6,281.6,212.9758
2025-12-07 06:00:00+01:00,281.6,282.7,281.3,282.1,230.3287
2025-12-07 07:00:00+01:00,282.0,285.0,281.8,285.0,464.9244
2025-12-07 08:00:00+01:00,285.1,285.6,281.8,283.4,519.4145
2025-12-07 09:00:00+01:00,283.3,284.9,280.9,282.1,914.4249
2025-12-07 10:00:00+01:00,282.0,282.7,278.7,279.4,956.4586
2025-12-07 11:00:00+01:00,279.4,280.8,278.7,278.8,700.6027
2025-12-07 12:00:00+01:00,278.8,280.2,278.3,279.4,312.6239
2025-12-07 13:00:00+01:00,279.2,282.8,279.2,282.0,720.9701
2025-12-07 14:00:00+01:00,282.0,282.3,277.8,278.3,943.7983
2025-12-07 15:00:00+01:00,278.2,278.7,269.9,270.7,6301.7925
2025-12-07 16:00:00+01:00,270.6,280.3,270.0,279.7,3569.3827
2025-12-07 17:00:00+01:00,279.6,279.6,275.4,278.7,1742.1262
2025-12-07 18:00:00+01:00,278.7,290.5,276.6,290.0,6811.8858
2025-12-07 19:00:00+01:00,290.1,292.0,288.5,289.2,3533.5739
2025-12-07 20:00:00+01:00,289.3,290.0,286.3,288.1,2442.7354
2025-12-07 21:00:00+01:00,288.1,288.7,286.8,287.4,806.3554
2025-12-07 22:00:00+01:00,287.3,287.3,278.7,280.6,3109.4352
2025-12-07 23:00:00+01:00,280.2,280.3,273.0,275.7,4366.1194
2025-12-08 00:00:00+01:00,275.7,277.4,274.0,277.2,1073.8801
2025-12-08 01:00:00+01:00,277.1,279.8,275.2,278.5,840.2326
2025-12-08 02:00:00+01:00,278.5,287.2,278.5,282.9,2884.5742
2025-12-08 03:00:00+01:00,282.9,285.3,281.5,284.7,595.1464
2025-12-08 04:00:00+01:00,284.8,286.7,284.2,285.9,689.1507
2025-12-08 05:00:00+01:00,285.9,290.5,285.9,289.7,2373.7896
2025-12-08 06:00:00+01:00,289.7,295.9,289.0,295.3,3277.566
2025-12-08 07:00:00+01:00,295.1,298.0,294.8,295.7,1990.7563
2025-12-08 08:00:00+01:00,295.8,306.3,295.0,300.6,5649.9525
2025-12-08 09:00:00+01:00,300.5,304.1,300.3,302.3,1986.5684
2025-12-08 10:00:00+01:00,302.1,308.0,301.1,303.4,4752.0795
2025-12-08 11:00:00+01:00,303.4,305.6,302.3,303.1,2628.6376
2025-12-08 12:00:00+01:00,303.1,304.3,298.1,299.8,4080.9165
2025-12-08 13:00:00+01:00,299.9,299.9,296.4,297.7,1409.026
2025-12-08 14:00:00+01:00,297.8,300.3,295.8,296.6,2718.1969
2025-12-08 15:00:00+01:00,296.8,300.2,295.3,296.4,3748.3355
2025-12-08 16:00:00+01:00,296.4,297.3,287.3,291.3,6027.2104
2025-12-08 17:00:00+01:00,291.2,295.9,289.7,293.6,2504.639
2025-12-08 18:00:00+01:00,293.6,295.1,290.7,293.0,1755.6795
2025-12-08 19:00:00+01:00,293.1,294.0,288.4,290.3,1261.8973
2025-12-08 20:00:00+01:00,290.2,292.9,289.8,291.7,1141.1632
2025-12-08 21:00:00+01:00,291.8,296.9,291.8,295.8,2033.6278
2025-12-08 22:00:00+01:00,295.7,299.3,295.3,297.3,2941.2436
2025-12-08 23:00:00+01:00,297.3,297.3,294.9,295.5,1114.2582
2025-12-09 00:00:00+01:00,295.4,295.8,293.8,294.4,694.5042
2025-12-09 01:00:00+01:00,294.3,295.3,291.3,292.3,1531.7156
2025-12-09 02:00:00+01:00,292.3,292.9,290.3,291.0,897.3601
2025-12-09 03:00:00+01:00,290.9,292.0,289.2,289.2,350.3531
2025-12-09 04:00:00+01:00,289.3,290.6,288.3,290.3,629.7247
2025-12-09 05:00:00+01:00,290.4,290.5,287.3,287.8,494.8434
2025-12-09 06:00:00+01:00,287.8,290.3,286.7,289.4,894.9249
2025-12-09 07:00:00+01:00,289.4,293.5,288.0,292.3,946.1955
2025-12-09 08:00:00+01:00,292.8,303.7,291.4,302.4,3116.2036
2025-12-09 09:00:00+01:00,302.4,305.8,299.1,305.6,3934.4088
2025-12-09 10:00:00+01:00,305.5,306.6,299.4,299.8,2881.9869
2025-12-09 11:00:00+01:00,299.8,305.0,299.8,303.0,2887.7699
2025-12-09 12:00:00+01:00,303.2,303.3,299.9,302.0,1387.3535
2025-12-09 13:00:00+01:00,301.8,305.6,299.1,303.5,1564.784
2025-12-09 14:00:00+01:00,303.4,307.9,303.0,306.8,2737.9286
2025-12-09 15:00:00+01:00,306.5,308.4,303.3,305.2,4547.3572
2025-12-09 16:00:00+01:00,305.2,314.2,304.8,311.5,6598.67
2025-12-09 17:00:00+01:00,311.5,315.1,307.8,312.3,7148.9591
2025-12-09 18:00:00+01:00,312.4,313.6,307.4,307.7,3594.2325
2025-12-09 19:00:00+01:00,307.7,308.7,304.1,305.8,3874.4962
2025-12-09 20:00:00+01:00,305.9,306.8,303.6,306.0,1436.7303
2025-12-09 21:00:00+01:00,305.7,305.7,300.5,302.6,2750.9673
2025-12-09 22:00:00+01:00,302.8,303.5,298.6,300.9,1547.898
2025-12-09 23:00:00+01:00,300.8,304.1,300.3,302.3,2446.0196
2025-12-10 00:00:00+01:00,302.2,303.5,301.1,302.1,679.6547
2025-12-10 01:00:00+01:00,302.1,303.9,301.1,302.3,788.0429
2025-12-10 02:00:00+01:00,302.3,303.4,301.2,302.7,472.8798
2025-12-10 03:00:00+01:00,302.6,303.5,300.5,302.4,1248.5912
2025-12-10 04:00:00+01:00,302.3,302.5,297.7,298.3,1285.5267
2025-12-10 05:00:00+01:00,298.3,299.4,297.3,297.9,823.2911
2025-12-10 06:00:00+01:00,298.0,299.4,297.0,297.7,1484.1239
2025-12-10 07:00:00+01:00,297.7,301.4,297.3,300.9,1225.269
2025-12-10 08:00:00+01:00,300.8,301.6,298.5,299.8,1373.9939
2025-12-10 09:00:00+01:00,299.8,299.9,296.1,296.8,1749.5646
2025-12-10 10:00:00+01:00,296.6,299.0,295.2,299.0,1251.5498
2025-12-10 11:00:00+01:00,298.7,303.1,297.3,297.3,3769.4029
2025-12-10 12:00:00+01:00,297.2,299.6,296.9,298.9,1651.939
2025-12-10 13:00:00+01:00,298.7,301.0,298.5,300.0,992.279
2025-12-10 14:00:00+01:00,299.9,300.5,298.4,300.2,534.8253
2025-12-10 15:00:00+01:00,300.0,300.9,298.1,299.1,1246.0644
2025-12-10 16:00:00+01:00,298.9,299.4,294.7,296.4,3025.7216
2025-12-10 17:00:00+01:00,296.4,299.8,295.8,299.3,1400.5931
2025-12-10 18:00:00+01:00,299.2,300.2,297.8,298.8,952.2624
2025-12-10 19:00:00+01:00,298.7,303.0,297.1,299.5,3116.7539
2025-12-10 20:00:00+01:00,299.5,306.1,295.5,305.8,7141.5192
2025-12-10 21:00:00+01:00,305.9,312.1,297.8,298.3,10635.9329
2025-12-10 22:00:00+01:00,298.3,302.4,297.4,298.4,4141.0597
2025-12-10 23:00:00+01:00,298.5,300.4,295.3,298.5,2298.4836
2025-12-11 00:00:00+01:00,298.5,298.6,292.1,292.4,3577.3875
2025-12-11 01:00:00+01:00,292.2,293.0,286.8,287.9,3043.2536
2025-12-11 02:00:00+01:00,287.8,287.9,283.0,283.5,2503.7176
2025-12-11 03:00:00+01:00,283.4,283.6,281.2,282.7,2052.0415
2025-12-11 04:00:00+01:00,282.7,282.8,279.7,280.9,1828.4813
2025-12-11 05:00:00+01:00,280.8,285.9,280.1,285.7,1381.9217
2025-12-11 06:00:00+01:00,285.6,286.7,284.6,286.6,560.7195
2025-12-11 07:00:00+01:00,286.5,286.8,284.9,285.3,1070.0347
2025-12-11 08:00:00+01:00,285.2,285.4,282.5,284.0,1311.9286
2025-12-11 09:00:00+01:00,284.0,284.1,281.3,282.4,703.9125
2025-12-11 10:00:00+01:00,282.4,285.2,282.3,283.1,1115.026
2025-12-11 11:00:00+01:00,283.3,284.3,281.7,282.9,1417.571
2025-12-11 12:00:00+01:00,283.0,284.8,282.9,284.4,687.3934
2025-12-11 13:00:00+01:00,284.2,290.3,284.2,289.6,2086.749
2025-12-11 14:00:00+01:00,289.6,294.6,289.6,293.5,3122.2586
2025-12-11 15:00:00+01:00,293.5,294.5,286.9,289.0,3114.2753
2025-12-11 16:00:00+01:00,288.9,293.1,288.1,290.1,1977.4647
2025-12-11 17:00:00+01:00,290.0,290.5,285.8,287.0,1592.1207
2025-12-11 18:00:00+01:00,287.0,289.7,286.2,287.2,1961.6787
2025-12-11 19:00:00+01:00,287.0,294.9,286.9,291.8,2766.1381
2025-12-11 20:00:00+01:00,291.7,293.3,289.4,290.2,1710.8001
2025-12-11 21:00:00+01:00,290.2,294.5,290.2,294.3,1704.0772
2025-12-11 22:00:00+01:00,294.3,304.4,294.1,301.1,6914.7186
2025-12-11 23:00:00+01:00,301.2,302.1,296.6,298.3,2944.9739
2025-12-12 00:00:00+01:00,298.2,299.5,296.4,297.3,1137.4066
2025-12-12 01:00:00+01:00,297.3,300.1,293.9,294.1,1526.1622
2025-12-12 02:00:00+01:00,294.2,297.7,294.2,297.4,577.1918
2025-12-12 03:00:00+01:00,297.4,303.0,296.8,299.9,1479.5973
2025-12-12 04:00:00+01:00,300.0,302.2,298.4,301.2,594.6208
2025-12-12 05:00:00+01:00,301.2,306.1,301.2,305.3,1418.4006
2025-12-12 06:00:00+01:00,305.1,305.7,300.2,302.1,1449.3659
2025-12-12 07:00:00+01:00,302.0,304.5,300.6,301.0,1345.9276
2025-12-12 08:00:00+01:00,301.1,302.4,300.1,301.0,601.3898
2025-12-12 09:00:00+01:00,300.9,302.5,299.8,302.0,1065.8778
2025-12-12 10:00:00+01:00,302.0,302.0,298.2,301.0,1108.0959
2025-12-12 11:00:00+01:00,300.9,303.3,300.8,301.4,2321.0755
2025-12-12 12:00:00+01:00,301.2,301.8,299.4,301.8,688.7096
2025-12-12 13:00:00+01:00,301.7,302.7,299.7,300.9,1059.0994
2025-12-12 14:00:00+01:00,300.7,300.9,299.1,299.8,790.7055
2025-12-12 15:00:00+01:00,299.9,301.1,298.7,300.5,979.1195
2025-12-12 16:00:00+01:00,300.4,300.4,287.8,289.2,5932.868
2025-12-12 17:00:00+01:00,289.1,290.8,284.9,287.1,4130.7405
2025-12-12 18:00:00+01:00,287.0,292.3,286.9,289.3,1455.6949
2025-12-12 19:00:00+01:00,289.5,294.0,289.4,290.9,1825.694
2025-12-12 20:00:00+01:00,291.0,291.1,287.3,288.3,751.9655
2025-12-12 21:00:00+01:00,288.2,289.9,287.1,288.9,880.1049
2025-12-12 22:00:00+01:00,289.1,290.4,288.9,290.1,678.0368
2025-12-12 23:00:00+01:00,290.2,292.1,290.2,291.6,502.3679
2025-12-13 00:00:00+01:00,291.5,293.0,290.7,291.8,404.6524
2025-12-13 01:00:00+01:00,291.7,294.1,291.6,293.9,545.6892
2025-12-13 02:00:00+01:00,293.8,297.2,293.6,293.8,1358.6754
2025-12-13 03:00:00+01:00,293.8,296.2,293.7,295.6,1072.1146
2025-12-13 04:00:00+01:00,295.5,295.8,294.3,295.5,1013.5491
2025-12-13 05:00:00+01:00,295.9,296.2,294.2,294.5,178.5078
2025-12-13 06:00:00+01:00,294.3,295.2,292.7,293.5,359.946
2025-12-13 07:00:00+01:00,293.5,293.5,290.8,292.9,719.0794
2025-12-13 08:00:00+01:00,292.8,293.3,291.5,291.9,220.8897
2025-12-13 09:00:00+01:00,291.8,295.0,291.8,293.4,535.1432
2025-12-13 10:00:00+01:00,293.4,294.0,292.4,293.0,336.4108
2025-12-13 11:00:00+01:00,292.9,296.3,292.6,296.3,847.9027
2025-12-13 12:00:00+01:00,296.2,298.0,295.5,297.4,1052.0106
2025-12-13 13:00:00+01:00,297.5,298.6,295.7,296.9,994.091
2025-12-13 14:00:00+01:00,296.9,297.9,295.7,295.8,593.8734
2025-12-13 15:00:00+01:00,295.8,298.0,294.3,297.3,1022.9572
2025-12-13 16:00:00+01:00,297.2,301.9,296.4,297.1,2228.6479
2025-12-13 17:00:00+01:00,297.2,298.3,295.7,297.7,609.3655
2025-12-13 18:00:00+01:00,297.4,297.5,294.2,294.5,644.0534
2025-12-13 19:00:00+01:00,294.6,296.4,294.3,295.5,491.0902
2025-12-13 20:00:00+01:00,295.4,299.1,295.3,297.5,930.9178
2025-12-13 21:00:00+01:00,297.4,298.2,296.4,296.8,388.1716
2025-12-13 22:00:00+01:00,296.8,297.1,293.5,294.9,816.0286
2025-12-13 23:00:00+01:00,294.8,295.2,293.2,294.7,511.7698
2025-12-14 00:00:00+01:00,294.7,295.8,294.3,294.9,246.1257
2025-12-14 01:00:00+01:00,295.0,295.8,294.0,295.0,639.1203
2025-12-14 02:00:00+01:00,295.0,297.0,294.1,294.8,1187.7032
2025-12-14 03:00:00+01:00,294.7,296.1,294.6,295.4,130.7121
2025-12-14 04:00:00+01:00,295.5,295.6,294.3,294.5,196.1464
2025-12-14 05:00:00+01:00,294.6,294.9,291.9,292.3,954.6193
2025-12-14 06:00:00+01:00,292.4,292.7,291.5,292.4,494.3633
2025-12-14 07:00:00+01:00,292.3,292.6,291.4,292.4,209.5407
2025-12-14 08:00:00+01:00,292.3,293.4,292.1,292.8,330.0581
2025-12-14 09:00:00+01:00,292.8,296.1,292.7,294.9,474.1435
2025-12-14 10:00:00+01:00,294.8,294.9,293.1,294.4,542.5535
2025-12-14 11:00:00+01:00,294.3,295.0,292.4,293.6,918.7781
2025-12-14 12:00:00+01:00,293.6,293.6,288.5,291.9,2567.6177
2025-12-14 13:00:00+01:00,291.8,293.9,290.2,292.7,1062.6684
2025-12-14 14:00:00+01:00,292.5,292.5,290.0,291.8,1401.6917
2025-12-14 15:00:00+01:00,291.9,292.1,287.6,288.5,977.3008
2025-12-14 16:00:00+01:00,288.3,289.3,286.9,288.0,1502.2326
2025-12-14 17:00:00+01:00,288.0,290.4,287.4,289.3,1001.097
2025-12-14 18:00:00+01:00,289.3,290.1,285.7,286.9,1314.3
2025-12-14 19:00:00+01:00,286.8,288.8,285.2,287.3,2244.6028
2025-12-14 20:00:00+01:00,287.3,287.8,283.9,284.6,1606.3301
2025-12-14 21:00:00+01:00,284.5,286.5,282.8,283.7,1969.1364
2025-12-14 22:00:00+01:00,283.6,284.5,281.4,281.9,1015.2052
2025-12-14 23:00:00+01:00,282.1,283.6,281.2,283.0,1398.1859
2025-12-15 00:00:00+01:00,283.2,284.2,276.7,280.0,3603.7513
2025-12-15 01:00:00+01:00,280.0,283.4,279.6,281.8,1536.1742
2025-12-15 02:00:00+01:00,281.7,287.5,281.6,286.1,1971.2356
2025-12-15 03:00:00+01:00,286.2,289.5,285.0,285.3,1241.5948
2025-12-15 04:00:00+01:00,285.1,286.1,284.2,284.8,988.1346
2025-12-15 05:00:00+01:00,285.0,288.1,285.0,287.7,621.735
2025-12-15 06:00:00+01:00,287.8,289.4,286.9,287.5,1012.734
2025-12-15 07:00:00+01:00,287.6,289.3,287.3,288.1,704.8537
2025-12-15 08:00:00+01:00,288.2,288.4,284.2,285.2,1637.9062
2025-12-15 09:00:00+01:00,285.2,285.5,281.6,281.8,2242.9436
2025-12-15 10:00:00+01:00,281.7,284.6,281.3,283.0,1989.2707
2025-12-15 11:00:00+01:00,283.1,283.3,280.8,281.6,980.8271
2025-12-15 12:00:00+01:00,281.6,282.6,279.8,280.2,1270.9719
2025-12-15 13:00:00+01:00,280.1,281.8,278.8,281.6,1085.918
2025-12-15 14:00:00+01:00,281.5,282.8,279.9,281.0,1335.8877
2025-12-15 15:00:00+01:00,280.8,284.2,273.8,276.3,4079.164
2025-12-15 16:00:00+01:00,276.1,276.9,268.8,272.2,7961.3071
2025-12-15 17:00:00+01:00,272.2,272.9,265.6,266.3,4431.4584
2025-12-15 18:00:00+01:00,266.2,267.9,262.9,264.4,2921.7652
2025-12-15 19:00:00+01:00,264.4,266.1,258.5,265.5,4230.1236
2025-12-15 20:00:00+01:00,265.4,267.7,265.1,265.9,2281.1971
2025-12-15 21:00:00+01:00,265.8,266.3,263.3,264.2,1671.0432
2025-12-15 22:00:00+01:00,264.3,266.9,264.1,266.9,969.0259
2025-12-15 23:00:00+01:00,266.9,267.2,265.3,267.2,842.1287
2025-12-16 00:00:00+01:00,267.0,270.1,266.7,269.5,980.4147
2025-12-16 01:00:00+01:00,269.5,270.4,268.1,268.2,904.3976
2025-12-16 02:00:00+01:00,268.5,270.2,267.5,267.8,1063.1582
2025-12-16 03:00:00+01:00,267.7,269.5,266.6,267.8,1204.4645
2025-12-16 04:00:00+01:00,268.0,268.2,265.6,267.0,2051.7469
2025-12-16 05:00:00+01:00,267.0,267.4,261.7,265.2,2261.7262
2025-12-16 06:00:00+01:00,265.2,266.9,264.4,266.4,960.4531
2025-12-16 07:00:00+01:00,266.3,267.9,266.1,267.5,948.277
2025-12-16 08:00:00+01:00,267.3,267.5,263.3,263.3,1227.6656
2025-12-16 09:00:00+01:00,263.2,264.4,262.4,263.0,2238.0466
2025-12-16 10:00:00+01:00,263.0,263.1,261.2,263.0,1300.9564
2025-12-16 11:00:00+01:00,263.0,267.2,261.6,264.3,1407.9511
2025-12-16 12:00:00+01:00,264.3,264.5,262.4,263.5,1118.4391
2025-12-16 13:00:00+01:00,263.3,264.2,261.6,261.8,957.4484
2025-12-16 14:00:00+01:00,261.9,265.1,256.4,256.7,3946.2128
2025-12-16 15:00:00+01:00,256.7,263.0,255.1,262.6,4588.7681
2025-12-16 16:00:00+01:00,262.7,266.4,259.7,265.3,4128.3467
2025-12-16 17:00:00+01:00,265.3,265.3,261.0,262.0,1330.9047
2025-12-16 18:00:00+01:00,262.0,263.6,258.5,259.1,1927.9663
2025-12-16 19:00:00+01:00,259.2,264.4,258.7,263.5,1586.9717
2025-12-16 20:00:00+01:00,263.5,263.8,260.8,262.1,1082.9496
2025-12-16 21:00:00+01:00,262.0,263.2,261.3,262.3,752.9877
2025-12-16 22:00:00+01:00,262.3,263.6,261.8,262.6,995.6976
2025-12-16 23:00:00+01:00,262.6,263.2,261.0,261.4,364.6542
2025-12-17 00:00:00+01:00,261.3,262.2,260.7,262.2,464.5058
2025-12-17 01:00:00+01:00,262.2,262.2,259.5,260.7,439.2552
2025-12-17 02:00:00+01:00,260.6,262.2,258.8,259.0,605.6304
2025-12-17 03:00:00+01:00,259.2,259.4,257.4,258.8,1181.9716
2025-12-17 04:00:00+01:00,258.9,260.2,256.5,257.3,862.6412
2025-12-17 05:00:00+01:00,257.3,258.5,256.1,256.5,775.2284
2025-12-17 06:00:00+01:00,256.4,256.4,250.8,253.0,3051.0771
2025-12-17 07:00:00+01:00,253.0,253.8,251.7,251.7,1039.9289
2025-12-17 08:00:00+01:00,251.6,251.7,246.8,250.1,3671.4465
2025-12-17 09:00:00+01:00,250.0,250.1,244.9,245.3,2687.0534
2025-12-17 10:00:00+01:00,245.3,247.4,244.3,246.7,1979.4588
2025-12-17 11:00:00+01:00,246.7,246.8,243.7,244.8,1927.8188
2025-12-17 12:00:00+01:00,244.7,248.9,244.5,248.4,1425.6572
2025-12-17 13:00:00+01:00,248.4,249.3,246.7,248.0,1048.6164
2025-12-17 14:00:00+01:00,247.9,251.3,247.3,250.1,1747.3507
2025-12-17 15:00:00+01:00,249.8,253.4,243.9,253.3,6268.1155
2025-12-17 16:00:00+01:00,253.3,255.8,243.6,244.2,7824.5235
2025-12-17 17:00:00+01:00,243.9,246.5,236.4,240.8,8155.3936
2025-12-17 18:00:00+01:00,240.6,240.6,234.9,235.9,3905.488
2025-12-17 19:00:00+01:00,235.9,239.9,233.9,236.4,3781.9041
2025-12-17 20:00:00+01:00,236.4,238.2,235.2,237.9,3545.3324
2025-12-17 21:00:00+01:00,237.9,238.6,237.1,237.9,1766.5589
2025-12-17 22:00:00+01:00,237.8,239.1,236.9,237.7,1516.4033
2025-12-17 23:00:00+01:00,237.7,238.3,236.3,238.2,1076.6333
2025-12-18 00:00:00+01:00,238.3,238.8,236.9,238.7,1013.239
2025-12-18 01:00:00+01:00,238.7,239.4,237.7,237.8,910.0782
2025-12-18 02:00:00+01:00,237.7,237.8,231.3,232.3,3137.7428
2025-12-18 03:00:00+01:00,232.3,235.0,232.1,234.0,779.5882
2025-12-18 04:00:00+01:00,234.0,234.0,230.7,231.9,1206.3561
2025-12-18 05:00:00+01:00,231.9,233.3,231.8,232.1,738.9374
2025-12-18 06:00:00+01:00,232.0,232.1,227.7,228.1,2218.0891
2025-12-18 07:00:00+01:00,228.0,229.5,227.6,228.4,1443.3676
2025-12-18 08:00:00+01:00,228.3,230.3,227.3,227.5,1278.2821
2025-12-18 09:00:00+01:00,227.6,228.7,226.8,228.0,2023.0834
2025-12-18 10:00:00+01:00,227.9,231.6,226.8,229.3,1958.1681
2025-12-18 11:00:00+01:00,229.3,231.8,229.0,230.9,1350.1212
2025-12-18 12:00:00+01:00,231.1,231.5,229.8,231.0,768.1856
2025-12-18 13:00:00+01:00,231.1,234.1,231.1,232.0,2743.5664
2025-12-18 14:00:00+01:00,232.0,237.8,231.9,237.2,4190.4174
2025-12-18 15:00:00+01:00,237.5,239.0,231.2,233.1,2782.9488
2025-12-18 16:00:00+01:00,233.0,237.4,231.7,235.0,3299.1736
2025-12-18 17:00:00+01:00,234.9,236.0,232.9,233.3,1401.2774
2025-12-18 18:00:00+01:00,233.2,233.4,222.5,225.8,9697.2936
2025-12-18 19:00:00+01:00,225.7,227.0,220.3,221.7,3261.1267
2025-12-18 20:00:00+01:00,221.8,224.1,218.3,218.6,4345.8657
2025-12-18 21:00:00+01:00,218.5,222.3,218.3,218.9,2792.6159
2025-12-18 22:00:00+01:00,219.0,222.9,219.0,221.6,2711.4153
2025-12-18 23:00:00+01:00,221.7,222.4,218.7,219.2,1198.4907
2025-12-19 00:00:00+01:00,219.0,219.9,216.9,219.1,2012.8618
2025-12-19 01:00:00+01:00,219.2,220.3,218.2,219.6,1791.0299
2025-12-19 02:00:00+01:00,219.5,219.5,217.3,217.8,1234.4471
2025-12-19 03:00:00+01:00,217.7,220.0,215.0,219.1,2089.4656
2025-12-19 04:00:00+01:00,219.0,228.6,219.0,225.6,5031.1011
2025-12-19 05:00:00+01:00,225.6,227.3,225.6,227.0,1532.6578
2025-12-19 06:00:00+01:00,227.0,227.0,224.9,225.1,1347.7685
2025-12-19 07:00:00+01:00,225.1,226.3,223.6,226.1,1390.8461
2025-12-19 08:00:00+01:00,226.0,230.2,226.0,229.2,2974.3506
2025-12-19 09:00:00+01:00,229.0,230.5,227.9,230.3,2220.8753
2025-12-19 10:00:00+01:00,230.1,230.3,226.7,226.9,1306.9459
2025-12-19 11:00:00+01:00,226.8,228.2,226.0,228.0,1213.2348
2025-12-19 12:00:00+01:00,228.0,229.1,227.0,228.8,886.355
2025-12-19 13:00:00+01:00,228.9,232.9,227.8,232.4,1334.0615
2025-12-19 14:00:00+01:00,232.6,233.1,229.7,230.7,7321.1384
2025-12-19 15:00:00+01:00,230.5,234.9,229.2,233.2,3045.2645
2025-12-19 16:00:00+01:00,233.1,235.5,227.1,227.7,4995.3282
2025-12-19 17:00:00+01:00,227.5,233.1,227.5,228.2,2902.8194
2025-12-19 18:00:00+01:00,228.3,230.7,224.8,224.8,3149.5676
2025-12-19 19:00:00+01:00,224.9,227.9,224.9,225.9,1586.1795
2025-12-19 20:00:00+01:00,225.8,232.1,225.6,230.8,1815.171
2025-12-19 21:00:00+01:00,230.7,234.1,228.8,233.3,1947.329
2025-12-19 22:00:00+01:00,233.1,233.2,229.8,229.9,2212.8818
2025-12-19 23:00:00+01:00,229.9,231.3,229.4,230.6,1038.4406
2025-12-20 00:00:00+01:00,230.5,230.8,229.5,230.6,421.8648
2025-12-20 01:00:00+01:00,230.5,230.5,228.9,229.3,862.1457
2025-12-20 02:00:00+01:00,229.3,229.3,228.0,228.0,721.8351
2025-12-20 03:00:00+01:00,228.1,229.4,227.6,228.3,372.6109
2025-12-20 04:00:00+01:00,228.3,229.0,227.2,228.4,947.3083
2025-12-20 05:00:00+01:00,228.3,228.4,226.8,227.5,537.0876
2025-12-20 06:00:00+01:00,227.4,229.0,227.2,227.9,616.4569
2025-12-20 07:00:00+01:00,227.8,229.9,227.8,229.5,475.7961
2025-12-20 08:00:00+01:00,229.5,230.1,228.3,230.0,287.8952
2025-12-20 09:00:00+01:00,230.0,232.7,230.0,230.7,1091.395
2025-12-20 10:00:00+01:00,230.6,231.5,229.1,229.3,771.1706
2025-12-20 11:00:00+01:00,229.2,229.3,226.3,226.7,1175.6919
2025-12-20 12:00:00+01:00,226.8,228.2,225.7,228.0,1318.5781
2025-12-20 13:00:00+01:00,228.0,228.4,227.0,227.2,770.6475
2025-12-20 14:00:00+01:00,227.2,229.7,226.0,229.7,967.8005
2025-12-20 15:00:00+01:00,229.8,230.8,228.3,230.8,1080.8674
2025-12-20 16:00:00+01:00,230.7,230.8,229.1,229.2,522.2411
2025-12-20 17:00:00+01:00,229.2,231.7,228.2,229.9,1173.6107
2025-12-20 18:00:00+01:00,230.0,231.1,228.7,229.0,1038.5625
2025-12-20 19:00:00+01:00,228.9,230.3,228.7,229.9,286.5406
2025-12-20 20:00:00+01:00,229.8,231.3,229.4,229.7,689.4322
2025-12-20 21:00:00+01:00,229.7,229.8,228.6,228.6,767.4475
2025-12-20 22:00:00+01:00,228.5,229.8,228.5,228.8,462.8857
2025-12-20 23:00:00+01:00,228.7,228.8,225.0,226.2,946.9655
2025-12-21 00:00:00+01:00,226.1,227.2,226.0,226.6,351.7469
2025-12-21 01:00:00+01:00,226.5,227.2,225.6,227.0,433.0774
2025-12-21 02:00:00+01:00,227.0,227.0,224.8,225.4,591.7272
2025-12-21 03:00:00+01:00,225.4,225.8,222.2,223.2,1008.5398
2025-12-21 04:00:00+01:00,223.1,224.8,223.0,224.6,312.5949
2025-12-21 05:00:00+01:00,224.6,224.7,221.9,223.2,504.68
2025-12-21 06:00:00+01:00,223.2,223.9,223.0,223.7,339.2523
2025-12-21 07:00:00+01:00,223.4,224.5,223.3,224.2,259.3752
2025-12-21 08:00:00+01:00,224.0,224.2,223.3,223.6,317.7975
2025-12-21 09:00:00+01:00,223.6,225.5,223.6,224.7,988.7026
2025-12-21 10:00:00+01:00,224.5,226.9,223.3,226.2,1001.1338
2025-12-21 11:00:00+01:00,226.2,227.0,223.3,223.8,781.0791
2025-12-21 12:00:00+01:00,223.8,224.2,221.1,221.8,1298.8163
2025-12-21 13:00:00+01:00,221.9,223.0,219.6,220.5,2482.9663
2025-12-21 14:00:00+01:00,220.5,220.5,216.2,216.8,2658.6818
2025-12-21 15:00:00+01:00,216.6,219.2,216.5,219.2,1578.2224
2025-12-21 16:00:00+01:00,219.3,220.4,218.4,219.7,1429.1396
2025-12-21 17:00:00+01:00,219.6,220.9,219.0,220.2,622.9619
2025-12-21 18:00:00+01:00,220.2,221.7,220.1,221.0,837.0752
2025-12-21 19:00:00+01:00,221.0,221.0,218.7,219.9,1190.8845
2025-12-21 20:00:00+01:00,219.9,221.6,219.6,221.0,729.4459
2025-12-21 21:00:00+01:00,220.9,221.3,219.8,219.8,592.1684
2025-12-21 22:00:00+01:00,220.0,220.3,218.5,218.8,949.1849
2025-12-21 23:00:00+01:00,218.8,221.6,218.5,221.2,1164.6217
2025-12-22 00:00:00+01:00,221.2,223.4,220.7,221.1,1781.3405
2025-12-22 01:00:00+01:00,221.1,225.9,221.0,223.1,2321.7407
2025-12-22 02:00:00+01:00,222.9,226.0,222.9,224.2,900.553
2025-12-22 03:00:00+01:00,224.1,224.1,221.0,222.6,1190.6898
2025-12-22 04:00:00+01:00,222.5,224.8,222.0,223.6,554.7739
2025-12-22 05:00:00+01:00,223.6,224.9,223.6,224.3,523.6031
2025-12-22 06:00:00+01:00,224.2,225.7,224.1,225.0,770.7975
2025-12-22 07:00:00+01:00,224.9,225.9,224.3,225.2,268.7586
2025-12-22 08:00:00+01:00,225.1,225.9,222.9,223.3,1024.8585
2025-12-22 09:00:00+01:00,223.2,225.7,222.2,224.0,1237.143
2025-12-22 10:00:00+01:00,224.1,225.7,223.6,225.3,799.2477
2025-12-22 11:00:00+01:00,225.2,225.5,224.0,224.3,808.6207
2025-12-22 12:00:00+01:00,224.3,227.5,223.8,227.0,1679.8336
2025-12-22 13:00:00+01:00,227.0,232.7,226.9,229.3,3949.6686
2025-12-22 14:00:00+01:00,229.5,231.5,228.1,228.4,2554.6724
2025-12-22 15:00:00+01:00,228.4,229.9,226.3,228.9,2604.8064
2025-12-22 16:00:00+01:00,228.9,231.1,226.1,228.2,2781.557
2025-12-22 17:00:00+01:00,228.2,229.7,226.4,227.3,1486.0153
2025-12-22 18:00:00+01:00,227.3,228.6,226.5,228.0,990.9971
2025-12-22 19:00:00+01:00,227.9,229.7,227.3,227.8,893.4526
2025-12-22 20:00:00+01:00,227.7,227.7,220.7,221.3,2217.7465
2025-12-22 21:00:00+01:00,221.0,223.9,221.0,223.4,1552.9037
2025-12-22 22:00:00+01:00,223.5,225.0,222.7,223.4,930.6992
2025-12-22 23:00:00+01:00,223.3,223.9,222.0,223.4,953.1353
2025-12-23 00:00:00+01:00,223.4,223.8,221.5,222.2,849.098
2025-12-23 01:00:00+01:00,222.2,225.7,222.0,224.9,717.0539
2025-12-23 02:00:00+01:00,224.9,225.4,223.3,223.9,382.8581
2025-12-23 03:00:00+01:00,223.9,224.7,219.7,219.9,1866.8553
2025-12-23 04:00:00+01:00,219.9,222.0,218.5,221.2,1160.052
2025-12-23 05:00:00+01:00,221.1,221.4,219.0,219.7,1266.2975
2025-12-23 06:00:00+01:00,219.3,219.7,217.7,219.1,751.9071
2025-12-23 07:00:00+01:00,219.0,219.0,217.3,218.3,1238.0999
2025-12-23 08:00:00+01:00,218.3,218.5,217.6,218.1,1498.4892
2025-12-23 09:00:00+01:00,218.0,219.1,217.9,218.2,536.5616
2025-12-23 10:00:00+01:00,218.1,219.2,218.0,218.9,847.1507
2025-12-23 11:00:00+01:00,218.9,219.5,218.0,218.4,473.4834
2025-12-23 12:00:00+01:00,218.2,218.6,216.6,217.3,1025.6311
2025-12-23 13:00:00+01:00,217.2,219.6,215.2,219.1,2363.2256
2025-12-23 14:00:00+01:00,219.0,219.9,217.0,217.7,1026.5503
2025-12-23 15:00:00+01:00,217.6,218.8,212.1,213.9,3702.8513
2025-12-23 16:00:00+01:00,213.8,216.9,213.2,214.5,2084.7331
2025-12-23 17:00:00+01:00,214.5,217.0,214.2,214.4,2441.1554
2025-12-23 18:00:00+01:00,214.2,216.8,214.1,214.2,1924.614
2025-12-23 19:00:00+01:00,214.4,217.0,214.1,216.4,818.9922
2025-12-23 20:00:00+01:00,216.4,217.6,214.6,214.7,764.3375
2025-12-23 21:00:00+01:00,215.0,218.6,214.4,216.6,1232.6018
2025-12-23 22:00:00+01:00,216.6,216.8,215.5,216.3,674.4181
2025-12-23 23:00:00+01:00,216.3,216.6,211.3,212.7,1781.7844
2025-12-24 00:00:00+01:00,212.7,214.5,211.9,214.3,1250.6403
2025-12-24 01:00:00+01:00,214.2,214.6,211.6,212.6,1195.2228
2025-12-24 02:00:00+01:00,212.6,213.5,211.4,211.5,1111.7661
2025-12-24 03:00:00+01:00,211.5,211.8,207.8,209.1,3758.3779
2025-12-24 04:00:00+01:00,208.9,210.7,207.9,210.1,1201.3291
2025-12-24 05:00:00+01:00,210.2,212.0,209.4,209.6,890.5315
2025-12-24 06:00:00+01:00,209.6,210.5,207.1,207.5,1781.8444
2025-12-24 07:00:00+01:00,207.6,208.5,206.9,208.2,1143.0584
2025-12-24 08:00:00+01:00,208.3,208.8,206.2,207.7,2331.6503
2025-12-24 09:00:00+01:00,207.7,208.4,206.5,207.1,1317.6797
2025-12-24 10:00:00+01:00,207.2,207.7,206.5,207.2,1561.8864
2025-12-24 11:00:00+01:00,207.1,208.2,206.7,207.0,1171.4726
2025-12-24 12:00:00+01:00,206.9,209.6,206.8,209.5,1151.0099
2025-12-24 13:00:00+01:00,209.4,211.7,208.9,211.5,1196.3392
2025-12-24 14:00:00+01:00,211.4,211.6,209.1,210.3,1013.5828
2025-12-24 15:00:00+01:00,210.2,213.3,209.2,211.8,1610.6999
2025-12-24 16:00:00+01:00,211.8,215.3,211.7,215.0,1211.7543
2025-12-24 17:00:00+01:00,214.8,217.2,213.4,216.4,2997.6459
2025-12-24 18:00:00+01:00,216.5,220.0,216.0,217.2,2290.1986
2025-12-24 19:00:00+01:00,217.1,219.4,216.6,219.1,926.1247
2025-12-24 20:00:00+01:00,219.0,219.0,216.1,218.1,1257.7776
2025-12-24 21:00:00+01:00,218.1,218.5,216.6,216.9,638.1228
2025-12-24 22:00:00+01:00,216.8,217.4,214.9,215.8,1115.6596
2025-12-24 23:00:00+01:00,215.8,219.5,215.8,219.5,1305.7633
2025-12-25 00:00:00+01:00,219.4,220.0,217.8,218.2,931.2039
2025-12-25 01:00:00+01:00,218.2,219.3,217.7,217.9,563.9684
2025-12-25 02:00:00+01:00,218.0,219.3,217.6,218.9,908.6384
2025-12-25 03:00:00+01:00,218.8,223.4,218.1,222.4,1718.0745
2025-12-25 04:00:00+01:00,222.4,223.9,221.8,223.8,765.6695
2025-12-25 05:00:00+01:00,223.8,224.4,222.2,223.0,886.8794
2025-12-25 06:00:00+01:00,222.9,223.1,221.5,222.5,424.1024
2025-12-25 07:00:00+01:00,222.7,223.1,222.2,222.9,300.7838
2025-12-25 08:00:00+01:00,222.8,223.0,220.9,221.7,1241.7102
2025-12-25 09:00:00+01:00,221.6,223.4,220.1,221.7,1426.4527
2025-12-25 10:00:00+01:00,221.6,222.2,220.8,222.0,475.3407
2025-12-25 11:00:00+01:00,222.0,222.1,219.5,220.6,1087.1437
2025-12-25 12:00:00+01:00,220.6,222.2,220.4,221.8,409.1831
2025-12-25 13:00:00+01:00,221.6,225.0,221.5,225.0,885.4104
2025-12-25 14:00:00+01:00,224.9,225.3,223.1,223.6,743.1538
2025-12-25 15:00:00+01:00,223.6,224.6,221.8,222.8,1252.5384
2025-12-25 16:00:00+01:00,222.7,225.7,222.1,224.7,1304.3109
2025-12-25 17:00:00+01:00,224.8,226.2,223.8,224.2,1421.6269
2025-12-25 18:00:00+01:00,224.1,227.4,223.9,225.5,808.9384
2025-12-25 19:00:00+01:00,225.6,227.5,225.5,227.1,1875.1044
2025-12-25 20:00:00+01:00,227.0,227.7,225.4,226.2,466.6279
2025-12-25 21:00:00+01:00,226.1,226.4,223.9,223.9,622.1895
2025-12-25 22:00:00+01:00,223.9,223.9,222.5,223.8,1153.9042
2025-12-25 23:00:00+01:00,223.7,224.1,218.4,220.0,1396.2809
2025-12-26 00:00:00+01:00,219.7,221.1,217.6,218.6,1773.879
2025-12-26 01:00:00+01:00,218.5,219.9,218.1,219.4,1280.681
2025-12-26 02:00:00+01:00,219.5,222.0,219.3,221.0,543.7645
2025-12-26 03:00:00+01:00,221.0,227.9,220.9,227.1,2799.0895
2025-12-26 04:00:00+01:00,227.1,227.7,225.7,226.4,642.7788
2025-12-26 05:00:00+01:00,226.4,226.4,223.7,224.1,757.028
2025-12-26 06:00:00+01:00,224.2,224.7,222.1,223.9,941.542
2025-12-26 07:00:00+01:00,223.9,224.8,222.7,223.1,760.5751
2025-12-26 08:00:00+01:00,223.1,223.9,220.8,221.6,1076.1027
2025-12-26 09:00:00+01:00,221.5,222.5,221.0,222.2,688.519
2025-12-26 10:00:00+01:00,222.1,223.5,222.1,223.0,603.6806
2025-12-26 11:00:00+01:00,222.9,223.5,222.2,223.1,1012.4467
2025-12-26 12:00:00+01:00,223.0,223.0,222.0,222.2,688.4702
2025-12-26 13:00:00+01:00,222.1,223.1,222.1,222.7,408.5881
2025-12-26 14:00:00+01:00,222.6,223.6,222.2,222.8,557.6777
2025-12-26 15:00:00+01:00,222.8,222.8,217.8,218.9,2021.891
2025-12-26 16:00:00+01:00,218.9,220.0,216.8,218.7,2846.2506
2025-12-26 17:00:00+01:00,218.7,219.0,215.7,216.2,1700.1228
2025-12-26 18:00:00+01:00,216.2,217.9,215.5,215.6,1189.9372
2025-12-26 19:00:00+01:00,215.4,216.7,215.1,216.1,994.4716
2025-12-26 20:00:00+01:00,216.0,217.3,215.9,217.1,662.6336
2025-12-26 21:00:00+01:00,217.0,218.2,216.5,216.9,464.3508
2025-12-26 22:00:00+01:00,216.9,217.7,215.9,216.0,666.5142
2025-12-26 23:00:00+01:00,216.0,216.5,215.3,216.5,506.7367
2025-12-27 00:00:00+01:00,216.4,216.9,215.1,215.6,467.4284
2025-12-27 01:00:00+01:00,215.6,216.8,215.6,216.7,357.5651
2025-12-27 02:00:00+01:00,216.7,217.2,216.3,217.0,299.4194
2025-12-27 03:00:00+01:00,216.9,217.3,216.4,216.7,107.1537
2025-12-27 04:00:00+01:00,216.7,218.1,216.6,217.8,527.3441
2025-12-27 05:00:00+01:00,217.7,218.0,216.5,216.7,502.2878
2025-12-27 06:00:00+01:00,216.6,216.6,215.8,216.0,217.8676
2025-12-27 07:00:00+01:00,215.9,216.0,215.3,215.7,322.4557
2025-12-27 08:00:00+01:00,215.6,217.0,215.6,216.3,406.4451
2025-12-27 09:00:00+01:00,216.1,217.1,215.7,216.9,665.2449
2025-12-27 10:00:00+01:00,216.8,217.9,216.8,217.9,1102.1693
2025-12-27 11:00:00+01:00,217.8,218.2,216.0,216.7,1059.0656
2025-12-27 12:00:00+01:00,216.8,219.7,216.5,219.1,1637.51
2025-12-27 13:00:00+01:00,219.1,222.0,219.1,222.0,2628.6255
2025-12-27 14:00:00+01:00,222.0,222.4,219.5,220.4,1806.7771
2025-12-27 15:00:00+01:00,220.3,221.4,219.2,220.6,1917.6579
2025-12-27 16:00:00+01:00,220.5,221.3,218.5,220.3,1273.7579
2025-12-27 17:00:00+01:00,220.4,220.8,219.0,219.5,701.7669
2025-12-27 18:00:00+01:00,219.6,220.2,218.6,219.5,1099.9265
2025-12-27 19:00:00+01:00,219.4,220.7,219.4,220.5,864.2317
2025-12-27 20:00:00+01:00,220.4,221.8,220.4,221.8,479.5752
2025-12-27 21:00:00+01:00,221.8,223.0,220.7,221.1,1243.0238
2025-12-27 22:00:00+01:00,221.0,222.1,220.8,221.8,488.1851
2025-12-27 23:00:00+01:00,221.9,223.0,220.1,220.1,859.6761
2025-12-28 00:00:00+01:00,220.8,225.0,220.1,223.9,1944.5709
2025-12-28 01:00:00+01:00,224.1,225.0,223.5,223.8,996.2542
2025-12-28 02:00:00+01:00,223.8,224.2,222.4,222.5,703.9385
2025-12-28 03:00:00+01:00,222.5,225.6,222.4,224.7,384.2583
2025-12-28 04:00:00+01:00,224.6,225.3,223.5,224.2,375.4022
2025-12-28 05:00:00+01:00,224.1,224.6,223.5,224.5,614.5407
2025-12-28 06:00:00+01:00,224.3,225.0,223.4,223.6,403.4869
2025-12-28 07:00:00+01:00,223.6,225.0,223.4,224.6,320.1176
2025-12-28 08:00:00+01:00,224.5,226.2,224.3,225.9,737.3848
2025-12-28 09:00:00+01:00,225.9,227.2,225.1,225.9,1187.3752
2025-12-28 10:00:00+01:00,225.8,226.1,224.4,224.7,992.9807
2025-12-28 11:00:00+01:00,224.7,226.0,224.7,225.3,1101.7334
2025-12-28 12:00:00+01:00,225.3,225.5,223.1,223.6,981.4157
2025-12-28 13:00:00+01:00,223.8,224.1,222.8,223.2,705.4321
2025-12-28 14:00:00+01:00,223.2,224.2,222.3,222.7,432.2734
2025-12-28 15:00:00+01:00,222.7,225.5,222.6,224.4,852.9161
2025-12-28 16:00:00+01:00,224.5,225.1,223.5,223.6,327.7445
2025-12-28 17:00:00+01:00,223.6,224.8,223.3,224.3,570.3853
2025-12-28 18:00:00+01:00,224.4,227.1,224.3,226.1,1054.4447
2025-12-28 19:00:00+01:00,226.1,226.3,221.4,221.8,1825.1148
2025-12-28 20:00:00+01:00,221.7,222.8,220.6,220.9,1003.0566
2025-12-28 21:00:00+01:00,220.8,221.6,220.2,220.3,875.0979
2025-12-28 22:00:00+01:00,220.2,221.5,219.8,221.2,600.8812
2025-12-28 23:00:00+01:00,221.3,223.2,220.4,223.0,572.8393
2025-12-29 00:00:00+01:00,223.1,224.5,221.8,224.0,931.4639
2025-12-29 01:00:00+01:00,224.0,227.0,223.1,225.5,1667.8962
2025-12-29 02:00:00+01:00,225.5,226.7,223.0,225.8,1141.6747
2025-12-29 03:00:00+01:00,225.9,229.3,225.9,228.5,1561.7223
2025-12-29 04:00:00+01:00,228.5,231.8,228.2,231.8,2113.5043
2025-12-29 05:00:00+01:00,231.8,232.7,230.2,231.1,999.4649
2025-12-29 06:00:00+01:00,231.1,231.5,229.7,229.9,1020.4465
2025-12-29 07:00:00+01:00,229.8,230.8,227.9,228.2,827.7608
2025-12-29 08:00:00+01:00,228.2,228.5,226.4,228.0,1455.8975
2025-12-29 09:00:00+01:00,227.9,228.3,226.4,226.6,838.3941
2025-12-29 10:00:00+01:00,226.6,226.7,221.6,223.2,1794.805
2025-12-29 11:00:00+01:00,222.7,224.2,222.1,222.2,1127.5329
2025-12-29 12:00:00+01:00,222.2,222.7,221.7,221.7,446.4889
2025-12-29 13:00:00+01:00,221.7,222.1,218.9,221.3,2720.8545
2025-12-29 14:00:00+01:00,221.4,222.0,219.8,220.2,885.0891
2025-12-29 15:00:00+01:00,220.1,224.7,219.7,221.3,1805.5977
2025-12-29 16:00:00+01:00,221.3,223.5,221.1,222.1,557.052
2025-12-29 17:00:00+01:00,222.1,222.5,220.7,220.8,980.1186
2025-12-29 18:00:00+01:00,220.7,221.9,220.1,221.3,620.5163
2025-12-29 19:00:00+01:00,221.2,221.9,219.3,219.8,864.7578
2025-12-29 20:00:00+01:00,219.8,221.6,219.2,220.5,823.6755
2025-12-29 21:00:00+01:00,220.3,221.3,218.2,218.8,3137.5167
2025-12-29 22:00:00+01:00,218.7,219.9,218.6,219.3,788.3102
2025-12-29 23:00:00+01:00,219.2,219.6,218.7,219.4,672.0856
2025-12-30 00:00:00+01:00,219.2,219.2,217.6,218.4,683.2717
2025-12-30 01:00:00+01:00,218.4,219.4,217.3,219.1,1463.4818
2025-12-30 02:00:00+01:00,219.1,221.4,218.1,221.4,488.2968
2025-12-30 03:00:00+01:00,221.4,222.0,217.8,218.1,1046.7023
2025-12-30 04:00:00+01:00,218.1,220.1,217.1,219.6,760.8564
2025-12-30 05:00:00+01:00,219.3,222.6,219.3,219.6,1106.8655
2025-12-30 06:00:00+01:00,219.5,219.6,218.0,219.3,791.5057
2025-12-30 07:00:00+01:00,219.2,220.1,219.0,219.1,214.7334
2025-12-30 08:00:00+01:00,219.1,219.9,218.3,219.0,529.7544
2025-12-30 09:00:00+01:00,219.1,222.2,219.0,220.4,1177.1403
2025-12-30 10:00:00+01:00,220.3,221.1,219.8,220.2,461.4968
2025-12-30 11:00:00+01:00,220.3,220.4,219.4,219.8,490.8149
2025-12-30 12:00:00+01:00,219.8,220.4,219.6,220.1,278.2682
2025-12-30 13:00:00+01:00,220.1,220.9,218.8,219.1,461.472
2025-12-30 14:00:00+01:00,219.0,220.6,218.8,220.5,284.9022
2025-12-30 15:00:00+01:00,220.4,224.0,218.3,222.9,2409.0837
2025-12-30 16:00:00+01:00,223.0,224.0,220.9,223.7,1974.0102
2025-12-30 17:00:00+01:00,223.7,225.0,221.3,222.1,1548.9943
2025-12-30 18:00:00+01:00,222.1,223.5,220.3,220.9,1195.9688
2025-12-30 19:00:00+01:00,221.1,221.2,219.6,220.8,635.5726
2025-12-30 20:00:00+01:00,220.7,221.5,218.5,221.2,931.452
2025-12-30 21:00:00+01:00,221.2,221.2,220.0,220.1,262.7362
2025-12-30 22:00:00+01:00,220.1,221.3,220.0,220.7,262.9441
2025-12-30 23:00:00+01:00,220.9,222.0,220.5,220.9,317.1619
2025-12-31 00:00:00+01:00,220.8,221.5,220.2,221.5,316.8231
2025-12-31 01:00:00+01:00,221.5,222.2,220.6,221.4,565.8391
2025-12-31 02:00:00+01:00,221.3,224.7,221.2,224.2,1124.3159
2025-12-31 03:00:00+01:00,224.0,225.4,222.7,223.0,608.1797
2025-12-31 04:00:00+01:00,223.0,223.9,222.1,222.8,340.9281
2025-12-31 05:00:00+01:00,222.9,223.2,221.4,221.7,359.8843
2025-12-31 06:00:00+01:00,221.7,222.7,221.0,221.7,420.5798
2025-12-31 07:00:00+01:00,221.7,222.2,220.9,221.3,505.7892
2025-12-31 08:00:00+01:00,221.2,221.8,220.5,221.3,415.0098
2025-12-31 09:00:00+01:00,221.3,222.1,220.7,221.4,749.0999
2025-12-31 10:00:00+01:00,221.3,222.3,220.7,222.0,537.9761
2025-12-31 11:00:00+01:00,222.1,223.2,221.3,221.4,694.7302
2025-12-31 12:00:00+01:00,221.4,224.1,221.4,223.7,813.2166
2025-12-31 13:00:00+01:00,223.7,224.2,222.2,222.5,1520.2704
2025-12-31 14:00:00+01:00,222.3,224.2,222.1,223.5,728.6694
2025-12-31 15:00:00+01:00,223.4,225.6,222.5,223.0,1526.7028
2025-12-31 16:00:00+01:00,223.0,223.0,220.7,222.2,1559.4089
2025-12-31 17:00:00+01:00,222.1,223.2,218.1,219.6,2446.9441
2025-12-31 18:00:00+01:00,219.4,220.3,218.3,218.9,813.6712
2025-12-31 19:00:00+01:00,219.0,220.7,218.1,218.3,997.0107
2025-12-31 20:00:00+01:00,218.4,220.9,218.3,219.2,999.372
2025-12-31 21:00:00+01:00,219.1,221.0,218.1,220.4,681.2917
2025-12-31 22:00:00+01:00,220.5,220.8,219.2,219.3,573.7106
2025-12-31 23:00:00+01:00,219.4,220.3,218.7,218.8,745.4253
2026-01-01 00:00:00+01:00,218.6,219.9,218.6,218.8,388.1393
2026-01-01 01:00:00+01:00,218.9,221.2,218.9,220.6,443.4371
2026-01-01 02:00:00+01:00,220.4,221.5,219.8,220.5,329.081
2026-01-01 03:00:00+01:00,220.5,221.0,220.1,220.4,154.2279
2026-01-01 04:00:00+01:00,220.5,221.1,219.5,219.6,271.211
2026-01-01 05:00:00+01:00,219.6,219.7,218.0,218.8,379.3924
2026-01-01 06:00:00+01:00,218.8,220.8,218.5,220.3,373.0899
2026-01-01 07:00:00+01:00,220.3,220.8,220.0,220.6,251.5459
2026-01-01 08:00:00+01:00,220.7,221.6,220.6,221.1,347.2332
2026-01-01 09:00:00+01:00,221.1,222.4,220.8,222.4,468.1185
2026-01-01 10:00:00+01:00,222.4,224.0,222.4,223.3,1368.1813
2026-01-01 11:00:00+01:00,223.2,223.4,222.2,222.7,594.665
2026-01-01 12:00:00+01:00,222.7,224.4,222.5,224.1,259.6238
2026-01-01 13:00:00+01:00,224.0,224.4,222.3,222.5,774.9134
2026-01-01 14:00:00+01:00,222.4,224.8,222.2,224.1,694.8012
2026-01-01 15:00:00+01:00,224.0,224.3,222.9,223.3,588.4387
2026-01-01 16:00:00+01:00,223.5,225.8,223.2,224.8,880.8739
2026-01-01 17:00:00+01:00,225.0,225.6,224.1,224.6,508.7758
2026-01-01 18:00:00+01:00,224.5,226.8,224.5,225.9,720.1021
2026-01-01 19:00:00+01:00,226.1,226.3,225.2,226.0,417.251
2026-01-01 20:00:00+01:00,225.8,228.7,225.8,228.2,922.5421
2026-01-01 21:00:00+01:00,228.2,228.2,225.4,225.6,868.0195
2026-01-01 22:00:00+01:00,225.6,226.4,225.2,226.1,386.9393
2026-01-01 23:00:00+01:00,226.0,229.3,226.0,229.2,773.8489
2026-01-02 00:00:00+01:00,229.2,230.2,228.5,230.2,433.2097
2026-01-02 01:00:00+01:00,230.1,230.4,228.4,230.3,642.219
2026-01-02 02:00:00+01:00,230.3,231.2,228.9,229.7,682.0865
2026-01-02 03:00:00+01:00,229.7,230.8,228.3,230.8,538.5124
2026-01-02 04:00:00+01:00,230.8,238.1,230.6,236.6,3034.1738
2026-01-02 05:00:00+01:00,236.6,237.1,234.8,235.6,1212.3292
2026-01-02 06:00:00+01:00,235.6,236.1,233.4,234.9,577.4028
2026-01-02 07:00:00+01:00,234.8,241.7,234.8,240.0,2405.5978
2026-01-02 08:00:00+01:00,239.9,241.4,236.3,237.3,3293.2705
2026-01-02 09:00:00+01:00,237.6,242.7,237.6,242.0,3561.7908
2026-01-02 10:00:00+01:00,241.8,245.9,241.5,244.4,2701.3242
2026-01-02 11:00:00+01:00,244.5,246.6,242.1,243.4,1851.3832
2026-01-02 12:00:00+01:00,243.5,243.5,239.3,240.5,2443.1431
2026-01-02 13:00:00+01:00,240.5,243.7,240.0,243.2,1215.9856
2026-01-02 14:00:00+01:00,243.2,245.5,242.4,243.8,1650.7496
2026-01-02 15:00:00+01:00,243.9,245.0,238.5,242.2,4298.1652
2026-01-02 16:00:00+01:00,242.3,242.8,238.7,239.9,2129.4337
2026-01-02 17:00:00+01:00,239.8,244.5,239.1,244.3,2488.6892
2026-01-02 18:00:00+01:00,244.2,245.9,242.8,243.5,1964.367
2026-01-02 19:00:00+01:00,243.4,245.6,243.0,244.4,2055.8616
2026-01-02 20:00:00+01:00,244.4,246.5,244.1,245.7,984.8218
2026-01-02 21:00:00+01:00,245.7,246.6,244.3,244.9,824.7653
2026-01-02 22:00:00+01:00,245.0,248.2,244.8,247.8,1213.1469
2026-01-02 23:00:00+01:00,247.8,249.9,247.4,248.7,1131.6403
2026-01-03 00:00:00+01:00,248.6,249.9,248.3,249.1,796.364
2026-01-03 01:00:00+01:00,249.0,251.2,248.5,249.4,1501.245
2026-01-03 02:00:00+01:00,249.4,251.0,247.8,250.5,722.2357
2026-01-03 03:00:00+01:00,250.5,253.1,249.6,252.9,817.0984
2026-01-03 04:00:00+01:00,253.0,257.9,252.3,256.5,1421.4518
2026-01-03 05:00:00+01:00,256.5,257.2,254.7,256.5,1102.5697
2026-01-03 06:00:00+01:00,256.5,258.5,253.2,255.3,2333.2607
2026-01-03 07:00:00+01:00,255.2,256.6,249.7,250.6,3094.661
2026-01-03 08:00:00+01:00,250.7,251.8,244.8,245.7,3226.6417
2026-01-03 09:00:00+01:00,245.7,246.8,243.9,244.9,2256.5905
2026-01-03 10:00:00+01:00,244.9,246.3,243.8,244.8,1236.5316
2026-01-03 11:00:00+01:00,244.9,245.2,242.6,242.9,1354.7824
2026-01-03 12:00:00+01:00,242.9,244.3,242.2,244.1,1112.4289
2026-01-03 13:00:00+01:00,244.1,245.4,243.0,245.1,1248.02
2026-01-03 14:00:00+01:00,245.3,247.5,245.0,246.7,1262.3265
2026-01-03 15:00:00+01:00,246.6,249.0,246.1,247.3,837.4634
2026-01-03 16:00:00+01:00,247.3,248.2,246.4,246.9,693.6135
2026-01-03 17:00:00+01:00,246.8,251.9,246.6,250.7,1471.6377
2026-01-03 18:00:00+01:00,250.8,253.2,249.7,253.0,1045.0921
2026-01-03 19:00:00+01:00,253.0,253.7,250.6,253.3,1619.7371
2026-01-03 20:00:00+01:00,253.2,255.0,252.3,252.8,1277.2769
2026-01-03 21:00:00+01:00,252.8,254.0,250.9,251.6,1463.9795
2026-01-03 22:00:00+01:00,251.7,253.0,251.3,252.1,1010.247
2026-01-03 23:00:00+01:00,252.1,254.4,251.4,254.0,1302.732
2026-01-04 00:00:00+01:00,253.8,256.4,253.2,254.6,2512.5879
2026-01-04 01:00:00+01:00,254.5,260.7,253.9,257.7,3658.0614
2026-01-04 02:00:00+01:00,257.6,259.5,255.4,256.7,1430.9987
2026-01-04 03:00:00+01:00,256.7,259.1,255.6,256.4,1008.4534
2026-01-04 04:00:00+01:00,256.3,258.6,256.3,257.8,858.0291
2026-01-04 05:00:00+01:00,257.8,259.8,257.4,257.8,1195.0748
2026-01-04 06:00:00+01:00,257.8,259.4,257.7,259.4,457.0634
2026-01-04 07:00:00+01:00,259.3,260.1,254.7,255.0,1804.1722
2026-01-04 08:00:00+01:00,255.0,257.5,254.7,256.7,912.727
2026-01-04 09:00:00+01:00,256.8,258.5,255.1,258.1,1450.5008
2026-01-04 10:00:00+01:00,258.0,264.5,257.7,264.3,2695.5558
2026-01-04 11:00:00+01:00,264.2,267.2,263.5,265.0,2840.2275
2026-01-04 12:00:00+01:00,264.8,267.9,263.4,266.6,1999.8095
2026-01-04 13:00:00+01:00,266.6,267.5,261.6,261.7,3921.2171
2026-01-04 14:00:00+01:00,261.7,266.1,261.4,265.3,2194.9155
2026-01-04 15:00:00+01:00,265.2,265.7,263.0,264.6,1525.3606
2026-01-04 16:00:00+01:00,264.5,269.5,264.5,267.8,3632.2426
2026-01-04 17:00:00+01:00,267.8,268.6,266.3,267.6,1786.2225
2026-01-04 18:00:00+01:00,267.6,267.6,264.4,266.2,1167.1026
2026-01-04 19:00:00+01:00,266.4,266.5,261.6,263.8,1650.5625
2026-01-04 20:00:00+01:00,263.8,263.8,260.3,262.7,1479.0887
2026-01-04 21:00:00+01:00,262.7,265.5,261.8,263.6,900.2158
2026-01-04 22:00:00+01:00,263.5,265.7,262.7,264.1,667.2074
2026-01-04 23:00:00+01:00,264.0,265.6,263.4,265.5,705.6645
2026-01-05 00:00:00+01:00,265.4,267.9,265.4,267.0,737.0089
2026-01-05 01:00:00+01:00,266.9,270.2,265.8,268.9,2571.1621
2026-01-05 02:00:00+01:00,268.9,272.0,267.1,269.6,2915.2624
2026-01-05 03:00:00+01:00,269.7,270.6,263.9,267.0,1486.3452
2026-01-05 04:00:00+01:00,267.1,267.4,264.6,266.2,1357.738
2026-01-05 05:00:00+01:00,266.1,266.7,259.6,260.9,2606.8608
2026-01-05 06:00:00+01:00,260.7,262.3,259.4,259.6,968.5904
2026-01-05 07:00:00+01:00,259.5,263.8,258.7,263.2,1299.6015
2026-01-05 08:00:00+01:00,263.0,265.2,262.5,264.9,1285.5738
2026-01-05 09:00:00+01:00,264.6,266.2,263.2,263.9,859.89
2026-01-05 10:00:00+01:00,263.7,263.9,261.3,261.8,1906.7406
2026-01-05 11:00:00+01:00,261.6,263.8,260.7,261.3,1210.7044
2026-01-05 12:00:00+01:00,261.3,262.0,260.0,261.6,777.8771
2026-01-05 13:00:00+01:00,261.6,262.1,259.5,261.2,638.0529
2026-01-05 14:00:00+01:00,261.1,261.5,257.9,259.5,1102.9946
2026-01-05 15:00:00+01:00,259.6,264.9,258.3,263.2,3054.1758
2026-01-05 16:00:00+01:00,263.3,266.8,260.8,265.6,3551.1071
2026-01-05 17:00:00+01:00,265.5,266.3,262.5,263.5,1060.7759
2026-01-05 18:00:00+01:00,263.8,266.0,260.4,265.0,1575.9692
2026-01-05 19:00:00+01:00,264.9,268.7,264.4,268.2,2797.1348
2026-01-05 20:00:00+01:00,268.2,269.9,267.3,268.4,2398.6216
2026-01-05 21:00:00+01:00,268.4,273.3,267.8,268.5,2366.1447
2026-01-05 22:00:00+01:00,268.3,268.5,265.8,266.8,1963.5454
2026-01-05 23:00:00+01:00,266.9,271.4,265.6,270.4,1839.3492
2026-01-06 00:00:00+01:00,270.5,270.5,267.5,267.5,1279.8584
2026-01-06 01:00:00+01:00,267.6,270.2,265.1,270.1,1347.9562
2026-01-06 02:00:00+01:00,270.1,272.6,267.9,267.9,1556.7498
2026-01-06 03:00:00+01:00,268.0,273.1,268.0,272.1,960.9013
2026-01-06 04:00:00+01:00,272.1,275.1,272.1,274.1,1095.121
2026-01-06 05:00:00+01:00,274.2,277.9,273.9,276.3,1081.6064
2026-01-06 06:00:00+01:00,276.3,280.1,275.6,278.3,1810.5823
2026-01-06 07:00:00+01:00,278.2,279.0,275.9,276.3,1831.7922
2026-01-06 08:00:00+01:00,276.3,276.7,272.9,274.3,2589.7972
2026-01-06 09:00:00+01:00,274.1,276.7,273.4,274.1,1295.7863
2026-01-06 10:00:00+01:00,274.0,275.8,273.5,274.7,1351.8945
2026-01-06 11:00:00+01:00,274.7,278.5,274.6,277.9,1411.4291
2026-01-06 12:00:00+01:00,277.9,284.5,277.6,283.8,3602.5389
2026-01-06 13:00:00+01:00,283.7,290.6,283.2,288.3,5063.3062
2026-01-06 14:00:00+01:00,288.3,292.8,287.7,292.7,3316.3369
2026-01-06 15:00:00+01:00,292.8,297.5,286.8,288.6,7609.9851
2026-01-06 16:00:00+01:00,288.5,298.4,288.5,290.8,6086.2729
2026-01-06 17:00:00+01:00,290.9,292.2,281.5,285.1,7157.9659
2026-01-06 18:00:00+01:00,285.1,288.1,277.2,277.4,5457.6901
2026-01-06 19:00:00+01:00,277.3,282.8,276.6,279.8,4988.4609
2026-01-06 20:00:00+01:00,279.8,284.2,279.2,281.8,2049.1886
2026-01-06 21:00:00+01:00,281.7,289.2,281.7,287.9,3315.0158
2026-01-06 22:00:00+01:00,287.9,293.4,286.4,292.2,4176.9575
2026-01-06 23:00:00+01:00,292.2,293.6,289.4,290.7,1633.6663
2026-01-07 00:00:00+01:00,290.6,295.6,290.6,294.0,1691.8675
2026-01-07 01:00:00+01:00,294.0,294.0,286.5,286.7,2108.7133
2026-01-07 02:00:00+01:00,286.7,288.1,282.5,283.3,1886.3867
2026-01-07 03:00:00+01:00,283.2,285.7,282.1,285.2,1399.9377
2026-01-07 04:00:00+01:00,285.2,285.5,282.1,282.7,1246.9531
2026-01-07 05:00:00+01:00,282.7,283.7,278.3,278.9,1454.2108
2026-01-07 06:00:00+01:00,279.1,282.2,279.1,280.8,690.832
2026-01-07 07:00:00+01:00,280.8,282.4,278.7,279.7,1094.3052
2026-01-07 08:00:00+01:00,279.8,284.9,279.8,284.3,1234.0791
2026-01-07 09:00:00+01:00,284.5,284.5,281.3,282.1,1657.5401
2026-01-07 10:00:00+01:00,282.2,282.3,275.1,277.0,2829.9222
2026-01-07 11:00:00+01:00,276.8,280.3,276.1,278.6,1284.4141
2026-01-07 12:00:00+01:00,278.5,280.7,278.5,279.4,762.1189
2026-01-07 13:00:00+01:00,279.2,279.8,276.5,277.1,1417.2867
2026-01-07 14:00:00+01:00,277.2,278.6,276.0,277.0,1138.0965
2026-01-07 15:00:00+01:00,276.9,277.3,270.6,274.9,4743.6314
2026-01-07 16:00:00+01:00,275.1,275.2,268.7,271.5,3577.9581
2026-01-07 17:00:00+01:00,271.4,272.5,269.1,270.3,2106.2185
2026-01-07 18:00:00+01:00,270.3,272.7,269.3,271.1,982.7277
2026-01-07 19:00:00+01:00,270.9,274.3,270.7,272.9,1093.1612
2026-01-07 20:00:00+01:00,272.8,274.3,269.9,273.4,2025.9527
2026-01-07 21:00:00+01:00,273.3,274.3,270.8,272.6,572.3213
2026-01-07 22:00:00+01:00,272.4,274.3,272.1,272.7,1034.1031
2026-01-07 23:00:00+01:00,272.6,272.7,270.3,270.7,1075.3002
2026-01-08 00:00:00+01:00,270.5,272.2,267.9,270.8,1467.981
2026-01-08 01:00:00+01:00,270.7,275.3,268.9,273.9,1650.0033
2026-01-08 02:00:00+01:00,274.0,275.8,272.8,273.5,1203.5795
2026-01-08 03:00:00+01:00,273.5,273.5,270.5,271.8,799.0118
2026-01-08 04:00:00+01:00,271.6,273.0,267.3,267.7,1316.4872
2026-01-08 05:00:00+01:00,267.7,274.4,266.5,272.4,2251.0843
2026-01-08 06:00:00+01:00,272.5,274.5,271.8,272.2,2033.7939
2026-01-08 07:00:00+01:00,272.2,276.1,269.7,273.3,4597.8894
2026-01-08 08:00:00+01:00,273.4,279.2,271.7,277.0,3274.3197
2026-01-08 09:00:00+01:00,277.0,280.5,271.9,272.3,2982.1844
2026-01-08 10:00:00+01:00,272.4,274.1,270.2,271.0,1587.4684
2026-01-08 11:00:00+01:00,271.1,273.1,266.6,272.3,2987.8919
2026-01-08 12:00:00+01:00,272.1,272.3,267.1,268.8,1526.1741
2026-01-08 13:00:00+01:00,268.8,271.8,268.3,270.3,2098.4759
2026-01-08 14:00:00+01:00,270.3,271.5,267.5,270.4,790.304
2026-01-08 15:00:00+01:00,270.2,271.1,265.1,271.0,3529.6084
2026-01-08 16:00:00+01:00,270.9,290.0,269.4,288.1,11249.3476
2026-01-08 17:00:00+01:00,288.2,294.0,285.1,292.5,7927.9119
2026-01-08 18:00:00+01:00,292.4,300.6,292.3,298.3,7555.027
2026-01-08 19:00:00+01:00,298.2,298.6,288.2,289.5,5966.4054
2026-01-08 20:00:00+01:00,289.4,291.4,283.4,284.0,4255.4788
2026-01-08 21:00:00+01:00,283.9,285.8,279.6,285.0,3740.8996
2026-01-08 22:00:00+01:00,285.0,288.0,284.2,285.4,2149.7608
2026-01-08 23:00:00+01:00,285.4,288.7,282.9,284.9,1323.98
2026-01-09 00:00:00+01:00,285.3,288.1,283.6,283.7,922.7588
2026-01-09 01:00:00+01:00,283.9,285.5,283.4,284.0,554.0736
2026-01-09 02:00:00+01:00,284.1,286.1,278.4,281.2,2817.0591
2026-01-09 03:00:00+01:00,280.9,284.7,280.4,281.5,1176.5495
2026-01-09 04:00:00+01:00,281.4,284.0,279.2,284.0,1349.4569
2026-01-09 05:00:00+01:00,283.8,283.8,278.5,279.2,681.1804
2026-01-09 06:00:00+01:00,279.1,279.7,275.7,279.3,1459.451
2026-01-09 07:00:00+01:00,279.2,281.5,278.3,281.1,2260.2232
2026-01-09 08:00:00+01:00,281.1,281.1,278.3,278.6,844.7565
2026-01-09 09:00:00+01:00,278.6,279.6,275.4,277.1,1902.505
2026-01-09 10:00:00+01:00,277.2,280.4,276.8,278.6,1085.9971
2026-01-09 11:00:00+01:00,278.6,280.4,277.9,280.1,455.13
2026-01-09 12:00:00+01:00,280.0,287.8,280.0,285.5,3328.1148
2026-01-09 13:00:00+01:00,285.4,285.5,281.8,283.7,1395.4572
2026-01-09 14:00:00+01:00,283.7,290.0,283.5,286.8,3825.0536
2026-01-09 15:00:00+01:00,286.8,287.2,282.2,284.7,2482.9204
2026-01-09 16:00:00+01:00,284.8,294.2,283.0,289.1,6724.1543
2026-01-09 17:00:00+01:00,289.1,291.7,286.7,288.5,2403.48
2026-01-09 18:00:00+01:00,288.6,288.7,281.9,283.4,2803.2476
2026-01-09 19:00:00+01:00,283.4,283.9,276.9,280.3,3636.8237
2026-01-09 20:00:00+01:00,280.2,282.2,277.7,279.1,1973.3906
2026-01-09 21:00:00+01:00,279.1,281.8,278.8,279.7,687.5767
2026-01-09 22:00:00+01:00,279.8,281.1,279.1,280.2,994.7111
2026-01-09 23:00:00+01:00,280.2,283.1,279.7,282.1,777.2125
2026-01-10 00:00:00+01:00,282.3,284.9,279.9,280.2,1161.1386
2026-01-10 01:00:00+01:00,280.2,280.3,276.3,277.2,948.0081
2026-01-10 02:00:00+01:00,277.1,278.1,275.7,276.9,662.1921
2026-01-10 03:00:00+01:00,276.8,277.6,275.7,277.1,870.4031
2026-01-10 04:00:00+01:00,277.0,278.4,276.2,277.3,279.8411
2026-01-10 05:00:00+01:00,277.2,277.3,273.6,274.4,1346.079
2026-01-10 06:00:00+01:00,274.5,276.0,273.9,275.4,420.3866
2026-01-10 07:00:00+01:00,275.1,278.1,274.3,277.2,614.97
2026-01-10 08:00:00+01:00,277.3,278.7,276.8,277.8,762.4495
2026-01-10 09:00:00+01:00,277.7,278.9,276.8,278.9,810.6886
2026-01-10 10:00:00+01:00,278.7,289.1,278.6,288.4,4182.0522
2026-01-10 11:00:00+01:00,288.4,291.2,285.6,286.0,2882.1579
2026-01-10 12:00:00+01:00,286.0,286.2,283.1,286.0,1365.3202
2026-01-10 13:00:00+01:00,286.1,287.1,282.4,284.0,1154.6439
2026-01-10 14:00:00+01:00,283.9,285.1,283.8,284.0,426.8262
2026-01-10 15:00:00+01:00,283.8,285.1,283.0,283.4,808.3583
2026-01-10 16:00:00+01:00,283.5,284.4,281.9,283.3,1370.1295
2026-01-10 17:00:00+01:00,283.3,283.3,280.0,280.2,1379.4341
2026-01-10 18:00:00+01:00,280.2,283.2,279.7,280.0,1507.4922
2026-01-10 19:00:00+01:00,280.0,280.3,278.0,279.5,1365.6308
2026-01-10 20:00:00+01:00,279.5,281.4,279.2,281.0,399.8756
2026-01-10 21:00:00+01:00,281.0,281.2,278.9,279.7,504.0048
2026-01-10 22:00:00+01:00,279.6,279.9,278.4,278.7,511.0128
2026-01-10 23:00:00+01:00,278.6,280.0,276.7,277.0,789.4569
2026-01-11 00:00:00+01:00,277.2,279.8,277.2,279.3,396.4091
2026-01-11 01:00:00+01:00,279.3,280.4,278.4,280.0,929.3894
2026-01-11 02:00:00+01:00,280.0,281.0,279.4,280.4,452.2852
2026-01-11 03:00:00+01:00,280.5,282.5,279.8,280.8,363.5991
2026-01-11 04:00:00+01:00,280.7,280.8,279.3,279.5,239.1383
2026-01-11 05:00:00+01:00,279.4,281.3,278.1,281.2,311.2926
2026-01-11 06:00:00+01:00,281.1,282.0,279.9,281.5,378.2996
2026-01-11 07:00:00+01:00,281.4,282.4,279.4,281.5,380.4384
2026-01-11 08:00:00+01:00,281.4,281.8,280.2,281.3,368.2672
2026-01-11 09:00:00+01:00,281.2,283.8,280.7,282.8,839.041
2026-01-11 10:00:00+01:00,282.7,284.6,281.3,281.7,933.7355
2026-01-11 11:00:00+01:00,281.7,283.5,281.1,282.9,1270.5059
2026-01-11 12:00:00+01:00,282.8,284.2,282.5,283.2,561.0848
2026-01-11 13:00:00+01:00,283.3,286.8,283.0,285.5,2049.8761
2026-01-11 14:00:00+01:00,285.5,287.3,284.6,285.5,990.7326
2026-01-11 15:00:00+01:00,285.6,288.8,284.6,288.4,1631.1527
2026-01-11 16:00:00+01:00,288.5,289.8,285.9,288.3,2069.4908
2026-01-11 17:00:00+01:00,288.3,294.3,287.5,291.6,4159.8471
2026-01-11 18:00:00+01:00,291.5,294.0,288.2,290.0,2257.4907
2026-01-11 19:00:00+01:00,289.8,289.9,286.3,288.9,908.5574
2026-01-11 20:00:00+01:00,288.8,293.8,288.7,290.6,1537.5273
2026-01-11 21:00:00+01:00,290.6,290.6,284.0,286.3,3494.8723
2026-01-11 22:00:00+01:00,286.0,287.1,283.4,286.8,1312.3454
2026-01-11 23:00:00+01:00,286.5,286.5,282.3,282.7,2194.2604
2026-01-12 00:00:00+01:00,282.9,287.3,280.9,286.6,2215.3236
2026-01-12 01:00:00+01:00,286.6,290.3,281.6,285.6,3478.1769
2026-01-12 02:00:00+01:00,285.6,290.3,284.6,286.6,3500.702
2026-01-12 03:00:00+01:00,286.7,293.3,286.2,291.7,2068.6676
2026-01-12 04:00:00+01:00,291.8,292.6,286.4,286.6,1352.3721
2026-01-12 05:00:00+01:00,286.6,290.4,286.3,289.4,1047.8038
2026-01-12 06:00:00+01:00,289.4,291.0,288.1,290.7,1061.4117
2026-01-12 07:00:00+01:00,290.6,290.8,286.1,286.9,2183.5175
2026-01-12 08:00:00+01:00,287.0,288.5,282.9,283.0,1296.7692
2026-01-12 09:00:00+01:00,282.9,284.9,280.3,283.3,2104.362
2026-01-12 10:00:00+01:00,283.5,286.5,280.7,281.2,1621.869
2026-01-12 11:00:00+01:00,281.2,282.6,278.1,279.0,1837.0363
2026-01-12 12:00:00+01:00,279.1,282.3,279.1,281.2,787.4803
2026-01-12 13:00:00+01:00,281.1,284.4,280.6,283.3,2901.4402
2026-01-12 14:00:00+01:00,283.2,283.5,279.7,279.9,1232.7728
2026-01-12 15:00:00+01:00,279.8,288.3,279.8,287.3,4039.6136
2026-01-12 16:00:00+01:00,287.2,288.8,283.8,285.5,4507.7172
2026-01-12 17:00:00+01:00,285.5,288.1,282.4,284.6,2427.1389
2026-01-12 18:00:00+01:00,284.6,287.6,280.0,282.5,2634.081
2026-01-12 19:00:00+01:00,282.5,283.9,280.8,282.1,719.5006
2026-01-12 20:00:00+01:00,282.0,282.9,280.8,282.5,573.895
2026-01-12 21:00:00+01:00,282.4,286.0,282.1,283.3,1593.5204
2026-01-12 22:00:00+01:00,283.2,283.4,279.2,280.5,1344.6254
2026-01-12 23:00:00+01:00,280.4,282.0,279.7,280.7,1494.4601
2026-01-13 00:00:00+01:00,280.5,281.0,278.5,280.8,757.527
2026-01-13 01:00:00+01:00,280.7,285.0,280.5,284.0,1288.8041
2026-01-13 02:00:00+01:00,284.0,284.6,281.0,281.1,934.9622
2026-01-13 03:00:00+01:00,281.1,282.4,278.8,279.1,2271.9146
2026-01-13 04:00:00+01:00,279.0,280.1,277.7,279.2,1123.9095
2026-01-13 05:00:00+01:00,279.2,283.6,279.1,283.3,933.9407
2026-01-13 06:00:00+01:00,283.3,287.6,283.2,285.2,2103.5001
2026-01-13 07:00:00+01:00,285.2,288.1,284.4,285.2,2117.167
2026-01-13 08:00:00+01:00,285.1,285.1,282.3,283.5,532.5971
2026-01-13 09:00:00+01:00,283.6,287.0,283.4,286.5,969.1604
2026-01-13 10:00:00+01:00,286.3,288.0,285.3,286.1,1921.489
2026-01-13 11:00:00+01:00,286.1,286.5,284.0,285.8,839.1723
2026-01-13 12:00:00+01:00,285.8,288.8,285.2,286.5,2003.1375
2026-01-13 13:00:00+01:00,286.6,287.7,285.5,287.2,724.0637
2026-01-13 14:00:00+01:00,287.2,289.4,285.9,286.8,2764.8432
2026-01-13 15:00:00+01:00,286.7,289.6,285.1,285.9,2673.5003
2026-01-13 16:00:00+01:00,285.8,286.5,280.9,286.0,4598.9733
2026-01-13 17:00:00+01:00,286.3,288.4,283.4,287.3,4558.0461
2026-01-13 18:00:00+01:00,287.4,288.4,284.4,287.7,2658.8262
2026-01-13 19:00:00+01:00,287.8,292.3,287.4,290.4,2736.4567
2026-01-13 20:00:00+01:00,290.3,292.0,289.2,289.6,1743.1328
2026-01-13 21:00:00+01:00,289.7,290.8,284.6,286.8,3409.6002
2026-01-13 22:00:00+01:00,286.7,288.8,286.6,288.3,1879.8003
2026-01-13 23:00:00+01:00,288.3,298.1,288.1,296.3,6636.4555
2026-01-14 00:00:00+01:00,296.4,298.1,291.7,293.3,2406.6985
2026-01-14 01:00:00+01:00,293.2,296.3,292.2,295.7,1596.6929
2026-01-14 02:00:00+01:00,295.7,297.3,294.6,295.4,1009.7204
2026-01-14 03:00:00+01:00,295.4,298.9,295.1,296.3,1450.7744
2026-01-14 04:00:00+01:00,296.4,299.5,295.9,298.1,1267.7956
2026-01-14 05:00:00+01:00,298.0,298.0,293.3,295.2,2026.9349
2026-01-14 06:00:00+01:00,295.1,295.4,292.9,293.9,1271.1987
2026-01-14 07:00:00+01:00,293.9,296.4,292.3,296.1,1229.4597
2026-01-14 08:00:00+01:00,296.1,296.7,294.6,295.2,1425.7929
2026-01-14 09:00:00+01:00,295.2,302.4,295.2,300.6,3208.527
2026-01-14 10:00:00+01:00,300.5,301.9,297.2,298.5,2706.8248
2026-01-14 11:00:00+01:00,298.3,299.2,294.8,296.8,3098.8291
2026-01-14 12:00:00+01:00,296.7,296.7,290.4,290.7,2645.276
2026-01-14 13:00:00+01:00,290.7,293.2,290.4,291.0,2108.9542
2026-01-14 14:00:00+01:00,290.9,293.0,289.2,290.9,2872.5615
2026-01-14 15:00:00+01:00,290.8,297.7,290.8,295.4,3390.3397
2026-01-14 16:00:00+01:00,295.4,297.6,293.4,296.4,4516.361
2026-01-14 17:00:00+01:00,296.6,299.3,296.1,296.4,4104.8456
2026-01-14 18:00:00+01:00,296.4,297.8,292.5,293.4,3340.1189
2026-01-14 19:00:00+01:00,293.2,294.9,289.3,292.1,3600.4291
2026-01-14 20:00:00+01:00,292.0,297.5,291.2,293.6,3440.8952
2026-01-14 21:00:00+01:00,293.6,295.4,292.1,294.2,1285.1269
2026-01-14 22:00:00+01:00,294.0,296.6,292.1,293.5,1864.228
2026-01-14 23:00:00+01:00,293.4,293.6,289.9,290.3,1828.5298
2026-01-15 00:00:00+01:00,290.2,293.6,290.2,290.3,757.754
2026-01-15 01:00:00+01:00,290.3,292.2,289.4,291.0,1018.3611
2026-01-15 02:00:00+01:00,291.1,293.4,286.4,287.0,2335.5353
2026-01-15 03:00:00+01:00,287.0,287.3,284.2,285.9,1724.812
2026-01-15 04:00:00+01:00,286.1,286.1,279.5,281.5,2789.363
2026-01-15 05:00:00+01:00,281.4,283.6,281.1,282.4,1885.0633
2026-01-15 06:00:00+01:00,282.4,284.6,282.3,284.3,731.7728
2026-01-15 07:00:00+01:00,284.2,285.6,283.3,284.7,1242.7061
2026-01-15 08:00:00+01:00,284.6,287.2,284.6,286.5,1095.9534
2026-01-15 09:00:00+01:00,286.3,286.8,281.2,282.9,2273.9096
2026-01-15 10:00:00+01:00,282.9,285.2,281.6,284.0,919.2791
2026-01-15 11:00:00+01:00,284.2,285.3,283.4,284.4,536.662
2026-01-15 12:00:00+01:00,284.1,285.6,283.7,285.1,787.8312
2026-01-15 13:00:00+01:00,284.9,286.7,284.3,286.5,912.3931
2026-01-15 14:00:00+01:00,286.4,288.5,285.3,287.8,1567.8893
2026-01-15 15:00:00+01:00,287.8,288.7,282.3,284.5,2715.0533
2026-01-15 16:00:00+01:00,284.6,286.3,277.5,284.0,4956.2429
2026-01-15 17:00:00+01:00,283.9,284.6,281.5,283.9,1666.9759
2026-01-15 18:00:00+01:00,283.7,285.1,281.4,282.0,979.2537
2026-01-15 19:00:00+01:00,282.1,282.5,278.6,279.7,1493.7189
2026-01-15 20:00:00+01:00,279.5,280.8,277.6,279.8,1597.0174
2026-01-15 21:00:00+01:00,279.7,280.6,276.2,277.3,1100.3349
2026-01-15 22:00:00+01:00,277.3,279.5,277.0,277.9,3050.5755
2026-01-15 23:00:00+01:00,277.8,278.8,277.1,278.0,1430.6799
2026-01-16 00:00:00+01:00,277.8,279.3,276.7,279.2,425.2178
2026-01-16 01:00:00+01:00,279.3,281.4,278.8,278.9,972.7261
2026-01-16 02:00:00+01:00,278.8,280.2,278.3,279.5,316.9247
2026-01-16 03:00:00+01:00,279.5,279.5,277.3,279.0,790.9074
2026-01-16 04:00:00+01:00,278.9,279.7,277.5,278.3,313.1106
2026-01-16 05:00:00+01:00,278.3,279.5,273.1,275.4,2245.3848
2026-01-16 06:00:00+01:00,275.3,279.0,274.5,277.8,2180.7086
2026-01-16 07:00:00+01:00,277.7,278.6,276.9,278.3,564.6663
2026-01-16 08:00:00+01:00,278.2,278.8,276.2,276.9,2465.5948
2026-01-16 09:00:00+01:00,276.9,277.3,275.8,276.9,902.2327
2026-01-16 10:00:00+01:00,276.8,277.7,276.7,277.0,387.6283
2026-01-16 11:00:00+01:00,277.0,277.2,274.9,275.3,720.1654
2026-01-16 12:00:00+01:00,275.3,275.6,273.8,274.4,501.3482
2026-01-16 13:00:00+01:00,274.4,274.5,272.2,273.9,1330.6283
2026-01-16 14:00:00+01:00,273.8,274.1,270.9,271.8,1481.5176
2026-01-16 15:00:00+01:00,271.7,273.6,271.1,271.1,1460.0325
2026-01-16 16:00:00+01:00,271.2,272.8,267.1,269.1,4665.2644
2026-01-16 17:00:00+01:00,268.9,273.7,268.3,272.5,2269.2487
2026-01-16 18:00:00+01:00,272.6,274.5,270.9,273.9,1765.5405
2026-01-16 19:00:00+01:00,273.9,274.9,273.6,273.8,1071.454
2026-01-16 20:00:00+01:00,273.7,274.7,271.1,274.2,1885.1801
2026-01-16 21:00:00+01:00,274.1,279.5,272.4,279.0,1749.1759
2026-01-16 22:00:00+01:00,279.1,280.1,278.3,278.7,1309.8959
2026-01-16 23:00:00+01:00,278.7,279.5,277.5,278.7,784.7672
2026-01-17 00:00:00+01:00,278.6,278.9,277.4,277.5,510.3213
2026-01-17 01:00:00+01:00,277.5,278.4,276.6,277.6,611.1961
2026-01-17 02:00:00+01:00,277.5,278.2,276.8,277.3,196.2881
2026-01-17 03:00:00+01:00,277.2,277.2,274.9,276.4,466.0454
2026-01-17 04:00:00+01:00,276.5,276.5,274.5,274.9,352.0541
2026-01-17 05:00:00+01:00,274.8,276.8,274.4,276.5,223.2201
2026-01-17 06:00:00+01:00,276.6,276.8,275.5,275.6,368.6941
2026-01-17 07:00:00+01:00,275.5,276.7,275.4,276.5,263.8938
2026-01-17 08:00:00+01:00,276.3,277.4,275.6,276.8,236.9869
2026-01-17 09:00:00+01:00,276.8,278.0,276.7,277.1,252.0606
2026-01-17 10:00:00+01:00,277.1,277.2,275.8,275.9,214.8631
2026-01-17 11:00:00+01:00,275.8,277.7,275.6,276.1,205.1299
2026-01-17 12:00:00+01:00,276.0,276.5,274.8,275.5,214.6457
2026-01-17 13:00:00+01:00,275.3,276.4,274.7,275.2,260.4206
2026-01-17 14:00:00+01:00,275.1,275.9,274.3,275.4,853.0873
2026-01-17 15:00:00+01:00,275.3,277.8,274.5,277.5,778.3286
2026-01-17 16:00:00+01:00,277.4,278.6,276.9,278.5,741.5295
2026-01-17 17:00:00+01:00,278.4,278.7,274.7,275.7,836.3347
2026-01-17 18:00:00+01:00,275.8,277.2,275.7,276.1,497.9487
2026-01-17 19:00:00+01:00,276.3,277.1,275.5,276.3,396.2053
2026-01-17 20:00:00+01:00,276.3,276.9,275.2,276.0,205.1793
2026-01-17 21:00:00+01:00,276.0,276.9,275.5,275.8,553.5892
2026-01-17 22:00:00+01:00,275.8,276.3,275.3,275.5,225.1161
2026-01-17 23:00:00+01:00,275.4,275.7,273.3,274.2,1000.3953
2026-01-18 00:00:00+01:00,274.1,275.1,273.7,273.9,327.3056
2026-01-18 01:00:00+01:00,273.9,275.2,273.0,273.4,863.5477
2026-01-18 02:00:00+01:00,273.4,273.5,271.4,272.0,669.0583
2026-01-18 03:00:00+01:00,271.9,273.3,271.3,271.7,348.0602
2026-01-18 04:00:00+01:00,271.7,273.5,271.5,272.5,293.5963
2026-01-18 05:00:00+01:00,272.4,273.3,271.6,272.9,261.042
2026-01-18 06:00:00+01:00,272.8,273.4,272.2,273.0,406.633
2026-01-18 07:00:00+01:00,273.0,273.8,272.3,273.5,316.2808
2026-01-18 08:00:00+01:00,273.5,273.6,271.6,272.2,525.693
2026-01-18 09:00:00+01:00,272.0,273.5,271.9,273.0,210.7063
2026-01-18 10:00:00+01:00,272.9,273.8,272.6,273.5,219.765
2026-01-18 11:00:00+01:00,273.6,274.0,272.7,273.3,412.473
2026-01-18 12:00:00+01:00,273.2,273.5,272.7,273.0,252.6544
2026-01-18 13:00:00+01:00,272.9,273.2,271.4,271.8,635.0688
2026-01-18 14:00:00+01:00,271.7,273.5,270.7,272.6,657.6138
2026-01-18 15:00:00+01:00,272.7,274.8,271.9,273.2,923.6597
2026-01-18 16:00:00+01:00,273.2,273.8,272.2,272.8,965.5091
2026-01-18 17:00:00+01:00,273.0,273.6,271.6,271.7,585.5513
2026-01-18 18:00:00+01:00,271.7,272.2,269.6,271.6,833.9506
2026-01-18 19:00:00+01:00,271.5,274.8,270.9,273.9,1410.6271
2026-01-18 20:00:00+01:00,274.1,274.5,271.6,272.1,789.1208
2026-01-18 21:00:00+01:00,271.9,273.6,271.4,273.1,544.0328
2026-01-18 22:00:00+01:00,273.1,274.3,272.9,273.4,874.139
2026-01-18 23:00:00+01:00,273.4,275.6,273.4,275.3,952.6816
2026-01-19 00:00:00+01:00,275.2,275.2,261.4,262.0,5234.9446
2026-01-19 01:00:00+01:00,261.9,262.0,236.2,251.1,16782.2929
2026-01-19 02:00:00+01:00,251.0,252.7,249.3,250.9,1518.8161
2026-01-19 03:00:00+01:00,251.0,252.0,250.0,251.5,980.8418
2026-01-19 04:00:00+01:00,251.4,252.9,250.7,252.6,1287.6958
2026-01-19 05:00:00+01:00,252.6,253.6,250.1,250.1,1234.3548
2026-01-19 06:00:00+01:00,250.2,251.0,248.8,249.6,1498.8826
2026-01-19 07:00:00+01:00,249.7,249.8,245.8,247.2,2280.2389
2026-01-19 08:00:00+01:00,247.2,248.9,246.9,247.8,1116.8871
2026-01-19 09:00:00+01:00,247.8,252.7,247.3,252.1,1940.7722
2026-01-19 10:00:00+01:00,252.0,252.5,250.0,251.4,1047.7781
2026-01-19 11:00:00+01:00,251.4,251.4,249.4,249.8,981.8988
2026-01-19 12:00:00+01:00,249.8,252.5,249.3,250.8,1027.7213
2026-01-19 13:00:00+01:00,250.6,250.7,248.8,249.6,864.9363
2026-01-19 14:00:00+01:00,249.5,250.6,247.8,248.2,1463.8268
2026-01-19 15:00:00+01:00,248.3,250.2,248.0,249.5,745.0417
2026-01-19 16:00:00+01:00,249.6,251.3,249.0,249.5,976.167
2026-01-19 17:00:00+01:00,249.4,254.2,249.2,254.0,1345.5033
2026-01-19 18:00:00+01:00,253.9,255.1,252.9,253.0,1269.6554
2026-01-19 19:00:00+01:00,253.1,255.9,252.8,254.9,842.0452
2026-01-19 20:00:00+01:00,254.7,256.8,254.1,255.8,1592.2474
2026-01-19 21:00:00+01:00,256.0,256.2,254.0,254.6,655.1942
2026-01-19 22:00:00+01:00,254.7,255.5,251.5,251.6,1304.9961
2026-01-19 23:00:00+01:00,251.5,252.7,250.1,250.3,926.0372
2026-01-20 00:00:00+01:00,250.3,254.2,250.3,253.5,727.3746
2026-01-20 01:00:00+01:00,253.4,253.6,251.1,251.3,437.3233
2026-01-20 02:00:00+01:00,251.1,251.9,249.4,250.5,504.1681
2026-01-20 03:00:00+01:00,250.6,250.7,249.0,250.2,628.3857
2026-01-20 04:00:00+01:00,250.2,250.7,248.2,249.4,612.801
2026-01-20 05:00:00+01:00,249.5,250.1,248.7,248.7,247.638
2026-01-20 06:00:00+01:00,248.7,250.5,246.0,247.3,2801.4853
2026-01-20 07:00:00+01:00,247.3,247.5,243.7,244.5,3386.2481
2026-01-20 08:00:00+01:00,244.5,245.4,243.1,243.3,826.3481
2026-01-20 09:00:00+01:00,243.2,243.2,239.3,241.2,3201.0598
2026-01-20 10:00:00+01:00,241.0,242.5,240.4,242.5,969.2521
2026-01-20 11:00:00+01:00,242.3,244.0,241.6,242.1,1087.2697
2026-01-20 12:00:00+01:00,242.1,243.4,240.5,240.6,1688.2348
2026-01-20 13:00:00+01:00,240.7,241.7,240.3,240.3,810.5395
2026-01-20 14:00:00+01:00,240.3,240.4,237.2,237.7,2667.2974
2026-01-20 15:00:00+01:00,237.9,243.1,237.9,239.8,2481.0231
2026-01-20 16:00:00+01:00,239.7,241.0,237.3,239.3,2394.9969
2026-01-20 17:00:00+01:00,239.3,240.1,233.9,235.1,2666.2125
2026-01-20 18:00:00+01:00,234.8,237.4,234.2,235.3,2917.2792
2026-01-20 19:00:00+01:00,235.3,236.3,234.0,234.6,1481.2303
2026-01-20 20:00:00+01:00,234.6,236.5,234.3,236.2,1500.1486
2026-01-20 21:00:00+01:00,235.9,239.3,235.6,236.9,2766.3422
2026-01-20 22:00:00+01:00,236.8,237.5,235.3,235.8,954.2318
2026-01-20 23:00:00+01:00,235.7,236.8,231.8,234.5,1858.8836
2026-01-21 00:00:00+01:00,234.4,235.5,233.3,233.9,896.5193
2026-01-21 01:00:00+01:00,234.0,239.7,234.0,239.5,1646.704
2026-01-21 02:00:00+01:00,239.5,240.2,237.3,237.6,1064.0641
2026-01-21 03:00:00+01:00,237.7,239.1,236.8,237.7,1332.4991
2026-01-21 04:00:00+01:00,237.7,238.8,237.3,237.8,586.0642
2026-01-21 05:00:00+01:00,237.8,238.6,237.4,238.0,186.2675
2026-01-21 06:00:00+01:00,238.0,240.2,237.6,239.9,1217.0253
2026-01-21 07:00:00+01:00,239.9,240.6,239.6,239.9,823.595
2026-01-21 08:00:00+01:00,239.9,241.7,238.9,239.2,964.4772
2026-01-21 09:00:00+01:00,239.1,239.5,235.7,237.1,977.1447
2026-01-21 10:00:00+01:00,237.1,237.2,235.9,237.0,393.568
2026-01-21 11:00:00+01:00,236.9,238.2,235.4,235.6,1134.6179
2026-01-21 12:00:00+01:00,235.4,236.6,233.4,233.8,1512.9034
2026-01-21 13:00:00+01:00,233.7,234.2,230.3,233.0,2770.5193
2026-01-21 14:00:00+01:00,232.9,233.3,229.0,229.5,3276.1331
2026-01-21 15:00:00+01:00,229.5,239.9,229.3,239.0,5329.1658
2026-01-21 16:00:00+01:00,238.8,243.8,237.3,240.9,5554.9781
2026-01-21 17:00:00+01:00,240.9,241.1,229.9,230.1,5958.765
2026-01-21 18:00:00+01:00,230.0,233.1,228.5,231.7,4785.1647
2026-01-21 19:00:00+01:00,231.6,235.3,230.7,233.5,3536.6547
2026-01-21 20:00:00+01:00,233.6,246.0,232.3,245.7,8828.6867
2026-01-21 21:00:00+01:00,245.7,247.9,242.8,247.7,5018.3681
2026-01-21 22:00:00+01:00,247.7,249.5,246.5,246.7,2139.7716
2026-01-21 23:00:00+01:00,246.6,248.9,243.8,244.6,2587.3944
2026-01-22 00:00:00+01:00,244.5,245.2,240.7,241.5,2278.5867
2026-01-22 01:00:00+01:00,241.7,248.3,241.7,247.0,1617.8576
2026-01-22 02:00:00+01:00,247.0,248.8,246.4,247.6,1170.2031
2026-01-22 03:00:00+01:00,247.4,248.4,246.1,246.8,952.3448
2026-01-22 04:00:00+01:00,246.8,248.4,245.2,246.2,513.8841
2026-01-22 05:00:00+01:00,246.0,247.7,245.9,247.3,315.2935
2026-01-22 06:00:00+01:00,247.3,247.5,245.8,246.4,224.5856
2026-01-22 07:00:00+01:00,246.3,247.5,245.2,246.8,821.6217
2026-01-22 08:00:00+01:00,246.8,247.1,243.6,244.2,1025.4885
2026-01-22 09:00:00+01:00,244.1,244.9,242.7,244.5,733.5345
2026-01-22 10:00:00+01:00,244.5,246.3,244.4,245.3,625.0379
2026-01-22 11:00:00+01:00,245.4,245.6,244.0,244.5,407.1302
2026-01-22 12:00:00+01:00,244.4,244.4,241.6,241.7,928.531
2026-01-22 13:00:00+01:00,241.7,242.1,240.4,241.1,1428.4641
2026-01-22 14:00:00+01:00,241.0,242.9,238.6,239.5,2576.5926
2026-01-22 15:00:00+01:00,239.6,240.1,235.8,237.0,1885.2041
2026-01-22 16:00:00+01:00,237.0,239.3,235.0,237.4,1868.1884
2026-01-22 17:00:00+01:00,237.3,239.9,236.3,239.0,1499.6594
2026-01-22 18:00:00+01:00,239.1,240.4,237.5,239.9,1135.9463
2026-01-22 19:00:00+01:00,239.6,240.5,237.8,238.0,991.0803
2026-01-22 20:00:00+01:00,238.1,240.5,237.5,239.8,999.4884
2026-01-22 21:00:00+01:00,239.7,239.7,236.6,237.6,673.3408
2026-01-22 22:00:00+01:00,237.7,239.5,237.5,238.9,1279.9362
2026-01-22 23:00:00+01:00,238.9,239.5,237.9,239.2,446.6531
2026-01-23 00:00:00+01:00,239.2,239.5,237.4,238.9,583.6099
2026-01-23 01:00:00+01:00,238.9,239.2,237.9,238.7,211.1459
2026-01-23 02:00:00+01:00,238.6,240.0,238.6,239.7,281.1998
2026-01-23 03:00:00+01:00,239.6,240.0,239.1,239.1,318.2182
2026-01-23 04:00:00+01:00,238.8,241.3,238.8,241.3,467.1505
2026-01-23 05:00:00+01:00,241.2,242.9,240.8,242.6,892.2864
2026-01-23 06:00:00+01:00,242.5,242.7,241.4,242.1,577.1176
2026-01-23 07:00:00+01:00,242.1,242.9,239.1,239.5,1099.0038
2026-01-23 08:00:00+01:00,239.7,240.6,239.3,239.7,264.5235
2026-01-23 09:00:00+01:00,239.6,240.3,237.1,237.8,451.5539
2026-01-23 10:00:00+01:00,237.7,238.8,237.0,238.5,707.3981
2026-01-23 11:00:00+01:00,238.3,238.8,236.9,237.5,384.7011
2026-01-23 12:00:00+01:00,237.6,239.0,237.4,238.3,308.0429
2026-01-23 13:00:00+01:00,238.3,238.7,237.5,238.1,115.3742
2026-01-23 14:00:00+01:00,238.1,239.4,238.1,238.6,247.06
2026-01-23 15:00:00+01:00,238.6,239.9,234.8,236.9,2478.5032
2026-01-23 16:00:00+01:00,237.0,241.9,235.3,241.6,1685.0539
2026-01-23 17:00:00+01:00,241.6,243.4,239.1,241.7,1641.0616
2026-01-23 18:00:00+01:00,241.7,245.0,240.3,242.0,2215.0964
2026-01-23 19:00:00+01:00,241.9,243.9,241.3,242.2,2255.8534
2026-01-23 20:00:00+01:00,242.2,242.2,237.8,238.5,2004.7848
2026-01-23 21:00:00+01:00,238.7,239.3,235.7,236.5,1372.1178
2026-01-23 22:00:00+01:00,236.5,238.4,236.5,237.2,880.8355
2026-01-23 23:00:00+01:00,236.9,239.0,236.9,237.6,2986.6892
2026-01-24 00:00:00+01:00,237.4,237.5,236.4,236.8,985.1144
2026-01-24 01:00:00+01:00,236.7,237.8,235.7,236.0,508.2076
2026-01-24 02:00:00+01:00,235.7,236.1,235.1,235.8,247.0527
2026-01-24 03:00:00+01:00,236.1,237.3,236.1,237.1,195.537
2026-01-24 04:00:00+01:00,237.2,239.8,237.0,238.5,488.6383
2026-01-24 05:00:00+01:00,238.5,238.6,237.4,237.7,207.41
2026-01-24 06:00:00+01:00,237.7,237.7,236.8,237.6,167.2905
2026-01-24 07:00:00+01:00,237.7,237.7,237.1,237.1,180.5607
2026-01-24 08:00:00+01:00,237.1,238.0,236.9,237.1,469.9967
2026-01-24 09:00:00+01:00,237.0,237.2,236.3,236.7,485.9687
2026-01-24 10:00:00+01:00,236.6,237.5,235.8,236.7,594.1159
2026-01-24 11:00:00+01:00,236.7,238.4,236.3,238.1,384.3157
2026-01-24 12:00:00+01:00,238.0,239.0,238.0,238.2,498.1335
2026-01-24 13:00:00+01:00,238.2,239.1,238.0,238.4,276.763
2026-01-24 14:00:00+01:00,238.3,238.7,236.8,236.8,218.4425
2026-01-24 15:00:00+01:00,236.9,237.8,236.6,237.7,285.824
2026-01-24 16:00:00+01:00,237.6,238.6,236.5,237.0,333.4828
2026-01-24 17:00:00+01:00,236.9,237.5,235.8,237.0,400.2551
2026-01-24 18:00:00+01:00,237.1,238.6,237.0,238.6,684.5933
2026-01-24 19:00:00+01:00,238.6,238.7,237.5,238.3,199.4553
2026-01-24 20:00:00+01:00,238.2,238.7,238.2,238.4,405.6487
2026-01-24 21:00:00+01:00,238.3,239.5,238.3,238.8,531.0954
2026-01-24 22:00:00+01:00,238.6,238.7,237.5,237.8,348.1384
2026-01-24 23:00:00+01:00,237.9,239.2,237.9,238.6,200.3244
2026-01-25 00:00:00+01:00,238.6,238.8,237.7,237.7,174.8722
2026-01-25 01:00:00+01:00,237.7,238.4,237.4,238.2,237.2685
2026-01-25 02:00:00+01:00,238.2,238.9,237.1,237.9,412.8683
2026-01-25 03:00:00+01:00,237.7,238.5,237.7,237.9,101.0523
2026-01-25 04:00:00+01:00,238.0,238.3,236.0,236.2,489.5843
2026-01-25 05:00:00+01:00,236.2,236.5,235.3,235.5,312.5022
2026-01-25 06:00:00+01:00,235.4,236.3,235.2,236.3,225.7593
2026-01-25 07:00:00+01:00,236.3,237.6,235.7,236.7,251.2541
2026-01-25 08:00:00+01:00,236.9,236.9,233.6,234.4,1273.2867
2026-01-25 09:00:00+01:00,234.4,235.2,233.3,233.9,430.6817
2026-01-25 10:00:00+01:00,233.8,236.1,233.7,235.1,573.6253
2026-01-25 11:00:00+01:00,234.9,237.5,234.9,236.0,787.3091
2026-01-25 12:00:00+01:00,235.8,237.8,234.8,235.0,1410.8763
2026-01-25 13:00:00+01:00,234.9,235.0,233.6,234.8,684.1905
2026-01-25 14:00:00+01:00,234.8,235.1,233.8,234.6,318.1918
2026-01-25 15:00:00+01:00,234.5,234.8,231.9,233.1,677.1811
2026-01-25 16:00:00+01:00,232.9,234.2,232.2,232.9,548.6052
2026-01-25 17:00:00+01:00,232.8,232.9,226.8,230.1,4844.789
2026-01-25 18:00:00+01:00,230.0,230.3,228.0,228.2,1102.0149
2026-01-25 19:00:00+01:00,228.1,228.4,223.0,224.8,3102.5078
2026-01-25 20:00:00+01:00,224.7,225.9,220.8,222.2,3786.7383
2026-01-25 21:00:00+01:00,222.2,223.3,220.3,222.3,2654.0193
2026-01-25 22:00:00+01:00,222.2,224.5,222.2,223.9,1887.1358
2026-01-25 23:00:00+01:00,223.8,223.9,221.4,222.4,1774.0105
2026-01-26 00:00:00+01:00,222.3,224.6,221.3,224.2,906.9495
2026-01-26 01:00:00+01:00,224.1,226.8,223.9,226.8,1058.9292
2026-01-26 02:00:00+01:00,226.9,231.8,226.9,231.1,2364.7018
2026-01-26 03:00:00+01:00,231.1,231.6,229.6,230.7,666.9523
2026-01-26 04:00:00+01:00,230.7,231.8,229.7,230.5,449.392
2026-01-26 05:00:00+01:00,230.5,234.4,230.5,232.6,633.2593
2026-01-26 06:00:00+01:00,232.6,235.1,232.3,234.2,1700.8621
2026-01-26 07:00:00+01:00,234.3,234.6,231.6,233.2,1603.7426
2026-01-26 08:00:00+01:00,233.0,234.9,232.7,234.1,1241.1553
2026-01-26 09:00:00+01:00,233.9,234.8,232.1,232.3,1208.9538
2026-01-26 10:00:00+01:00,232.3,232.4,229.1,229.2,1403.7194
2026-01-26 11:00:00+01:00,229.6,231.3,229.5,230.5,605.4615
2026-01-26 12:00:00+01:00,230.5,230.8,230.0,230.3,489.6354
2026-01-26 13:00:00+01:00,230.3,231.1,229.3,230.2,579.6283
2026-01-26 14:00:00+01:00,230.1,232.6,230.1,232.2,1027.426
2026-01-26 15:00:00+01:00,232.0,235.4,230.1,234.8,2042.5514
2026-01-26 16:00:00+01:00,234.7,237.3,231.4,232.7,3381.2186
2026-01-26 17:00:00+01:00,232.8,234.4,231.7,233.2,1062.3586
2026-01-26 18:00:00+01:00,233.3,233.7,229.8,232.5,2326.1408
2026-01-26 19:00:00+01:00,232.3,236.4,232.2,235.3,1963.4625
2026-01-26 20:00:00+01:00,235.4,236.0,233.7,233.8,969.0386
2026-01-26 21:00:00+01:00,233.9,234.3,232.0,232.6,838.7177
2026-01-26 22:00:00+01:00,232.6,235.9,231.8,234.8,1788.1735
2026-01-26 23:00:00+01:00,234.8,235.4,233.8,234.4,838.5823
2026-01-27 00:00:00+01:00,234.2,235.2,233.4,234.0,549.1682
2026-01-27 01:00:00+01:00,233.9,234.2,233.2,233.7,634.2498
2026-01-27 02:00:00+01:00,233.7,235.2,232.6,234.7,784.2983
2026-01-27 03:00:00+01:00,234.7,235.7,233.7,234.8,642.1383
2026-01-27 04:00:00+01:00,234.6,235.0,233.9,234.2,163.5688
2026-01-27 05:00:00+01:00,234.0,235.5,232.9,233.5,500.0256
2026-01-27 06:00:00+01:00,233.7,233.7,232.5,232.7,249.7076
2026-01-27 07:00:00+01:00,232.8,232.9,230.4,230.8,776.7442
2026-01-27 08:00:00+01:00,230.9,233.4,230.8,231.9,477.9497
2026-01-27 09:00:00+01:00,232.1,233.1,231.6,232.1,579.9115
2026-01-27 10:00:00+01:00,232.0,232.0,230.7,230.7,290.8422
2026-01-27 11:00:00+01:00,230.8,231.7,230.4,230.9,238.385
2026-01-27 12:00:00+01:00,230.8,233.2,230.5,231.0,1221.5121
2026-01-27 13:00:00+01:00,230.8,232.4,230.8,231.6,509.7471
2026-01-27 14:00:00+01:00,231.6,232.0,229.9,230.1,398.9313
2026-01-27 15:00:00+01:00,230.1,232.6,229.1,229.6,2343.669
2026-01-27 16:00:00+01:00,229.5,231.7,227.9,230.4,1272.7303
2026-01-27 17:00:00+01:00,230.3,235.9,230.2,234.7,2435.9246
2026-01-27 18:00:00+01:00,234.7,234.7,228.5,229.3,2278.0353
2026-01-27 19:00:00+01:00,229.3,234.0,228.9,233.1,1028.8136
2026-01-27 20:00:00+01:00,233.0,233.7,231.9,233.2,735.6683
2026-01-27 21:00:00+01:00,233.1,237.3,233.0,236.8,2779.1397
2026-01-27 22:00:00+01:00,236.8,237.0,234.4,234.6,1283.8283
2026-01-27 23:00:00+01:00,234.5,236.8,234.5,236.2,488.604
2026-01-28 00:00:00+01:00,236.3,239.2,235.6,237.9,2301.0429
2026-01-28 01:00:00+01:00,237.9,238.2,235.8,237.9,1558.3125
2026-01-28 02:00:00+01:00,237.8,238.1,235.9,237.2,285.3787
2026-01-28 03:00:00+01:00,237.2,238.0,236.5,237.0,268.9599
2026-01-28 04:00:00+01:00,236.9,237.6,236.0,237.2,237.8561
2026-01-28 05:00:00+01:00,237.1,237.1,234.3,235.6,1004.9215
2026-01-28 06:00:00+01:00,235.5,237.1,235.5,237.0,462.2417
2026-01-28 07:00:00+01:00,237.1,238.2,236.3,237.4,585.9719
2026-01-28 08:00:00+01:00,237.3,237.7,235.9,236.8,575.1447
2026-01-28 09:00:00+01:00,236.7,237.5,235.8,236.1,816.7471
2026-01-28 10:00:00+01:00,236.0,239.3,235.4,239.1,1492.9516
2026-01-28 11:00:00+01:00,239.3,239.4,237.9,237.9,669.9701
2026-01-28 12:00:00+01:00,237.8,241.1,237.8,241.0,1132.5681
2026-01-28 13:00:00+01:00,240.9,242.3,238.7,239.3,2247.0655
2026-01-28 14:00:00+01:00,239.3,241.8,239.3,240.4,1572.8122
2026-01-28 15:00:00+01:00,240.3,240.7,237.8,238.7,1458.3433
2026-01-28 16:00:00+01:00,238.5,239.9,236.4,238.2,1878.4941
2026-01-28 17:00:00+01:00,238.3,239.4,237.0,237.2,1020.844
2026-01-28 18:00:00+01:00,237.1,239.8,235.4,238.5,1601.8361
2026-01-28 19:00:00+01:00,238.5,238.5,235.6,236.3,1348.128
2026-01-28 20:00:00+01:00,236.2,237.9,235.4,237.0,964.3681
2026-01-28 21:00:00+01:00,236.7,240.4,236.7,237.6,2224.2917
2026-01-28 22:00:00+01:00,237.6,239.0,235.7,237.7,2312.6755
2026-01-28 23:00:00+01:00,237.8,240.0,236.5,239.9,983.2725
2026-01-29 00:00:00+01:00,239.9,240.5,237.3,237.8,950.4228
2026-01-29 01:00:00+01:00,237.9,238.4,235.9,237.4,587.0162
2026-01-29 02:00:00+01:00,237.3,237.7,233.4,233.7,937.2407
2026-01-29 03:00:00+01:00,233.7,234.4,228.9,230.0,1965.1006
2026-01-29 04:00:00+01:00,230.0,231.5,229.2,229.6,934.342
2026-01-29 05:00:00+01:00,229.2,229.4,225.5,228.6,2055.0055
2026-01-29 06:00:00+01:00,228.5,229.3,228.4,228.8,712.4824
2026-01-29 07:00:00+01:00,228.8,230.1,228.7,229.7,519.7763
2026-01-29 08:00:00+01:00,229.8,230.7,228.8,229.0,1045.3293
2026-01-29 09:00:00+01:00,229.0,229.6,227.7,228.2,826.0999
2026-01-29 10:00:00+01:00,228.1,228.5,227.7,227.9,826.1337
2026-01-29 11:00:00+01:00,227.8,228.6,227.6,228.1,268.1205
2026-01-29 12:00:00+01:00,228.1,228.2,225.4,226.0,1807.4115
2026-01-29 13:00:00+01:00,226.0,226.2,224.4,225.8,922.4071
2026-01-29 14:00:00+01:00,225.7,227.7,225.7,227.5,829.6256
2026-01-29 15:00:00+01:00,227.7,228.0,221.6,222.1,2149.1079
2026-01-29 16:00:00+01:00,221.8,222.2,214.1,219.2,8848.1321
2026-01-29 17:00:00+01:00,219.1,221.7,216.5,221.5,5312.9841
2026-01-29 18:00:00+01:00,221.6,224.4,219.5,219.5,2652.3364
2026-01-29 19:00:00+01:00,219.6,220.6,215.7,215.8,3278.9903
2026-01-29 20:00:00+01:00,215.9,219.2,214.9,218.3,1955.6163
2026-01-29 21:00:00+01:00,218.2,220.4,217.8,220.3,1761.9272
2026-01-29 22:00:00+01:00,220.3,221.4,219.7,220.8,848.538
2026-01-29 23:00:00+01:00,220.8,222.0,219.2,220.0,818.1435
2026-01-30 00:00:00+01:00,219.8,221.0,218.9,220.8,401.2983
2026-01-30 01:00:00+01:00,220.7,222.0,219.9,221.5,612.5005
2026-01-30 02:00:00+01:00,221.4,222.5,211.2,217.8,5800.2641
2026-01-30 03:00:00+01:00,217.7,217.9,211.7,213.4,2635.1883
2026-01-30 04:00:00+01:00,213.4,214.4,213.3,214.0,836.7698
2026-01-30 05:00:00+01:00,213.9,217.2,213.9,216.5,679.2473
2026-01-30 06:00:00+01:00,216.6,218.1,215.8,216.9,1587.4237
2026-01-30 07:00:00+01:00,217.1,217.2,211.9,213.2,2340.6726
2026-01-30 08:00:00+01:00,213.2,217.4,213.2,215.5,2162.3534
2026-01-30 09:00:00+01:00,215.4,216.1,213.4,214.5,725.437
2026-01-30 10:00:00+01:00,214.6,215.1,211.1,212.1,1536.5532
2026-01-30 11:00:00+01:00,212.2,213.4,210.7,213.4,1299.5064
2026-01-30 12:00:00+01:00,213.3,217.2,212.8,216.1,773.4341
2026-01-30 13:00:00+01:00,216.0,216.4,213.5,214.1,1328.3578
2026-01-30 14:00:00+01:00,214.0,215.0,211.8,213.3,1341.5867
2026-01-30 15:00:00+01:00,213.3,217.0,213.3,214.5,1845.2906
2026-01-30 16:00:00+01:00,214.8,216.3,211.2,213.8,2070.9655
2026-01-30 17:00:00+01:00,213.8,215.7,212.0,213.4,1090.27
2026-01-30 18:00:00+01:00,213.3,214.4,211.0,212.4,2170.3872
2026-01-30 19:00:00+01:00,212.3,216.3,207.1,215.4,4392.98
2026-01-30 20:00:00+01:00,215.5,218.2,215.3,216.8,2788.2404
2026-01-30 21:00:00+01:00,216.8,216.8,212.2,213.0,1443.4707
2026-01-30 22:00:00+01:00,213.1,215.6,212.8,214.8,949.6154
2026-01-30 23:00:00+01:00,214.6,215.2,213.2,214.5,257.4262
2026-01-31 00:00:00+01:00,214.4,215.4,213.4,215.0,458.1518
2026-01-31 01:00:00+01:00,215.2,215.5,214.4,214.8,234.8165
2026-01-31 02:00:00+01:00,214.7,216.6,214.7,215.8,502.2419
2026-01-31 03:00:00+01:00,215.8,216.9,214.6,216.5,435.9994
2026-01-31 04:00:00+01:00,216.4,217.6,216.1,216.5,215.1394
2026-01-31 05:00:00+01:00,216.4,218.5,216.4,216.4,470.1966
2026-01-31 06:00:00+01:00,216.4,216.8,215.4,216.3,548.4399
2026-01-31 07:00:00+01:00,216.4,216.8,213.8,214.8,373.3741
2026-01-31 08:00:00+01:00,214.8,215.5,210.9,211.6,1957.6178
2026-01-31 09:00:00+01:00,211.8,212.4,207.0,210.1,1977.8675
2026-01-31 10:00:00+01:00,210.1,211.5,209.1,209.9,808.1831
2026-01-31 11:00:00+01:00,210.0,210.5,208.5,209.6,947.996
2026-01-31 12:00:00+01:00,209.6,209.7,207.9,208.3,613.9227
2026-01-31 13:00:00+01:00,208.2,208.7,206.7,207.0,1052.2773
2026-01-31 14:00:00+01:00,207.2,207.6,204.3,205.0,2014.8134
2026-01-31 15:00:00+01:00,204.9,205.6,192.7,196.9,12844.9778
2026-01-31 16:00:00+01:00,196.9,199.8,196.7,198.1,2843.0064
2026-01-31 17:00:00+01:00,198.1,202.0,195.0,196.0,5522.0895
2026-01-31 18:00:00+01:00,196.0,196.6,184.5,188.9,12803.3703
2026-01-31 19:00:00+01:00,189.0,192.3,178.6,190.3,10155.0147
2026-01-31 20:00:00+01:00,190.2,194.7,187.9,190.5,3656.7351
2026-01-31 21:00:00+01:00,190.5,192.0,187.5,191.1,1919.9837
2026-01-31 22:00:00+01:00,190.8,196.2,190.5,194.9,2016.0863
2026-01-31 23:00:00+01:00,195.1,196.0,193.9,194.4,1066.9285
2026-02-01 00:00:00+01:00,194.4,199.3,194.3,197.9,2023.8647
2026-02-01 01:00:00+01:00,197.7,200.7,197.6,199.3,1279.991
2026-02-01 02:00:00+01:00,199.4,199.6,196.4,199.0,717.7649
2026-02-01 03:00:00+01:00,199.0,200.4,198.2,200.2,577.731
2026-02-01 04:00:00+01:00,200.2,201.2,199.2,201.1,506.7501
2026-02-01 05:00:00+01:00,201.0,201.3,197.4,198.0,1550.3176
2026-02-01 06:00:00+01:00,198.0,198.8,196.5,196.7,742.5274
2026-02-01 07:00:00+01:00,196.8,197.4,195.5,196.3,345.264
2026-02-01 08:00:00+01:00,196.2,198.2,195.1,196.2,731.5058
2026-02-01 09:00:00+01:00,196.2,197.6,195.1,196.4,953.9484
2026-02-01 10:00:00+01:00,196.5,197.5,195.2,197.2,635.3102
2026-02-01 11:00:00+01:00,197.1,197.9,193.0,193.2,1496.1869
2026-02-01 12:00:00+01:00,193.1,195.7,193.1,194.6,609.4702
2026-02-01 13:00:00+01:00,194.7,194.7,192.6,193.8,874.6967
2026-02-01 14:00:00+01:00,193.7,194.9,191.1,191.9,504.7506
2026-02-01 15:00:00+01:00,191.9,194.0,189.1,192.2,2260.9669
2026-02-01 16:00:00+01:00,192.3,192.3,186.1,188.9,2395.4373
2026-02-01 17:00:00+01:00,188.9,190.9,187.6,189.3,1446.979
2026-02-01 18:00:00+01:00,189.2,190.0,187.1,188.8,2037.2646
2026-02-01 19:00:00+01:00,188.8,193.5,188.8,192.1,2235.5007
2026-02-01 20:00:00+01:00,192.0,192.6,188.3,189.5,1324.7822
2026-02-01 21:00:00+01:00,189.4,192.7,188.0,190.7,1555.6408
2026-02-01 22:00:00+01:00,190.6,190.8,187.9,188.6,1168.3333
2026-02-01 23:00:00+01:00,188.6,191.7,188.0,190.0,755.0851
2026-02-02 00:00:00+01:00,189.7,191.3,183.7,188.3,3015.7309
2026-02-02 01:00:00+01:00,188.5,193.6,187.0,192.2,1407.5921
2026-02-02 02:00:00+01:00,192.1,194.9,189.2,192.5,1502.7893
2026-02-02 03:00:00+01:00,192.5,193.3,190.2,190.2,738.1815
2026-02-02 04:00:00+01:00,190.3,190.7,182.5,190.5,3548.6239
2026-02-02 05:00:00+01:00,190.4,192.9,186.9,189.5,1029.1792
2026-02-02 06:00:00+01:00,189.2,189.3,183.4,185.7,4261.9617
2026-02-02 07:00:00+01:00,185.6,191.1,183.1,188.1,4346.5346
2026-02-02 08:00:00+01:00,188.0,191.0,187.9,189.6,1709.1056
2026-02-02 09:00:00+01:00,189.5,190.8,188.9,189.8,1093.5817
2026-02-02 10:00:00+01:00,189.8,192.6,188.5,192.2,2425.4511
2026-02-02 11:00:00+01:00,192.1,193.7,191.8,193.2,1320.4392
2026-02-02 12:00:00+01:00,193.2,194.0,192.4,193.0,848.3853
2026-02-02 13:00:00+01:00,193.0,196.4,193.0,196.0,1349.4229
2026-02-02 14:00:00+01:00,195.9,197.2,194.3,196.6,1476.5278
2026-02-02 15:00:00+01:00,196.4,200.5,195.1,197.9,3084.6415
2026-02-02 16:00:00+01:00,198.2,202.8,197.7,201.4,3557.5671
2026-02-02 17:00:00+01:00,201.6,207.1,199.8,200.6,5171.1545
2026-02-02 18:00:00+01:00,200.5,203.5,200.2,201.0,2264.9208
2026-02-02 19:00:00+01:00,200.9,201.9,199.7,201.1,1086.8075
2026-02-02 20:00:00+01:00,200.7,201.1,197.8,197.9,1566.4765
2026-02-02 21:00:00+01:00,197.8,198.6,195.8,196.2,1249.5504
2026-02-02 22:00:00+01:00,196.2,197.5,196.1,197.2,691.008
2026-02-02 23:00:00+01:00,197.2,200.0,197.2,199.2,817.4134
2026-02-03 00:00:00+01:00,199.2,201.2,198.7,199.3,689.4249
2026-02-03 01:00:00+01:00,199.5,200.2,198.4,199.8,587.4026
2026-02-03 02:00:00+01:00,199.6,199.8,198.0,199.2,611.5432
2026-02-03 03:00:00+01:00,199.2,199.2,193.7,194.0,1107.8663
2026-02-03 04:00:00+01:00,193.9,198.0,193.6,197.9,889.2662
2026-02-03 05:00:00+01:00,197.9,199.5,196.9,199.0,497.8758
2026-02-03 06:00:00+01:00,199.0,199.1,196.8,197.3,495.2617
2026-02-03 07:00:00+01:00,197.2,197.7,195.9,197.1,564.6839
2026-02-03 08:00:00+01:00,197.0,198.0,196.5,197.3,266.5512
2026-02-03 09:00:00+01:00,197.3,198.8,196.4,197.3,850.8862
2026-02-03 10:00:00+01:00,197.2,197.8,193.9,195.4,1563.1359
2026-02-03 11:00:00+01:00,195.3,196.4,193.9,194.1,420.4438
2026-02-03 12:00:00+01:00,194.1,195.6,193.6,194.9,594.4598
2026-02-03 13:00:00+01:00,194.9,196.2,194.2,195.4,1160.1036
2026-02-03 14:00:00+01:00,195.3,196.1,194.4,195.6,534.5619
2026-02-03 15:00:00+01:00,195.5,196.0,191.9,192.0,1167.7516
2026-02-03 16:00:00+01:00,191.8,197.1,191.5,197.0,2675.6155
2026-02-03 17:00:00+01:00,196.9,196.9,192.3,192.6,3026.5635
2026-02-03 18:00:00+01:00,192.6,193.1,188.5,188.5,2048.9921
2026-02-03 19:00:00+01:00,188.6,189.8,184.2,184.6,5334.7264
2026-02-03 20:00:00+01:00,184.6,196.4,184.5,195.9,5485.0777
2026-02-03 21:00:00+01:00,195.7,204.1,193.2,201.0,7799.6966
2026-02-03 22:00:00+01:00,200.9,203.3,197.0,197.2,2839.4365
2026-02-03 23:00:00+01:00,197.3,198.1,193.8,195.0,1876.1718
2026-02-04 00:00:00+01:00,194.9,194.9,191.9,193.2,1339.6337
2026-02-04 01:00:00+01:00,193.1,196.8,191.8,195.4,1220.1534
2026-02-04 02:00:00+01:00,195.6,198.3,195.5,196.3,934.4118
2026-02-04 03:00:00+01:00,196.3,196.6,193.7,194.9,295.0326
2026-02-04 04:00:00+01:00,194.9,198.2,194.8,197.5,1134.5302
2026-02-04 05:00:00+01:00,197.4,197.7,196.3,196.3,342.0626
2026-02-04 06:00:00+01:00,196.3,196.8,194.3,194.9,262.5838
2026-02-04 07:00:00+01:00,195.1,196.9,194.7,196.3,481.0753
2026-02-04 08:00:00+01:00,196.3,196.4,195.2,195.3,548.5688
2026-02-04 09:00:00+01:00,195.3,196.5,194.2,196.0,430.5632
2026-02-04 10:00:00+01:00,196.0,196.0,192.8,193.3,708.7833
2026-02-04 11:00:00+01:00,193.4,193.8,192.6,192.8,286.9916
2026-02-04 12:00:00+01:00,192.7,193.7,190.4,192.2,1510.1349
2026-02-04 13:00:00+01:00,192.2,193.0,191.4,191.6,465.0269
2026-02-04 14:00:00+01:00,191.5,191.7,188.8,188.9,1489.3686
2026-02-04 15:00:00+01:00,188.8,190.8,186.9,187.1,2241.6406
2026-02-04 16:00:00+01:00,187.1,189.5,184.7,185.9,3313.248
2026-02-04 17:00:00+01:00,185.9,188.0,184.7,186.9,3795.9906
2026-02-04 18:00:00+01:00,186.9,188.7,184.7,186.0,3077.1183
2026-02-04 19:00:00+01:00,185.9,189.7,183.0,186.8,4381.2805
2026-02-04 20:00:00+01:00,186.9,191.7,186.2,191.3,2347.6126
2026-02-04 21:00:00+01:00,191.3,191.6,189.3,190.2,1131.3561
2026-02-04 22:00:00+01:00,190.2,190.5,186.4,187.7,1437.4804
2026-02-04 23:00:00+01:00,187.7,190.7,184.1,186.2,2654.1554
2026-02-05 00:00:00+01:00,186.0,189.2,185.6,187.3,1805.3594
2026-02-05 01:00:00+01:00,187.4,188.4,186.7,187.2,322.8837
2026-02-05 02:00:00+01:00,187.0,190.5,185.5,188.5,1202.9412
2026-02-05 03:00:00+01:00,188.6,190.9,186.8,187.5,1381.4784
2026-02-05 04:00:00+01:00,187.5,188.8,185.2,185.4,826.2692
2026-02-05 05:00:00+01:00,185.4,187.5,184.2,184.7,1257.8472
2026-02-05 06:00:00+01:00,184.7,186.4,181.9,184.1,1742.695
2026-02-05 07:00:00+01:00,184.1,184.4,181.2,182.3,1257.2616
2026-02-05 08:00:00+01:00,182.3,185.3,182.0,182.5,1401.7186
2026-02-05 09:00:00+01:00,182.6,185.2,182.5,184.4,1241.9452
2026-02-05 10:00:00+01:00,184.4,186.3,183.0,183.7,1026.0449
2026-02-05 11:00:00+01:00,183.7,183.8,178.8,179.4,1443.8823
2026-02-05 12:00:00+01:00,179.3,180.4,175.9,178.3,3018.4096
2026-02-05 13:00:00+01:00,178.3,179.5,176.0,177.2,4412.4804
2026-02-05 14:00:00+01:00,177.1,178.6,175.4,176.8,2063.6749
2026-02-05 15:00:00+01:00,176.7,181.9,176.7,177.8,2965.7394
2026-02-05 16:00:00+01:00,177.8,178.7,168.5,171.4,12647.9798
2026-02-05 17:00:00+01:00,171.4,174.2,168.9,172.1,6474.3862
2026-02-05 18:00:00+01:00,172.2,173.0,166.1,166.5,6326.4402
2026-02-05 19:00:00+01:00,166.6,168.0,163.2,167.2,7764.039
2026-02-05 20:00:00+01:00,167.1,167.5,164.4,165.5,3112.6608
2026-02-05 21:00:00+01:00,165.5,166.7,156.8,160.1,11995.2849
2026-02-05 22:00:00+01:00,159.8,164.5,158.8,160.8,5552.349
2026-02-05 23:00:00+01:00,160.9,164.4,158.7,162.5,2604.174
2026-02-06 00:00:00+01:00,162.3,165.8,159.9,160.4,3378.6893
2026-02-06 01:00:00+01:00,160.3,161.5,142.8,158.9,20872.9251
2026-02-06 02:00:00+01:00,158.8,164.5,157.9,164.2,4471.3691
2026-02-06 03:00:00+01:00,164.3,165.4,160.2,162.0,3335.2511
2026-02-06 04:00:00+01:00,162.1,162.8,160.0,161.1,1164.7983
2026-02-06 05:00:00+01:00,161.1,162.5,160.0,162.2,948.2344
2026-02-06 06:00:00+01:00,162.0,167.6,161.8,166.6,7025.8732
2026-02-06 07:00:00+01:00,166.6,168.3,164.8,165.0,4093.4686
2026-02-06 08:00:00+01:00,165.0,166.0,163.7,164.0,1703.0437
2026-02-06 09:00:00+01:00,164.0,164.8,160.9,161.9,2641.4888
2026-02-06 10:00:00+01:00,161.9,166.9,161.4,166.7,2496.9317
2026-02-06 11:00:00+01:00,166.6,168.7,165.5,167.9,1726.06
2026-02-06 12:00:00+01:00,167.9,168.7,166.6,168.3,1429.0777
2026-02-06 13:00:00+01:00,168.1,168.1,166.3,168.0,769.6359
2026-02-06 14:00:00+01:00,167.9,171.7,167.8,170.9,2734.9171
2026-02-06 15:00:00+01:00,170.9,174.0,168.9,171.6,5818.6496
2026-02-06 16:00:00+01:00,171.4,174.1,170.0,173.1,3400.6875
2026-02-06 17:00:00+01:00,173.2,181.8,172.4,176.3,7123.5263
2026-02-06 18:00:00+01:00,176.2,180.5,175.6,178.1,3275.903
2026-02-06 19:00:00+01:00,178.1,178.2,172.6,173.6,3906.6586
2026-02-06 20:00:00+01:00,173.6,175.2,172.2,175.0,2665.0174
2026-02-06 21:00:00+01:00,174.9,175.4,172.3,172.9,1710.3188
2026-02-06 22:00:00+01:00,172.9,174.1,171.4,173.9,1545.1738
2026-02-06 23:00:00+01:00,173.9,177.1,173.6,176.2,1077.4485
2026-02-07 00:00:00+01:00,176.2,177.4,173.2,173.6,2009.161
2026-02-07 01:00:00+01:00,173.5,173.6,168.3,168.8,2603.338
2026-02-07 02:00:00+01:00,168.7,168.8,166.9,167.6,1281.8365
2026-02-07 03:00:00+01:00,167.5,168.5,165.8,167.1,1023.2684
2026-02-07 04:00:00+01:00,167.0,168.6,166.6,167.5,947.3834
2026-02-07 05:00:00+01:00,167.4,169.3,167.0,167.5,684.7533
2026-02-07 06:00:00+01:00,167.5,169.7,166.2,166.7,781.6893
2026-02-07 07:00:00+01:00,166.6,168.3,164.5,164.5,1618.9622
2026-02-07 08:00:00+01:00,164.4,165.4,160.8,162.5,3189.77
2026-02-07 09:00:00+01:00,162.5,166.0,162.1,165.7,1686.9094
2026-02-07 10:00:00+01:00,165.6,165.8,163.8,164.2,968.8797
2026-02-07 11:00:00+01:00,164.1,164.6,162.8,163.9,933.9539
2026-02-07 12:00:00+01:00,163.8,163.9,163.1,163.7,837.8254
2026-02-07 13:00:00+01:00,163.4,169.2,163.3,167.8,1816.725
2026-02-07 14:00:00+01:00,167.8,168.7,165.9,167.3,1134.4656
2026-02-07 15:00:00+01:00,167.3,168.2,164.6,165.1,1689.6734
2026-02-07 16:00:00+01:00,165.1,168.2,164.9,167.4,1718.571
2026-02-07 17:00:00+01:00,167.5,172.9,167.0,168.8,8128.2642
2026-02-07 18:00:00+01:00,168.8,169.6,167.8,169.0,397.3789
2026-02-07 19:00:00+01:00,169.0,171.5,168.5,170.2,1018.6406
2026-02-07 20:00:00+01:00,170.1,170.1,167.9,168.4,651.6131
2026-02-07 21:00:00+01:00,168.3,169.9,167.7,169.8,472.4171
2026-02-07 22:00:00+01:00,169.8,170.2,168.8,169.4,443.1926
2026-02-07 23:00:00+01:00,169.3,169.9,167.2,167.9,995.9292
2026-02-08 00:00:00+01:00,167.9,168.0,166.5,167.3,982.641
2026-02-08 01:00:00+01:00,167.4,167.5,165.0,165.5,564.1395
2026-02-08 02:00:00+01:00,165.5,166.7,164.6,165.3,524.9877
2026-02-08 03:00:00+01:00,165.4,166.2,164.5,165.1,546.2047
2026-02-08 04:00:00+01:00,165.1,165.4,164.0,164.4,647.5394
2026-02-08 05:00:00+01:00,164.4,165.3,163.9,165.0,295.066
2026-02-08 06:00:00+01:00,164.9,165.2,164.1,164.2,255.0473
2026-02-08 07:00:00+01:00,164.2,164.2,163.4,164.2,314.9859
2026-02-08 08:00:00+01:00,164.2,165.2,163.7,165.1,408.1805
2026-02-08 09:00:00+01:00,165.0,167.1,163.5,166.3,2154.7684
2026-02-08 10:00:00+01:00,166.4,167.2,165.0,165.5,851.8319
2026-02-08 11:00:00+01:00,165.5,166.6,164.0,164.7,923.5357
2026-02-08 12:00:00+01:00,164.4,168.5,164.4,168.4,937.8396
2026-02-08 13:00:00+01:00,168.5,169.6,167.6,169.6,1446.5459
2026-02-08 14:00:00+01:00,169.5,169.9,167.9,169.6,1474.7185
2026-02-08 15:00:00+01:00,169.6,170.7,169.3,170.4,1397.9696
2026-02-08 16:00:00+01:00,170.3,170.7,166.7,167.4,1771.6711
2026-02-08 17:00:00+01:00,167.3,168.3,163.7,164.3,1387.433
2026-02-08 18:00:00+01:00,164.3,166.1,164.3,165.4,488.6869
2026-02-08 19:00:00+01:00,165.4,167.4,164.9,166.3,384.3935
2026-02-08 20:00:00+01:00,166.2,167.8,166.2,167.4,516.5971
2026-02-08 21:00:00+01:00,167.3,167.3,164.9,165.1,683.8528
2026-02-08 22:00:00+01:00,165.0,166.1,162.6,163.7,1071.4115
2026-02-08 23:00:00+01:00,163.7,164.4,162.8,163.9,312.46
2026-02-09 00:00:00+01:00,163.8,168.2,161.9,163.2,1782.4222
2026-02-09 01:00:00+01:00,163.0,163.8,162.3,163.7,462.9517
2026-02-09 02:00:00+01:00,163.6,165.4,162.6,163.8,1187.2921
2026-02-09 03:00:00+01:00,163.7,165.4,162.9,164.4,469.8707
2026-02-09 04:00:00+01:00,164.3,166.9,164.3,166.7,532.3383
2026-02-09 05:00:00+01:00,166.5,166.7,165.0,165.5,283.8836
2026-02-09 06:00:00+01:00,165.2,165.7,164.8,165.3,281.3175
2026-02-09 07:00:00+01:00,165.1,165.1,162.9,163.6,723.4617
2026-02-09 08:00:00+01:00,163.5,164.2,162.1,162.4,577.1029
2026-02-09 09:00:00+01:00,162.4,163.0,160.3,161.5,1587.3181
2026-02-09 10:00:00+01:00,161.4,162.0,159.3,159.7,1161.2952
2026-02-09 11:00:00+01:00,159.8,160.1,155.9,157.3,2012.0577
2026-02-09 12:00:00+01:00,157.2,158.6,156.7,156.7,643.1495
2026-02-09 13:00:00+01:00,156.7,159.3,156.7,158.6,1384.7422
2026-02-09 14:00:00+01:00,158.6,159.1,156.4,156.4,869.8295
2026-02-09 15:00:00+01:00,156.5,159.7,155.3,159.1,2537.987
2026-02-09 16:00:00+01:00,159.1,160.7,156.3,157.9,2374.2671
2026-02-09 17:00:00+01:00,158.0,160.0,155.2,158.3,3254.9209
2026-02-09 18:00:00+01:00,158.3,161.4,156.9,160.9,3094.8077
2026-02-09 19:00:00+01:00,160.9,161.9,159.8,160.6,1192.5275
2026-02-09 20:00:00+01:00,160.6,162.6,160.0,162.3,5168.0703
2026-02-09 21:00:00+01:00,162.3,163.3,160.9,162.2,1403.3209
2026-02-09 22:00:00+01:00,162.2,162.4,159.8,161.6,1071.351
2026-02-09 23:00:00+01:00,161.7,162.8,161.0,161.3,639.7036
2026-02-10 00:00:00+01:00,161.2,161.8,158.9,159.2,622.939
2026-02-10 01:00:00+01:00,159.1,159.6,158.1,159.1,467.1757
2026-02-10 02:00:00+01:00,159.1,161.8,158.7,161.4,437.5463
2026-02-10 03:00:00+01:00,161.5,161.5,160.0,160.4,158.3487
2026-02-10 04:00:00+01:00,160.5,160.5,156.9,158.0,1158.8685
2026-02-10 05:00:00+01:00,158.1,159.6,158.1,159.5,574.6093
2026-02-10 06:00:00+01:00,159.5,159.8,157.7,158.5,364.9368
2026-02-10 07:00:00+01:00,158.2,158.5,154.9,156.1,3497.4279
2026-02-10 08:00:00+01:00,156.1,157.6,156.1,157.0,636.0332
2026-02-10 09:00:00+01:00,157.0,158.1,156.7,158.0,1392.3438
2026-02-10 10:00:00+01:00,157.9,159.2,157.6,158.0,815.2388
2026-02-10 11:00:00+01:00,158.0,158.2,156.3,156.5,528.699
2026-02-10 12:00:00+01:00,156.4,158.5,156.2,157.2,945.784
2026-02-10 13:00:00+01:00,157.1,157.7,155.5,155.5,1074.5789
2026-02-10 14:00:00+01:00,155.5,156.7,154.5,156.6,1886.9302
2026-02-10 15:00:00+01:00,156.7,158.7,155.5,155.9,1514.4259
2026-02-10 16:00:00+01:00,155.8,158.4,154.9,157.2,1223.6694
2026-02-10 17:00:00+01:00,157.5,158.4,156.1,157.4,910.1147
2026-02-10 18:00:00+01:00,157.3,158.0,156.0,156.7,812.2952
2026-02-10 19:00:00+01:00,156.7,156.9,152.9,153.7,1893.3495
2026-02-10 20:00:00+01:00,153.7,154.9,152.7,154.2,961.9346
2026-02-10 21:00:00+01:00,154.0,154.4,153.3,153.7,455.2514
2026-02-10 22:00:00+01:00,153.8,154.4,152.4,153.4,629.8227
2026-02-10 23:00:00+01:00,153.6,154.7,152.8,154.3,430.7034
2026-02-11 00:00:00+01:00,154.0,154.7,153.4,154.4,221.9116
2026-02-11 01:00:00+01:00,154.4,154.7,152.8,153.2,792.7254
2026-02-11 02:00:00+01:00,153.2,153.5,151.3,152.3,540.4832
2026-02-11 03:00:00+01:00,152.3,153.5,151.6,151.7,618.5351
2026-02-11 04:00:00+01:00,151.7,152.7,150.3,151.4,1017.5636
2026-02-11 05:00:00+01:00,151.3,151.7,148.5,149.3,2761.1736
2026-02-11 06:00:00+01:00,149.3,150.5,149.3,149.6,677.3529
2026-02-11 07:00:00+01:00,149.5,149.7,146.4,146.7,4338.0527
2026-02-11 08:00:00+01:00,146.7,148.7,146.3,148.0,858.5217
2026-02-11 09:00:00+01:00,148.1,148.1,146.5,146.6,1002.3642
2026-02-11 10:00:00+01:00,146.7,147.0,145.2,145.8,1730.4278
2026-02-11 11:00:00+01:00,145.8,146.8,145.0,145.4,1172.4861
2026-02-11 12:00:00+01:00,145.4,147.3,145.4,147.1,1058.1042
2026-02-11 13:00:00+01:00,147.1,148.5,146.4,148.0,1537.956
2026-02-11 14:00:00+01:00,148.0,150.0,146.6,150.0,2513.6704
2026-02-11 15:00:00+01:00,150.0,154.2,146.3,146.7,8245.9474
2026-02-11 16:00:00+01:00,146.7,147.5,144.1,145.9,2919.6208
2026-02-11 17:00:00+01:00,146.0,147.7,144.0,144.6,1649.1786
2026-02-11 18:00:00+01:00,144.5,147.6,143.8,146.0,1182.9733
2026-02-11 19:00:00+01:00,146.2,147.9,144.3,147.7,1036.206
2026-02-11 20:00:00+01:00,147.8,149.0,146.0,146.6,2176.7038
2026-02-11 21:00:00+01:00,146.6,147.0,144.6,146.5,1139.3713
2026-02-11 22:00:00+01:00,146.5,148.9,145.5,148.1,3737.5362
2026-02-11 23:00:00+01:00,148.0,149.1,146.4,146.5,1127.0151
2026-02-12 00:00:00+01:00,146.2,146.5,144.3,145.8,1077.7122
2026-02-12 01:00:00+01:00,146.0,149.1,145.9,147.7,882.7574
2026-02-12 02:00:00+01:00,147.7,149.2,147.7,148.5,509.8889
2026-02-12 03:00:00+01:00,148.3,151.5,148.1,150.4,491.725
2026-02-12 04:00:00+01:00,150.5,152.6,150.3,152.3,1203.2449
2026-02-12 05:00:00+01:00,152.3,152.7,150.8,151.3,683.4093
2026-02-12 06:00:00+01:00,151.2,152.1,150.1,150.2,1130.4989
2026-02-12 07:00:00+01:00,150.2,151.7,149.9,151.2,687.71
2026-02-12 08:00:00+01:00,151.0,151.6,150.2,150.9,644.7651
2026-02-12 09:00:00+01:00,150.8,152.4,150.6,152.4,3169.6822
2026-02-12 10:00:00+01:00,152.4,157.0,151.9,156.7,2202.1641
2026-02-12 11:00:00+01:00,156.8,159.1,155.0,158.9,2854.0549
2026-02-12 12:00:00+01:00,158.8,160.2,157.9,159.0,2496.9783
2026-02-12 13:00:00+01:00,158.9,159.1,155.7,156.6,2063.6942
2026-02-12 14:00:00+01:00,156.6,157.9,155.3,157.8,2754.8787
2026-02-12 15:00:00+01:00,157.9,158.7,155.4,157.3,1278.7242
2026-02-12 16:00:00+01:00,157.1,158.8,152.6,153.1,4208.2429
2026-02-12 17:00:00+01:00,153.1,153.4,148.5,149.8,2791.3869
2026-02-12 18:00:00+01:00,149.7,151.5,149.0,149.3,1138.8865
2026-02-12 19:00:00+01:00,149.2,150.6,148.8,150.2,957.764
2026-02-12 20:00:00+01:00,150.0,153.6,149.7,151.5,1887.446
2026-02-12 21:00:00+01:00,151.5,151.8,148.6,149.3,1393.1088
2026-02-12 22:00:00+01:00,149.4,151.7,149.4,150.7,647.0514
2026-02-12 23:00:00+01:00,150.7,154.1,150.6,154.1,912.8299
2026-02-13 00:00:00+01:00,154.1,156.2,153.9,155.8,1648.0883
2026-02-13 01:00:00+01:00,155.6,156.1,153.6,154.1,743.5653
2026-02-13 02:00:00+01:00,154.0,156.1,153.8,155.5,1311.6216
2026-02-13 03:00:00+01:00,155.5,156.8,155.1,156.4,752.4312
2026-02-13 04:00:00+01:00,156.3,156.5,155.3,155.6,512.7807
2026-02-13 05:00:00+01:00,155.7,155.8,153.7,154.0,626.4774
2026-02-13 06:00:00+01:00,154.1,154.2,152.3,152.3,428.1733
2026-02-13 07:00:00+01:00,152.3,154.0,151.9,153.9,779.6737
2026-02-13 08:00:00+01:00,153.9,154.9,153.1,154.2,2131.8486
2026-02-13 09:00:00+01:00,154.2,157.7,153.8,156.9,1381.3536
2026-02-13 10:00:00+01:00,157.0,157.2,156.3,157.0,484.3863
