timestamp,open,high,low,close,volume
2024-11-22 09:00:00+01:00,461.6,999.9,461.6,500.3,41.2371
2024-11-22 11:00:00+01:00,501.7,504.0,491.0,503.7,71.682
2024-11-22 13:00:00+01:00,502.5,520.0,485.2,491.2,60.3204
2024-11-22 15:00:00+01:00,493.3,493.3,487.8,492.0,7.5185
2024-11-22 17:00:00+01:00,492.0,495.0,488.0,488.0,41.7166
2024-11-22 19:00:00+01:00,490.0,492.9,485.0,485.7,49.6843
2024-11-22 21:00:00+01:00,486.7,520.0,485.0,499.7,73.7085
2024-11-22 23:00:00+01:00,498.1,516.0,497.0,511.3,84.8001
2024-11-23 01:00:00+01:00,513.4,525.0,505.3,522.0,21.9666
2024-11-23 03:00:00+01:00,529.3,535.0,514.9,519.4,26.1943
2024-11-23 05:00:00+01:00,524.4,527.3,505.3,517.0,46.786
2024-11-23 07:00:00+01:00,519.1,535.2,518.3,535.2,96.3361
2024-11-23 09:00:00+01:00,535.0,540.4,526.5,526.5,249.1191
2024-11-23 11:00:00+01:00,526.5,531.4,520.3,521.5,42.0789
2024-11-23 13:00:00+01:00,523.7,537.7,520.1,535.5,113.604
2024-11-23 15:00:00+01:00,530.8,547.0,528.6,536.8,123.8492
2024-11-23 17:00:00+01:00,536.0,542.1,504.7,521.7,155.395
2024-11-23 19:00:00+01:00,519.4,520.6,510.9,514.3,44.1597
2024-11-23 21:00:00+01:00,511.6,526.9,498.1,524.6,401.2766
2024-11-23 23:00:00+01:00,527.1,539.4,518.1,518.1,51.6052
2024-11-24 01:00:00+01:00,525.3,544.7,525.3,537.0,41.4645
2024-11-24 03:00:00+01:00,537.3,540.7,533.4,540.4,47.4035
2024-11-24 05:00:00+01:00,543.2,547.9,527.0,537.3,96.3464
2024-11-24 07:00:00+01:00,542.0,548.2,537.3,545.0,16.0815
2024-11-24 09:00:00+01:00,544.9,553.0,521.4,539.6,157.5855
2024-11-24 11:00:00+01:00,539.6,546.2,512.4,512.4,118.9013
2024-11-24 13:00:00+01:00,512.4,522.3,486.9,506.7,219.4933
2024-11-24 15:00:00+01:00,503.6,505.7,492.0,497.6,137.7111
2024-11-24 17:00:00+01:00,490.0,508.2,488.0,499.5,41.7767
2024-11-24 19:00:00+01:00,500.0,511.5,499.4,504.4,25.2671
2024-11-24 21:00:00+01:00,505.2,514.5,500.0,510.5,32.3722
2024-11-24 23:00:00+01:00,510.5,528.5,509.1,526.3,82.9002
2024-11-25 01:00:00+01:00,528.8,539.5,517.0,527.0,205.4126
2024-11-25 03:00:00+01:00,527.0,536.7,524.4,529.2,49.0499
2024-11-25 05:00:00+01:00,528.4,539.9,514.0,533.9,381.0067
2024-11-25 07:00:00+01:00,535.0,535.0,521.7,525.0,13.0017
2024-11-25 09:00:00+01:00,526.9,540.9,524.5,534.6,26.5555
2024-11-25 11:00:00+01:00,533.0,533.5,513.9,524.9,85.1109
2024-11-25 13:00:00+01:00,524.5,530.7,511.0,517.3,88.0429
2024-11-25 15:00:00+01:00,513.4,540.0,493.1,522.8,163.0093
2024-11-25 17:00:00+01:00,526.6,540.0,510.0,514.1,105.3752
2024-11-25 19:00:00+01:00,512.6,544.4,510.4,537.4,334.4538
2024-11-25 21:00:00+01:00,537.5,566.3,533.6,539.5,250.6831
2024-11-25 23:00:00+01:00,541.9,557.6,525.4,547.1,252.6404
2024-11-26 01:00:00+01:00,547.8,561.6,543.7,556.5,37.0069
2024-11-26 03:00:00+01:00,552.9,559.5,544.6,545.9,30.1985
2024-11-26 05:00:00+01:00,545.9,574.1,542.8,570.5,166.2228
2024-11-26 07:00:00+01:00,565.0,565.3,527.2,536.8,69.4112
2024-11-26 09:00:00+01:00,533.6,546.0,518.0,523.5,452.9182
2024-11-26 11:00:00+01:00,524.4,526.3,503.4,518.0,338.7903
2024-11-26 13:00:00+01:00,514.7,537.5,512.3,516.8,80.0493
2024-11-26 15:00:00+01:00,516.8,542.4,509.1,517.1,116.8379
2024-11-26 17:00:00+01:00,517.8,535.3,514.0,533.2,40.3785
2024-11-26 19:00:00+01:00,534.5,540.3,518.0,534.5,29.1085
2024-11-26 21:00:00+01:00,536.5,561.2,533.8,553.0,221.2075
2024-11-26 23:00:00+01:00,557.8,573.1,557.5,558.9,84.8833
2024-11-27 01:00:00+01:00,556.8,570.8,515.0,563.7,118.4926
2024-11-27 03:00:00+01:00,560.6,567.9,550.4,550.7,47.5027
2024-11-27 05:00:00+01:00,552.1,562.4,541.8,541.8,44.7576
2024-11-27 07:00:00+01:00,543.0,566.1,542.7,560.0,17.6599
2024-11-27 09:00:00+01:00,565.1,574.9,555.2,555.2,102.1533
2024-11-27 11:00:00+01:00,555.0,578.1,554.5,572.2,91.2227
2024-11-27 13:00:00+01:00,571.9,577.3,559.4,574.9,47.2808
2024-11-27 15:00:00+01:00,577.6,594.0,573.5,586.0,140.3048
2024-11-27 17:00:00+01:00,586.8,590.4,574.8,580.2,111.3366
2024-11-27 19:00:00+01:00,579.1,586.6,573.0,573.0,91.5769
2024-11-27 21:00:00+01:00,575.5,589.2,566.2,570.7,177.9078
2024-11-27 23:00:00+01:00,570.7,573.8,559.6,562.2,129.5779
2024-11-28 01:00:00+01:00,561.8,567.6,559.1,564.0,41.2871
2024-11-28 03:00:00+01:00,566.7,566.7,555.3,560.0,25.3564
2024-11-28 05:00:00+01:00,562.8,580.7,561.6,580.7,38.2421
2024-11-28 07:00:00+01:00,573.8,580.8,550.0,567.6,46.3081
2024-11-28 09:00:00+01:00,573.8,581.9,570.3,572.2,49.9232
2024-11-28 11:00:00+01:00,572.2,573.0,560.0,566.3,82.023
2024-11-28 13:00:00+01:00,570.5,574.9,555.0,560.6,37.9608
2024-11-28 15:00:00+01:00,559.6,568.0,551.5,551.5,97.1677
2024-11-28 17:00:00+01:00,553.8,591.4,553.8,579.5,128.8405
2024-11-28 19:00:00+01:00,576.3,590.5,576.3,580.0,165.0286
2024-11-28 21:00:00+01:00,580.0,616.0,578.4,603.5,211.7612
2024-11-28 23:00:00+01:00,603.6,609.1,594.3,595.3,108.8887
2024-11-29 01:00:00+01:00,597.1,597.9,584.3,589.1,173.1247
2024-11-29 03:00:00+01:00,589.2,600.8,589.2,597.0,31.2903
2024-11-29 05:00:00+01:00,599.4,620.2,597.1,615.7,82.8068
2024-11-29 07:00:00+01:00,617.8,632.3,604.0,604.0,85.5109
2024-11-29 09:00:00+01:00,606.4,641.6,606.4,634.1,249.415
2024-11-29 11:00:00+01:00,627.4,632.0,619.9,623.5,168.1086
2024-11-29 13:00:00+01:00,625.9,636.6,619.1,624.3,102.4964
2024-11-29 15:00:00+01:00,623.7,628.8,610.9,616.3,320.1741
2024-11-29 17:00:00+01:00,615.3,672.0,614.0,627.9,277.5194
2024-11-29 19:00:00+01:00,626.5,627.5,611.1,617.9,182.3872
2024-11-29 21:00:00+01:00,615.2,623.0,613.3,621.2,984.2008
2024-11-29 23:00:00+01:00,621.1,622.6,616.0,619.0,28.5827
2024-11-30 01:00:00+01:00,616.5,621.7,610.0,620.1,348.6614
2024-11-30 03:00:00+01:00,618.7,618.8,609.6,617.8,8.6837
2024-11-30 05:00:00+01:00,618.4,619.9,613.8,619.4,17.9211
2024-11-30 07:00:00+01:00,619.4,624.3,609.2,618.4,234.7527
2024-11-30 09:00:00+01:00,619.6,624.8,610.6,622.0,134.541
2024-11-30 11:00:00+01:00,624.0,631.7,614.0,622.1,58.8221
2024-11-30 13:00:00+01:00,629.5,650.1,628.2,646.6,122.3959
2024-11-30 15:00:00+01:00,645.2,682.0,644.5,668.3,1318.9398
2024-11-30 17:00:00+01:00,670.5,685.1,652.4,664.1,458.4911
2024-11-30 19:00:00+01:00,664.8,665.0,651.2,657.2,92.9475
2024-11-30 21:00:00+01:00,658.9,675.9,638.0,660.0,453.7795
2024-11-30 23:00:00+01:00,660.3,687.0,657.0,678.4,140.2566
2024-12-01 01:00:00+01:00,678.4,680.5,657.4,660.2,174.7658
2024-12-01 03:00:00+01:00,659.7,662.9,646.2,651.9,23.9308
2024-12-01 05:00:00+01:00,653.8,659.3,647.6,648.4,19.7446
2024-12-01 07:00:00+01:00,649.1,652.8,642.2,648.5,53.5581
2024-12-01 09:00:00+01:00,647.4,655.2,640.3,646.6,100.9492
2024-12-01 11:00:00+01:00,647.0,653.3,641.0,652.3,116.2034
2024-12-01 13:00:00+01:00,652.1,660.7,650.3,655.6,48.303
2024-12-01 15:00:00+01:00,653.7,659.5,648.8,651.8,64.1978
2024-12-01 17:00:00+01:00,650.0,652.0,636.2,643.1,436.7689
2024-12-01 19:00:00+01:00,642.6,647.3,639.1,640.2,113.9499
2024-12-01 21:00:00+01:00,638.1,639.6,626.9,637.0,145.7113
2024-12-01 23:00:00+01:00,639.0,650.2,637.6,637.8,112.5724
2024-12-02 01:00:00+01:00,636.7,646.2,627.0,644.2,86.5572
2024-12-02 03:00:00+01:00,643.7,644.0,611.0,614.6,138.6351
2024-12-02 05:00:00+01:00,614.5,617.6,600.8,608.9,61.5432
2024-12-02 07:00:00+01:00,607.2,622.9,602.0,614.2,190.9452
2024-12-02 09:00:00+01:00,612.1,615.2,571.5,603.0,588.1994
2024-12-02 11:00:00+01:00,600.6,600.8,580.0,585.9,236.8461
2024-12-02 13:00:00+01:00,586.0,598.6,583.0,598.6,351.6419
2024-12-02 15:00:00+01:00,596.4,612.3,589.9,608.0,488.4347
2024-12-02 17:00:00+01:00,604.6,610.2,565.0,567.8,398.9491
2024-12-02 19:00:00+01:00,568.1,588.6,568.0,585.5,376.5841
2024-12-02 21:00:00+01:00,587.2,600.0,583.1,594.4,274.3851
2024-12-02 23:00:00+01:00,594.7,608.2,586.4,607.5,162.2963
2024-12-03 01:00:00+01:00,606.5,609.3,594.6,595.3,69.5159
2024-12-03 03:00:00+01:00,592.9,606.4,590.5,605.1,91.0731
2024-12-03 05:00:00+01:00,604.3,619.0,601.4,612.1,258.1084
2024-12-03 07:00:00+01:00,614.5,629.7,602.5,621.7,247.4901
2024-12-03 09:00:00+01:00,621.1,628.3,605.8,613.6,70.9922
2024-12-03 11:00:00+01:00,612.4,622.6,598.1,615.3,188.3921
2024-12-03 13:00:00+01:00,614.7,615.3,567.1,577.7,162.266
2024-12-03 15:00:00+01:00,583.1,605.7,570.0,599.1,335.9366
2024-12-03 17:00:00+01:00,599.2,607.9,583.5,602.9,502.6298
2024-12-03 19:00:00+01:00,602.9,610.4,596.0,605.2,213.4602
2024-12-03 21:00:00+01:00,602.6,615.4,601.0,611.7,117.0127
2024-12-03 23:00:00+01:00,612.2,624.8,606.9,619.6,291.5708
2024-12-04 01:00:00+01:00,621.2,637.3,617.8,632.4,117.4594
2024-12-04 03:00:00+01:00,633.3,637.6,619.1,632.1,85.7344
2024-12-04 05:00:00+01:00,632.2,667.0,628.8,660.3,203.4456
2024-12-04 07:00:00+01:00,659.4,715.4,652.0,706.0,751.0768
2024-12-04 09:00:00+01:00,706.4,728.5,688.4,693.8,280.3141
2024-12-04 11:00:00+01:00,691.5,704.2,600.0,695.4,349.2371
2024-12-04 13:00:00+01:00,695.3,700.5,683.0,690.0,191.9288
2024-12-04 15:00:00+01:00,687.9,706.4,681.7,697.0,148.6721
2024-12-04 17:00:00+01:00,700.4,701.6,661.3,674.4,538.6675
2024-12-04 19:00:00+01:00,674.4,688.9,669.5,678.8,168.7428
2024-12-04 21:00:00+01:00,678.5,686.0,661.6,675.6,231.7921
2024-12-04 23:00:00+01:00,675.6,677.6,644.0,657.0,227.6655
2024-12-05 01:00:00+01:00,657.4,658.8,624.7,639.3,392.2496
2024-12-05 03:00:00+01:00,637.5,679.3,637.5,662.9,69.8169
2024-12-05 05:00:00+01:00,665.6,688.9,658.0,665.0,84.7027
2024-12-05 07:00:00+01:00,665.0,674.0,656.1,668.9,282.4799
2024-12-05 09:00:00+01:00,668.9,680.4,663.1,666.5,142.1949
2024-12-05 11:00:00+01:00,663.8,677.1,662.2,676.9,191.0087
2024-12-05 13:00:00+01:00,677.6,700.0,674.4,690.3,267.0701
2024-12-05 15:00:00+01:00,692.7,702.5,680.7,694.6,399.3456
2024-12-05 17:00:00+01:00,698.5,723.8,697.0,712.5,343.1775
2024-12-05 19:00:00+01:00,716.0,724.9,677.0,684.3,1582.3861
2024-12-05 21:00:00+01:00,682.7,702.0,669.0,686.5,2086.0636
2024-12-05 23:00:00+01:00,689.1,701.4,650.1,681.5,353.1125
2024-12-06 01:00:00+01:00,678.5,738.0,673.1,725.9,171.2076
2024-12-06 03:00:00+01:00,728.3,730.0,711.0,730.0,271.9748
2024-12-06 05:00:00+01:00,728.8,748.8,725.0,726.7,558.3684
2024-12-06 07:00:00+01:00,727.0,730.9,716.5,730.9,147.2986
2024-12-06 09:00:00+01:00,728.4,731.5,708.1,721.0,435.7122
2024-12-06 11:00:00+01:00,722.2,745.9,702.0,727.6,460.087
2024-12-06 13:00:00+01:00,727.8,743.4,700.0,716.6,297.4688
2024-12-06 15:00:00+01:00,716.2,723.8,704.6,710.1,179.4339
2024-12-06 17:00:00+01:00,712.4,729.0,709.4,726.2,83.9952
2024-12-06 19:00:00+01:00,724.4,726.9,706.0,711.1,424.3187
2024-12-06 21:00:00+01:00,711.1,718.0,700.4,702.7,178.7026
2024-12-06 23:00:00+01:00,704.8,713.8,703.0,703.9,112.13
2024-12-07 01:00:00+01:00,707.8,711.9,701.5,703.8,37.3308
2024-12-07 03:00:00+01:00,704.0,714.3,699.0,708.7,70.7213
2024-12-07 05:00:00+01:00,708.9,720.0,704.1,713.6,106.7899
2024-12-07 07:00:00+01:00,710.4,719.4,705.9,710.6,48.1211
2024-12-07 09:00:00+01:00,713.4,713.4,692.9,701.2,226.8336
2024-12-07 11:00:00+01:00,699.7,705.7,696.1,701.9,393.8469
2024-12-07 13:00:00+01:00,703.0,708.3,700.3,705.3,113.524
2024-12-07 15:00:00+01:00,706.1,706.7,696.6,705.1,52.7089
2024-12-07 17:00:00+01:00,705.7,706.7,686.6,688.1,195.7742
2024-12-07 19:00:00+01:00,688.3,705.4,688.3,692.0,135.6243
2024-12-07 21:00:00+01:00,693.8,700.0,692.2,698.3,72.2142
2024-12-07 23:00:00+01:00,698.3,704.9,695.6,699.0,15.477
2024-12-08 01:00:00+01:00,700.0,710.0,699.6,703.0,21.5899
2024-12-08 03:00:00+01:00,702.6,703.3,694.0,694.0,11.4314
2024-12-08 05:00:00+01:00,692.0,697.0,682.2,684.0,114.0951
2024-12-08 07:00:00+01:00,683.8,698.3,682.7,695.2,109.9998
2024-12-08 09:00:00+01:00,696.0,697.8,676.1,680.0,880.4471
2024-12-08 11:00:00+01:00,681.9,692.1,680.1,690.2,560.4429
2024-12-08 13:00:00+01:00,689.1,700.1,685.3,700.1,233.2158
2024-12-08 15:00:00+01:00,702.1,704.0,693.7,701.4,721.6228
2024-12-08 17:00:00+01:00,701.5,702.9,690.0,701.0,88.7674
2024-12-08 19:00:00+01:00,701.5,702.2,687.2,689.9,186.5639
2024-12-08 21:00:00+01:00,690.6,698.1,686.4,698.1,185.6396
2024-12-08 23:00:00+01:00,698.0,716.5,696.4,713.9,230.0759
2024-12-09 01:00:00+01:00,712.0,714.6,692.5,692.5,1274.8625
2024-12-09 03:00:00+01:00,692.6,692.9,664.7,673.4,321.9299
2024-12-09 05:00:00+01:00,671.6,684.2,668.8,681.5,77.9326
2024-12-09 07:00:00+01:00,682.2,682.2,655.3,677.7,428.03
2024-12-09 09:00:00+01:00,677.6,677.6,658.6,661.7,296.6446
2024-12-09 11:00:00+01:00,661.4,667.0,650.1,652.0,188.4049
2024-12-09 13:00:00+01:00,651.5,737.0,642.0,670.0,924.0675
2024-12-09 15:00:00+01:00,672.2,681.1,647.6,655.7,316.8602
2024-12-09 17:00:00+01:00,653.7,664.3,649.6,649.6,170.2427
2024-12-09 19:00:00+01:00,649.6,654.1,628.0,643.0,441.1437
2024-12-09 21:00:00+01:00,642.8,644.5,402.0,593.7,2105.9428
2024-12-09 23:00:00+01:00,593.4,628.0,545.0,602.4,765.5663
2024-12-10 01:00:00+01:00,597.6,613.7,586.2,600.4,250.8737
2024-12-10 03:00:00+01:00,598.1,598.1,551.3,573.1,410.8106
2024-12-10 05:00:00+01:00,571.5,590.6,568.0,585.4,189.2699
2024-12-10 07:00:00+01:00,585.4,592.8,580.7,582.8,231.1476
2024-12-10 09:00:00+01:00,582.0,596.5,574.0,591.0,429.6055
2024-12-10 11:00:00+01:00,591.9,606.8,586.7,590.5,194.3319
2024-12-10 13:00:00+01:00,590.0,590.0,560.1,573.2,409.2419
2024-12-10 15:00:00+01:00,573.8,583.2,532.0,533.5,692.4815
2024-12-10 17:00:00+01:00,531.3,560.9,529.9,533.1,654.0013
2024-12-10 19:00:00+01:00,534.3,564.9,530.2,560.8,315.3776
2024-12-10 21:00:00+01:00,560.8,589.0,556.7,577.7,384.5396
2024-12-10 23:00:00+01:00,577.3,584.7,574.6,575.6,128.8841
2024-12-11 01:00:00+01:00,574.1,575.9,551.4,553.7,205.5411
2024-12-11 03:00:00+01:00,554.0,576.2,553.1,571.2,121.0431
2024-12-11 05:00:00+01:00,572.5,576.0,566.5,570.6,71.8436
2024-12-11 07:00:00+01:00,570.2,584.0,568.6,568.8,119.7694
2024-12-11 09:00:00+01:00,569.8,590.0,568.0,583.0,151.8001
2024-12-11 11:00:00+01:00,583.2,584.6,575.2,576.8,115.206
2024-12-11 13:00:00+01:00,576.8,604.4,576.8,596.6,480.3372
2024-12-11 15:00:00+01:00,596.5,619.7,586.5,613.0,550.5685
2024-12-11 17:00:00+01:00,612.9,620.5,600.8,602.1,301.7357
2024-12-11 19:00:00+01:00,602.8,613.3,601.6,610.3,135.9004
2024-12-11 21:00:00+01:00,610.1,614.0,602.2,604.6,148.1326
2024-12-11 23:00:00+01:00,604.4,609.3,599.3,601.9,93.0857
2024-12-12 01:00:00+01:00,601.6,622.0,600.0,614.9,123.9783
2024-12-12 03:00:00+01:00,616.0,645.0,615.8,636.7,185.9577
2024-12-12 05:00:00+01:00,636.8,638.6,626.4,626.6,343.5772
2024-12-12 07:00:00+01:00,627.7,635.1,622.4,625.3,235.4008
2024-12-12 09:00:00+01:00,627.7,630.5,619.8,621.9,96.645
2024-12-12 11:00:00+01:00,621.1,621.1,605.6,607.7,2843.3346
2024-12-12 13:00:00+01:00,608.9,624.5,602.0,607.4,229.6219
2024-12-12 15:00:00+01:00,608.4,614.6,599.7,606.1,233.7168
2024-12-12 17:00:00+01:00,607.3,615.5,606.2,614.3,140.2933
2024-12-12 19:00:00+01:00,613.8,616.2,582.3,586.9,274.8897
2024-12-12 21:00:00+01:00,589.2,594.3,582.8,582.8,185.9407
2024-12-12 23:00:00+01:00,582.6,586.9,566.4,577.9,711.9804
2024-12-13 01:00:00+01:00,577.0,584.0,567.5,576.4,558.0062
2024-12-13 03:00:00+01:00,575.1,581.7,574.6,580.0,334.562
2024-12-13 05:00:00+01:00,580.5,581.5,568.0,574.2,238.1288
2024-12-13 07:00:00+01:00,573.7,577.2,562.3,570.2,258.6417
2024-12-13 09:00:00+01:00,570.1,579.7,568.8,572.0,579.4428
2024-12-13 11:00:00+01:00,571.5,580.0,565.2,573.9,397.4263
2024-12-13 13:00:00+01:00,575.2,581.6,571.4,576.8,555.9347
2024-12-13 15:00:00+01:00,577.2,591.8,572.8,575.2,741.3116
2024-12-13 17:00:00+01:00,577.8,582.9,569.1,574.2,692.8288
2024-12-13 19:00:00+01:00,571.5,575.7,568.5,575.0,528.2654
2024-12-13 21:00:00+01:00,575.1,578.4,571.0,574.6,393.8627
2024-12-13 23:00:00+01:00,573.1,578.7,565.1,578.3,53.0688
2024-12-14 01:00:00+01:00,577.1,587.5,575.9,583.3,82.2242
2024-12-14 03:00:00+01:00,581.7,582.6,573.0,574.1,72.3501
2024-12-14 05:00:00+01:00,574.6,580.0,571.5,580.0,49.8331
2024-12-14 07:00:00+01:00,581.0,587.0,580.3,582.3,68.1651
2024-12-14 09:00:00+01:00,585.0,586.8,581.8,584.8,122.4723
2024-12-14 11:00:00+01:00,584.8,584.9,576.2,578.8,129.7533
2024-12-14 13:00:00+01:00,579.5,580.0,556.5,560.9,182.8322
2024-12-14 15:00:00+01:00,560.9,570.6,560.9,566.4,104.19
2024-12-14 17:00:00+01:00,566.1,566.1,540.7,543.0,448.7252
2024-12-14 19:00:00+01:00,542.7,548.7,541.6,545.3,375.1588
2024-12-14 21:00:00+01:00,545.5,549.6,538.3,546.3,438.4444
2024-12-14 23:00:00+01:00,546.6,563.9,546.3,560.6,157.3152
2024-12-15 01:00:00+01:00,560.3,566.3,552.2,565.5,86.4375
2024-12-15 03:00:00+01:00,565.2,565.2,554.1,554.8,68.5673
2024-12-15 05:00:00+01:00,553.7,561.2,553.7,556.6,27.3338
2024-12-15 07:00:00+01:00,557.7,557.7,540.0,546.7,136.6423
2024-12-15 09:00:00+01:00,548.4,556.7,546.3,556.0,123.2666
2024-12-15 11:00:00+01:00,555.6,559.8,554.7,559.0,64.2257
2024-12-15 13:00:00+01:00,558.6,569.7,556.2,567.8,129.5077
2024-12-15 15:00:00+01:00,568.2,574.4,566.8,568.0,171.9908
2024-12-15 17:00:00+01:00,569.0,574.1,564.5,566.9,148.7677
2024-12-15 19:00:00+01:00,566.0,566.9,560.8,566.0,116.2636
2024-12-15 21:00:00+01:00,565.8,569.0,550.2,551.0,357.6788
2024-12-15 23:00:00+01:00,550.6,576.6,546.6,571.8,309.6595
2024-12-16 01:00:00+01:00,574.5,585.4,573.1,579.0,239.104
2024-12-16 03:00:00+01:00,577.2,577.8,555.2,558.4,119.4126
2024-12-16 05:00:00+01:00,557.9,565.1,556.7,563.9,151.2846
2024-12-16 07:00:00+01:00,566.3,568.4,559.0,560.4,70.3947
2024-12-16 09:00:00+01:00,560.9,561.1,547.3,547.4,240.5457
2024-12-16 11:00:00+01:00,547.9,547.9,535.0,536.7,524.975
2024-12-16 13:00:00+01:00,535.7,542.7,535.6,538.5,337.6722
2024-12-16 15:00:00+01:00,542.3,547.2,538.4,543.2,270.9608
2024-12-16 17:00:00+01:00,545.1,555.4,542.1,550.7,469.2572
2024-12-16 19:00:00+01:00,551.4,559.4,547.0,551.0,352.1267
2024-12-16 21:00:00+01:00,550.9,553.3,542.6,548.2,232.3933
2024-12-16 23:00:00+01:00,548.3,550.6,538.4,541.5,133.2191
2024-12-17 01:00:00+01:00,541.7,541.7,528.3,534.0,452.6163
2024-12-17 03:00:00+01:00,534.0,539.8,531.9,539.2,378.5646
2024-12-17 05:00:00+01:00,540.1,540.1,530.3,535.0,154.5641
2024-12-17 07:00:00+01:00,534.6,534.6,524.3,527.4,377.1346
2024-12-17 09:00:00+01:00,528.2,539.8,525.8,538.4,254.4631
2024-12-17 11:00:00+01:00,537.5,539.9,534.4,536.5,517.0682
2024-12-17 13:00:00+01:00,536.6,544.1,535.5,541.7,257.7299
2024-12-17 15:00:00+01:00,541.6,541.9,519.1,526.6,618.2619
2024-12-17 17:00:00+01:00,526.2,539.0,521.8,537.9,414.8679
2024-12-17 19:00:00+01:00,537.0,538.9,528.3,531.3,187.7664
2024-12-17 21:00:00+01:00,533.2,533.2,520.4,520.4,381.1866
2024-12-17 23:00:00+01:00,520.9,522.6,509.6,518.6,561.6126
2024-12-18 01:00:00+01:00,519.6,530.7,517.6,522.6,89.0161
2024-12-18 03:00:00+01:00,521.9,525.2,517.1,517.2,109.5147
2024-12-18 05:00:00+01:00,515.5,520.6,508.1,517.0,182.2759
2024-12-18 07:00:00+01:00,516.2,523.9,511.5,523.9,197.3553
2024-12-18 09:00:00+01:00,525.0,534.1,518.4,529.2,288.2682
2024-12-18 11:00:00+01:00,530.1,538.3,524.7,526.6,300.0032
2024-12-18 13:00:00+01:00,526.7,531.1,518.8,522.3,348.3841
2024-12-18 15:00:00+01:00,523.9,527.8,516.3,521.3,209.1011
2024-12-18 17:00:00+01:00,521.0,535.0,518.8,529.6,334.1298
2024-12-18 19:00:00+01:00,529.1,537.4,517.5,517.5,444.9942
2024-12-18 21:00:00+01:00,515.8,520.8,480.0,517.8,1474.2279
2024-12-18 23:00:00+01:00,517.2,517.7,497.0,500.2,332.9094
2024-12-19 01:00:00+01:00,499.3,505.4,476.1,479.6,360.6296
2024-12-19 03:00:00+01:00,480.0,504.4,452.0,501.7,2366.4437
2024-12-19 05:00:00+01:00,501.5,501.5,491.3,496.0,456.4607
2024-12-19 07:00:00+01:00,495.9,497.4,490.9,494.1,373.863
2024-12-19 09:00:00+01:00,492.5,493.9,484.3,490.6,865.7408
2024-12-19 11:00:00+01:00,490.6,500.0,485.1,489.2,889.9448
2024-12-19 13:00:00+01:00,490.6,491.6,480.9,485.3,1074.6871
2024-12-19 15:00:00+01:00,486.6,494.4,465.1,474.1,3211.6217
2024-12-19 17:00:00+01:00,474.1,481.1,440.8,455.3,857.1565
2024-12-19 19:00:00+01:00,454.2,489.9,432.0,455.1,2086.4809
2024-12-19 21:00:00+01:00,454.1,465.7,441.8,461.4,952.5401
2024-12-19 23:00:00+01:00,460.4,462.7,446.6,447.0,1527.522
2024-12-20 01:00:00+01:00,447.5,460.7,439.3,455.8,1856.8878
2024-12-20 03:00:00+01:00,456.8,470.0,456.1,461.0,173.8871
2024-12-20 05:00:00+01:00,461.9,463.8,450.0,450.6,175.3889
2024-12-20 07:00:00+01:00,450.3,455.9,438.4,447.6,355.9403
2024-12-20 09:00:00+01:00,447.4,448.5,410.1,416.6,1760.7282
2024-12-20 11:00:00+01:00,415.0,419.7,399.0,401.7,1706.7191
2024-12-20 13:00:00+01:00,400.8,448.8,399.9,440.5,1709.6204
2024-12-20 15:00:00+01:00,440.1,461.9,436.3,452.2,1008.9939
2024-12-20 17:00:00+01:00,452.2,474.4,449.8,473.3,717.1348
2024-12-20 19:00:00+01:00,473.1,480.4,467.7,477.1,600.6196
2024-12-20 21:00:00+01:00,477.5,477.5,458.8,468.6,486.6724
2024-12-20 23:00:00+01:00,467.6,478.2,466.6,472.9,135.5043
2024-12-21 01:00:00+01:00,472.1,489.3,472.1,488.0,199.5366
2024-12-21 03:00:00+01:00,488.0,490.1,482.3,487.6,174.7069
2024-12-21 05:00:00+01:00,488.4,498.0,487.1,497.9,103.4714
2024-12-21 07:00:00+01:00,497.9,508.0,496.4,498.9,236.0522
2024-12-21 09:00:00+01:00,499.8,501.3,484.1,487.5,287.7541
2024-12-21 11:00:00+01:00,487.5,492.7,481.4,487.4,269.5609
2024-12-21 13:00:00+01:00,487.8,487.8,451.1,467.8,607.9944
2024-12-21 15:00:00+01:00,470.9,472.4,460.8,469.4,243.0536
2024-12-21 17:00:00+01:00,468.2,468.8,457.6,462.7,99.1631
2024-12-21 19:00:00+01:00,461.8,463.8,441.0,453.7,450.1252
2024-12-21 21:00:00+01:00,456.4,462.2,452.3,455.0,228.7911
2024-12-21 23:00:00+01:00,454.6,458.3,450.8,454.7,107.7843
2024-12-22 01:00:00+01:00,455.0,460.0,450.6,455.0,84.4796
2024-12-22 03:00:00+01:00,455.0,457.3,447.1,452.2,86.778
2024-12-22 05:00:00+01:00,455.2,455.3,441.4,449.4,178.1218
2024-12-22 07:00:00+01:00,448.0,458.0,447.9,455.1,85.5086
2024-12-22 09:00:00+01:00,456.0,472.8,455.3,463.6,203.3468
2024-12-22 11:00:00+01:00,464.7,470.5,464.7,464.9,141.4383
2024-12-22 13:00:00+01:00,464.4,470.2,462.6,466.4,72.0119
2024-12-22 15:00:00+01:00,465.9,467.8,449.1,453.5,266.5609
2024-12-22 17:00:00+01:00,453.4,463.6,451.8,459.2,102.4612
2024-12-22 19:00:00+01:00,459.9,461.8,441.0,442.1,249.0093
2024-12-22 21:00:00+01:00,442.8,458.1,439.2,454.9,252.2712
2024-12-22 23:00:00+01:00,453.9,456.6,445.8,449.7,169.0484
2024-12-23 01:00:00+01:00,449.5,451.7,440.0,445.8,171.6162
2024-12-23 03:00:00+01:00,446.2,467.2,443.7,466.4,131.2458
2024-12-23 05:00:00+01:00,465.8,466.8,456.1,458.2,65.3284
2024-12-23 07:00:00+01:00,459.0,459.6,448.4,454.4,84.1052
2024-12-23 09:00:00+01:00,454.4,464.3,452.5,459.8,223.1642
2024-12-23 11:00:00+01:00,460.0,461.1,454.6,455.7,101.2235
2024-12-23 13:00:00+01:00,456.3,460.4,446.8,447.1,130.5562
2024-12-23 15:00:00+01:00,446.8,454.2,442.1,445.9,263.5225
2024-12-23 17:00:00+01:00,444.8,463.7,444.4,455.0,256.6035
2024-12-23 19:00:00+01:00,454.6,463.8,450.5,462.5,124.0792
2024-12-23 21:00:00+01:00,462.4,505.0,462.4,494.6,1513.3704
2024-12-23 23:00:00+01:00,494.3,499.6,483.5,483.9,1472.9435
2024-12-24 01:00:00+01:00,483.9,485.6,478.1,479.0,265.0486
2024-12-24 03:00:00+01:00,479.5,483.3,475.4,482.4,76.5908
2024-12-24 05:00:00+01:00,483.6,498.2,480.8,498.2,236.4288
2024-12-24 07:00:00+01:00,498.4,499.5,489.0,493.0,206.1131
2024-12-24 09:00:00+01:00,492.9,502.8,489.9,494.0,319.6938
2024-12-24 11:00:00+01:00,494.0,496.4,485.8,494.2,182.8363
2024-12-24 13:00:00+01:00,494.2,501.9,488.4,498.7,343.7281
2024-12-24 15:00:00+01:00,501.3,507.0,497.4,502.0,432.5487
2024-12-24 17:00:00+01:00,501.5,521.0,495.4,497.3,269.5528
2024-12-24 19:00:00+01:00,497.8,503.1,491.7,491.7,216.7137
2024-12-24 21:00:00+01:00,491.7,496.8,485.6,496.8,199.1793
2024-12-24 23:00:00+01:00,496.8,504.1,495.3,504.0,217.1342
2024-12-25 01:00:00+01:00,502.9,503.6,497.9,500.0,34.0235
2024-12-25 03:00:00+01:00,500.1,505.3,497.5,501.7,93.8742
2024-12-25 05:00:00+01:00,501.3,506.4,500.0,505.3,96.0895
2024-12-25 07:00:00+01:00,506.7,510.7,497.5,499.5,169.7841
2024-12-25 09:00:00+01:00,499.4,504.5,494.7,496.8,252.1928
2024-12-25 11:00:00+01:00,497.2,513.1,495.9,500.4,416.1882
2024-12-25 13:00:00+01:00,499.7,521.2,494.7,516.7,735.7899
2024-12-25 15:00:00+01:00,516.0,518.2,507.8,509.8,353.2901
2024-12-25 17:00:00+01:00,510.1,513.3,496.8,504.2,370.0606
2024-12-25 19:00:00+01:00,505.6,506.7,498.6,501.9,198.3088
2024-12-25 21:00:00+01:00,502.3,504.1,492.1,494.0,246.8553
2024-12-25 23:00:00+01:00,494.3,500.0,490.5,499.6,137.9501
2024-12-26 01:00:00+01:00,501.7,504.5,489.4,491.9,678.033
2024-12-26 03:00:00+01:00,489.9,492.0,482.0,483.9,241.985
2024-12-26 05:00:00+01:00,482.1,484.2,478.0,482.8,196.1357
2024-12-26 07:00:00+01:00,481.7,484.2,478.8,481.7,132.1658
2024-12-26 09:00:00+01:00,482.2,483.2,469.7,475.1,489.6444
2024-12-26 11:00:00+01:00,474.7,480.2,473.5,477.3,208.7091
2024-12-26 13:00:00+01:00,477.7,478.1,471.0,474.6,261.8599
2024-12-26 15:00:00+01:00,474.6,478.8,469.5,472.3,239.0993
2024-12-26 17:00:00+01:00,471.2,477.0,464.5,469.5,338.8122
2024-12-26 19:00:00+01:00,468.9,471.2,465.0,469.9,330.1097
2024-12-26 21:00:00+01:00,469.9,471.1,463.8,470.0,135.6445
2024-12-26 23:00:00+01:00,470.7,475.7,468.0,471.4,128.4144
2024-12-27 01:00:00+01:00,473.7,474.9,466.9,472.7,144.4977
2024-12-27 03:00:00+01:00,471.0,474.9,469.0,474.4,108.5713
2024-12-27 05:00:00+01:00,474.4,475.9,467.9,472.3,161.5461
2024-12-27 07:00:00+01:00,472.8,478.5,463.5,468.4,219.9169
2024-12-27 09:00:00+01:00,471.1,495.2,469.9,492.5,618.0004
2024-12-27 11:00:00+01:00,492.7,495.1,481.1,493.8,341.4939
2024-12-27 13:00:00+01:00,494.9,494.9,486.7,489.3,213.6047
2024-12-27 15:00:00+01:00,489.0,489.0,466.9,472.5,413.5958
2024-12-27 17:00:00+01:00,471.6,479.9,465.6,479.9,235.7147
2024-12-27 19:00:00+01:00,480.0,482.0,474.5,478.0,244.5924
2024-12-27 21:00:00+01:00,478.9,480.5,466.3,466.4,176.4801
2024-12-27 23:00:00+01:00,466.6,468.4,462.6,467.5,178.8877
2024-12-28 01:00:00+01:00,468.4,470.4,462.8,465.4,52.1816
2024-12-28 03:00:00+01:00,467.3,469.6,464.5,466.8,22.0244
2024-12-28 05:00:00+01:00,467.1,467.1,464.3,466.5,11.8801
2024-12-28 07:00:00+01:00,465.5,465.5,458.1,458.7,127.8447
2024-12-28 09:00:00+01:00,461.0,468.3,458.5,468.3,162.9259
2024-12-28 11:00:00+01:00,467.6,467.8,463.7,467.6,106.8099
2024-12-28 13:00:00+01:00,466.9,468.6,461.8,468.4,421.0199
2024-12-28 15:00:00+01:00,468.6,475.7,465.0,465.5,156.6158
2024-12-28 17:00:00+01:00,466.7,473.6,465.5,470.1,140.1296
2024-12-28 19:00:00+01:00,470.1,470.4,466.7,469.0,75.5187
2024-12-28 21:00:00+01:00,469.4,472.0,466.0,472.0,240.9238
2024-12-28 23:00:00+01:00,471.9,475.3,470.1,471.0,154.6653
2024-12-29 01:00:00+01:00,471.3,473.0,464.5,467.0,78.6841
2024-12-29 03:00:00+01:00,467.0,470.7,466.8,470.5,26.8813
2024-12-29 05:00:00+01:00,470.7,470.7,466.5,467.6,28.3813
2024-12-29 07:00:00+01:00,467.9,470.5,464.7,470.5,47.5224
2024-12-29 09:00:00+01:00,469.7,469.7,464.2,466.2,87.0133
2024-12-29 11:00:00+01:00,467.0,469.6,467.0,467.5,116.6342
2024-12-29 13:00:00+01:00,467.3,468.8,459.7,464.0,247.7278
2024-12-29 15:00:00+01:00,463.7,467.6,456.6,463.2,264.737
2024-12-29 17:00:00+01:00,461.6,462.2,450.6,455.6,564.2145
2024-12-29 19:00:00+01:00,455.0,460.8,452.9,458.0,133.2343
2024-12-29 21:00:00+01:00,457.6,460.7,453.9,456.7,990.6506
2024-12-29 23:00:00+01:00,456.1,460.4,452.8,459.0,519.4097
2024-12-30 01:00:00+01:00,458.1,474.6,456.4,471.2,274.3256
2024-12-30 03:00:00+01:00,468.8,474.2,467.0,471.0,115.2978
2024-12-30 05:00:00+01:00,471.0,474.2,464.8,468.9,30.9214
2024-12-30 07:00:00+01:00,470.0,478.8,467.5,469.7,393.5432
2024-12-30 09:00:00+01:00,470.2,473.7,466.7,469.7,160.9701
2024-12-30 11:00:00+01:00,470.0,470.1,459.6,464.8,158.6875
2024-12-30 13:00:00+01:00,464.6,473.1,449.2,449.2,480.8319
2024-12-30 15:00:00+01:00,448.6,452.0,441.0,446.8,394.1508
2024-12-30 17:00:00+01:00,445.9,460.0,443.7,457.0,346.1726
2024-12-30 19:00:00+01:00,457.0,465.0,456.5,462.1,291.235
2024-12-30 21:00:00+01:00,464.4,468.4,447.3,449.6,369.5511
2024-12-30 23:00:00+01:00,448.3,453.4,448.0,450.7,343.3206
2024-12-31 01:00:00+01:00,449.0,450.9,437.8,441.2,263.1585
2024-12-31 03:00:00+01:00,441.4,444.6,439.6,442.5,99.6713
2024-12-31 05:00:00+01:00,443.2,445.1,435.6,438.7,119.924
2024-12-31 07:00:00+01:00,439.0,443.1,438.5,440.3,187.7579
2024-12-31 09:00:00+01:00,439.5,449.7,438.3,446.1,259.0944
2024-12-31 11:00:00+01:00,446.3,446.3,440.7,444.0,144.1177
2024-12-31 13:00:00+01:00,444.5,454.2,443.8,452.7,318.2693
2024-12-31 15:00:00+01:00,452.2,458.4,450.8,450.9,258.4963
2024-12-31 17:00:00+01:00,451.6,454.9,438.2,443.2,298.2753
2024-12-31 19:00:00+01:00,443.9,447.3,442.6,445.7,148.1819
2024-12-31 21:00:00+01:00,446.0,448.7,441.6,446.7,376.423
2024-12-31 23:00:00+01:00,446.2,447.2,439.3,440.5,240.4559
2025-01-01 01:00:00+01:00,440.5,447.8,440.5,442.3,186.5182
2025-01-01 03:00:00+01:00,443.4,447.6,440.8,441.5,97.7715
2025-01-01 05:00:00+01:00,440.3,445.1,440.0,444.4,80.8756
2025-01-01 07:00:00+01:00,445.3,445.4,442.0,444.3,7.8695
2025-01-01 09:00:00+01:00,444.0,448.6,433.4,437.8,414.4571
2025-01-01 11:00:00+01:00,437.6,447.8,437.6,445.7,140.0414
2025-01-01 13:00:00+01:00,445.1,446.9,442.3,443.6,215.7312
2025-01-01 15:00:00+01:00,445.4,450.0,440.8,449.6,172.1302
2025-01-01 17:00:00+01:00,451.2,452.2,445.2,452.1,304.0718
2025-01-01 19:00:00+01:00,452.4,464.8,450.6,463.9,409.1857
2025-01-01 21:00:00+01:00,464.5,484.1,464.5,481.6,941.8973
2025-01-01 23:00:00+01:00,482.7,489.9,478.0,488.7,505.1419
2025-01-02 01:00:00+01:00,488.5,520.1,486.0,517.2,817.2265
2025-01-02 03:00:00+01:00,517.6,543.0,517.0,541.2,1372.9925
2025-01-02 05:00:00+01:00,542.7,545.4,520.4,525.5,1144.7687
2025-01-02 07:00:00+01:00,525.9,528.2,507.4,521.7,1125.0389
2025-01-02 09:00:00+01:00,521.9,530.0,521.1,527.2,739.5302
2025-01-02 11:00:00+01:00,527.2,531.0,514.3,521.0,1526.0616
2025-01-02 13:00:00+01:00,520.6,530.0,519.7,526.0,567.5628
2025-01-02 15:00:00+01:00,525.7,525.7,509.4,510.8,671.8374
2025-01-02 17:00:00+01:00,510.9,518.7,506.1,512.8,427.5683
2025-01-02 19:00:00+01:00,512.6,516.7,508.5,514.0,374.0942
2025-01-02 21:00:00+01:00,514.8,525.1,514.8,522.7,538.4306
2025-01-02 23:00:00+01:00,522.6,525.1,516.5,521.7,386.591
2025-01-03 01:00:00+01:00,522.2,529.2,517.2,520.9,205.6486
2025-01-03 03:00:00+01:00,520.9,524.1,518.6,522.5,106.9781
2025-01-03 05:00:00+01:00,521.0,528.4,520.6,527.2,73.8651
2025-01-03 07:00:00+01:00,527.0,532.0,525.1,530.3,314.0946
2025-01-03 09:00:00+01:00,530.0,542.6,523.5,540.8,595.1125
2025-01-03 11:00:00+01:00,540.4,558.1,535.2,556.8,892.0949
2025-01-03 13:00:00+01:00,557.0,566.5,540.7,542.9,999.5301
2025-01-03 15:00:00+01:00,543.8,571.6,543.8,565.8,1438.281
2025-01-03 17:00:00+01:00,566.2,570.5,551.2,552.7,765.0035
2025-01-03 19:00:00+01:00,553.1,559.6,549.8,556.6,379.51
2025-01-03 21:00:00+01:00,556.3,565.7,551.4,557.7,452.8926
2025-01-03 23:00:00+01:00,557.4,557.5,547.9,552.5,290.8337
2025-01-04 01:00:00+01:00,554.0,555.1,545.2,551.1,403.9951
2025-01-04 03:00:00+01:00,551.3,554.7,549.1,553.9,74.5668
2025-01-04 05:00:00+01:00,554.2,562.5,552.2,556.8,211.404
2025-01-04 07:00:00+01:00,558.1,577.2,557.4,571.0,310.7184
2025-01-04 09:00:00+01:00,571.2,571.3,560.3,562.4,475.1526
2025-01-04 11:00:00+01:00,562.7,569.3,560.3,566.6,262.5069
2025-01-04 13:00:00+01:00,565.9,586.4,565.1,578.0,684.9812
2025-01-04 15:00:00+01:00,576.5,581.5,558.2,559.7,432.9936
2025-01-04 17:00:00+01:00,558.9,565.6,554.5,561.3,408.3664
2025-01-04 19:00:00+01:00,562.9,575.1,560.3,568.9,429.9787
2025-01-04 21:00:00+01:00,568.5,573.8,564.5,565.0,357.3255
2025-01-04 23:00:00+01:00,564.9,565.7,559.6,560.3,156.5979
2025-01-05 01:00:00+01:00,559.8,562.9,551.8,556.0,190.4008
2025-01-05 03:00:00+01:00,555.6,560.3,552.7,557.9,47.4421
2025-01-05 05:00:00+01:00,558.3,560.9,556.4,560.9,37.1862
2025-01-05 07:00:00+01:00,559.8,564.4,554.9,555.7,204.1781
2025-01-05 09:00:00+01:00,555.7,555.9,549.0,549.0,276.6844
2025-01-05 11:00:00+01:00,549.5,556.9,547.6,555.5,343.2284
2025-01-05 13:00:00+01:00,553.6,557.9,551.7,554.4,243.6819
2025-01-05 15:00:00+01:00,554.6,563.8,543.0,563.0,356.9404
2025-01-05 17:00:00+01:00,563.2,566.0,555.2,557.0,180.2821
2025-01-05 19:00:00+01:00,557.0,558.7,554.1,557.3,113.7926
2025-01-05 21:00:00+01:00,559.0,566.5,556.3,563.6,222.297
2025-01-05 23:00:00+01:00,563.6,572.7,560.3,563.4,248.2273
2025-01-06 01:00:00+01:00,563.4,564.5,550.7,560.7,264.8635
2025-01-06 03:00:00+01:00,560.6,573.5,559.2,562.7,210.5023
2025-01-06 05:00:00+01:00,563.4,565.5,555.0,555.9,154.6078
2025-01-06 07:00:00+01:00,555.9,561.8,552.4,556.8,371.6164
2025-01-06 09:00:00+01:00,557.3,560.2,549.1,550.1,230.3852
2025-01-06 11:00:00+01:00,549.9,551.0,543.1,548.5,363.9397
2025-01-06 13:00:00+01:00,547.8,557.5,541.2,554.9,399.0491
2025-01-06 15:00:00+01:00,554.7,576.4,552.1,570.6,973.6401
2025-01-06 17:00:00+01:00,570.9,588.9,555.2,561.9,1140.8528
2025-01-06 19:00:00+01:00,561.9,569.5,559.0,561.5,198.2613
2025-01-06 21:00:00+01:00,562.1,564.6,554.8,556.8,352.2133
2025-01-06 23:00:00+01:00,557.2,558.1,549.5,556.1,203.3532
2025-01-07 01:00:00+01:00,556.1,558.9,548.1,552.7,198.7309
2025-01-07 03:00:00+01:00,552.9,552.9,540.7,544.4,428.342
2025-01-07 05:00:00+01:00,544.4,544.4,532.5,534.2,436.4429
2025-01-07 07:00:00+01:00,534.6,541.4,532.0,540.1,253.8301
2025-01-07 09:00:00+01:00,539.7,543.5,532.8,535.8,188.3742
2025-01-07 11:00:00+01:00,535.1,537.9,532.6,536.1,192.8131
2025-01-07 13:00:00+01:00,534.9,540.3,530.5,538.6,307.2766
2025-01-07 15:00:00+01:00,538.5,539.1,512.0,526.0,1276.3952
2025-01-07 17:00:00+01:00,525.9,529.2,513.3,515.3,574.1943
2025-01-07 19:00:00+01:00,515.0,520.4,500.0,503.3,838.2692
2025-01-07 21:00:00+01:00,503.2,508.5,498.6,499.5,656.5702
2025-01-07 23:00:00+01:00,499.0,505.9,497.5,498.8,227.6591
2025-01-08 01:00:00+01:00,499.7,501.8,490.1,492.3,266.5229
2025-01-08 03:00:00+01:00,491.3,492.7,475.0,481.1,511.9845
2025-01-08 05:00:00+01:00,481.5,481.7,470.1,471.1,190.8144
2025-01-08 07:00:00+01:00,472.4,476.0,455.2,470.5,1283.5519
2025-01-08 09:00:00+01:00,470.9,482.6,470.9,473.4,724.118
2025-01-08 11:00:00+01:00,473.4,476.1,464.1,469.3,434.5507
2025-01-08 13:00:00+01:00,469.2,473.9,465.0,469.6,439.5257
2025-01-08 15:00:00+01:00,469.5,477.1,464.4,468.5,343.1629
2025-01-08 17:00:00+01:00,469.0,470.6,438.1,457.4,1975.5619
2025-01-08 19:00:00+01:00,456.5,473.1,450.7,467.8,907.2629
2025-01-08 21:00:00+01:00,467.8,469.4,455.9,462.8,452.7312
2025-01-08 23:00:00+01:00,462.8,474.1,462.7,468.3,362.8956
2025-01-09 01:00:00+01:00,467.2,475.6,465.4,469.5,302.5326
2025-01-09 03:00:00+01:00,469.8,470.2,460.0,460.2,303.4158
2025-01-09 05:00:00+01:00,460.7,462.9,457.5,458.3,89.7462
2025-01-09 07:00:00+01:00,458.3,461.0,445.8,447.3,411.9081
2025-01-09 09:00:00+01:00,449.8,463.1,446.4,460.0,365.8804
2025-01-09 11:00:00+01:00,459.9,459.9,449.0,452.5,608.3659
2025-01-09 13:00:00+01:00,452.5,454.8,437.7,439.5,409.9197
2025-01-09 15:00:00+01:00,439.3,468.2,435.0,460.9,807.9194
2025-01-09 17:00:00+01:00,461.0,466.7,443.7,447.8,507.863
2025-01-09 19:00:00+01:00,446.8,450.2,437.5,437.6,353.6985
2025-01-09 21:00:00+01:00,438.4,439.6,427.7,431.0,1276.3842
2025-01-09 23:00:00+01:00,430.6,439.0,429.1,432.0,277.3515
2025-01-10 01:00:00+01:00,434.4,437.8,426.6,429.0,385.8256
2025-01-10 03:00:00+01:00,429.0,435.6,427.4,432.1,186.7397
2025-01-10 05:00:00+01:00,434.5,444.2,430.3,437.0,268.2455
2025-01-10 07:00:00+01:00,437.4,478.1,437.2,450.0,1342.5975
2025-01-10 09:00:00+01:00,449.5,455.8,445.4,451.4,760.6565
2025-01-10 11:00:00+01:00,450.6,452.7,442.9,447.5,302.486
2025-01-10 13:00:00+01:00,447.1,448.5,420.1,431.0,2134.8998
2025-01-10 15:00:00+01:00,430.5,439.4,423.0,432.6,791.1712
2025-01-10 17:00:00+01:00,432.9,446.0,425.0,445.7,539.1939
2025-01-10 19:00:00+01:00,444.2,444.6,437.4,442.4,424.1852
2025-01-10 21:00:00+01:00,440.8,441.6,435.2,437.2,199.8725
2025-01-10 23:00:00+01:00,436.4,441.6,433.8,439.0,212.6228
2025-01-11 01:00:00+01:00,439.0,439.9,431.8,432.9,410.6987
2025-01-11 03:00:00+01:00,434.5,437.0,430.6,431.3,94.4018
2025-01-11 05:00:00+01:00,432.7,434.7,430.2,434.3,117.3499
2025-01-11 07:00:00+01:00,435.2,437.3,430.8,432.0,268.6845
2025-01-11 09:00:00+01:00,432.2,433.5,428.1,430.5,279.9077
2025-01-11 11:00:00+01:00,430.7,436.5,430.7,434.2,153.2276
2025-01-11 13:00:00+01:00,434.5,436.0,428.0,429.5,418.9764
2025-01-11 15:00:00+01:00,430.2,433.4,428.3,431.5,148.8601
2025-01-11 17:00:00+01:00,432.2,436.7,428.4,431.7,381.5224
2025-01-11 19:00:00+01:00,432.7,434.9,430.7,434.0,131.3498
2025-01-11 21:00:00+01:00,434.6,459.2,433.7,453.0,873.6515
2025-01-11 23:00:00+01:00,453.7,456.0,445.0,445.0,911.9077
2025-01-12 01:00:00+01:00,447.1,450.6,440.1,445.1,741.6096
2025-01-12 03:00:00+01:00,446.9,448.1,441.2,444.5,72.162
2025-01-12 05:00:00+01:00,444.5,450.5,443.0,450.2,168.1043
2025-01-12 07:00:00+01:00,450.4,451.8,441.6,445.2,216.5082
2025-01-12 09:00:00+01:00,445.4,447.4,435.7,438.0,289.6316
2025-01-12 11:00:00+01:00,439.1,443.9,433.8,443.2,395.4544
2025-01-12 13:00:00+01:00,442.6,449.2,439.6,446.7,1086.4797
2025-01-12 15:00:00+01:00,447.6,451.2,442.0,447.2,472.9066
2025-01-12 17:00:00+01:00,447.3,450.6,443.7,450.5,360.0383
2025-01-12 19:00:00+01:00,450.7,451.7,445.0,446.3,292.1329
2025-01-12 21:00:00+01:00,445.9,448.3,439.5,440.2,195.3115
2025-01-12 23:00:00+01:00,440.0,444.8,435.7,443.9,969.3082
2025-01-13 01:00:00+01:00,443.0,458.2,442.5,443.7,864.5422
2025-01-13 03:00:00+01:00,443.7,445.0,428.3,431.5,458.9876
2025-01-13 05:00:00+01:00,431.2,436.5,422.1,422.5,377.1416
2025-01-13 07:00:00+01:00,422.6,425.0,408.3,419.2,1167.8523
2025-01-13 09:00:00+01:00,418.9,418.9,403.9,406.8,1423.1779
2025-01-13 11:00:00+01:00,406.0,406.6,392.1,393.4,1978.6168
2025-01-13 13:00:00+01:00,393.4,408.0,390.9,399.0,1201.5774
2025-01-13 15:00:00+01:00,399.4,416.1,383.6,410.2,2192.4114
2025-01-13 17:00:00+01:00,409.8,413.1,398.1,399.1,802.9373
2025-01-13 19:00:00+01:00,399.3,404.8,392.0,401.1,540.2952
2025-01-13 21:00:00+01:00,400.5,423.9,397.0,419.8,1276.1007
2025-01-13 23:00:00+01:00,419.4,428.7,419.0,420.9,1035.6814
2025-01-14 01:00:00+01:00,420.3,427.0,416.8,420.5,447.2001
2025-01-14 03:00:00+01:00,421.0,428.0,419.6,422.1,89.7519
2025-01-14 05:00:00+01:00,424.2,427.8,420.0,420.2,99.2059
2025-01-14 07:00:00+01:00,420.7,422.6,417.5,417.6,1035.1689
2025-01-14 09:00:00+01:00,420.2,433.3,419.6,430.0,908.919
2025-01-14 11:00:00+01:00,430.2,430.2,419.5,420.2,1922.6111
2025-01-14 13:00:00+01:00,420.6,422.7,410.2,418.1,2563.3496
2025-01-14 15:00:00+01:00,418.4,427.2,416.3,419.4,1031.0892
2025-01-14 17:00:00+01:00,419.3,419.4,412.6,414.4,544.0045
2025-01-14 19:00:00+01:00,416.1,417.8,411.9,414.0,427.591
2025-01-14 21:00:00+01:00,414.7,419.8,410.6,415.8,1927.299
2025-01-14 23:00:00+01:00,416.8,421.8,416.0,416.9,581.3319
2025-01-15 01:00:00+01:00,416.9,422.5,415.6,420.0,1802.199
2025-01-15 03:00:00+01:00,419.7,420.8,411.8,416.3,134.9412
2025-01-15 05:00:00+01:00,417.9,418.1,413.2,415.6,60.6999
2025-01-15 07:00:00+01:00,415.4,419.7,411.5,415.4,314.5893
2025-01-15 09:00:00+01:00,416.6,419.4,402.5,404.1,1486.8761
2025-01-15 11:00:00+01:00,405.0,408.3,402.5,405.8,759.8738
2025-01-15 13:00:00+01:00,405.8,429.2,402.2,428.7,3531.3426
2025-01-15 15:00:00+01:00,428.9,443.1,422.7,440.6,2576.8183
2025-01-15 17:00:00+01:00,440.6,448.7,438.9,440.0,1620.484
2025-01-15 19:00:00+01:00,440.1,459.4,438.8,457.7,2008.3529
2025-01-15 21:00:00+01:00,459.2,471.7,449.4,451.0,1714.9227
2025-01-15 23:00:00+01:00,450.9,459.8,449.6,458.4,607.2536
2025-01-16 01:00:00+01:00,459.9,460.5,442.5,449.6,529.5438
2025-01-16 03:00:00+01:00,447.3,448.8,440.5,441.8,103.1405
2025-01-16 05:00:00+01:00,442.7,452.8,442.4,452.5,80.4876
2025-01-16 07:00:00+01:00,452.0,456.5,450.3,454.0,147.9484
2025-01-16 09:00:00+01:00,454.7,456.0,439.8,447.3,719.3146
2025-01-16 11:00:00+01:00,447.4,455.0,443.7,455.0,189.8239
2025-01-16 13:00:00+01:00,454.9,469.1,451.0,461.8,925.8183
2025-01-16 15:00:00+01:00,461.3,461.5,443.3,452.7,1068.4327
2025-01-16 17:00:00+01:00,452.5,459.6,452.0,456.0,362.9634
2025-01-16 19:00:00+01:00,456.0,456.4,447.6,456.0,242.4766
2025-01-16 21:00:00+01:00,455.9,457.8,448.7,450.8,466.5231
2025-01-16 23:00:00+01:00,450.8,450.8,439.0,445.9,277.9044
2025-01-17 01:00:00+01:00,445.9,457.4,445.9,457.3,105.213
2025-01-17 03:00:00+01:00,456.4,458.3,447.8,448.8,583.3379
2025-01-17 05:00:00+01:00,450.4,456.7,449.1,456.7,92.4924
2025-01-17 07:00:00+01:00,456.8,459.1,453.2,457.2,555.1479
2025-01-17 09:00:00+01:00,459.2,466.7,457.5,465.8,738.8141
2025-01-17 11:00:00+01:00,466.5,477.9,464.3,473.4,793.5636
2025-01-17 13:00:00+01:00,472.0,488.1,470.4,477.6,1158.5597
2025-01-17 15:00:00+01:00,478.0,492.1,477.9,478.9,1265.5212
2025-01-17 17:00:00+01:00,478.8,488.0,474.2,475.3,1374.3665
2025-01-17 19:00:00+01:00,475.9,481.0,472.6,479.5,431.9935
2025-01-17 21:00:00+01:00,479.1,493.7,478.3,487.4,666.3592
2025-01-17 23:00:00+01:00,487.2,491.6,485.0,485.2,343.1369
2025-01-18 01:00:00+01:00,486.3,495.1,484.0,485.9,165.9412
2025-01-18 03:00:00+01:00,484.3,484.3,464.0,467.2,425.2147
2025-01-18 05:00:00+01:00,468.1,471.7,447.1,447.1,595.9318
2025-01-18 07:00:00+01:00,447.0,458.0,447.0,454.0,750.2114
2025-01-18 09:00:00+01:00,452.7,453.7,444.0,446.6,779.5304
2025-01-18 11:00:00+01:00,446.6,454.1,441.8,451.9,611.184
2025-01-18 13:00:00+01:00,451.9,458.4,446.7,458.4,491.1588
2025-01-18 15:00:00+01:00,458.5,460.8,446.5,450.0,537.2917
2025-01-18 17:00:00+01:00,450.4,452.9,439.6,444.7,766.1462
2025-01-18 19:00:00+01:00,445.0,452.9,441.6,452.6,350.8714
2025-01-18 21:00:00+01:00,452.6,453.0,445.5,448.7,288.9396
2025-01-18 23:00:00+01:00,448.4,462.0,448.0,457.4,353.9704
2025-01-19 01:00:00+01:00,457.0,467.3,455.2,463.9,653.3668
2025-01-19 03:00:00+01:00,464.3,466.8,455.1,455.1,439.0145
2025-01-19 05:00:00+01:00,455.5,455.6,443.3,448.6,400.3317
2025-01-19 07:00:00+01:00,448.7,448.8,432.4,438.0,907.3087
2025-01-19 09:00:00+01:00,438.0,438.0,408.6,429.6,3989.2581
2025-01-19 11:00:00+01:00,429.8,431.9,415.8,421.1,1513.5125
2025-01-19 13:00:00+01:00,421.1,452.4,420.2,452.4,1073.0594
2025-01-19 15:00:00+01:00,452.0,486.5,450.1,470.0,2934.3745
2025-01-19 17:00:00+01:00,469.8,472.4,455.9,465.0,978.1614
2025-01-19 19:00:00+01:00,465.2,467.1,451.1,455.9,877.3615
2025-01-19 21:00:00+01:00,456.6,460.8,432.4,433.9,2396.7851
2025-01-19 23:00:00+01:00,433.5,449.0,417.6,426.2,2738.7228
2025-01-20 01:00:00+01:00,425.8,428.8,412.4,418.7,1072.0842
2025-01-20 03:00:00+01:00,418.0,431.0,418.0,423.2,274.7283
2025-01-20 05:00:00+01:00,422.8,427.7,418.7,420.9,422.0012
2025-01-20 07:00:00+01:00,422.8,466.9,420.6,447.5,2532.6968
2025-01-20 09:00:00+01:00,448.5,469.5,445.0,465.3,791.612
2025-01-20 11:00:00+01:00,465.9,467.3,442.5,447.8,529.0942
2025-01-20 13:00:00+01:00,448.8,448.8,426.6,437.8,909.7997
2025-01-20 15:00:00+01:00,438.4,440.2,426.6,429.3,407.7123
2025-01-20 17:00:00+01:00,429.5,434.1,405.0,418.2,1875.5566
2025-01-20 19:00:00+01:00,419.5,427.1,416.5,421.1,935.4565
2025-01-20 21:00:00+01:00,420.0,420.2,406.4,406.4,374.3561
2025-01-20 23:00:00+01:00,406.7,416.2,404.8,406.6,613.0628
2025-01-21 01:00:00+01:00,407.3,407.7,392.5,397.4,776.6164
2025-01-21 03:00:00+01:00,394.4,399.1,391.8,396.5,186.5843
2025-01-21 05:00:00+01:00,395.0,395.0,386.4,387.7,398.8409
2025-01-21 07:00:00+01:00,387.9,396.4,386.0,394.1,1025.3602
2025-01-21 09:00:00+01:00,394.1,400.2,391.6,394.2,563.3245
2025-01-21 11:00:00+01:00,394.3,412.0,392.6,405.5,547.3614
2025-01-21 13:00:00+01:00,406.0,408.4,398.7,404.9,449.0995
2025-01-21 15:00:00+01:00,404.5,408.2,395.7,401.3,391.5715
2025-01-21 17:00:00+01:00,400.8,430.0,399.9,425.7,1185.0265
2025-01-21 19:00:00+01:00,425.6,437.5,413.1,419.6,1877.9032
2025-01-21 21:00:00+01:00,420.2,420.2,411.5,419.9,699.1895
2025-01-21 23:00:00+01:00,419.1,433.5,416.3,427.1,744.2011
2025-01-22 01:00:00+01:00,425.9,434.2,418.5,418.5,323.3954
2025-01-22 03:00:00+01:00,418.5,427.2,416.6,423.2,94.783
2025-01-22 05:00:00+01:00,423.7,431.2,423.0,427.2,171.8375
2025-01-22 07:00:00+01:00,426.1,431.1,423.0,428.6,299.2282
2025-01-22 09:00:00+01:00,426.5,427.9,414.8,416.0,506.3905
2025-01-22 11:00:00+01:00,415.7,422.0,413.5,419.9,356.8558
2025-01-22 13:00:00+01:00,420.3,421.6,408.6,409.5,240.9578
2025-01-22 15:00:00+01:00,409.8,415.4,407.3,413.7,1110.8583
2025-01-22 17:00:00+01:00,412.1,412.5,408.0,412.2,356.462
2025-01-22 19:00:00+01:00,412.4,415.4,405.2,409.5,1900.8864
2025-01-22 21:00:00+01:00,410.7,415.0,405.3,406.0,304.4755
2025-01-22 23:00:00+01:00,406.0,407.2,397.9,399.7,611.0661
2025-01-23 01:00:00+01:00,399.0,399.0,390.3,390.8,324.93
2025-01-23 03:00:00+01:00,390.2,395.8,388.3,391.9,208.0321
2025-01-23 05:00:00+01:00,391.7,394.0,386.4,389.7,229.7009
2025-01-23 07:00:00+01:00,389.3,391.9,385.9,391.4,520.8098
2025-01-23 09:00:00+01:00,391.5,394.4,380.9,382.4,601.0007
2025-01-23 11:00:00+01:00,383.2,385.2,378.5,381.2,827.8494
2025-01-23 13:00:00+01:00,381.2,386.2,375.4,385.6,743.8905
2025-01-23 15:00:00+01:00,385.2,394.7,378.8,385.6,1213.8305
2025-01-23 17:00:00+01:00,385.8,396.9,381.0,387.5,1087.4544
2025-01-23 19:00:00+01:00,387.8,388.3,374.6,376.7,766.6477
2025-01-23 21:00:00+01:00,376.3,407.6,370.3,371.7,1732.9521
2025-01-23 23:00:00+01:00,370.9,381.5,370.9,380.0,386.7155
2025-01-24 01:00:00+01:00,380.2,382.0,365.9,367.8,478.7769
2025-01-24 03:00:00+01:00,367.8,371.6,362.8,368.1,548.9184
2025-01-24 05:00:00+01:00,367.3,384.2,366.6,384.2,383.8904
2025-01-24 07:00:00+01:00,384.2,384.3,379.5,381.5,430.6112
2025-01-24 09:00:00+01:00,381.6,390.4,380.6,388.3,786.6907
2025-01-24 11:00:00+01:00,388.4,390.7,386.9,387.7,408.629
2025-01-24 13:00:00+01:00,388.2,390.0,383.3,384.6,607.7801
2025-01-24 15:00:00+01:00,384.9,390.0,375.9,384.0,618.7095
2025-01-24 17:00:00+01:00,383.9,384.2,377.9,382.5,2299.9266
2025-01-24 19:00:00+01:00,383.2,384.6,380.4,380.9,1089.6029
2025-01-24 21:00:00+01:00,381.0,382.5,372.0,375.8,724.1086
2025-01-24 23:00:00+01:00,375.5,376.6,369.4,372.6,605.5204
2025-01-25 01:00:00+01:00,371.3,374.5,363.1,367.7,371.4295
2025-01-25 03:00:00+01:00,368.0,372.3,366.2,371.8,117.6865
2025-01-25 05:00:00+01:00,370.7,372.6,368.0,370.7,146.752
2025-01-25 07:00:00+01:00,370.7,372.3,366.4,366.6,426.4502
2025-01-25 09:00:00+01:00,366.8,369.1,365.4,366.3,273.2809
2025-01-25 11:00:00+01:00,365.7,374.5,363.5,373.4,557.9605
2025-01-25 13:00:00+01:00,373.3,378.9,369.7,378.3,816.0433
2025-01-25 15:00:00+01:00,379.0,383.5,374.8,381.4,565.4124
2025-01-25 17:00:00+01:00,381.6,383.7,373.7,383.2,529.577
2025-01-25 19:00:00+01:00,382.9,390.6,380.6,387.8,652.0716
2025-01-25 21:00:00+01:00,388.3,395.2,387.8,395.2,661.5862
2025-01-25 23:00:00+01:00,395.0,419.1,394.7,408.4,2728.1983
2025-01-26 01:00:00+01:00,408.7,421.3,407.6,412.3,1069.4327
2025-01-26 03:00:00+01:00,411.8,416.7,409.3,410.0,320.7347
2025-01-26 05:00:00+01:00,410.7,410.8,402.4,405.5,387.4416
2025-01-26 07:00:00+01:00,406.4,417.0,405.5,415.0,514.3226
2025-01-26 09:00:00+01:00,415.1,418.8,414.3,417.0,488.1944
2025-01-26 11:00:00+01:00,416.8,431.2,411.8,429.9,939.3334
2025-01-26 13:00:00+01:00,430.6,431.8,421.6,427.7,1402.157
2025-01-26 15:00:00+01:00,427.7,451.4,426.7,441.2,1725.5975
2025-01-26 17:00:00+01:00,441.3,463.0,439.4,457.2,1568.1967
2025-01-26 19:00:00+01:00,457.2,457.3,446.6,455.5,1195.2014
2025-01-26 21:00:00+01:00,455.5,460.5,437.4,437.8,1255.546
2025-01-26 23:00:00+01:00,437.0,445.3,428.9,433.1,1433.9076
2025-01-27 01:00:00+01:00,432.9,442.4,424.0,424.0,829.5602
2025-01-27 03:00:00+01:00,423.5,428.6,415.5,426.6,802.1469
2025-01-27 05:00:00+01:00,426.3,427.6,412.8,416.8,891.2011
2025-01-27 07:00:00+01:00,416.4,423.5,399.4,413.2,3195.5379
2025-01-27 09:00:00+01:00,413.1,423.9,396.0,401.4,1858.4229
2025-01-27 11:00:00+01:00,401.5,409.3,385.8,399.0,1766.1018
2025-01-27 13:00:00+01:00,398.7,439.0,398.7,435.9,2074.3629
2025-01-27 15:00:00+01:00,435.5,479.0,429.6,461.0,8550.6476
2025-01-27 17:00:00+01:00,461.3,474.0,435.2,437.9,5026.4454
2025-01-27 19:00:00+01:00,438.2,445.7,429.6,436.5,4366.3996
2025-01-27 21:00:00+01:00,436.8,455.4,430.2,448.7,4409.2403
2025-01-27 23:00:00+01:00,449.2,451.7,440.7,446.3,702.8582
2025-01-28 01:00:00+01:00,446.1,452.1,429.0,429.8,907.8861
2025-01-28 03:00:00+01:00,429.9,446.1,428.5,445.0,820.4228
2025-01-28 05:00:00+01:00,445.7,455.9,443.6,451.2,761.5981
2025-01-28 07:00:00+01:00,450.4,450.4,435.0,436.6,457.4523
2025-01-28 09:00:00+01:00,436.5,440.5,431.9,439.8,1484.3262
2025-01-28 11:00:00+01:00,439.8,449.8,437.6,444.8,2203.9039
2025-01-28 13:00:00+01:00,445.5,447.0,437.8,439.6,502.1644
2025-01-28 15:00:00+01:00,439.3,459.6,434.9,457.7,1309.6721
2025-01-28 17:00:00+01:00,457.3,461.4,449.7,458.5,1045.4793
2025-01-28 19:00:00+01:00,457.9,464.3,448.9,458.4,1220.3938
2025-01-28 21:00:00+01:00,457.6,458.3,441.3,441.3,1036.6465
2025-01-28 23:00:00+01:00,441.3,453.2,436.5,450.9,1102.867
2025-01-29 01:00:00+01:00,450.7,454.7,443.9,453.1,447.1724
2025-01-29 03:00:00+01:00,452.2,466.6,450.0,466.6,344.0642
2025-01-29 05:00:00+01:00,466.4,469.0,459.1,463.9,313.4713
2025-01-29 07:00:00+01:00,465.2,476.5,461.7,475.7,653.4766
2025-01-29 09:00:00+01:00,475.1,498.0,467.9,483.3,2038.0855
2025-01-29 11:00:00+01:00,483.3,491.3,476.3,478.6,988.0965
2025-01-29 13:00:00+01:00,478.1,483.5,461.1,468.0,1232.1759
2025-01-29 15:00:00+01:00,467.2,471.6,458.4,460.8,867.7803
2025-01-29 17:00:00+01:00,460.9,470.0,452.3,464.3,752.8057
2025-01-29 19:00:00+01:00,467.5,472.9,441.2,458.6,3461.2347
2025-01-29 21:00:00+01:00,458.6,475.7,453.4,464.0,1557.4489
2025-01-29 23:00:00+01:00,463.6,465.2,447.1,449.1,524.0742
2025-01-30 01:00:00+01:00,449.1,457.7,444.7,454.5,304.9283
2025-01-30 03:00:00+01:00,455.7,462.6,452.2,461.6,206.0144
2025-01-30 05:00:00+01:00,462.6,464.4,453.7,461.5,301.6948
2025-01-30 07:00:00+01:00,462.6,462.8,452.8,455.3,306.4358
2025-01-30 09:00:00+01:00,454.8,466.0,449.1,463.1,536.095
2025-01-30 11:00:00+01:00,463.1,470.5,462.6,468.6,436.5017
2025-01-30 13:00:00+01:00,467.6,477.9,465.3,476.3,913.7779
2025-01-30 15:00:00+01:00,476.0,479.0,458.8,458.8,613.0763
2025-01-30 17:00:00+01:00,459.3,475.7,458.3,469.0,700.6851
2025-01-30 19:00:00+01:00,469.4,470.1,455.8,460.0,449.0675
2025-01-30 21:00:00+01:00,460.0,460.0,451.5,454.7,512.1109
2025-01-30 23:00:00+01:00,454.4,457.8,451.8,453.0,308.7766
2025-01-31 01:00:00+01:00,453.3,460.0,448.5,457.3,235.9891
2025-01-31 03:00:00+01:00,457.6,457.9,448.4,450.6,239.3532
2025-01-31 05:00:00+01:00,451.0,452.2,445.5,449.0,226.6683
2025-01-31 07:00:00+01:00,448.4,463.9,448.4,458.7,433.3013
2025-01-31 09:00:00+01:00,457.5,461.0,448.9,452.3,265.8976
2025-01-31 11:00:00+01:00,452.7,463.0,449.9,462.5,371.3983
2025-01-31 13:00:00+01:00,462.0,468.4,460.1,465.7,390.5665
2025-01-31 15:00:00+01:00,466.5,473.3,457.3,471.3,626.7377
2025-01-31 17:00:00+01:00,471.2,476.9,463.8,465.5,907.7326
2025-01-31 19:00:00+01:00,465.2,470.5,453.2,468.0,2967.0056
2025-01-31 21:00:00+01:00,467.3,470.8,448.6,452.9,593.6468
2025-01-31 23:00:00+01:00,453.8,457.3,447.4,448.7,459.0883
2025-02-01 01:00:00+01:00,449.0,457.3,443.0,451.9,257.2007
2025-02-01 03:00:00+01:00,451.4,458.5,448.3,456.3,332.9799
2025-02-01 05:00:00+01:00,456.3,471.1,456.3,467.4,457.2066
2025-02-01 07:00:00+01:00,467.4,467.4,455.6,457.7,142.4395
2025-02-01 09:00:00+01:00,459.4,461.0,432.3,432.6,941.4376
2025-02-01 11:00:00+01:00,432.8,437.5,418.9,422.9,1492.155
2025-02-01 13:00:00+01:00,423.5,429.5,418.0,421.0,620.3677
2025-02-01 15:00:00+01:00,420.0,420.0,410.9,415.5,1255.0967
2025-02-01 17:00:00+01:00,414.8,418.7,411.7,418.3,715.8335
2025-02-01 19:00:00+01:00,418.4,418.5,400.7,405.2,1164.2035
2025-02-01 21:00:00+01:00,404.8,411.3,396.7,400.6,1790.0247
2025-02-01 23:00:00+01:00,400.2,403.4,390.4,393.6,1059.1894
2025-02-02 01:00:00+01:00,393.1,405.7,391.6,399.6,419.6093
2025-02-02 03:00:00+01:00,399.5,399.5,378.4,380.9,905.7698
2025-02-02 05:00:00+01:00,380.7,395.2,380.1,394.0,569.8581
2025-02-02 07:00:00+01:00,393.4,393.4,382.3,385.5,355.1008
2025-02-02 09:00:00+01:00,385.3,393.0,384.6,388.2,828.0672
2025-02-02 11:00:00+01:00,387.8,388.1,374.2,379.4,885.083
2025-02-02 13:00:00+01:00,379.0,390.2,372.6,389.7,1776.5686
2025-02-02 15:00:00+01:00,389.7,391.7,379.0,380.0,600.7313
2025-02-02 17:00:00+01:00,379.9,380.5,361.1,364.1,4291.5408
2025-02-02 19:00:00+01:00,364.3,370.5,346.3,368.1,4546.6505
2025-02-02 21:00:00+01:00,368.6,375.2,352.2,353.3,5621.7562
2025-02-02 23:00:00+01:00,353.9,362.1,336.6,352.0,2730.7516
2025-02-03 01:00:00+01:00,350.0,350.1,254.0,276.7,8248.0242
2025-02-03 03:00:00+01:00,276.9,300.8,239.9,291.4,7643.2738
2025-02-03 05:00:00+01:00,291.5,314.4,282.3,312.8,3972.5085
2025-02-03 07:00:00+01:00,312.6,332.7,307.0,331.4,4362.3277
2025-02-03 09:00:00+01:00,330.9,330.9,314.8,321.5,2080.5799
2025-02-03 11:00:00+01:00,322.2,336.5,318.1,324.9,2194.7435
2025-02-03 13:00:00+01:00,324.6,333.6,311.5,312.2,2008.8081
2025-02-03 15:00:00+01:00,312.2,364.4,303.5,352.9,5545.3775
2025-02-03 17:00:00+01:00,352.9,357.4,345.0,351.0,1816.4027
2025-02-03 19:00:00+01:00,350.9,367.2,337.9,365.6,2381.5371
2025-02-03 21:00:00+01:00,365.3,371.7,354.8,371.3,1982.5188
2025-02-03 23:00:00+01:00,371.2,412.9,369.2,399.6,3067.7292
2025-02-04 01:00:00+01:00,398.6,400.9,379.5,383.8,753.9729
2025-02-04 03:00:00+01:00,383.4,386.8,374.2,382.0,308.2161
2025-02-04 05:00:00+01:00,380.1,381.7,350.4,357.1,1155.6932
2025-02-04 07:00:00+01:00,357.0,362.8,349.8,350.1,1129.9685
2025-02-04 09:00:00+01:00,350.3,356.9,347.1,352.7,770.2636
2025-02-04 11:00:00+01:00,352.7,370.8,352.7,362.5,884.4971
2025-02-04 13:00:00+01:00,363.2,379.5,362.0,364.1,2263.1065
2025-02-04 15:00:00+01:00,367.0,384.9,362.3,372.7,3457.9386
2025-02-04 17:00:00+01:00,372.5,378.9,367.3,371.7,723.7659
2025-02-04 19:00:00+01:00,370.6,393.4,368.8,372.5,2208.5397
2025-02-04 21:00:00+01:00,373.5,376.6,352.0,355.0,3871.7767
2025-02-04 23:00:00+01:00,355.4,364.9,352.4,358.4,1041.0934
2025-02-05 01:00:00+01:00,358.6,363.0,350.9,354.7,735.5614
2025-02-05 03:00:00+01:00,355.9,362.0,354.0,356.7,382.3789
2025-02-05 05:00:00+01:00,356.9,362.5,350.2,360.6,318.7213
2025-02-05 07:00:00+01:00,359.7,362.0,353.9,360.8,1610.0132
2025-02-05 09:00:00+01:00,360.6,365.1,355.4,357.1,575.9057
2025-02-05 11:00:00+01:00,356.4,370.4,355.6,367.6,1715.4502
2025-02-05 13:00:00+01:00,368.3,368.8,360.3,365.7,3326.2654
2025-02-05 15:00:00+01:00,365.6,369.6,355.2,360.8,1222.4044
2025-02-05 17:00:00+01:00,361.1,362.3,343.0,348.1,1298.684
2025-02-05 19:00:00+01:00,347.9,361.3,341.2,360.2,1119.1051
2025-02-05 21:00:00+01:00,360.3,364.8,352.4,355.3,1007.1579
2025-02-05 23:00:00+01:00,355.4,357.3,346.1,350.2,441.7139
2025-02-06 01:00:00+01:00,350.1,352.8,343.5,347.3,320.5511
2025-02-06 03:00:00+01:00,347.5,356.2,347.5,354.4,129.425
2025-02-06 05:00:00+01:00,354.3,360.3,352.7,356.7,268.6682
2025-02-06 07:00:00+01:00,356.8,365.8,354.6,362.3,401.5298
2025-02-06 09:00:00+01:00,362.9,372.9,358.1,371.3,587.0527
2025-02-06 11:00:00+01:00,371.6,376.7,360.8,364.5,1003.6228
2025-02-06 13:00:00+01:00,365.8,367.0,356.7,361.9,773.1546
2025-02-06 15:00:00+01:00,362.3,363.2,342.1,346.4,920.7105
2025-02-06 17:00:00+01:00,346.4,349.0,336.0,338.7,1812.5702
2025-02-06 19:00:00+01:00,337.1,338.7,327.0,329.5,1327.2386
2025-02-06 21:00:00+01:00,329.3,340.4,328.4,334.7,751.5655
2025-02-06 23:00:00+01:00,334.0,335.2,323.7,326.1,1818.0838
2025-02-07 01:00:00+01:00,326.3,340.5,325.9,338.3,283.3402
2025-02-07 03:00:00+01:00,337.8,342.4,331.6,333.9,376.1757
2025-02-07 05:00:00+01:00,334.1,336.7,327.2,330.2,208.1005
2025-02-07 07:00:00+01:00,330.0,330.0,318.9,322.4,987.8484
2025-02-07 09:00:00+01:00,321.9,337.3,320.5,336.7,861.4823
2025-02-07 11:00:00+01:00,336.6,339.6,332.2,335.4,2605.7291
2025-02-07 13:00:00+01:00,335.4,346.5,330.3,344.9,807.4877
2025-02-07 15:00:00+01:00,343.8,352.9,333.1,334.5,2485.232
2025-02-07 17:00:00+01:00,335.2,335.2,322.0,325.8,941.8846
2025-02-07 19:00:00+01:00,326.2,334.4,323.0,323.6,809.1268
2025-02-07 21:00:00+01:00,324.2,324.3,309.0,309.8,1471.902
2025-02-07 23:00:00+01:00,310.0,321.0,307.6,320.0,424.6907
2025-02-08 01:00:00+01:00,319.3,324.9,318.0,319.8,251.3418
2025-02-08 03:00:00+01:00,320.3,325.4,319.3,324.6,189.8363
2025-02-08 05:00:00+01:00,324.1,326.8,319.9,324.8,376.3437
2025-02-08 07:00:00+01:00,324.8,334.1,324.1,331.8,399.8911
2025-02-08 09:00:00+01:00,331.5,335.1,328.7,333.9,488.5639
2025-02-08 11:00:00+01:00,333.5,343.5,332.4,342.5,1571.4339
2025-02-08 13:00:00+01:00,341.0,344.2,333.4,333.4,690.9713
2025-02-08 15:00:00+01:00,334.0,336.9,330.1,332.0,421.7026
2025-02-08 17:00:00+01:00,332.0,343.4,327.9,343.4,507.6615
2025-02-08 19:00:00+01:00,343.2,349.2,341.4,343.3,868.4062
2025-02-08 21:00:00+01:00,344.2,347.8,340.5,346.3,337.921
2025-02-08 23:00:00+01:00,346.4,353.2,342.7,350.2,798.954
2025-02-09 01:00:00+01:00,351.4,357.6,345.0,355.0,1875.1535
2025-02-09 03:00:00+01:00,355.7,369.6,352.0,368.6,565.4034
2025-02-09 05:00:00+01:00,368.4,370.3,361.5,369.6,398.5554
2025-02-09 07:00:00+01:00,370.1,370.2,357.8,360.0,547.7095
2025-02-09 09:00:00+01:00,360.7,363.5,355.4,358.0,443.3584
2025-02-09 11:00:00+01:00,359.3,367.9,358.3,359.6,640.2071
2025-02-09 13:00:00+01:00,359.2,362.6,348.3,351.6,569.0897
2025-02-09 15:00:00+01:00,351.4,363.1,351.4,361.8,951.8909
2025-02-09 17:00:00+01:00,361.4,367.0,358.6,359.9,582.9124
2025-02-09 19:00:00+01:00,359.1,367.0,356.7,359.2,555.089
2025-02-09 21:00:00+01:00,359.0,366.0,343.1,349.8,1137.1033
2025-02-09 23:00:00+01:00,349.3,368.0,346.2,364.8,983.2629
2025-02-10 01:00:00+01:00,366.6,374.5,350.7,354.1,497.8569
2025-02-10 03:00:00+01:00,355.4,369.0,352.0,361.7,378.7559
2025-02-10 05:00:00+01:00,360.6,379.2,359.9,377.0,518.1486
2025-02-10 07:00:00+01:00,379.2,387.3,378.1,384.5,725.5491
2025-02-10 09:00:00+01:00,383.5,393.6,382.1,385.6,906.9805
2025-02-10 11:00:00+01:00,386.0,392.1,384.9,390.6,658.5669
2025-02-10 13:00:00+01:00,390.1,398.8,383.4,393.1,760.22
2025-02-10 15:00:00+01:00,393.6,399.5,385.5,392.3,1072.1845
2025-02-10 17:00:00+01:00,393.0,397.8,387.7,393.7,609.7979
2025-02-10 19:00:00+01:00,392.6,395.7,386.0,387.1,420.6196
2025-02-10 21:00:00+01:00,387.1,394.1,384.5,387.5,855.3929
2025-02-10 23:00:00+01:00,387.1,391.4,381.5,387.4,341.6457
2025-02-11 01:00:00+01:00,387.0,399.5,386.1,397.2,376.0937
2025-02-11 03:00:00+01:00,398.9,408.0,393.5,407.3,667.51
2025-02-11 05:00:00+01:00,407.4,423.1,407.1,416.8,910.8125
2025-02-11 07:00:00+01:00,417.1,437.4,416.0,430.1,1409.9395
2025-02-11 09:00:00+01:00,430.3,435.6,423.6,424.1,831.0896
2025-02-11 11:00:00+01:00,425.0,432.0,421.3,427.0,1218.1336
2025-02-11 13:00:00+01:00,427.8,427.8,409.3,412.1,1786.8276
2025-02-11 15:00:00+01:00,413.0,426.9,412.0,422.3,1676.6906
2025-02-11 17:00:00+01:00,421.9,423.7,411.8,414.2,987.5257
2025-02-11 19:00:00+01:00,414.4,415.2,402.2,408.5,1104.5645
2025-02-11 21:00:00+01:00,407.7,425.9,407.7,419.9,1415.3569
2025-02-11 23:00:00+01:00,420.0,422.3,408.9,412.2,362.5664
2025-02-12 01:00:00+01:00,412.2,416.2,405.6,405.8,376.4451
2025-02-12 03:00:00+01:00,406.0,407.4,398.5,399.8,409.1294
2025-02-12 05:00:00+01:00,399.6,401.7,392.8,396.4,492.3943
2025-02-12 07:00:00+01:00,396.1,398.4,389.0,396.4,563.8944
2025-02-12 09:00:00+01:00,397.0,403.6,394.8,401.9,521.9255
2025-02-12 11:00:00+01:00,401.7,402.0,393.9,395.2,325.2159
2025-02-12 13:00:00+01:00,395.5,406.0,376.1,382.9,2756.1557
2025-02-12 15:00:00+01:00,383.1,392.1,372.1,387.1,1130.6056
2025-02-12 17:00:00+01:00,386.2,408.0,378.8,407.2,1678.4966
2025-02-12 19:00:00+01:00,407.2,407.2,396.7,406.1,750.8841
2025-02-12 21:00:00+01:00,406.2,418.8,402.0,406.0,788.5584
2025-02-12 23:00:00+01:00,406.5,418.3,400.5,402.9,993.2734
2025-02-13 01:00:00+01:00,403.2,415.0,401.8,414.2,263.9553
2025-02-13 03:00:00+01:00,414.2,414.3,404.0,409.0,235.0346
2025-02-13 05:00:00+01:00,409.4,410.0,396.7,398.9,297.2333
2025-02-13 07:00:00+01:00,398.2,402.7,391.0,392.4,452.3718
2025-02-13 09:00:00+01:00,391.9,396.4,389.6,394.6,423.6153
2025-02-13 11:00:00+01:00,394.6,396.3,384.7,385.2,433.9378
2025-02-13 13:00:00+01:00,385.3,388.0,374.8,376.5,899.1805
2025-02-13 15:00:00+01:00,375.0,382.8,368.8,379.2,1615.8389
2025-02-13 17:00:00+01:00,379.6,379.7,374.1,377.1,332.333
2025-02-13 19:00:00+01:00,376.6,382.4,374.5,377.0,427.8078
2025-02-13 21:00:00+01:00,377.9,382.5,377.9,380.0,400.9223
2025-02-13 23:00:00+01:00,380.0,388.8,378.0,382.7,375.539
2025-02-14 01:00:00+01:00,383.7,390.0,380.5,385.8,275.6712
2025-02-14 03:00:00+01:00,385.6,386.8,380.7,384.2,257.5006
2025-02-14 05:00:00+01:00,384.7,384.7,376.6,380.5,177.1626
2025-02-14 07:00:00+01:00,380.5,389.1,379.1,382.1,291.2175
2025-02-14 09:00:00+01:00,382.0,397.6,380.5,396.7,524.0192
2025-02-14 11:00:00+01:00,397.2,403.1,388.7,392.0,909.2579
2025-02-14 13:00:00+01:00,392.0,397.3,389.5,392.8,417.1504
2025-02-14 15:00:00+01:00,393.0,400.3,389.3,395.9,479.1601
2025-02-14 17:00:00+01:00,394.9,406.9,390.0,402.9,845.0595
2025-02-14 19:00:00+01:00,403.8,405.5,393.5,395.6,399.3842
2025-02-14 21:00:00+01:00,395.7,398.7,389.2,398.4,515.0631
2025-02-14 23:00:00+01:00,398.8,400.8,382.5,391.9,581.4085
2025-02-15 01:00:00+01:00,391.6,391.9,385.2,391.9,383.403
2025-02-15 03:00:00+01:00,391.8,398.6,391.7,397.8,72.2216
2025-02-15 05:00:00+01:00,397.8,401.8,394.4,397.8,414.5815
2025-02-15 07:00:00+01:00,397.6,398.8,388.0,391.3,302.1977
2025-02-15 09:00:00+01:00,392.0,393.6,383.6,384.0,427.8115
2025-02-15 11:00:00+01:00,385.0,386.8,380.6,384.1,243.4583
2025-02-15 13:00:00+01:00,384.2,385.0,380.6,381.7,148.454
2025-02-15 15:00:00+01:00,381.3,383.6,376.1,380.9,604.4188
2025-02-15 17:00:00+01:00,379.4,381.2,375.3,377.0,331.5843
2025-02-15 19:00:00+01:00,376.9,382.2,376.2,376.6,298.6731
2025-02-15 21:00:00+01:00,376.9,377.3,371.1,377.1,445.7804
2025-02-15 23:00:00+01:00,377.1,377.8,373.0,375.4,156.1416
2025-02-16 01:00:00+01:00,375.1,376.7,369.1,370.5,247.2734
2025-02-16 03:00:00+01:00,370.3,371.0,363.2,366.0,380.9065
2025-02-16 05:00:00+01:00,366.5,369.2,364.9,368.2,132.5972
2025-02-16 07:00:00+01:00,368.3,370.3,363.3,364.0,204.7109
2025-02-16 09:00:00+01:00,364.8,368.1,362.5,367.4,284.7871
2025-02-16 11:00:00+01:00,367.2,373.2,366.2,372.9,168.4491
2025-02-16 13:00:00+01:00,372.4,373.5,362.2,363.6,306.4671
2025-02-16 15:00:00+01:00,363.3,367.1,360.8,365.2,345.1711
2025-02-16 17:00:00+01:00,365.0,368.2,362.6,363.1,265.4916
2025-02-16 19:00:00+01:00,363.1,364.5,358.0,364.1,548.9412
2025-02-16 21:00:00+01:00,362.8,363.2,355.3,361.8,307.4851
2025-02-16 23:00:00+01:00,361.8,362.0,357.8,360.5,355.4105
2025-02-17 01:00:00+01:00,359.8,365.4,359.4,364.2,260.6453
2025-02-17 03:00:00+01:00,364.0,365.1,352.6,355.8,206.5042
2025-02-17 05:00:00+01:00,355.1,355.1,346.4,354.7,507.6398
2025-02-17 07:00:00+01:00,354.4,358.9,351.2,352.9,470.9781
2025-02-17 09:00:00+01:00,352.4,361.9,351.7,360.3,424.7282
2025-02-17 11:00:00+01:00,360.9,365.4,359.5,363.3,278.798
2025-02-17 13:00:00+01:00,363.3,374.3,362.9,370.8,508.6871
2025-02-17 15:00:00+01:00,370.9,377.9,357.0,360.0,992.6611
2025-02-17 17:00:00+01:00,359.8,362.3,353.3,353.4,710.5332
2025-02-17 19:00:00+01:00,353.2,356.3,346.6,355.4,1033.0659
2025-02-17 21:00:00+01:00,355.1,366.6,355.0,366.6,374.6064
2025-02-17 23:00:00+01:00,366.2,367.6,359.3,360.8,242.8485
2025-02-18 01:00:00+01:00,361.0,362.7,357.1,361.8,129.6024
2025-02-18 03:00:00+01:00,360.9,361.8,357.7,361.2,101.9376
2025-02-18 05:00:00+01:00,360.4,361.8,350.7,350.7,189.7233
2025-02-18 07:00:00+01:00,350.6,364.0,347.9,359.6,431.4953
2025-02-18 09:00:00+01:00,360.0,366.9,356.1,366.5,424.2561
2025-02-18 11:00:00+01:00,365.5,367.2,362.4,364.1,523.7595
2025-02-18 13:00:00+01:00,363.6,373.9,363.5,369.1,482.3569
2025-02-18 15:00:00+01:00,368.2,373.7,361.0,366.3,756.3066
2025-02-18 17:00:00+01:00,366.0,370.4,352.9,355.3,938.9055
2025-02-18 19:00:00+01:00,355.1,377.5,353.6,373.7,2148.3909
2025-02-18 21:00:00+01:00,373.6,387.4,371.1,378.7,1303.5054
2025-02-18 23:00:00+01:00,379.4,384.2,371.9,375.4,571.6228
2025-02-19 01:00:00+01:00,376.3,379.8,370.9,374.7,385.7482
2025-02-19 03:00:00+01:00,374.5,379.4,372.6,376.1,142.6672
2025-02-19 05:00:00+01:00,374.7,381.6,367.8,381.6,486.4892
2025-02-19 07:00:00+01:00,381.7,400.1,378.3,392.5,1187.6346
2025-02-19 09:00:00+01:00,393.0,397.3,386.5,395.8,680.3318
2025-02-19 11:00:00+01:00,396.1,404.3,394.7,404.3,800.8372
2025-02-19 13:00:00+01:00,404.2,417.0,401.8,417.0,1277.8648
2025-02-19 15:00:00+01:00,416.6,420.5,406.2,410.3,2746.1259
2025-02-19 17:00:00+01:00,410.3,432.0,410.3,414.0,3898.3239
2025-02-19 19:00:00+01:00,414.3,418.3,407.1,410.0,1207.0621
2025-02-19 21:00:00+01:00,411.0,419.4,409.4,414.6,704.1473
2025-02-19 23:00:00+01:00,414.4,420.6,412.3,420.1,575.4518
2025-02-20 01:00:00+01:00,420.0,430.4,417.2,422.8,597.1025
2025-02-20 03:00:00+01:00,423.5,450.7,420.6,445.7,1725.0801
2025-02-20 05:00:00+01:00,446.8,455.9,442.7,444.0,1496.3624
2025-02-20 07:00:00+01:00,444.9,457.7,444.7,447.5,1171.8625
2025-02-20 09:00:00+01:00,447.2,458.1,445.5,451.1,1259.7752
2025-02-20 11:00:00+01:00,451.3,469.8,447.9,458.9,2756.5997
2025-02-20 13:00:00+01:00,458.7,465.5,441.9,449.4,1604.496
2025-02-20 15:00:00+01:00,449.7,457.1,442.7,445.7,1179.1008
2025-02-20 17:00:00+01:00,446.0,451.7,443.9,449.4,800.2779
2025-02-20 19:00:00+01:00,449.3,458.6,448.2,457.4,755.5138
2025-02-20 21:00:00+01:00,457.5,463.6,452.7,458.3,857.0498
2025-02-20 23:00:00+01:00,457.7,466.8,456.4,466.1,484.5748
2025-02-21 01:00:00+01:00,465.6,472.9,455.2,459.2,742.8316
2025-02-21 03:00:00+01:00,459.4,461.7,452.7,457.8,478.9134
2025-02-21 05:00:00+01:00,457.9,468.4,457.4,463.9,535.1622
2025-02-21 07:00:00+01:00,463.7,495.3,463.6,476.2,2970.5794
2025-02-21 09:00:00+01:00,475.4,481.7,466.3,469.3,1379.5262
2025-02-21 11:00:00+01:00,469.4,475.6,466.1,472.3,650.9736
2025-02-21 13:00:00+01:00,471.5,475.0,461.5,462.8,717.2427
2025-02-21 15:00:00+01:00,462.3,463.1,436.0,447.6,3268.5856
2025-02-21 17:00:00+01:00,448.0,459.6,444.0,446.7,1605.4713
2025-02-21 19:00:00+01:00,446.8,451.3,437.0,440.2,1492.7197
2025-02-21 21:00:00+01:00,440.1,443.2,424.6,435.5,3960.1892
2025-02-21 23:00:00+01:00,435.3,444.2,435.1,444.2,970.5314
2025-02-22 01:00:00+01:00,442.9,450.6,440.7,444.8,488.3804
2025-02-22 03:00:00+01:00,445.0,445.0,426.8,436.8,1349.8574
2025-02-22 05:00:00+01:00,435.9,439.8,433.4,433.6,552.4792
2025-02-22 07:00:00+01:00,433.6,433.6,424.4,424.7,412.4059
2025-02-22 09:00:00+01:00,425.1,432.2,423.1,432.2,1006.7964
2025-02-22 11:00:00+01:00,432.9,438.9,429.8,436.3,491.9083
2025-02-22 13:00:00+01:00,436.3,463.0,432.8,444.0,1404.688
2025-02-22 15:00:00+01:00,443.7,448.1,435.6,440.0,1649.3011
2025-02-22 17:00:00+01:00,440.7,446.6,436.6,444.7,517.822
2025-02-22 19:00:00+01:00,444.9,448.9,435.8,436.7,1047.646
2025-02-22 21:00:00+01:00,436.7,436.7,428.5,432.1,932.1552
2025-02-22 23:00:00+01:00,432.2,436.4,428.9,432.6,258.2502
2025-02-23 01:00:00+01:00,432.4,442.9,432.4,439.4,170.0978
2025-02-23 03:00:00+01:00,439.1,440.6,431.4,432.5,240.8819
2025-02-23 05:00:00+01:00,432.0,435.4,429.5,430.1,63.0418
2025-02-23 07:00:00+01:00,430.0,440.7,429.2,434.1,428.2558
2025-02-23 09:00:00+01:00,434.1,439.0,431.9,437.1,215.0706
2025-02-23 11:00:00+01:00,437.8,440.7,418.7,423.8,921.7331
2025-02-23 13:00:00+01:00,422.4,426.6,415.5,426.4,878.1644
2025-02-23 15:00:00+01:00,426.2,430.4,416.8,419.3,426.9012
2025-02-23 17:00:00+01:00,419.2,426.0,417.8,424.3,578.9518
2025-02-23 19:00:00+01:00,423.7,425.8,422.7,424.0,304.3736
2025-02-23 21:00:00+01:00,424.2,433.8,422.2,427.0,768.7878
2025-02-23 23:00:00+01:00,427.7,434.3,422.1,434.0,491.8197
2025-02-24 01:00:00+01:00,434.5,438.4,426.8,427.7,319.8766
2025-02-24 03:00:00+01:00,426.7,430.0,407.0,409.5,829.4685
2025-02-24 05:00:00+01:00,408.9,415.1,402.7,412.2,880.6008
2025-02-24 07:00:00+01:00,412.0,415.2,408.3,410.6,515.4508
2025-02-24 09:00:00+01:00,411.2,430.8,402.7,426.7,1699.1036
2025-02-24 11:00:00+01:00,427.1,431.4,418.9,427.9,1619.8614
2025-02-24 13:00:00+01:00,427.7,437.7,423.8,432.0,1784.619
2025-02-24 15:00:00+01:00,432.6,449.0,420.0,428.3,6830.1142
2025-02-24 17:00:00+01:00,427.7,441.5,426.1,428.4,2187.6294
2025-02-24 19:00:00+01:00,428.5,431.3,413.1,416.3,1995.1725
2025-02-24 21:00:00+01:00,416.1,429.0,413.5,415.9,1097.388
2025-02-24 23:00:00+01:00,414.9,419.6,395.9,397.0,3648.7117
2025-02-25 01:00:00+01:00,397.1,407.8,387.6,399.8,1752.8574
2025-02-25 03:00:00+01:00,399.6,406.3,386.2,386.7,882.423
2025-02-25 05:00:00+01:00,386.8,392.2,378.5,384.7,1213.3949
2025-02-25 07:00:00+01:00,384.8,385.9,361.0,375.9,2977.3103
2025-02-25 09:00:00+01:00,375.0,388.0,366.2,366.9,1692.5905
2025-02-25 11:00:00+01:00,367.0,374.6,355.4,368.7,2354.4677
2025-02-25 13:00:00+01:00,368.2,379.6,361.8,366.0,1402.1954
2025-02-25 15:00:00+01:00,365.9,371.6,353.1,362.4,1952.0588
2025-02-25 17:00:00+01:00,363.1,370.5,356.5,363.9,1411.849
2025-02-25 19:00:00+01:00,364.7,369.2,355.6,367.4,894.76
2025-02-25 21:00:00+01:00,367.8,390.5,363.9,390.0,4848.5697
2025-02-25 23:00:00+01:00,389.9,399.4,378.4,379.2,1729.7316
2025-02-26 01:00:00+01:00,378.4,379.6,368.3,374.0,579.0271
2025-02-26 03:00:00+01:00,374.1,388.2,372.1,381.0,335.0885
2025-02-26 05:00:00+01:00,380.4,384.1,371.7,372.1,197.0798
2025-02-26 07:00:00+01:00,372.4,378.1,369.4,373.2,810.2086
2025-02-26 09:00:00+01:00,373.3,380.1,365.7,377.2,619.6089
2025-02-26 11:00:00+01:00,377.2,383.1,371.7,372.4,638.4405
2025-02-26 13:00:00+01:00,372.6,372.7,362.2,363.8,2235.5353
2025-02-26 15:00:00+01:00,363.4,379.1,356.4,369.8,4354.8312
2025-02-26 17:00:00+01:00,370.0,371.9,360.5,363.6,2668.2363
2025-02-26 19:00:00+01:00,364.3,365.4,344.8,345.8,5927.0315
2025-02-26 21:00:00+01:00,346.1,362.1,338.2,358.5,1793.8924
2025-02-26 23:00:00+01:00,358.8,366.9,350.0,350.9,1342.3241
2025-02-27 01:00:00+01:00,351.7,358.6,344.9,353.5,618.3856
2025-02-27 03:00:00+01:00,353.3,362.3,352.8,360.5,339.0189
2025-02-27 05:00:00+01:00,360.5,365.6,355.3,365.0,330.3229
2025-02-27 07:00:00+01:00,364.8,370.1,363.0,368.2,599.1516
2025-02-27 09:00:00+01:00,367.1,369.6,360.1,362.1,3608.9963
2025-02-27 11:00:00+01:00,362.6,367.0,357.6,358.4,1776.2611
2025-02-27 13:00:00+01:00,358.4,359.3,351.7,352.3,3500.2293
2025-02-27 15:00:00+01:00,352.1,355.6,342.0,349.6,1876.4773
2025-02-27 17:00:00+01:00,349.6,353.3,340.7,347.4,823.3864
2025-02-27 19:00:00+01:00,347.5,349.6,342.3,344.1,588.1788
2025-02-27 21:00:00+01:00,344.5,344.6,322.7,326.6,2708.055
2025-02-27 23:00:00+01:00,326.4,330.9,322.6,329.8,812.5346
2025-02-28 01:00:00+01:00,330.1,330.8,311.6,313.4,1272.2078
2025-02-28 03:00:00+01:00,313.4,316.1,306.1,307.1,1227.4272
2025-02-28 05:00:00+01:00,307.6,308.1,297.4,302.4,1802.1199
2025-02-28 07:00:00+01:00,302.1,308.5,296.0,306.6,2088.2289
2025-02-28 09:00:00+01:00,306.8,313.4,304.2,309.3,1259.3384
2025-02-28 11:00:00+01:00,309.7,312.7,301.3,309.1,1095.7869
2025-02-28 13:00:00+01:00,309.0,324.7,305.9,322.2,2173.999
2025-02-28 15:00:00+01:00,322.3,334.6,318.7,329.4,1757.1269
2025-02-28 17:00:00+01:00,329.2,333.0,324.7,326.7,759.5571
2025-02-28 19:00:00+01:00,326.3,333.6,324.9,327.7,1011.8889
2025-02-28 21:00:00+01:00,328.1,333.7,326.3,331.0,651.1487
2025-02-28 23:00:00+01:00,331.1,331.9,325.8,326.3,246.9424
2025-03-01 01:00:00+01:00,326.6,332.6,320.4,331.7,1128.8492
2025-03-01 03:00:00+01:00,331.7,335.5,328.0,330.9,610.1366
2025-03-01 05:00:00+01:00,330.7,339.8,328.2,329.5,374.4157
2025-03-01 07:00:00+01:00,329.2,329.7,324.8,325.5,619.7834
2025-03-01 09:00:00+01:00,325.6,330.7,324.8,328.1,509.1992
2025-03-01 11:00:00+01:00,327.9,327.9,318.4,321.9,914.5638
2025-03-01 13:00:00+01:00,321.8,323.5,315.9,318.3,434.5971
2025-03-01 15:00:00+01:00,318.2,332.7,317.7,329.3,927.3252
2025-03-01 17:00:00+01:00,329.0,333.4,327.2,331.1,1125.2549
2025-03-01 19:00:00+01:00,331.1,335.2,327.9,334.6,564.5287
2025-03-01 21:00:00+01:00,334.5,340.0,330.9,337.4,761.1956
2025-03-01 23:00:00+01:00,337.6,339.7,332.7,337.7,416.4697
2025-03-02 01:00:00+01:00,337.6,339.9,332.9,336.5,377.7857
2025-03-02 03:00:00+01:00,336.6,347.7,334.8,345.8,271.0002
2025-03-02 05:00:00+01:00,345.8,349.0,339.6,340.7,454.1497
2025-03-02 07:00:00+01:00,340.8,343.6,338.7,339.6,486.2128
2025-03-02 09:00:00+01:00,339.8,342.0,337.5,341.5,417.6336
2025-03-02 11:00:00+01:00,341.2,343.1,334.8,335.8,506.5129
2025-03-02 13:00:00+01:00,335.7,335.7,323.5,324.9,957.3455
2025-03-02 15:00:00+01:00,325.5,338.8,320.6,326.5,2262.2734
2025-03-02 17:00:00+01:00,327.1,362.0,326.5,352.1,6071.4316
2025-03-02 19:00:00+01:00,352.8,356.4,341.0,355.7,2066.2303
2025-03-02 21:00:00+01:00,356.0,357.9,350.0,355.6,1306.61
2025-03-02 23:00:00+01:00,355.5,358.7,351.5,353.5,765.7957
2025-03-03 01:00:00+01:00,353.5,355.6,344.7,346.4,771.1498
2025-03-03 03:00:00+01:00,345.9,346.0,339.6,342.8,672.8497
2025-03-03 05:00:00+01:00,342.6,347.2,341.6,346.9,159.9711
2025-03-03 07:00:00+01:00,346.9,348.2,328.8,334.4,1264.6351
2025-03-03 09:00:00+01:00,334.1,334.1,319.0,320.6,1680.9591
2025-03-03 11:00:00+01:00,320.3,329.7,319.8,329.4,874.041
2025-03-03 13:00:00+01:00,328.8,334.6,325.9,332.0,830.7304
2025-03-03 15:00:00+01:00,331.9,332.0,316.0,319.4,1816.3877
2025-03-03 17:00:00+01:00,319.6,323.8,317.8,319.5,771.9936
2025-03-03 19:00:00+01:00,319.4,320.0,296.9,298.6,3530.7371
2025-03-03 21:00:00+01:00,298.9,304.3,292.5,293.7,4122.2317
2025-03-03 23:00:00+01:00,294.3,301.3,294.1,295.3,1110.8654
2025-03-04 01:00:00+01:00,295.1,298.9,279.8,282.4,3959.4734
2025-03-04 03:00:00+01:00,282.3,285.5,274.5,282.7,10093.2561
2025-03-04 05:00:00+01:00,282.6,290.1,281.7,286.6,10610.4626
2025-03-04 07:00:00+01:00,286.6,287.9,280.4,280.6,5147.8643
2025-03-04 09:00:00+01:00,280.6,283.9,271.3,272.1,1505.711
2025-03-04 11:00:00+01:00,272.1,275.9,269.3,273.2,3035.0133
2025-03-04 13:00:00+01:00,273.1,276.0,263.8,265.6,2653.2262
2025-03-04 15:00:00+01:00,265.6,281.0,262.0,271.5,4118.6917
2025-03-04 17:00:00+01:00,271.5,285.4,257.5,281.3,3454.4713
2025-03-04 19:00:00+01:00,281.5,291.9,279.3,289.8,2457.9524
2025-03-04 21:00:00+01:00,289.8,294.5,280.9,288.2,1756.1376
2025-03-04 23:00:00+01:00,288.3,290.7,285.0,287.2,502.7244
2025-03-05 01:00:00+01:00,287.2,293.4,284.9,293.4,445.965
2025-03-05 03:00:00+01:00,293.4,296.3,286.7,286.7,634.7658
2025-03-05 05:00:00+01:00,286.8,290.9,286.3,290.9,340.2595
2025-03-05 07:00:00+01:00,290.2,294.6,287.3,291.9,644.5935
2025-03-05 09:00:00+01:00,292.0,301.5,291.6,296.2,1336.9998
2025-03-05 11:00:00+01:00,296.1,304.3,294.2,297.2,1749.3434
2025-03-05 13:00:00+01:00,296.9,312.6,295.4,301.0,2819.4512
2025-03-05 15:00:00+01:00,300.7,301.1,292.5,297.6,1907.3494
2025-03-05 17:00:00+01:00,297.7,307.9,293.0,306.5,1972.9044
2025-03-05 19:00:00+01:00,306.0,306.1,298.2,304.4,1375.0719
2025-03-05 21:00:00+01:00,304.3,306.9,299.8,300.7,736.9857
2025-03-05 23:00:00+01:00,300.6,301.8,299.2,299.6,315.4528
2025-03-06 01:00:00+01:00,299.9,303.6,295.3,299.9,525.4214
2025-03-06 03:00:00+01:00,300.1,304.9,299.0,302.9,454.901
2025-03-06 05:00:00+01:00,303.0,312.1,302.2,311.6,740.5134
2025-03-06 07:00:00+01:00,311.1,311.4,301.4,302.5,564.5709
2025-03-06 09:00:00+01:00,302.5,308.5,286.5,288.1,1385.9712
2025-03-06 11:00:00+01:00,288.1,295.9,287.5,292.2,1105.2249
2025-03-06 13:00:00+01:00,292.4,292.9,283.1,283.7,981.9519
2025-03-06 15:00:00+01:00,283.7,293.4,281.2,289.1,1822.3536
2025-03-06 17:00:00+01:00,289.1,294.6,286.4,292.2,1597.943
2025-03-06 19:00:00+01:00,291.0,291.8,283.0,284.0,702.9989
2025-03-06 21:00:00+01:00,283.8,290.5,283.4,287.2,496.3141
2025-03-06 23:00:00+01:00,287.5,292.0,287.1,288.0,649.8472
2025-03-07 01:00:00+01:00,288.0,292.5,271.7,282.4,1603.6632
2025-03-07 03:00:00+01:00,282.3,285.8,278.5,279.7,362.8279
2025-03-07 05:00:00+01:00,279.5,285.3,278.9,282.7,201.8366
2025-03-07 07:00:00+01:00,283.0,283.5,280.0,281.4,560.78
2025-03-07 09:00:00+01:00,281.4,289.3,278.1,285.7,743.9467
2025-03-07 11:00:00+01:00,285.6,294.0,283.7,291.6,1165.7914
2025-03-07 13:00:00+01:00,291.4,293.2,283.8,285.7,1278.9511
2025-03-07 15:00:00+01:00,285.9,292.3,280.4,284.8,1033.927
2025-03-07 17:00:00+01:00,284.3,285.5,272.5,280.8,1992.3722
2025-03-07 19:00:00+01:00,280.4,290.7,280.3,285.5,1738.8375
2025-03-07 21:00:00+01:00,285.2,287.9,274.0,274.8,1302.8614
2025-03-07 23:00:00+01:00,274.1,279.7,271.6,275.0,568.7109
2025-03-08 01:00:00+01:00,275.3,278.0,271.7,276.0,277.6864
2025-03-08 03:00:00+01:00,276.0,276.9,273.3,275.0,287.0381
2025-03-08 05:00:00+01:00,275.0,281.1,273.9,277.1,689.6774
2025-03-08 07:00:00+01:00,277.0,278.8,273.3,273.6,644.3615
2025-03-08 09:00:00+01:00,273.8,274.6,267.6,269.3,1439.3189
2025-03-08 11:00:00+01:00,269.1,271.9,267.2,269.0,579.2218
2025-03-08 13:00:00+01:00,269.0,273.3,267.7,272.7,460.7569
2025-03-08 15:00:00+01:00,272.7,274.6,269.0,270.1,717.0036
2025-03-08 17:00:00+01:00,270.0,274.2,265.5,273.2,646.6158
2025-03-08 19:00:00+01:00,273.3,283.0,272.4,282.3,1326.5696
2025-03-08 21:00:00+01:00,282.2,284.3,276.8,276.9,927.2469
2025-03-08 23:00:00+01:00,276.9,278.4,274.1,276.0,708.8199
2025-03-09 01:00:00+01:00,276.2,278.2,275.1,275.5,175.9688
2025-03-09 03:00:00+01:00,275.7,275.9,269.2,270.0,523.6824
2025-03-09 05:00:00+01:00,269.8,274.2,269.8,271.3,221.7562
2025-03-09 07:00:00+01:00,271.3,272.9,265.8,271.6,710.604
2025-03-09 09:00:00+01:00,271.3,274.2,267.9,273.3,533.5951
2025-03-09 11:00:00+01:00,273.2,277.0,262.6,266.5,1854.9005
2025-03-09 13:00:00+01:00,266.1,267.8,260.0,260.2,1797.9338
2025-03-09 15:00:00+01:00,260.0,263.9,255.0,255.6,1437.1149
2025-03-09 17:00:00+01:00,255.6,258.5,245.3,246.6,3147.1717
2025-03-09 19:00:00+01:00,246.5,248.7,239.5,247.6,2677.8075
2025-03-09 21:00:00+01:00,247.4,252.4,242.1,242.9,1728.3237
2025-03-09 23:00:00+01:00,242.4,244.5,238.4,243.6,1481.2999
2025-03-10 01:00:00+01:00,243.7,256.8,241.9,253.2,1096.8909
2025-03-10 03:00:00+01:00,253.3,255.9,248.8,252.2,745.2404
2025-03-10 05:00:00+01:00,252.3,256.8,252.3,255.0,407.0907
2025-03-10 07:00:00+01:00,255.0,256.6,248.5,250.6,960.6418
2025-03-10 09:00:00+01:00,250.4,255.2,242.1,247.2,1516.9159
2025-03-10 11:00:00+01:00,247.3,251.6,243.7,250.0,1007.4654
2025-03-10 13:00:00+01:00,249.8,252.3,240.7,241.1,1370.0011
2025-03-10 15:00:00+01:00,240.9,241.0,228.8,232.5,3030.7602
2025-03-10 17:00:00+01:00,232.4,233.6,213.3,216.1,3731.9655
2025-03-10 19:00:00+01:00,215.7,226.3,212.2,226.3,4217.9351
2025-03-10 21:00:00+01:00,225.9,227.9,222.8,225.9,2084.5742
2025-03-10 23:00:00+01:00,226.0,230.7,222.9,225.2,1923.8578
2025-03-11 01:00:00+01:00,225.3,228.4,212.4,226.3,3603.3389
2025-03-11 03:00:00+01:00,226.2,231.5,225.6,228.2,1071.0217
2025-03-11 05:00:00+01:00,228.2,234.4,228.0,233.6,1127.337
2025-03-11 07:00:00+01:00,233.3,236.0,230.6,232.3,1010.8538
2025-03-11 09:00:00+01:00,232.4,244.9,231.8,243.7,3777.9186
2025-03-11 11:00:00+01:00,244.1,250.1,241.4,242.6,3612.9985
2025-03-11 13:00:00+01:00,242.6,252.0,237.9,246.2,5228.6568
2025-03-11 15:00:00+01:00,246.1,257.6,235.1,254.7,6960.3873
2025-03-11 17:00:00+01:00,254.7,261.1,249.0,250.5,4311.6609
2025-03-11 19:00:00+01:00,250.5,271.9,250.5,266.5,7075.9229
2025-03-11 21:00:00+01:00,266.4,271.3,261.8,262.0,3108.267
2025-03-11 23:00:00+01:00,262.1,266.7,258.0,260.5,1721.5081
2025-03-12 01:00:00+01:00,260.5,268.7,258.4,262.5,1760.784
2025-03-12 03:00:00+01:00,262.9,266.2,257.2,258.1,1684.0556
2025-03-12 05:00:00+01:00,258.3,264.0,254.4,264.0,1464.8318
2025-03-12 07:00:00+01:00,263.2,270.6,259.6,269.7,2973.6991
2025-03-12 09:00:00+01:00,269.5,271.8,261.0,264.0,3622.0572
2025-03-12 11:00:00+01:00,264.1,265.6,256.5,264.1,3625.8998
2025-03-12 13:00:00+01:00,264.1,275.3,259.8,260.4,4476.3457
2025-03-12 15:00:00+01:00,260.2,262.0,247.0,250.0,6510.9783
2025-03-12 17:00:00+01:00,250.2,260.4,249.7,254.0,3065.7682
2025-03-12 19:00:00+01:00,254.3,259.3,253.9,258.5,1803.9148
2025-03-12 21:00:00+01:00,258.2,264.2,255.8,256.7,1423.9976
2025-03-12 23:00:00+01:00,257.1,260.0,256.9,259.5,552.2129
2025-03-13 01:00:00+01:00,259.4,260.7,253.8,259.2,627.7907
2025-03-13 03:00:00+01:00,259.2,262.0,256.5,258.2,926.1756
2025-03-13 05:00:00+01:00,258.0,259.6,250.3,251.1,1040.4583
2025-03-13 07:00:00+01:00,251.1,259.6,247.2,251.8,2452.4701
2025-03-13 09:00:00+01:00,251.9,257.1,248.7,257.0,2532.2792
2025-03-13 11:00:00+01:00,257.0,257.5,252.2,255.3,994.7405
2025-03-13 13:00:00+01:00,255.1,257.9,244.2,245.2,3853.4585
2025-03-13 15:00:00+01:00,245.2,250.7,240.2,245.6,3568.9614
2025-03-13 17:00:00+01:00,245.7,246.6,236.4,237.0,1823.0894
2025-03-13 19:00:00+01:00,237.1,241.0,237.1,238.7,2222.3288
2025-03-13 21:00:00+01:00,238.8,240.7,234.9,235.9,1834.0833
2025-03-13 23:00:00+01:00,236.2,240.5,236.1,238.0,2365.6563
2025-03-14 01:00:00+01:00,238.3,243.4,237.4,240.7,1156.5263
2025-03-14 03:00:00+01:00,240.8,243.2,239.7,240.3,625.604
2025-03-14 05:00:00+01:00,240.4,245.8,239.8,245.1,798.8507
2025-03-14 07:00:00+01:00,245.1,245.6,242.5,244.1,890.3425
2025-03-14 09:00:00+01:00,243.9,247.8,243.6,244.6,1432.2923
2025-03-14 11:00:00+01:00,244.7,246.3,242.7,245.0,1402.1995
2025-03-14 13:00:00+01:00,244.8,246.2,241.7,244.7,1562.5238
2025-03-14 15:00:00+01:00,244.7,255.9,241.1,251.9,6456.9014
2025-03-14 17:00:00+01:00,251.9,255.8,248.5,250.6,3086.3095
2025-03-14 19:00:00+01:00,250.6,258.3,250.2,255.2,2620.8892
2025-03-14 21:00:00+01:00,255.1,256.3,250.4,255.3,2070.8802
2025-03-14 23:00:00+01:00,255.1,262.1,255.0,256.2,2236.154
2025-03-15 01:00:00+01:00,256.1,262.2,255.6,258.7,1362.5879
2025-03-15 03:00:00+01:00,258.5,262.1,256.9,261.5,1017.0316
2025-03-15 05:00:00+01:00,261.4,263.2,256.7,256.9,1012.3448
2025-03-15 07:00:00+01:00,256.7,258.3,254.4,254.9,853.9604
2025-03-15 09:00:00+01:00,254.9,259.6,253.0,259.6,969.5279
2025-03-15 11:00:00+01:00,259.6,265.7,257.0,265.2,2095.3599
2025-03-15 13:00:00+01:00,265.0,267.6,261.6,262.0,2222.5388
2025-03-15 15:00:00+01:00,261.8,262.5,257.7,260.2,2347.8666
2025-03-15 17:00:00+01:00,260.2,261.9,258.2,260.9,1867.738
2025-03-15 19:00:00+01:00,260.4,261.7,256.3,259.6,1490.9224
2025-03-15 21:00:00+01:00,259.6,263.3,259.5,261.9,979.0473
2025-03-15 23:00:00+01:00,261.7,262.1,257.7,258.5,887.1599
2025-03-16 01:00:00+01:00,258.2,260.1,253.8,253.8,1059.9206
2025-03-16 03:00:00+01:00,253.9,256.5,251.3,256.2,1263.4909
2025-03-16 05:00:00+01:00,256.0,258.4,255.3,257.7,479.9968
2025-03-16 07:00:00+01:00,257.7,258.9,254.4,258.3,766.5769
2025-03-16 09:00:00+01:00,258.4,263.4,257.2,259.0,1494.2933
2025-03-16 11:00:00+01:00,258.9,260.4,246.2,247.1,5221.6623
2025-03-16 13:00:00+01:00,247.2,249.6,242.4,243.4,2896.8585
2025-03-16 15:00:00+01:00,243.1,247.9,243.1,246.3,1532.4708
2025-03-16 17:00:00+01:00,246.0,252.9,245.3,247.7,2083.5514
2025-03-16 19:00:00+01:00,247.6,248.4,241.2,243.0,3032.4181
2025-03-16 21:00:00+01:00,243.0,245.3,242.0,243.1,3324.1646
2025-03-16 23:00:00+01:00,243.1,244.0,238.8,240.9,1211.5097
2025-03-17 01:00:00+01:00,240.8,245.5,240.4,244.3,781.8118
2025-03-17 03:00:00+01:00,244.4,248.7,243.5,247.4,788.1698
2025-03-17 05:00:00+01:00,247.4,250.1,246.6,246.8,1094.4437
2025-03-17 07:00:00+01:00,246.6,249.2,244.6,248.4,3192.7916
2025-03-17 09:00:00+01:00,248.6,251.3,246.3,249.4,910.2368
2025-03-17 11:00:00+01:00,249.3,250.5,247.7,249.8,628.3843
2025-03-17 13:00:00+01:00,249.8,252.2,247.0,248.2,1929.3869
2025-03-17 15:00:00+01:00,247.7,249.4,245.2,248.8,1017.3181
2025-03-17 17:00:00+01:00,248.9,256.6,247.7,255.6,3205.7329
2025-03-17 19:00:00+01:00,255.5,260.4,253.9,257.9,1957.9472
2025-03-17 21:00:00+01:00,258.1,258.8,254.9,255.5,1195.0657
2025-03-17 23:00:00+01:00,255.4,258.1,254.1,255.1,476.9349
2025-03-18 01:00:00+01:00,255.1,255.7,246.0,246.9,910.0647
2025-03-18 03:00:00+01:00,246.8,250.3,245.2,245.8,680.0088
2025-03-18 05:00:00+01:00,245.5,248.0,244.9,247.2,813.4201
2025-03-18 07:00:00+01:00,247.1,248.6,243.2,247.5,1214.6814
2025-03-18 09:00:00+01:00,247.5,250.9,246.6,247.4,710.8857
2025-03-18 11:00:00+01:00,247.4,248.6,242.7,244.8,671.6652
2025-03-18 13:00:00+01:00,244.5,245.8,239.3,240.6,1904.7264
2025-03-18 15:00:00+01:00,240.3,244.6,239.9,240.9,1444.5229
2025-03-18 17:00:00+01:00,240.7,243.0,239.2,239.5,719.0246
2025-03-18 19:00:00+01:00,239.3,241.3,236.1,241.0,2409.3087
2025-03-18 21:00:00+01:00,241.1,242.0,239.1,241.9,1677.4782
2025-03-18 23:00:00+01:00,241.8,247.9,241.5,246.9,1612.3507
2025-03-19 01:00:00+01:00,246.8,252.5,246.4,247.3,1400.3205
2025-03-19 03:00:00+01:00,247.4,251.7,246.6,251.6,431.0514
2025-03-19 05:00:00+01:00,251.6,251.8,248.9,250.4,715.8381
2025-03-19 07:00:00+01:00,250.2,250.8,247.4,247.8,573.4674
2025-03-19 09:00:00+01:00,247.7,250.5,247.7,249.6,779.7172
2025-03-19 11:00:00+01:00,249.5,257.7,249.1,257.2,1905.0003
2025-03-19 13:00:00+01:00,257.2,257.6,251.3,254.7,3748.7761
2025-03-19 15:00:00+01:00,255.1,259.4,253.7,258.7,2015.1385
2025-03-19 17:00:00+01:00,258.6,259.3,252.0,254.1,3072.4271
2025-03-19 19:00:00+01:00,254.0,263.3,249.5,260.3,5922.8857
2025-03-19 21:00:00+01:00,260.4,262.7,258.1,259.9,2745.2249
2025-03-19 23:00:00+01:00,260.0,263.6,259.1,262.2,1476.6281
2025-03-20 01:00:00+01:00,262.2,263.9,254.0,254.7,1151.5145
2025-03-20 03:00:00+01:00,254.8,258.1,253.9,257.1,402.9085
2025-03-20 05:00:00+01:00,256.9,261.7,256.4,261.5,534.5138
2025-03-20 07:00:00+01:00,261.7,263.5,260.2,261.2,935.4969
2025-03-20 09:00:00+01:00,261.5,265.1,260.1,261.1,1066.9121
2025-03-20 11:00:00+01:00,260.9,261.4,255.3,259.4,1653.8987
2025-03-20 13:00:00+01:00,259.5,264.4,258.2,262.8,1813.3527
2025-03-20 15:00:00+01:00,262.7,267.8,257.5,257.6,4163.5773
2025-03-20 17:00:00+01:00,257.5,259.7,249.3,256.1,3281.5429
2025-03-20 19:00:00+01:00,256.2,256.8,252.1,253.1,989.8905
2025-03-20 21:00:00+01:00,253.1,254.7,249.4,250.0,1096.4931
2025-03-20 23:00:00+01:00,250.0,251.9,248.0,251.4,858.9609
2025-03-21 01:00:00+01:00,251.4,254.4,250.7,254.0,563.8281
2025-03-21 03:00:00+01:00,254.1,254.8,251.6,252.5,621.5319
2025-03-21 05:00:00+01:00,252.6,256.3,252.6,253.8,553.338
2025-03-21 07:00:00+01:00,253.8,254.7,251.6,253.0,753.2001
2025-03-21 09:00:00+01:00,253.1,254.7,247.8,248.4,977.924
2025-03-21 11:00:00+01:00,248.5,248.8,243.7,245.5,1011.0852
2025-03-21 13:00:00+01:00,245.5,247.0,242.1,245.4,3104.0431
2025-03-21 15:00:00+01:00,245.3,247.7,243.1,243.1,932.2742
2025-03-21 17:00:00+01:00,243.1,247.0,242.2,245.9,888.4478
2025-03-21 19:00:00+01:00,245.9,248.9,245.1,248.7,1345.6633
2025-03-21 21:00:00+01:00,248.7,253.8,248.4,251.5,1047.6202
2025-03-21 23:00:00+01:00,251.3,251.3,246.6,247.4,724.163
2025-03-22 01:00:00+01:00,247.4,252.4,247.0,248.5,606.8691
2025-03-22 03:00:00+01:00,248.3,250.4,247.3,249.9,585.9942
2025-03-22 05:00:00+01:00,249.9,251.7,248.2,251.1,318.3645
2025-03-22 07:00:00+01:00,251.0,252.5,249.3,249.6,705.8464
2025-03-22 09:00:00+01:00,249.4,254.5,249.0,253.0,851.327
2025-03-22 11:00:00+01:00,253.0,253.4,250.2,250.7,870.7193
2025-03-22 13:00:00+01:00,250.5,252.4,249.7,251.8,459.19
2025-03-22 15:00:00+01:00,251.8,251.8,247.9,250.8,1597.9645
2025-03-22 17:00:00+01:00,250.7,253.0,249.4,252.4,535.591
2025-03-22 19:00:00+01:00,252.3,253.1,251.4,252.9,387.9531
2025-03-22 21:00:00+01:00,252.7,253.9,249.5,250.6,1221.757
2025-03-22 23:00:00+01:00,250.7,251.3,246.6,248.1,1464.4678
2025-03-23 01:00:00+01:00,248.0,250.4,246.4,249.4,704.8275
2025-03-23 03:00:00+01:00,249.8,254.8,249.4,254.8,721.4951
2025-03-23 05:00:00+01:00,254.8,255.4,251.3,253.9,1099.4042
2025-03-23 07:00:00+01:00,253.9,257.9,253.2,256.8,991.4529
2025-03-23 09:00:00+01:00,256.7,258.1,253.3,254.8,1403.769
2025-03-23 11:00:00+01:00,254.7,256.6,252.7,253.1,701.7863
2025-03-23 13:00:00+01:00,253.1,253.8,249.0,253.4,971.6088
2025-03-23 15:00:00+01:00,253.5,253.6,250.6,251.2,555.4626
2025-03-23 17:00:00+01:00,251.1,252.0,249.2,250.8,856.5401
2025-03-23 19:00:00+01:00,250.9,254.5,249.5,253.4,1169.8811
2025-03-23 21:00:00+01:00,253.4,255.8,251.2,255.8,1147.2333
2025-03-23 23:00:00+01:00,255.8,257.1,253.8,257.0,985.2039
2025-03-24 01:00:00+01:00,257.0,259.1,253.3,253.9,1236.9011
2025-03-24 03:00:00+01:00,253.9,261.2,253.7,260.8,1258.2827
2025-03-24 05:00:00+01:00,261.0,264.8,260.5,264.5,994.8968
2025-03-24 07:00:00+01:00,264.5,268.4,263.5,266.4,2786.5343
2025-03-24 09:00:00+01:00,266.4,270.0,266.3,269.3,2168.1473
2025-03-24 11:00:00+01:00,269.2,275.0,268.9,269.9,3721.1289
2025-03-24 13:00:00+01:00,269.6,272.3,265.9,272.2,4613.6237
2025-03-24 15:00:00+01:00,272.2,275.5,267.8,270.3,3808.289
2025-03-24 17:00:00+01:00,270.4,272.9,266.9,272.4,1359.5598
2025-03-24 19:00:00+01:00,272.4,273.1,269.3,271.0,1219.8229
2025-03-24 21:00:00+01:00,270.8,272.6,270.2,271.1,835.9825
2025-03-24 23:00:00+01:00,271.2,271.4,266.3,269.5,1380.6178
2025-03-25 01:00:00+01:00,269.4,271.2,265.5,266.6,749.7442
2025-03-25 03:00:00+01:00,266.6,269.6,263.1,264.2,1057.5895
2025-03-25 05:00:00+01:00,264.0,267.9,262.6,266.6,741.119
2025-03-25 07:00:00+01:00,266.6,267.5,265.0,266.1,1932.9271
2025-03-25 09:00:00+01:00,266.0,281.0,265.3,272.0,3027.1548
2025-03-25 11:00:00+01:00,272.0,274.6,267.8,272.8,2285.7996
2025-03-25 13:00:00+01:00,272.9,274.0,269.2,270.9,2551.8599
2025-03-25 15:00:00+01:00,271.0,274.5,268.9,271.9,1955.1742
2025-03-25 17:00:00+01:00,271.8,272.4,268.3,270.6,1658.4115
2025-03-25 19:00:00+01:00,270.6,270.8,266.9,269.3,1360.9855
2025-03-25 21:00:00+01:00,269.3,271.7,268.3,269.0,1428.1178
2025-03-25 23:00:00+01:00,269.1,270.6,265.8,269.9,3465.3494
2025-03-26 01:00:00+01:00,269.9,271.5,267.8,269.4,1603.2691
2025-03-26 03:00:00+01:00,269.3,269.4,265.4,266.7,910.5967
2025-03-26 05:00:00+01:00,266.7,270.8,266.5,270.1,767.8619
2025-03-26 07:00:00+01:00,270.2,281.0,269.6,279.4,3137.4815
2025-03-26 09:00:00+01:00,279.5,280.1,275.0,276.5,2837.0173
2025-03-26 11:00:00+01:00,276.4,278.2,276.1,277.1,1268.9734
2025-03-26 13:00:00+01:00,277.3,278.0,268.1,268.4,6189.7804
2025-03-26 15:00:00+01:00,268.1,270.6,263.5,264.9,5908.9117
2025-03-26 17:00:00+01:00,265.0,267.0,259.1,259.3,4936.1773
2025-03-26 19:00:00+01:00,259.4,261.8,255.6,261.6,2150.2521
2025-03-26 21:00:00+01:00,261.6,264.3,258.7,261.9,1529.9869
2025-03-26 23:00:00+01:00,261.6,261.7,258.8,260.9,629.4779
2025-03-27 01:00:00+01:00,261.0,264.6,260.4,263.0,661.0128
2025-03-27 03:00:00+01:00,262.9,266.0,262.6,265.9,825.072
2025-03-27 05:00:00+01:00,265.9,266.6,264.2,264.8,1079.4806
2025-03-27 07:00:00+01:00,264.7,266.7,263.1,264.1,886.6343
2025-03-27 09:00:00+01:00,264.1,268.8,263.0,267.2,1829.0904
2025-03-27 11:00:00+01:00,267.3,268.7,264.6,265.4,1634.2421
2025-03-27 13:00:00+01:00,265.3,270.4,262.8,269.5,2946.395
2025-03-27 15:00:00+01:00,269.2,278.1,267.4,271.8,4877.7758
2025-03-27 17:00:00+01:00,271.9,275.6,269.0,269.2,2477.7448
2025-03-27 19:00:00+01:00,268.9,274.0,268.4,269.5,1340.861
2025-03-27 21:00:00+01:00,269.5,273.7,268.5,272.3,2183.9263
2025-03-27 23:00:00+01:00,272.3,272.9,269.0,269.0,753.9049
2025-03-28 01:00:00+01:00,269.2,270.7,265.8,268.7,983.5166
2025-03-28 03:00:00+01:00,268.8,270.4,263.8,264.5,1064.2181
2025-03-28 05:00:00+01:00,264.5,264.8,254.4,255.3,4362.4618
2025-03-28 07:00:00+01:00,255.1,257.7,251.7,252.2,1934.1769
2025-03-28 09:00:00+01:00,252.1,256.5,252.1,254.4,1298.6739
2025-03-28 11:00:00+01:00,254.4,256.3,252.3,255.9,2564.4657
2025-03-28 13:00:00+01:00,255.9,257.2,252.0,253.0,2932.2142
2025-03-28 15:00:00+01:00,253.0,253.7,248.8,250.8,3109.6218
2025-03-28 17:00:00+01:00,250.8,251.6,242.0,243.0,3065.7814
2025-03-28 19:00:00+01:00,243.0,243.8,238.7,239.7,1837.2225
2025-03-28 21:00:00+01:00,239.8,243.1,238.5,243.0,3502.4693
2025-03-28 23:00:00+01:00,242.8,246.7,242.8,244.4,2353.3218
2025-03-29 01:00:00+01:00,244.4,245.3,241.7,242.8,1694.9346
2025-03-29 03:00:00+01:00,242.8,243.5,238.9,242.3,742.7011
2025-03-29 05:00:00+01:00,242.3,243.1,239.0,239.5,799.9783
2025-03-29 07:00:00+01:00,239.5,239.5,233.7,235.0,2431.356
2025-03-29 09:00:00+01:00,235.0,237.6,232.4,233.7,1934.0454
2025-03-29 11:00:00+01:00,233.7,234.1,220.9,223.6,7099.2668
2025-03-29 13:00:00+01:00,223.6,231.0,222.9,228.4,3886.4659
2025-03-29 15:00:00+01:00,228.4,228.4,224.4,225.7,1975.9219
2025-03-29 17:00:00+01:00,225.6,227.4,221.5,225.8,2303.983
2025-03-29 19:00:00+01:00,225.8,230.8,225.6,230.8,1330.551
2025-03-29 21:00:00+01:00,230.8,234.0,228.9,231.0,2910.5995
2025-03-29 23:00:00+01:00,230.9,232.0,229.0,231.1,1593.0018
2025-03-30 01:00:00+01:00,231.2,232.0,227.3,229.9,767.4959
2025-03-30 04:00:00+02:00,229.8,237.4,229.8,231.8,1295.2475
2025-03-30 06:00:00+02:00,231.7,233.8,230.8,231.3,1080.9044
2025-03-30 08:00:00+02:00,231.5,233.1,229.6,230.0,894.8201
2025-03-30 10:00:00+02:00,230.0,232.6,229.8,230.5,1597.1377
2025-03-30 12:00:00+02:00,230.3,231.2,226.6,228.2,1105.655
2025-03-30 14:00:00+02:00,228.2,228.7,223.8,225.0,2241.9819
2025-03-30 16:00:00+02:00,225.1,229.0,224.4,226.5,1573.0446
2025-03-30 18:00:00+02:00,226.6,227.1,223.1,226.1,4536.9448
2025-03-30 20:00:00+02:00,226.1,231.0,226.0,228.5,1421.0095
2025-03-30 22:00:00+02:00,228.6,229.1,224.8,226.2,896.7601
2025-03-31 00:00:00+02:00,226.0,229.2,222.2,227.0,2063.2675
2025-03-31 02:00:00+02:00,227.1,228.1,221.8,227.0,1701.7132
2025-03-31 04:00:00+02:00,226.8,227.1,221.1,221.1,1450.4689
2025-03-31 06:00:00+02:00,221.1,225.6,220.3,223.2,854.7674
2025-03-31 08:00:00+02:00,223.3,223.6,216.8,218.3,4235.479
2025-03-31 10:00:00+02:00,218.3,221.3,213.9,214.7,5224.2145
2025-03-31 12:00:00+02:00,214.6,218.4,212.8,216.9,4026.1076
2025-03-31 14:00:00+02:00,217.1,222.5,214.4,218.1,3113.421
2025-03-31 16:00:00+02:00,218.2,226.7,218.2,222.6,4906.3276
2025-03-31 18:00:00+02:00,222.7,225.2,220.6,221.4,1544.0296
2025-03-31 20:00:00+02:00,221.3,225.7,221.3,222.2,2166.2934
2025-03-31 22:00:00+02:00,222.2,225.5,221.5,223.1,689.4014
2025-04-01 00:00:00+02:00,223.0,225.6,221.8,223.8,814.0184
2025-04-01 02:00:00+02:00,223.8,226.1,223.1,223.8,764.2264
2025-04-01 04:00:00+02:00,223.7,228.8,223.5,226.3,1505.0175
2025-04-01 06:00:00+02:00,226.4,228.7,225.9,226.0,1078.3345
2025-04-01 08:00:00+02:00,225.9,230.0,225.4,227.0,1456.216
2025-04-01 10:00:00+02:00,227.0,233.6,224.4,231.6,4048.9764
2025-04-01 12:00:00+02:00,231.7,232.2,224.6,227.0,2474.5698
2025-04-01 14:00:00+02:00,226.9,229.0,224.6,228.1,2197.4473
2025-04-01 16:00:00+02:00,228.0,235.4,224.2,233.3,4812.0377
2025-04-01 18:00:00+02:00,233.4,234.7,228.6,228.8,2649.449
2025-04-01 20:00:00+02:00,228.7,229.1,226.5,229.1,2432.655
2025-04-01 22:00:00+02:00,229.1,231.8,227.4,230.8,1836.9079
2025-04-02 00:00:00+02:00,230.4,233.0,229.3,232.0,1499.2839
2025-04-02 02:00:00+02:00,232.1,233.3,226.9,227.9,2314.0728
2025-04-02 04:00:00+02:00,228.0,228.1,224.5,225.4,1605.9052
2025-04-02 06:00:00+02:00,225.3,227.4,220.6,221.5,2661.891
2025-04-02 08:00:00+02:00,221.3,226.2,221.1,225.6,1459.9909
2025-04-02 10:00:00+02:00,225.4,230.7,224.7,229.6,2738.3104
2025-04-02 12:00:00+02:00,229.8,231.3,225.8,226.0,2040.2157
2025-04-02 14:00:00+02:00,225.9,229.3,222.5,225.7,3634.1149
2025-04-02 16:00:00+02:00,225.5,234.0,224.5,230.9,7019.6119
2025-04-02 18:00:00+02:00,230.8,233.1,226.4,228.1,4399.3037
2025-04-02 20:00:00+02:00,228.0,232.7,226.5,231.9,2367.2211
2025-04-02 22:00:00+02:00,232.0,237.8,217.5,220.0,17091.1374
2025-04-03 00:00:00+02:00,219.9,219.9,208.4,211.9,9085.9996
2025-04-03 02:00:00+02:00,211.9,217.7,210.2,216.9,3957.1746
2025-04-03 04:00:00+02:00,216.9,219.4,215.9,216.9,1439.0786
2025-04-03 06:00:00+02:00,216.9,218.8,215.1,215.1,1332.4904
2025-04-03 08:00:00+02:00,215.1,215.9,208.9,211.7,4305.9796
2025-04-03 10:00:00+02:00,211.5,214.1,210.5,210.7,2370.0883
2025-04-03 12:00:00+02:00,210.6,210.9,203.0,204.8,6119.948
2025-04-03 14:00:00+02:00,204.7,205.4,198.2,203.4,11014.3057
2025-04-03 16:00:00+02:00,203.5,207.1,200.2,206.5,5073.9609
2025-04-03 18:00:00+02:00,206.4,209.6,204.7,207.1,4273.474
2025-04-03 20:00:00+02:00,207.2,210.0,205.7,206.9,3151.044
2025-04-03 22:00:00+02:00,207.0,212.9,206.5,212.4,1874.347
2025-04-04 00:00:00+02:00,212.5,216.0,211.6,215.5,1687.5898
2025-04-04 02:00:00+02:00,215.9,218.5,213.2,213.5,2766.1892
2025-04-04 04:00:00+02:00,213.9,217.3,213.9,215.2,1148.0827
2025-04-04 06:00:00+02:00,215.1,217.2,213.3,217.0,1439.2079
2025-04-04 08:00:00+02:00,217.0,218.9,216.0,218.5,2078.8028
2025-04-04 10:00:00+02:00,218.7,220.1,215.3,216.7,2711.709
2025-04-04 12:00:00+02:00,216.7,217.1,203.4,208.2,6937.6312
2025-04-04 14:00:00+02:00,208.2,212.7,205.7,211.6,9871.8943
2025-04-04 16:00:00+02:00,211.6,218.1,208.1,214.9,10525.0648
2025-04-04 18:00:00+02:00,215.0,220.0,213.6,219.9,5950.9629
2025-04-04 20:00:00+02:00,220.1,222.5,217.4,220.0,5284.1886
2025-04-04 22:00:00+02:00,220.1,222.1,218.4,221.0,2823.3901
2025-04-05 00:00:00+02:00,221.0,222.7,219.4,220.8,1151.0736
2025-04-05 02:00:00+02:00,220.8,221.4,218.6,218.7,1307.9386
2025-04-05 04:00:00+02:00,218.7,219.0,217.1,218.0,808.2221
2025-04-05 06:00:00+02:00,217.9,218.4,216.0,216.6,644.8213
2025-04-05 08:00:00+02:00,216.5,217.7,215.2,217.1,1870.7848
2025-04-05 10:00:00+02:00,217.1,218.7,216.5,218.5,1212.6348
2025-04-05 12:00:00+02:00,218.5,219.8,217.4,217.7,1609.7661
2025-04-05 14:00:00+02:00,217.6,218.5,213.9,215.1,1849.4701
2025-04-05 16:00:00+02:00,215.1,216.6,212.8,214.0,2645.4608
2025-04-05 18:00:00+02:00,214.0,218.2,214.0,217.2,1066.2682
2025-04-05 20:00:00+02:00,217.4,218.9,216.9,217.4,2091.562
2025-04-05 22:00:00+02:00,217.6,219.9,216.3,218.1,1518.8849
2025-04-06 00:00:00+02:00,218.0,220.6,217.4,219.6,824.8519
2025-04-06 02:00:00+02:00,219.6,219.8,217.7,218.7,705.4281
2025-04-06 04:00:00+02:00,218.8,219.2,216.5,217.5,609.9164
2025-04-06 06:00:00+02:00,217.6,219.4,216.3,218.3,1096.9196
2025-04-06 08:00:00+02:00,218.2,218.5,214.8,215.2,1933.8426
2025-04-06 10:00:00+02:00,215.2,216.5,213.8,216.3,2441.663
2025-04-06 12:00:00+02:00,216.2,216.6,212.1,214.0,2237.2535
2025-04-06 14:00:00+02:00,213.9,214.2,207.4,207.7,3166.4019
2025-04-06 16:00:00+02:00,207.5,209.7,205.7,208.3,2524.7973
2025-04-06 18:00:00+02:00,208.2,208.5,194.6,196.7,12261.0649
2025-04-06 20:00:00+02:00,196.5,196.9,185.1,188.8,19736.5389
2025-04-06 22:00:00+02:00,188.8,190.1,180.1,183.6,12660.9284
2025-04-07 00:00:00+02:00,183.8,187.1,177.4,183.5,12139.3538
2025-04-07 02:00:00+02:00,183.6,192.9,181.2,191.1,6796.6023
2025-04-07 04:00:00+02:00,190.9,191.7,181.3,183.8,2878.9178
2025-04-07 06:00:00+02:00,183.9,187.1,179.9,181.5,6952.3035
2025-04-07 08:00:00+02:00,181.6,184.0,167.6,175.2,16787.1839
2025-04-07 10:00:00+02:00,175.0,188.4,174.1,185.3,10825.3303
2025-04-07 12:00:00+02:00,185.3,189.6,181.4,181.9,6404.9284
2025-04-07 14:00:00+02:00,181.9,196.5,181.6,194.7,11245.2145
2025-04-07 16:00:00+02:00,194.4,208.0,192.5,194.1,22245.7315
2025-04-07 18:00:00+02:00,194.0,197.0,188.9,195.6,5453.7747
2025-04-07 20:00:00+02:00,195.7,196.6,192.4,194.9,3615.8228
2025-04-07 22:00:00+02:00,194.8,202.9,194.8,201.3,4230.2243
2025-04-08 00:00:00+02:00,201.3,208.1,201.0,204.3,5152.0333
2025-04-08 02:00:00+02:00,204.5,216.3,204.0,215.6,4819.8516
2025-04-08 04:00:00+02:00,215.5,217.7,213.4,214.1,5133.9856
2025-04-08 06:00:00+02:00,214.1,216.6,210.1,211.8,4790.62
2025-04-08 08:00:00+02:00,211.6,211.8,207.2,208.8,5503.5026
2025-04-08 10:00:00+02:00,208.7,209.4,204.6,205.0,4634.9237
2025-04-08 12:00:00+02:00,204.9,215.3,204.1,212.9,5566.749
2025-04-08 14:00:00+02:00,213.0,213.8,206.4,210.8,8168.8742
2025-04-08 16:00:00+02:00,210.6,212.8,204.2,206.4,5656.5326
2025-04-08 18:00:00+02:00,206.4,206.4,193.0,198.2,10004.145
2025-04-08 20:00:00+02:00,198.1,200.4,193.3,197.3,6327.3602
2025-04-08 22:00:00+02:00,197.2,199.5,194.8,197.5,2307.1092
2025-04-09 00:00:00+02:00,197.7,197.7,194.1,195.2,2064.4798
2025-04-09 02:00:00+02:00,195.0,198.9,190.0,197.4,3887.2778
2025-04-09 04:00:00+02:00,197.3,201.4,193.2,193.9,2421.7454
2025-04-09 06:00:00+02:00,193.6,199.8,193.3,197.1,3495.4287
2025-04-09 08:00:00+02:00,197.1,204.8,197.0,203.3,5440.0877
2025-04-09 10:00:00+02:00,203.1,203.7,199.6,200.2,3437.8719
2025-04-09 12:00:00+02:00,200.3,200.7,193.1,194.1,5275.3016
2025-04-09 14:00:00+02:00,194.0,202.4,193.1,201.7,6019.377
2025-04-09 16:00:00+02:00,201.7,205.1,198.2,201.5,5789.0223
2025-04-09 18:00:00+02:00,201.5,223.6,201.0,222.7,19851.5063
2025-04-09 20:00:00+02:00,222.3,232.9,218.7,227.9,16824.1292
2025-04-09 22:00:00+02:00,228.2,234.0,227.8,230.9,7408.9434
2025-04-10 00:00:00+02:00,230.8,234.0,229.6,230.4,3414.1914
2025-04-10 02:00:00+02:00,230.3,231.7,226.5,230.8,2931.7552
2025-04-10 04:00:00+02:00,230.9,232.1,225.3,229.7,2045.7089
2025-04-10 06:00:00+02:00,229.8,236.2,226.9,234.4,3248.0889
2025-04-10 08:00:00+02:00,234.0,240.8,233.2,236.2,7856.2354
2025-04-10 10:00:00+02:00,236.2,236.9,231.3,233.3,4358.9711
2025-04-10 12:00:00+02:00,233.2,234.0,231.2,233.4,3272.9732
2025-04-10 14:00:00+02:00,233.3,240.8,232.6,235.7,12318.433
2025-04-10 16:00:00+02:00,235.9,242.4,227.0,228.9,11724.5757
2025-04-10 18:00:00+02:00,228.8,232.5,225.7,228.4,9011.0508
2025-04-10 20:00:00+02:00,228.4,231.9,227.3,228.5,4324.636
2025-04-10 22:00:00+02:00,228.3,233.6,227.5,228.7,1804.1377
2025-04-11 00:00:00+02:00,228.9,231.9,227.5,231.4,1613.4229
2025-04-11 02:00:00+02:00,231.4,237.3,230.8,236.6,4762.0679
2025-04-11 04:00:00+02:00,236.5,240.9,234.2,239.3,4024.3918
2025-04-11 06:00:00+02:00,239.6,243.7,237.3,243.5,4113.4391
2025-04-11 08:00:00+02:00,243.8,247.5,238.5,241.3,6672.988
2025-04-11 10:00:00+02:00,241.3,242.3,235.3,239.6,5401.5923
2025-04-11 12:00:00+02:00,239.6,241.5,237.2,240.3,3835.0347
2025-04-11 14:00:00+02:00,240.3,253.5,240.3,250.4,9997.1741
2025-04-11 16:00:00+02:00,250.3,250.3,239.5,244.0,8692.3215
2025-04-11 18:00:00+02:00,244.1,254.5,241.6,252.6,6914.1215
2025-04-11 20:00:00+02:00,252.7,254.0,249.9,252.3,3350.0656
2025-04-11 22:00:00+02:00,252.2,260.3,251.1,256.7,4329.0844
2025-04-12 00:00:00+02:00,256.7,257.0,247.2,250.7,2419.2377
2025-04-12 02:00:00+02:00,250.6,255.0,248.6,255.0,1790.2664
2025-04-12 04:00:00+02:00,254.9,259.5,253.0,256.3,2821.4722
2025-04-12 06:00:00+02:00,256.3,261.5,255.5,258.1,3165.268
2025-04-12 08:00:00+02:00,258.2,261.5,254.0,254.6,2853.9761
2025-04-12 10:00:00+02:00,254.5,256.0,251.3,253.3,2937.5353
2025-04-12 12:00:00+02:00,253.1,255.3,249.5,252.6,1717.8047
2025-04-12 14:00:00+02:00,252.6,258.2,249.9,257.1,3934.2455
2025-04-12 16:00:00+02:00,256.9,263.1,255.4,259.7,5854.6221
2025-04-12 18:00:00+02:00,259.6,261.0,255.0,256.3,2508.8188
2025-04-12 20:00:00+02:00,256.1,258.4,254.9,255.5,1581.8551
2025-04-12 22:00:00+02:00,255.4,258.2,253.7,255.3,2179.4633
2025-04-13 00:00:00+02:00,255.3,257.8,253.4,253.8,1770.7492
2025-04-13 02:00:00+02:00,253.8,255.0,251.5,252.4,1426.4787
2025-04-13 04:00:00+02:00,252.6,253.6,250.6,251.8,811.8729
2025-04-13 06:00:00+02:00,251.8,252.9,249.6,251.3,1291.0759
2025-04-13 08:00:00+02:00,251.1,256.4,251.1,254.3,1882.7031
2025-04-13 10:00:00+02:00,254.2,254.5,251.1,253.3,2120.5641
2025-04-13 12:00:00+02:00,253.2,253.8,249.8,251.5,1466.3686
2025-04-13 14:00:00+02:00,251.4,252.6,244.1,244.9,3690.4904
2025-04-13 16:00:00+02:00,245.0,247.3,243.7,245.4,2730.7534
2025-04-13 18:00:00+02:00,245.3,253.4,245.0,251.0,3952.5842
2025-04-13 20:00:00+02:00,251.1,252.4,241.2,243.6,5799.8657
2025-04-13 22:00:00+02:00,243.6,246.5,237.1,240.0,4863.4864
2025-04-14 00:00:00+02:00,240.0,240.8,236.2,240.0,2121.3003
2025-04-14 02:00:00+02:00,240.0,246.4,239.0,241.1,3454.4259
2025-04-14 04:00:00+02:00,241.3,249.6,240.5,243.2,2595.8365
2025-04-14 06:00:00+02:00,243.5,248.6,239.9,240.6,1798.4276
2025-04-14 08:00:00+02:00,240.3,245.5,239.4,243.1,2212.9917
2025-04-14 10:00:00+02:00,243.2,244.8,240.8,242.4,3206.5082
2025-04-14 12:00:00+02:00,242.4,247.7,241.2,245.9,3897.8913
2025-04-14 14:00:00+02:00,246.0,250.9,237.0,240.2,6581.2587
2025-04-14 16:00:00+02:00,240.3,249.1,236.9,238.4,8467.9954
2025-04-14 18:00:00+02:00,238.7,241.4,237.2,241.0,4082.3386
2025-04-14 20:00:00+02:00,240.8,245.0,240.6,241.7,3382.784
2025-04-14 22:00:00+02:00,241.7,241.8,235.7,236.7,3240.2636
2025-04-15 00:00:00+02:00,236.8,237.8,234.6,236.4,1895.535
2025-04-15 02:00:00+02:00,236.6,239.3,234.8,237.1,2547.9412
2025-04-15 04:00:00+02:00,237.2,243.3,235.5,241.5,3813.3475
2025-04-15 06:00:00+02:00,241.3,241.5,236.2,238.1,2123.7748
2025-04-15 08:00:00+02:00,238.0,239.2,235.7,238.4,4167.9614
2025-04-15 10:00:00+02:00,238.3,241.3,237.3,240.9,2065.933
2025-04-15 12:00:00+02:00,240.9,241.1,237.4,239.3,3031.0492
2025-04-15 14:00:00+02:00,239.3,243.5,236.2,239.0,5712.7315
2025-04-15 16:00:00+02:00,238.9,240.0,234.7,236.5,5968.3749
2025-04-15 18:00:00+02:00,236.4,237.9,231.3,231.7,3549.7217
2025-04-15 20:00:00+02:00,231.5,232.1,229.4,231.5,3937.8426
2025-04-15 22:00:00+02:00,231.4,234.8,229.7,232.2,2564.8805
2025-04-16 00:00:00+02:00,232.2,232.5,230.3,230.6,1792.1426
2025-04-16 02:00:00+02:00,230.5,233.5,228.9,233.4,1980.6728
2025-04-16 04:00:00+02:00,233.5,235.1,232.4,234.1,1527.1107
2025-04-16 06:00:00+02:00,234.1,235.9,232.0,233.2,3043.2991
2025-04-16 08:00:00+02:00,233.0,235.2,229.1,229.6,2007.8428
2025-04-16 10:00:00+02:00,229.5,232.3,227.8,227.8,4096.6179
2025-04-16 12:00:00+02:00,227.8,231.4,227.7,230.2,2884.9162
2025-04-16 14:00:00+02:00,230.1,232.9,229.1,229.7,2200.7154
2025-04-16 16:00:00+02:00,229.7,237.0,229.4,232.9,3754.4871
2025-04-16 18:00:00+02:00,233.2,235.8,222.6,223.0,7712.5547
2025-04-16 20:00:00+02:00,223.0,233.4,223.0,232.5,8148.5481
2025-04-16 22:00:00+02:00,232.1,233.4,228.4,231.7,2692.1534
2025-04-17 00:00:00+02:00,231.6,232.9,229.7,230.3,969.3217
2025-04-17 02:00:00+02:00,230.3,234.5,230.1,232.6,909.3025
2025-04-17 04:00:00+02:00,232.6,232.6,229.5,231.0,338.0485
2025-04-17 06:00:00+02:00,230.9,231.3,228.1,229.3,1577.7083
2025-04-17 08:00:00+02:00,229.3,235.0,228.8,234.4,2126.8586
2025-04-17 10:00:00+02:00,234.5,235.7,231.5,234.0,2035.474
2025-04-17 12:00:00+02:00,233.9,234.2,231.1,232.0,1455.491
2025-04-17 14:00:00+02:00,232.0,236.7,231.5,234.3,3545.0954
2025-04-17 16:00:00+02:00,234.1,241.3,230.1,240.2,5152.788
2025-04-17 18:00:00+02:00,240.1,249.0,238.3,247.5,6362.7968
2025-04-17 20:00:00+02:00,247.6,250.0,241.4,245.1,4666.084
2025-04-17 22:00:00+02:00,244.9,250.6,244.4,249.7,2910.0283
2025-04-18 00:00:00+02:00,249.6,250.6,246.4,247.8,1396.8055
2025-04-18 02:00:00+02:00,248.0,255.1,247.4,254.9,1629.1303
2025-04-18 04:00:00+02:00,255.0,259.8,253.7,257.0,2123.7672
2025-04-18 06:00:00+02:00,256.4,258.7,253.1,254.1,2386.0445
2025-04-18 08:00:00+02:00,254.1,261.9,252.5,259.3,2936.3428
2025-04-18 10:00:00+02:00,259.4,261.0,255.9,258.8,2942.8624
2025-04-18 12:00:00+02:00,258.7,262.2,256.4,260.7,2399.3589
2025-04-18 14:00:00+02:00,260.7,266.9,260.5,265.5,5169.4378
2025-04-18 16:00:00+02:00,265.5,267.3,258.1,260.3,7912.5174
2025-04-18 18:00:00+02:00,260.7,264.6,258.4,264.5,2443.9525
2025-04-18 20:00:00+02:00,264.4,269.5,262.6,267.7,2676.8985
2025-04-18 22:00:00+02:00,267.6,271.7,267.0,269.6,3800.11
2025-04-19 00:00:00+02:00,269.9,275.4,268.9,274.5,4391.6781
2025-04-19 02:00:00+02:00,274.5,276.2,270.0,272.0,3212.7942
2025-04-19 04:00:00+02:00,272.3,275.5,269.7,273.2,1798.2741
2025-04-19 06:00:00+02:00,273.2,278.4,270.3,275.4,3211.4581
2025-04-19 08:00:00+02:00,275.5,279.8,273.3,279.2,2203.2534
2025-04-19 10:00:00+02:00,279.1,289.4,278.7,281.0,8187.2644
2025-04-19 12:00:00+02:00,281.2,281.9,273.3,276.0,3838.53
2025-04-19 14:00:00+02:00,276.0,277.1,271.4,276.3,3126.3815
2025-04-19 16:00:00+02:00,276.4,280.0,272.6,274.1,4573.8503
2025-04-19 18:00:00+02:00,274.2,280.0,273.3,279.2,2986.8554
2025-04-19 20:00:00+02:00,279.2,286.3,277.2,283.2,4346.6409
2025-04-19 22:00:00+02:00,283.2,291.0,279.9,289.6,3264.9423
2025-04-20 00:00:00+02:00,289.1,299.2,286.9,290.0,6134.4482
2025-04-20 02:00:00+02:00,290.4,298.0,288.5,297.7,3920.3239
2025-04-20 04:00:00+02:00,297.8,299.4,292.5,299.1,2499.3046
2025-04-20 06:00:00+02:00,299.1,304.5,295.4,303.8,4096.8468
2025-04-20 08:00:00+02:00,303.5,309.7,300.2,307.6,8995.7674
2025-04-20 10:00:00+02:00,307.8,309.5,302.4,309.1,4377.3649
2025-04-20 12:00:00+02:00,309.2,311.9,290.0,298.1,8555.2542
2025-04-20 14:00:00+02:00,297.9,303.8,295.7,298.4,5346.245
2025-04-20 16:00:00+02:00,298.3,306.9,296.6,301.7,7833.4028
2025-04-20 18:00:00+02:00,301.6,314.8,299.8,310.4,8272.6538
2025-04-20 20:00:00+02:00,310.2,319.3,309.4,317.9,7018.0908
2025-04-20 22:00:00+02:00,317.9,325.4,315.6,321.7,6846.0776
2025-04-21 00:00:00+02:00,321.7,322.0,314.7,315.5,3541.1523
2025-04-21 02:00:00+02:00,315.6,340.0,314.9,333.3,10498.8328
2025-04-21 04:00:00+02:00,333.5,335.8,315.7,317.6,4780.6124
2025-04-21 06:00:00+02:00,317.7,333.1,317.6,324.4,6127.4754
2025-04-21 08:00:00+02:00,324.5,332.3,321.6,323.2,4805.3762
2025-04-21 10:00:00+02:00,323.2,325.6,317.1,319.5,3977.4803
2025-04-21 12:00:00+02:00,319.8,322.4,306.5,310.8,8553.523
2025-04-21 14:00:00+02:00,310.9,313.6,307.5,310.4,4939.4452
2025-04-21 16:00:00+02:00,310.3,317.6,309.4,311.8,7029.4553
2025-04-21 18:00:00+02:00,311.8,314.4,299.5,303.7,8822.7963
2025-04-21 20:00:00+02:00,303.6,316.0,302.3,315.0,5965.5985
2025-04-21 22:00:00+02:00,315.0,317.2,308.9,312.0,3614.4724
2025-04-22 00:00:00+02:00,311.6,315.9,309.8,313.8,1541.4168
2025-04-22 02:00:00+02:00,314.0,324.7,309.2,324.2,4439.6662
2025-04-22 04:00:00+02:00,324.3,326.6,313.6,318.2,2820.62
2025-04-22 06:00:00+02:00,318.0,320.8,311.6,319.1,2476.4503
2025-04-22 08:00:00+02:00,319.2,326.3,316.6,325.1,4648.1583
2025-04-22 10:00:00+02:00,325.0,330.0,323.9,326.7,3465.8701
2025-04-22 12:00:00+02:00,326.6,332.5,324.3,329.4,3041.4985
2025-04-22 14:00:00+02:00,329.5,345.0,328.6,338.6,9281.962
2025-04-22 16:00:00+02:00,338.4,349.3,334.3,338.7,12493.6654
2025-04-22 18:00:00+02:00,338.6,345.9,337.9,345.4,7139.7179
2025-04-22 20:00:00+02:00,345.4,351.0,334.8,337.4,11133.9539
2025-04-22 22:00:00+02:00,337.6,344.2,331.5,338.6,7053.2314
2025-04-23 00:00:00+02:00,338.6,339.7,331.0,338.4,4271.6119
2025-04-23 02:00:00+02:00,338.4,342.0,332.5,333.0,4272.665
2025-04-23 04:00:00+02:00,332.7,337.8,330.7,334.8,2590.3267
2025-04-23 06:00:00+02:00,334.8,341.7,334.1,335.5,3585.202
2025-04-23 08:00:00+02:00,335.2,339.7,328.5,334.6,5596.9054
2025-04-23 10:00:00+02:00,334.5,338.4,332.0,334.7,4169.2887
2025-04-23 12:00:00+02:00,334.7,336.7,330.5,333.0,5321.0595
2025-04-23 14:00:00+02:00,333.0,341.1,326.1,328.4,6062.6126
2025-04-23 16:00:00+02:00,328.8,334.5,323.1,331.6,5846.4091
2025-04-23 18:00:00+02:00,331.8,344.6,328.9,344.0,6232.5408
2025-04-23 20:00:00+02:00,343.9,350.0,338.2,340.0,6602.7261
2025-04-23 22:00:00+02:00,339.9,346.6,339.9,341.2,2361.3908
2025-04-24 00:00:00+02:00,341.3,344.1,335.7,336.4,2139.8215
2025-04-24 02:00:00+02:00,336.2,342.7,335.6,338.6,2135.3737
2025-04-24 04:00:00+02:00,338.6,341.0,332.9,333.8,1551.0588
2025-04-24 06:00:00+02:00,333.6,344.5,332.4,344.3,2498.7424
2025-04-24 08:00:00+02:00,344.3,345.6,334.7,336.4,3110.9393
2025-04-24 10:00:00+02:00,336.7,337.5,325.2,330.4,4261.0223
2025-04-24 12:00:00+02:00,330.2,331.4,325.9,329.6,2486.2321
2025-04-24 14:00:00+02:00,329.5,338.7,327.9,336.9,3920.7743
2025-04-24 16:00:00+02:00,336.8,355.1,336.3,353.7,10243.5651
2025-04-24 18:00:00+02:00,353.8,364.0,345.9,349.5,9661.5587
2025-04-24 20:00:00+02:00,349.5,359.9,349.5,357.7,6444.8007
2025-04-24 22:00:00+02:00,357.6,360.4,352.2,353.1,2567.1431
2025-04-25 00:00:00+02:00,353.1,359.9,350.9,358.2,1858.3066
2025-04-25 02:00:00+02:00,357.8,367.3,352.4,356.3,3532.5228
2025-04-25 04:00:00+02:00,356.4,361.4,351.6,356.4,2902.8398
2025-04-25 06:00:00+02:00,356.4,360.8,348.6,351.4,4073.1394
2025-04-25 08:00:00+02:00,351.6,360.0,350.2,358.7,3333.5947
2025-04-25 10:00:00+02:00,358.7,367.8,355.4,367.5,3491.5801
2025-04-25 12:00:00+02:00,367.3,369.5,362.3,368.2,4650.1786
2025-04-25 14:00:00+02:00,368.2,375.3,361.4,368.5,8141.3734
2025-04-25 16:00:00+02:00,368.4,373.6,362.6,364.2,5052.0987
2025-04-25 18:00:00+02:00,364.2,367.8,351.4,352.8,4263.046
2025-04-25 20:00:00+02:00,353.1,359.7,353.1,357.6,2400.7553
2025-04-25 22:00:00+02:00,357.5,361.0,353.9,355.9,1479.56
2025-04-26 00:00:00+02:00,355.5,358.2,352.7,354.1,1079.226
2025-04-26 02:00:00+02:00,354.4,359.4,353.9,357.8,982.5551
2025-04-26 04:00:00+02:00,357.6,359.5,351.6,352.8,1515.493
2025-04-26 06:00:00+02:00,352.7,354.2,347.1,348.9,2019.724
2025-04-26 08:00:00+02:00,349.0,352.1,347.4,348.3,1809.1913
2025-04-26 10:00:00+02:00,348.3,352.4,340.4,344.4,3301.704
2025-04-26 12:00:00+02:00,344.2,348.4,341.5,342.9,1439.6333
2025-04-26 14:00:00+02:00,343.1,344.7,338.5,340.5,1751.0097
2025-04-26 16:00:00+02:00,340.4,348.4,337.8,347.6,2611.2593
2025-04-26 18:00:00+02:00,347.7,348.6,342.9,343.9,1590.9016
2025-04-26 20:00:00+02:00,343.8,348.8,343.0,348.4,874.6034
2025-04-26 22:00:00+02:00,348.5,353.1,346.8,349.7,3230.2888
2025-04-27 00:00:00+02:00,349.7,351.6,347.5,349.4,783.7443
2025-04-27 02:00:00+02:00,349.6,353.2,341.0,341.7,1597.475
2025-04-27 04:00:00+02:00,341.7,347.0,340.8,346.4,896.5892
2025-04-27 06:00:00+02:00,346.4,351.9,344.9,351.9,1585.1209
2025-04-27 08:00:00+02:00,351.9,357.2,348.5,351.4,2301.1605
2025-04-27 10:00:00+02:00,351.5,356.4,349.0,350.2,1947.9607
2025-04-27 12:00:00+02:00,350.2,351.1,346.0,348.0,1323.3952
2025-04-27 14:00:00+02:00,347.9,353.2,346.3,352.5,2389.8665
2025-04-27 16:00:00+02:00,352.6,355.9,349.4,349.5,2224.5236
2025-04-27 18:00:00+02:00,349.5,353.5,348.0,349.6,1732.5275
2025-04-27 20:00:00+02:00,349.6,356.3,346.2,354.6,2311.9513
2025-04-27 22:00:00+02:00,354.7,363.1,352.3,362.4,2974.6574
2025-04-28 00:00:00+02:00,362.2,364.9,357.9,360.6,2495.6786
2025-04-28 02:00:00+02:00,360.7,362.0,345.6,345.6,2818.0347
2025-04-28 04:00:00+02:00,345.5,359.2,345.3,355.4,1648.7793
2025-04-28 06:00:00+02:00,355.4,363.3,352.5,363.1,1655.302
2025-04-28 08:00:00+02:00,363.1,378.9,363.1,378.9,6077.7629
2025-04-28 10:00:00+02:00,378.9,389.5,376.6,381.9,6287.4456
2025-04-28 12:00:00+02:00,381.8,382.4,369.1,373.6,4550.3563
2025-04-28 14:00:00+02:00,373.8,383.7,370.4,374.1,3744.7927
2025-04-28 16:00:00+02:00,374.2,382.2,359.3,362.4,7483.5294
2025-04-28 18:00:00+02:00,362.3,372.3,358.8,371.0,3388.7851
2025-04-28 20:00:00+02:00,371.0,377.6,366.6,376.6,2825.5976
2025-04-28 22:00:00+02:00,376.4,379.3,369.6,373.4,2382.9054
2025-04-29 00:00:00+02:00,372.7,383.0,371.4,378.1,2129.1202
2025-04-29 02:00:00+02:00,378.4,382.4,371.7,377.7,1505.2531
2025-04-29 04:00:00+02:00,377.6,386.2,375.9,383.2,1863.6286
2025-04-29 06:00:00+02:00,383.3,383.6,370.6,373.7,2697.9988
2025-04-29 08:00:00+02:00,373.4,385.4,373.1,382.5,3227.0993
2025-04-29 10:00:00+02:00,382.3,384.9,378.3,383.3,1646.8605
2025-04-29 12:00:00+02:00,383.2,383.2,375.4,380.0,1653.2385
2025-04-29 14:00:00+02:00,379.7,382.3,371.3,376.3,2444.256
2025-04-29 16:00:00+02:00,376.2,379.4,369.7,370.4,2332.7758
2025-04-29 18:00:00+02:00,370.4,374.7,368.4,370.6,2590.0918
2025-04-29 20:00:00+02:00,370.7,374.2,369.5,372.2,1215.8751
2025-04-29 22:00:00+02:00,372.2,373.0,363.8,367.5,2466.9347
2025-04-30 00:00:00+02:00,367.5,368.3,361.5,366.2,1675.9377
2025-04-30 02:00:00+02:00,366.3,371.7,363.7,366.4,1755.917
2025-04-30 04:00:00+02:00,366.4,368.9,364.4,368.3,1131.164
2025-04-30 06:00:00+02:00,368.2,370.7,365.7,367.4,913.7867
2025-04-30 08:00:00+02:00,367.6,369.9,360.4,362.4,970.3162
2025-04-30 10:00:00+02:00,362.3,366.2,358.9,366.2,2167.2323
2025-04-30 12:00:00+02:00,366.2,367.0,361.0,366.7,1185.9597
2025-04-30 14:00:00+02:00,366.5,366.7,335.4,335.8,8416.6452
2025-04-30 16:00:00+02:00,335.7,355.0,334.5,350.3,6696.1722
2025-04-30 18:00:00+02:00,350.2,356.6,343.2,355.0,4076.9045
2025-04-30 20:00:00+02:00,354.7,358.7,348.2,350.3,3002.8452
2025-04-30 22:00:00+02:00,350.3,355.9,349.6,352.5,2221.3013
2025-05-01 00:00:00+02:00,352.9,357.6,352.8,355.1,987.7381
2025-05-01 02:00:00+02:00,355.1,363.0,353.3,362.6,1949.1556
2025-05-01 04:00:00+02:00,362.3,363.9,357.0,357.4,834.4155
2025-05-01 06:00:00+02:00,357.3,358.9,351.9,357.4,1150.4324
2025-05-01 08:00:00+02:00,357.4,363.5,354.1,361.1,1433.4956
2025-05-01 10:00:00+02:00,360.9,364.2,358.7,362.1,2384.1481
2025-05-01 12:00:00+02:00,362.0,372.1,362.0,370.9,4184.7789
2025-05-01 14:00:00+02:00,370.8,376.2,365.6,366.1,3555.8799
2025-05-01 16:00:00+02:00,366.0,375.5,366.0,369.2,3587.4358
2025-05-01 18:00:00+02:00,369.3,373.4,366.2,369.9,1800.7505
2025-05-01 20:00:00+02:00,369.9,370.3,362.1,363.6,2535.884
2025-05-01 22:00:00+02:00,363.7,366.6,360.8,362.4,1441.647
2025-05-02 00:00:00+02:00,362.8,363.6,355.7,358.1,1270.6323
2025-05-02 02:00:00+02:00,357.9,362.4,356.2,358.1,858.4532
2025-05-02 04:00:00+02:00,358.0,361.7,356.7,357.7,692.7923
2025-05-02 06:00:00+02:00,357.8,362.5,357.1,358.2,798.6215
2025-05-02 08:00:00+02:00,358.3,360.9,353.9,355.5,1681.1531
2025-05-02 10:00:00+02:00,355.5,369.0,354.6,368.3,2119.3432
2025-05-02 12:00:00+02:00,368.3,370.8,365.6,367.2,1511.4697
2025-05-02 14:00:00+02:00,367.1,372.6,363.4,370.4,2910.1526
2025-05-02 16:00:00+02:00,370.4,379.0,369.3,373.2,4190.5112
2025-05-02 18:00:00+02:00,373.2,379.9,371.7,372.3,2918.6484
2025-05-02 20:00:00+02:00,372.3,376.9,368.5,371.2,2965.7775
2025-05-02 22:00:00+02:00,371.3,376.5,370.0,371.8,1958.7046
2025-05-03 00:00:00+02:00,371.5,375.7,369.6,375.1,937.1912
2025-05-03 02:00:00+02:00,375.1,376.0,367.4,368.8,645.0743
2025-05-03 04:00:00+02:00,368.5,377.1,368.5,375.0,852.6667
2025-05-03 06:00:00+02:00,375.1,376.0,371.0,371.3,533.8234
2025-05-03 08:00:00+02:00,371.3,371.3,363.6,367.9,1907.773
2025-05-03 10:00:00+02:00,367.9,368.5,362.0,364.5,1401.6696
2025-05-03 12:00:00+02:00,364.3,365.3,358.8,362.2,2227.42
2025-05-03 14:00:00+02:00,362.0,365.8,361.7,364.5,958.9215
2025-05-03 16:00:00+02:00,364.4,365.5,362.2,364.2,1070.7055
2025-05-03 18:00:00+02:00,364.2,364.2,355.5,359.1,2402.2796
2025-05-03 20:00:00+02:00,359.1,361.5,356.8,358.7,3343.1664
2025-05-03 22:00:00+02:00,358.7,360.5,355.3,357.9,943.9367
2025-05-04 00:00:00+02:00,358.6,358.6,353.1,353.2,882.0374
2025-05-04 02:00:00+02:00,353.2,354.2,346.2,351.6,1979.6352
2025-05-04 04:00:00+02:00,351.7,355.6,348.8,350.2,801.1535
2025-05-04 06:00:00+02:00,350.2,352.7,347.6,348.7,1018.0327
2025-05-04 08:00:00+02:00,348.6,349.7,345.6,348.2,858.9433
2025-05-04 10:00:00+02:00,348.3,350.8,345.9,346.2,1801.875
2025-05-04 12:00:00+02:00,346.3,350.9,345.6,347.7,764.5209
2025-05-04 14:00:00+02:00,347.7,351.3,345.1,347.6,1089.9976
2025-05-04 16:00:00+02:00,348.0,354.8,347.9,353.9,2696.6637
2025-05-04 18:00:00+02:00,354.0,354.9,345.9,348.3,1811.2827
2025-05-04 20:00:00+02:00,348.3,349.5,341.3,345.0,1094.6177
2025-05-04 22:00:00+02:00,345.0,349.6,344.5,348.5,672.8473
2025-05-05 00:00:00+02:00,348.6,348.6,339.3,344.3,1694.7198
2025-05-05 02:00:00+02:00,344.1,346.7,339.8,340.9,1669.3021
2025-05-05 04:00:00+02:00,340.7,353.6,339.8,350.2,1825.5265
2025-05-05 06:00:00+02:00,350.3,360.3,348.6,359.8,1320.794
2025-05-05 08:00:00+02:00,360.0,364.5,355.7,362.2,2341.8526
2025-05-05 10:00:00+02:00,362.2,367.1,361.9,363.2,2651.2633
2025-05-05 12:00:00+02:00,363.2,363.6,353.4,355.9,3017.6595
2025-05-05 14:00:00+02:00,356.0,361.3,352.6,360.9,3757.3798
2025-05-05 16:00:00+02:00,361.0,367.5,357.4,361.9,3704.8697
2025-05-05 18:00:00+02:00,361.8,370.8,361.8,370.1,3225.1125
2025-05-05 20:00:00+02:00,370.1,379.0,369.9,373.3,4352.2958
2025-05-05 22:00:00+02:00,373.2,376.2,367.3,374.4,2735.4759
2025-05-06 00:00:00+02:00,374.5,379.2,373.7,375.2,2710.3525
2025-05-06 02:00:00+02:00,375.2,376.5,370.4,371.2,1096.5468
2025-05-06 04:00:00+02:00,371.0,372.5,365.2,371.1,1258.4139
2025-05-06 06:00:00+02:00,371.2,378.5,370.8,371.2,1960.8594
2025-05-06 08:00:00+02:00,371.2,373.4,368.7,369.9,1323.0279
2025-05-06 10:00:00+02:00,369.9,373.6,363.1,365.7,5207.2365
2025-05-06 12:00:00+02:00,365.9,367.4,358.0,360.8,4073.831
2025-05-06 14:00:00+02:00,360.8,362.5,352.6,356.6,4287.655
2025-05-06 16:00:00+02:00,356.6,367.3,356.6,361.9,5616.1582
2025-05-06 18:00:00+02:00,361.9,363.5,355.2,359.6,4682.4058
2025-05-06 20:00:00+02:00,359.7,368.6,358.4,363.1,2410.7012
2025-05-06 22:00:00+02:00,363.0,364.5,354.7,358.4,3615.5289
2025-05-07 00:00:00+02:00,358.1,374.8,357.9,373.8,4185.2598
2025-05-07 02:00:00+02:00,374.0,387.0,372.9,383.8,4104.7189
2025-05-07 04:00:00+02:00,383.7,384.7,374.5,377.9,2270.2686
2025-05-07 06:00:00+02:00,377.9,379.6,367.2,367.3,2568.3803
2025-05-07 08:00:00+02:00,367.4,372.4,362.8,372.2,2701.5203
2025-05-07 10:00:00+02:00,372.1,372.4,364.6,365.6,5071.8832
2025-05-07 12:00:00+02:00,365.6,366.7,362.6,364.8,1763.6712
2025-05-07 14:00:00+02:00,364.8,366.7,362.3,364.8,2329.5896
2025-05-07 16:00:00+02:00,364.6,366.3,359.1,360.2,3642.364
2025-05-07 18:00:00+02:00,360.2,360.2,353.4,359.1,2812.5242
2025-05-07 20:00:00+02:00,359.1,364.4,355.3,358.2,4647.74
2025-05-07 22:00:00+02:00,358.3,364.4,356.4,363.5,1786.0795
2025-05-08 00:00:00+02:00,363.9,373.9,363.8,368.0,5146.9547
2025-05-08 02:00:00+02:00,368.0,378.3,363.8,377.6,4048.1995
2025-05-08 04:00:00+02:00,377.7,386.9,377.6,386.2,3545.8998
2025-05-08 06:00:00+02:00,386.3,402.3,386.2,392.7,6761.3282
2025-05-08 08:00:00+02:00,392.8,404.8,392.6,400.3,4771.2535
2025-05-08 10:00:00+02:00,400.3,411.2,399.8,406.8,9146.5831
2025-05-08 12:00:00+02:00,406.7,406.9,398.1,401.3,4467.0849
2025-05-08 14:00:00+02:00,401.4,403.5,395.9,400.6,4446.0538
2025-05-08 16:00:00+02:00,400.6,419.9,399.0,409.1,9460.5642
2025-05-08 18:00:00+02:00,409.2,421.3,407.4,412.7,7382.6644
2025-05-08 20:00:00+02:00,412.9,417.8,410.9,417.2,4326.7342
2025-05-08 22:00:00+02:00,417.3,428.0,411.3,419.4,8572.0774
2025-05-09 00:00:00+02:00,419.4,423.5,412.4,423.2,2956.1648
2025-05-09 02:00:00+02:00,423.1,432.3,419.7,427.3,3455.9473
2025-05-09 04:00:00+02:00,427.1,430.9,419.8,419.8,1785.4198
2025-05-09 06:00:00+02:00,419.8,430.9,419.5,430.3,1846.6398
2025-05-09 08:00:00+02:00,430.5,449.4,428.6,442.1,6937.8587
2025-05-09 10:00:00+02:00,442.0,451.6,425.8,427.4,7146.5925
2025-05-09 12:00:00+02:00,427.6,437.6,424.2,429.0,7786.6411
2025-05-09 14:00:00+02:00,428.6,446.3,423.1,442.1,4957.7457
2025-05-09 16:00:00+02:00,441.9,441.9,424.8,427.1,4905.8733
2025-05-09 18:00:00+02:00,427.5,428.7,417.6,428.6,3454.8615
2025-05-09 20:00:00+02:00,428.6,433.2,424.3,424.9,2070.6725
2025-05-09 22:00:00+02:00,425.1,429.0,423.2,425.9,1216.6009
2025-05-10 00:00:00+02:00,426.1,431.4,425.4,430.4,2035.3399
2025-05-10 02:00:00+02:00,430.4,441.3,425.1,425.1,3214.0051
2025-05-10 04:00:00+02:00,425.0,437.0,424.1,435.9,2069.6314
2025-05-10 06:00:00+02:00,435.8,449.2,434.0,446.7,4379.7005
2025-05-10 08:00:00+02:00,446.8,451.1,443.2,449.9,3809.2992
2025-05-10 10:00:00+02:00,450.1,456.0,443.8,450.0,3316.0403
2025-05-10 12:00:00+02:00,450.4,454.0,435.9,438.4,3092.8427
2025-05-10 14:00:00+02:00,438.4,448.8,438.3,447.7,1576.409
2025-05-10 16:00:00+02:00,447.7,449.2,440.5,442.2,1441.7952
2025-05-10 18:00:00+02:00,442.2,455.9,441.3,447.7,2725.3665
2025-05-10 20:00:00+02:00,447.4,454.8,446.7,453.0,1570.2414
2025-05-10 22:00:00+02:00,452.9,461.6,449.9,459.6,1762.9553
2025-05-11 00:00:00+02:00,459.4,469.2,456.3,464.2,2398.7271
2025-05-11 02:00:00+02:00,464.3,468.1,452.2,460.6,2196.6429
2025-05-11 04:00:00+02:00,460.6,462.3,451.5,453.9,1641.7739
2025-05-11 06:00:00+02:00,453.8,461.4,453.4,455.7,824.3517
2025-05-11 08:00:00+02:00,455.7,456.4,442.6,446.2,2309.8293
2025-05-11 10:00:00+02:00,446.3,457.1,445.2,455.7,1958.7924
2025-05-11 12:00:00+02:00,455.8,458.4,452.5,457.6,1531.3402
2025-05-11 14:00:00+02:00,457.4,459.7,445.8,446.0,2769.9941
2025-05-11 16:00:00+02:00,446.2,452.4,441.5,445.4,2532.1852
2025-05-11 18:00:00+02:00,445.4,450.1,438.7,448.2,5129.2789
2025-05-11 20:00:00+02:00,448.2,457.3,444.6,454.8,4309.6586
2025-05-11 22:00:00+02:00,455.0,455.6,450.3,454.6,1186.6642
2025-05-12 00:00:00+02:00,454.9,461.1,448.5,459.0,1476.9609
2025-05-12 02:00:00+02:00,458.9,478.3,458.8,470.3,3207.4624
2025-05-12 04:00:00+02:00,470.3,478.0,468.1,473.6,2321.053
2025-05-12 06:00:00+02:00,473.5,475.9,465.9,467.5,2211.9238
2025-05-12 08:00:00+02:00,467.7,489.0,464.7,472.7,6592.281
2025-05-12 10:00:00+02:00,473.0,473.2,461.9,464.0,5022.4552
2025-05-12 12:00:00+02:00,464.0,465.4,454.1,456.5,3403.1146
2025-05-12 14:00:00+02:00,455.9,466.0,454.1,463.9,3525.5575
2025-05-12 16:00:00+02:00,464.1,465.4,445.0,452.7,5414.887
2025-05-12 18:00:00+02:00,452.5,460.7,446.8,449.4,5097.0801
2025-05-12 20:00:00+02:00,449.5,456.7,435.2,454.1,5950.8218
2025-05-12 22:00:00+02:00,453.9,456.2,449.4,454.8,1443.0852
2025-05-13 00:00:00+02:00,454.9,463.3,452.3,456.6,1860.4214
2025-05-13 02:00:00+02:00,456.4,457.0,449.4,454.8,2335.6965
2025-05-13 04:00:00+02:00,454.8,457.4,442.0,443.6,2038.1526
2025-05-13 06:00:00+02:00,443.5,453.2,442.2,450.3,2691.5918
2025-05-13 08:00:00+02:00,450.2,460.4,450.2,457.2,2874.389
2025-05-13 10:00:00+02:00,457.3,467.7,454.4,465.6,3128.5132
2025-05-13 12:00:00+02:00,465.7,465.9,455.7,456.0,1876.7869
2025-05-13 14:00:00+02:00,456.3,463.4,453.6,456.9,3007.5021
2025-05-13 16:00:00+02:00,457.0,461.3,449.4,458.4,2975.7226
2025-05-13 18:00:00+02:00,458.4,462.4,456.8,460.5,1802.8603
2025-05-13 20:00:00+02:00,460.6,470.7,457.7,464.3,3118.7378
2025-05-13 22:00:00+02:00,464.2,470.1,459.3,467.0,2507.5433
2025-05-14 00:00:00+02:00,466.9,467.4,460.5,462.1,1006.8448
2025-05-14 02:00:00+02:00,462.0,464.1,457.4,459.0,1099.3499
2025-05-14 04:00:00+02:00,458.9,462.8,456.5,462.8,1017.1703
2025-05-14 06:00:00+02:00,462.8,470.0,460.7,469.1,1872.0234
2025-05-14 08:00:00+02:00,469.1,470.5,459.0,463.4,1606.6513
2025-05-14 10:00:00+02:00,463.2,465.3,451.7,455.2,3267.2701
2025-05-14 12:00:00+02:00,455.1,460.0,451.6,457.5,1185.5504
2025-05-14 14:00:00+02:00,457.5,459.3,448.5,452.9,2105.9261
2025-05-14 16:00:00+02:00,453.1,454.1,445.3,454.1,1717.7128
2025-05-14 18:00:00+02:00,454.0,455.1,442.7,450.6,2251.7884
2025-05-14 20:00:00+02:00,450.3,457.3,449.3,454.3,1577.6786
2025-05-14 22:00:00+02:00,454.5,455.3,449.7,453.4,712.5223
2025-05-15 00:00:00+02:00,453.3,457.8,451.9,455.5,620.2277
2025-05-15 02:00:00+02:00,455.5,464.7,450.6,451.9,1548.1564
2025-05-15 04:00:00+02:00,451.8,458.1,444.4,444.6,713.858
2025-05-15 06:00:00+02:00,444.6,446.5,432.1,433.4,2994.189
2025-05-15 08:00:00+02:00,433.6,436.4,420.6,421.8,2890.0208
2025-05-15 10:00:00+02:00,421.7,432.7,419.6,424.7,3035.9198
2025-05-15 12:00:00+02:00,424.7,429.4,417.6,427.6,3159.9832
2025-05-15 14:00:00+02:00,427.6,437.0,423.0,428.5,5262.5827
2025-05-15 16:00:00+02:00,428.5,443.3,421.2,442.4,4315.8551
2025-05-15 18:00:00+02:00,442.2,449.2,435.3,443.8,3528.8985
2025-05-15 20:00:00+02:00,443.7,445.5,432.8,439.0,2154.6027
2025-05-15 22:00:00+02:00,439.3,442.3,427.5,434.3,1898.9751
2025-05-16 00:00:00+02:00,434.4,438.0,427.5,436.6,1226.3698
2025-05-16 02:00:00+02:00,436.6,443.8,433.8,441.3,894.4724
2025-05-16 04:00:00+02:00,441.1,444.5,439.1,441.1,1133.9352
2025-05-16 06:00:00+02:00,441.1,443.2,434.8,440.0,909.2239
2025-05-16 08:00:00+02:00,439.5,442.7,437.3,442.6,1221.3801
2025-05-16 10:00:00+02:00,442.6,445.4,434.8,440.9,1418.4702
2025-05-16 12:00:00+02:00,441.3,445.8,437.1,444.2,1331.7739
2025-05-16 14:00:00+02:00,444.3,445.0,440.0,443.5,1182.2921
2025-05-16 16:00:00+02:00,443.4,445.5,439.0,444.0,2010.0273
2025-05-16 18:00:00+02:00,444.1,446.1,433.4,433.9,1341.6759
2025-05-16 20:00:00+02:00,434.0,437.3,432.8,436.6,641.0559
2025-05-16 22:00:00+02:00,436.5,439.7,431.1,437.6,1106.6622
2025-05-17 00:00:00+02:00,437.4,437.9,423.8,425.3,1134.4821
2025-05-17 02:00:00+02:00,425.3,428.2,412.8,417.4,2261.3224
2025-05-17 04:00:00+02:00,417.3,425.1,413.4,424.0,2257.1849
2025-05-17 06:00:00+02:00,424.2,425.7,414.8,415.9,881.1179
2025-05-17 08:00:00+02:00,416.1,424.4,416.0,420.5,742.475
2025-05-17 10:00:00+02:00,420.6,424.5,416.3,419.2,1302.7846
2025-05-17 12:00:00+02:00,419.0,422.4,417.2,419.1,956.4745
2025-05-17 14:00:00+02:00,419.1,419.6,409.9,412.4,1525.2614
2025-05-17 16:00:00+02:00,412.1,425.0,412.1,421.2,1331.4587
2025-05-17 18:00:00+02:00,420.5,423.9,414.7,420.5,1448.3524
2025-05-17 20:00:00+02:00,420.4,425.0,418.5,419.3,1089.908
2025-05-17 22:00:00+02:00,419.1,424.9,417.5,424.6,974.4098
2025-05-18 00:00:00+02:00,424.6,425.0,418.4,423.7,854.7792
2025-05-18 02:00:00+02:00,423.6,424.4,419.7,422.2,360.6124
2025-05-18 04:00:00+02:00,422.4,424.2,419.9,422.9,331.1624
2025-05-18 06:00:00+02:00,422.9,433.4,422.9,431.9,1141.3193
2025-05-18 08:00:00+02:00,431.9,432.0,425.4,428.7,1245.0304
2025-05-18 10:00:00+02:00,428.8,433.9,424.8,426.1,1229.5186
2025-05-18 12:00:00+02:00,426.0,426.5,418.4,418.7,1046.047
2025-05-18 14:00:00+02:00,418.7,426.1,415.9,425.8,1097.4153
2025-05-18 16:00:00+02:00,425.7,440.8,425.4,438.8,4238.5635
2025-05-18 18:00:00+02:00,439.0,440.4,421.0,422.1,2484.9311
2025-05-18 20:00:00+02:00,421.9,422.6,405.3,405.7,3526.5771
2025-05-18 22:00:00+02:00,405.8,418.5,396.3,411.3,3893.3793
2025-05-19 00:00:00+02:00,411.4,427.3,408.0,425.5,1943.9643
2025-05-19 02:00:00+02:00,425.6,428.4,412.7,415.8,1662.5253
2025-05-19 04:00:00+02:00,415.3,416.5,403.4,404.7,1293.9946
2025-05-19 06:00:00+02:00,404.7,408.1,397.3,399.0,1908.752
2025-05-19 08:00:00+02:00,398.9,402.1,391.7,398.0,3119.325
2025-05-19 10:00:00+02:00,397.9,399.3,390.7,390.7,4950.4679
2025-05-19 12:00:00+02:00,390.7,394.8,388.1,392.4,1965.7982
2025-05-19 14:00:00+02:00,392.4,404.0,388.7,400.1,2497.2917
2025-05-19 16:00:00+02:00,399.9,408.6,397.1,404.4,2329.4377
2025-05-19 18:00:00+02:00,404.5,416.3,400.6,411.3,4525.5558
2025-05-19 20:00:00+02:00,410.9,414.6,402.2,407.5,4143.5151
2025-05-19 22:00:00+02:00,407.4,410.7,403.6,406.8,1434.3784
2025-05-20 00:00:00+02:00,406.5,411.9,405.0,411.0,744.535
2025-05-20 02:00:00+02:00,411.0,419.1,409.4,416.8,1418.2961
2025-05-20 04:00:00+02:00,417.2,424.5,411.7,414.0,1886.044
2025-05-20 06:00:00+02:00,414.1,423.1,411.4,420.2,3389.6969
2025-05-20 08:00:00+02:00,420.1,424.3,415.6,419.9,1228.9886
2025-05-20 10:00:00+02:00,419.7,423.2,417.1,419.9,949.6588
2025-05-20 12:00:00+02:00,420.3,420.5,413.8,416.4,1207.4869
2025-05-20 14:00:00+02:00,415.9,418.6,412.1,415.0,1125.8958
2025-05-20 16:00:00+02:00,415.0,417.6,411.5,414.7,968.6629
2025-05-20 18:00:00+02:00,414.6,417.0,410.1,415.8,975.8942
2025-05-20 20:00:00+02:00,415.6,418.3,406.2,415.4,1523.7952
2025-05-20 22:00:00+02:00,415.2,419.9,412.0,415.1,1338.3563
2025-05-21 00:00:00+02:00,415.3,421.1,413.0,415.6,974.2438
2025-05-21 02:00:00+02:00,415.7,418.9,410.9,415.1,878.3854
2025-05-21 04:00:00+02:00,415.3,421.5,413.2,419.7,746.0222
2025-05-21 06:00:00+02:00,419.9,425.6,417.9,423.3,1388.1737
2025-05-21 08:00:00+02:00,423.2,425.5,416.2,418.8,1374.1377
2025-05-21 10:00:00+02:00,419.2,421.4,413.4,414.7,939.5793
2025-05-21 12:00:00+02:00,414.5,418.7,413.2,415.0,734.4496
2025-05-21 14:00:00+02:00,414.9,419.3,410.8,416.1,1713.6104
2025-05-21 16:00:00+02:00,416.4,431.4,415.2,427.5,3780.5199
2025-05-21 18:00:00+02:00,427.5,447.5,421.5,425.5,7104.8047
2025-05-21 20:00:00+02:00,425.6,441.2,424.4,440.4,2807.7869
2025-05-21 22:00:00+02:00,440.3,449.2,438.0,443.1,2398.6586
2025-05-22 00:00:00+02:00,444.0,456.5,443.2,449.8,2398.8891
2025-05-22 02:00:00+02:00,449.9,465.0,447.5,461.6,2460.1115
2025-05-22 04:00:00+02:00,461.4,468.3,457.7,464.1,1467.2404
2025-05-22 06:00:00+02:00,464.2,472.8,461.5,462.7,2830.4702
2025-05-22 08:00:00+02:00,462.7,475.7,462.5,471.9,2784.5235
2025-05-22 10:00:00+02:00,472.3,475.4,468.4,469.4,1869.8957
2025-05-22 12:00:00+02:00,469.4,471.2,463.3,468.6,3014.9343
2025-05-22 14:00:00+02:00,468.5,471.4,465.6,468.2,2968.0369
2025-05-22 16:00:00+02:00,468.3,475.5,468.2,474.5,2508.9211
2025-05-22 18:00:00+02:00,474.7,478.1,471.1,473.2,1773.8422
2025-05-22 20:00:00+02:00,473.4,476.1,466.7,469.8,1780.7277
2025-05-22 22:00:00+02:00,469.9,471.9,462.6,465.2,1390.178
2025-05-23 00:00:00+02:00,465.4,467.8,460.5,466.6,809.6106
2025-05-23 02:00:00+02:00,466.6,468.3,462.5,466.8,470.5666
2025-05-23 04:00:00+02:00,466.6,474.0,465.3,471.5,707.6031
2025-05-23 06:00:00+02:00,471.7,472.1,463.4,466.7,548.7967
2025-05-23 08:00:00+02:00,466.6,467.1,458.1,462.9,1479.3995
2025-05-23 10:00:00+02:00,463.1,470.4,462.4,470.2,1191.218
2025-05-23 12:00:00+02:00,470.3,470.6,444.7,447.3,3215.411
2025-05-23 14:00:00+02:00,447.4,455.4,434.3,455.2,4635.4734
2025-05-23 16:00:00+02:00,455.3,457.0,448.0,448.8,1999.7998
2025-05-23 18:00:00+02:00,448.8,450.9,442.5,444.7,2645.2455
2025-05-23 20:00:00+02:00,444.7,445.5,438.6,440.6,1458.6343
2025-05-23 22:00:00+02:00,440.5,440.5,424.8,426.9,3261.131
2025-05-24 00:00:00+02:00,427.1,430.7,414.8,420.6,2211.1424
2025-05-24 02:00:00+02:00,420.4,427.9,418.5,422.7,1295.8238
2025-05-24 04:00:00+02:00,422.8,429.2,421.8,428.9,766.6092
2025-05-24 06:00:00+02:00,429.0,432.0,424.9,426.0,570.5879
2025-05-24 08:00:00+02:00,425.9,429.2,423.0,426.5,1025.0504
2025-05-24 10:00:00+02:00,426.6,434.7,425.8,434.5,2333.3117
2025-05-24 12:00:00+02:00,434.4,441.2,431.6,434.8,2323.4562
2025-05-24 14:00:00+02:00,434.9,440.5,432.2,433.9,1108.8151
2025-05-24 16:00:00+02:00,433.6,438.2,432.4,435.1,1632.1871
2025-05-24 18:00:00+02:00,435.2,441.2,431.5,437.3,1363.1987
2025-05-24 20:00:00+02:00,437.3,440.7,435.3,437.3,821.8506
2025-05-24 22:00:00+02:00,437.2,438.7,432.8,437.1,491.4815
2025-05-25 00:00:00+02:00,437.1,437.1,430.1,432.1,790.9593
2025-05-25 02:00:00+02:00,432.1,434.0,423.4,430.0,750.3313
2025-05-25 04:00:00+02:00,429.3,435.3,427.6,435.0,948.6141
2025-05-25 06:00:00+02:00,435.1,435.5,428.6,430.6,836.5258
2025-05-25 08:00:00+02:00,430.8,432.7,424.4,425.8,739.9932
2025-05-25 10:00:00+02:00,425.8,425.8,415.9,420.6,2663.1979
2025-05-25 12:00:00+02:00,420.6,422.5,415.9,418.3,822.8678
2025-05-25 14:00:00+02:00,418.3,422.3,416.8,421.3,875.8743
2025-05-25 16:00:00+02:00,421.2,421.8,409.8,417.6,1829.9395
2025-05-25 18:00:00+02:00,417.7,418.7,412.8,414.7,1354.3994
2025-05-25 20:00:00+02:00,415.1,425.0,414.0,423.4,1074.8202
2025-05-25 22:00:00+02:00,423.5,427.5,420.2,423.5,1168.3784
2025-05-26 00:00:00+02:00,423.5,436.2,422.8,432.1,1724.4591
2025-05-26 02:00:00+02:00,432.1,444.3,429.5,441.0,1902.163
2025-05-26 04:00:00+02:00,441.2,444.2,437.6,438.0,811.0778
2025-05-26 06:00:00+02:00,438.1,446.5,436.5,446.0,1694.0928
2025-05-26 08:00:00+02:00,445.9,461.3,445.3,450.3,3653.1692
2025-05-26 10:00:00+02:00,450.3,452.3,445.7,447.5,1765.0731
2025-05-26 12:00:00+02:00,447.5,447.8,442.5,445.3,1378.5319
2025-05-26 14:00:00+02:00,445.3,450.7,441.0,442.5,1269.1916
2025-05-26 16:00:00+02:00,442.4,451.2,438.0,444.3,3830.7577
2025-05-26 18:00:00+02:00,444.4,446.4,431.4,432.2,4041.4702
2025-05-26 20:00:00+02:00,432.3,434.9,426.3,430.9,1603.7888
2025-05-26 22:00:00+02:00,430.5,436.4,428.8,432.9,1238.5733
2025-05-27 00:00:00+02:00,433.0,436.3,429.9,435.0,963.4666
2025-05-27 02:00:00+02:00,435.0,440.0,425.4,432.7,1432.923
2025-05-27 04:00:00+02:00,432.7,440.2,431.7,434.2,1147.8115
2025-05-27 06:00:00+02:00,434.2,445.3,432.8,443.2,1043.9826
2025-05-27 08:00:00+02:00,443.1,450.8,439.9,445.0,2530.6227
2025-05-27 10:00:00+02:00,445.1,447.4,442.0,445.3,862.9519
2025-05-27 12:00:00+02:00,445.4,447.9,442.0,447.0,899.9438
2025-05-27 14:00:00+02:00,447.2,450.6,442.9,444.3,1968.2827
2025-05-27 16:00:00+02:00,444.3,447.9,440.8,446.6,1723.2324
2025-05-27 18:00:00+02:00,446.5,447.4,443.0,445.0,1169.8214
2025-05-27 20:00:00+02:00,445.1,455.7,444.3,452.1,2058.0761
2025-05-27 22:00:00+02:00,452.0,459.1,451.0,452.2,1763.875
2025-05-28 00:00:00+02:00,452.4,453.6,445.4,448.4,925.3227
2025-05-28 02:00:00+02:00,448.4,457.5,447.3,452.2,1039.0867
2025-05-28 04:00:00+02:00,452.5,456.7,448.1,455.6,880.3545
2025-05-28 06:00:00+02:00,455.5,456.9,448.5,448.7,826.2861
2025-05-28 08:00:00+02:00,448.6,449.2,443.9,445.0,1152.3706
2025-05-28 10:00:00+02:00,445.3,448.4,440.9,443.7,2043.7996
2025-05-28 12:00:00+02:00,443.7,445.5,441.0,444.5,882.476
2025-05-28 14:00:00+02:00,444.8,449.8,438.6,438.7,1563.9773
2025-05-28 16:00:00+02:00,438.7,439.8,427.1,428.7,2881.3967
2025-05-28 18:00:00+02:00,428.6,438.9,428.3,436.9,1253.5738
2025-05-28 20:00:00+02:00,436.6,440.3,428.6,429.3,1379.311
2025-05-28 22:00:00+02:00,429.0,435.0,428.7,434.9,874.4491
2025-05-29 00:00:00+02:00,434.4,435.8,427.6,434.8,573.028
2025-05-29 02:00:00+02:00,434.9,440.6,429.5,437.9,963.4932
2025-05-29 04:00:00+02:00,437.8,442.9,434.6,437.4,684.2947
2025-05-29 06:00:00+02:00,437.3,438.6,427.0,429.0,928.5307
2025-05-29 08:00:00+02:00,429.0,432.7,428.2,429.3,651.8804
2025-05-29 10:00:00+02:00,429.5,434.4,427.7,433.6,789.8777
2025-05-29 12:00:00+02:00,433.4,433.9,430.2,431.2,920.671
2025-05-29 14:00:00+02:00,431.2,433.1,426.4,426.9,1843.1603
2025-05-29 16:00:00+02:00,427.0,427.6,416.7,424.1,2736.7778
2025-05-29 18:00:00+02:00,424.1,425.2,419.3,421.3,1452.8677
2025-05-29 20:00:00+02:00,421.5,422.9,416.6,419.4,1338.6174
2025-05-29 22:00:00+02:00,419.6,424.2,418.7,423.9,725.3577
2025-05-30 00:00:00+02:00,423.6,424.1,414.5,416.3,877.8337
2025-05-30 02:00:00+02:00,416.3,419.0,396.6,404.8,3190.4937
2025-05-30 04:00:00+02:00,404.9,414.4,404.8,413.4,718.9477
2025-05-30 06:00:00+02:00,413.2,418.4,409.3,414.4,1075.6669
2025-05-30 08:00:00+02:00,413.9,414.3,403.7,408.6,1546.6828
2025-05-30 10:00:00+02:00,408.5,409.9,400.5,407.3,4346.4811
2025-05-30 12:00:00+02:00,407.2,410.2,404.1,409.6,1029.0199
2025-05-30 14:00:00+02:00,409.5,411.7,401.6,401.9,1802.5607
2025-05-30 16:00:00+02:00,402.1,405.0,396.4,396.6,3525.1941
2025-05-30 18:00:00+02:00,396.7,399.0,383.8,391.4,4946.9868
2025-05-30 20:00:00+02:00,391.3,395.6,390.5,393.0,1313.782
2025-05-30 22:00:00+02:00,392.9,393.5,388.1,388.4,1566.3149
2025-05-31 00:00:00+02:00,388.4,390.1,375.4,376.7,2505.908
2025-05-31 02:00:00+02:00,376.7,378.8,366.0,371.3,4001.1475
2025-05-31 04:00:00+02:00,371.1,382.3,366.3,380.9,1930.9
2025-05-31 06:00:00+02:00,381.0,415.8,380.5,402.1,4765.2339
2025-05-31 08:00:00+02:00,402.2,412.4,400.2,404.1,2865.8239
2025-05-31 10:00:00+02:00,404.0,404.6,398.4,401.3,1644.6386
2025-05-31 12:00:00+02:00,401.2,403.4,397.0,397.5,1085.5258
2025-05-31 14:00:00+02:00,397.5,407.8,396.7,403.2,1351.5532
2025-05-31 16:00:00+02:00,403.2,414.4,402.6,411.3,2755.6738
2025-05-31 18:00:00+02:00,411.0,420.6,408.4,411.4,2827.9442
2025-05-31 20:00:00+02:00,411.2,435.8,411.0,425.8,5480.4832
2025-05-31 22:00:00+02:00,425.9,433.7,425.7,432.9,2383.4771
2025-06-01 00:00:00+02:00,433.2,434.6,428.7,430.5,1507.7763
2025-06-01 02:00:00+02:00,430.4,435.8,425.6,428.0,1897.0106
2025-06-01 04:00:00+02:00,428.4,433.4,421.9,430.5,1187.0163
2025-06-01 06:00:00+02:00,430.4,439.5,427.7,431.1,2361.5497
2025-06-01 08:00:00+02:00,431.2,432.0,424.8,427.5,1857.6045
2025-06-01 10:00:00+02:00,427.3,429.4,415.3,417.9,1958.5822
2025-06-01 12:00:00+02:00,417.8,420.2,413.1,418.4,1689.0225
2025-06-01 14:00:00+02:00,418.3,419.7,411.5,415.5,1502.9324
2025-06-01 16:00:00+02:00,415.7,422.6,413.5,418.4,1678.923
2025-06-01 18:00:00+02:00,418.5,422.2,416.5,420.9,1656.9447
2025-06-01 20:00:00+02:00,420.7,420.9,410.5,415.2,2009.9411
2025-06-01 22:00:00+02:00,415.1,416.0,410.3,415.4,1137.0462
2025-06-02 00:00:00+02:00,415.4,415.9,413.0,413.9,1702.4474
2025-06-02 02:00:00+02:00,414.1,415.7,413.0,414.3,653.7395
2025-06-02 04:00:00+02:00,414.2,415.1,408.4,409.4,1071.1897
2025-06-02 06:00:00+02:00,409.3,409.6,403.9,409.3,1185.3368
2025-06-02 08:00:00+02:00,409.0,415.3,407.6,413.0,914.4813
2025-06-02 10:00:00+02:00,412.9,415.6,406.2,407.6,993.7851
2025-06-02 12:00:00+02:00,407.6,411.8,405.9,410.3,731.5799
2025-06-02 14:00:00+02:00,410.3,413.3,404.5,406.2,1933.1038
2025-06-02 16:00:00+02:00,406.1,411.0,404.9,408.0,1483.912
2025-06-02 18:00:00+02:00,407.9,408.0,401.6,404.0,1391.596
2025-06-02 20:00:00+02:00,404.0,405.4,397.5,398.0,1293.3089
2025-06-02 22:00:00+02:00,398.0,405.1,398.0,403.2,1585.3347
2025-06-03 00:00:00+02:00,403.2,405.6,401.1,404.0,997.7285
2025-06-03 02:00:00+02:00,404.0,405.8,402.5,405.1,1006.3977
2025-06-03 04:00:00+02:00,405.4,405.5,392.0,393.4,2792.0462
2025-06-03 06:00:00+02:00,393.3,394.0,390.7,392.1,1404.0516
2025-06-03 08:00:00+02:00,392.1,394.4,391.0,392.9,1707.5735
2025-06-03 10:00:00+02:00,392.7,393.3,385.9,391.3,2574.1655
2025-06-03 12:00:00+02:00,391.4,393.7,391.0,393.1,1676.1418
2025-06-03 14:00:00+02:00,393.1,394.5,390.5,393.2,2923.6011
2025-06-03 16:00:00+02:00,393.1,402.9,390.0,396.6,4525.7861
2025-06-03 18:00:00+02:00,396.4,396.7,384.3,391.4,3638.0899
2025-06-03 20:00:00+02:00,391.5,395.0,388.4,393.2,1635.3504
2025-06-03 22:00:00+02:00,393.2,393.8,383.3,386.2,1753.4814
2025-06-04 00:00:00+02:00,386.0,391.0,384.9,387.0,1374.3414
2025-06-04 02:00:00+02:00,387.0,394.8,386.5,393.4,965.0728
2025-06-04 04:00:00+02:00,393.6,397.5,391.1,395.0,773.1823
2025-06-04 06:00:00+02:00,395.0,397.5,393.9,395.5,970.8821
2025-06-04 08:00:00+02:00,395.5,400.2,393.8,395.4,1523.515
2025-06-04 10:00:00+02:00,395.4,398.0,393.7,397.5,1168.84
2025-06-04 12:00:00+02:00,397.5,397.9,391.6,391.8,871.9172
2025-06-04 14:00:00+02:00,391.9,393.6,388.6,388.9,1646.9576
2025-06-04 16:00:00+02:00,388.8,393.5,385.3,390.6,1594.0937
2025-06-04 18:00:00+02:00,390.6,392.4,387.1,388.3,1359.8348
2025-06-04 20:00:00+02:00,388.3,392.3,386.4,386.9,1853.4836
2025-06-04 22:00:00+02:00,386.6,387.2,377.7,380.2,2252.6475
2025-06-05 00:00:00+02:00,379.8,382.5,377.2,380.9,723.3254
2025-06-05 02:00:00+02:00,381.4,384.3,378.5,381.1,511.8739
2025-06-05 04:00:00+02:00,381.5,383.5,378.1,380.1,808.1335
2025-06-05 06:00:00+02:00,380.2,382.7,376.7,378.0,779.9681
2025-06-05 08:00:00+02:00,378.1,381.0,377.0,378.6,684.1545
2025-06-05 10:00:00+02:00,378.6,379.4,375.6,377.7,1083.7487
2025-06-05 12:00:00+02:00,377.6,377.7,365.1,369.4,4451.1971
2025-06-05 14:00:00+02:00,369.4,377.2,367.5,368.8,2757.9961
2025-06-05 16:00:00+02:00,368.8,374.5,365.3,373.0,3052.8723
2025-06-05 18:00:00+02:00,372.5,373.7,363.2,365.6,3141.2366
2025-06-05 20:00:00+02:00,365.5,366.6,351.9,358.6,4168.3957
2025-06-05 22:00:00+02:00,359.1,360.9,347.0,357.1,8142.1986
2025-06-06 00:00:00+02:00,357.0,357.5,350.8,351.6,1613.7775
2025-06-06 02:00:00+02:00,351.6,360.8,351.4,359.0,1377.0797
2025-06-06 04:00:00+02:00,358.8,362.6,355.7,360.1,1114.5911
2025-06-06 06:00:00+02:00,360.4,364.3,359.6,363.9,994.7359
2025-06-06 08:00:00+02:00,363.7,369.0,363.4,366.2,2434.9647
2025-06-06 10:00:00+02:00,366.1,369.3,364.6,364.8,1695.4358
2025-06-06 12:00:00+02:00,364.9,372.3,364.8,369.4,2332.7386
2025-06-06 14:00:00+02:00,369.5,378.0,366.2,368.1,2719.7168
2025-06-06 16:00:00+02:00,368.6,375.5,367.4,374.2,2112.2338
2025-06-06 18:00:00+02:00,374.1,378.7,373.6,378.1,1519.3368
2025-06-06 20:00:00+02:00,378.0,378.6,367.3,368.2,2068.3954
2025-06-06 22:00:00+02:00,368.7,371.3,366.7,369.6,795.6824
2025-06-07 00:00:00+02:00,369.7,370.0,366.1,367.5,725.8137
2025-06-07 02:00:00+02:00,367.5,370.9,365.3,368.0,769.6596
2025-06-07 04:00:00+02:00,367.8,375.7,367.3,374.2,521.7774
2025-06-07 06:00:00+02:00,374.3,376.5,370.7,375.6,863.7182
2025-06-07 08:00:00+02:00,375.5,377.1,373.6,375.0,856.2298
2025-06-07 10:00:00+02:00,375.0,377.0,373.1,374.9,750.7967
2025-06-07 12:00:00+02:00,375.1,381.0,374.9,378.5,1160.0324
2025-06-07 14:00:00+02:00,378.4,381.2,378.1,380.4,1128.9953
2025-06-07 16:00:00+02:00,380.5,386.5,378.4,383.0,2409.9033
2025-06-07 18:00:00+02:00,383.1,383.7,375.7,378.5,1164.0865
2025-06-07 20:00:00+02:00,378.4,382.8,377.7,382.8,408.6605
2025-06-07 22:00:00+02:00,382.6,389.1,380.8,388.0,1817.0688
2025-06-08 00:00:00+02:00,388.1,391.2,382.7,386.3,1641.1521
2025-06-08 02:00:00+02:00,386.3,389.2,385.0,387.3,507.1947
2025-06-08 04:00:00+02:00,387.3,388.7,383.8,383.9,168.7023
2025-06-08 06:00:00+02:00,383.9,383.9,377.9,378.3,1259.5413
2025-06-08 08:00:00+02:00,378.2,381.3,378.2,380.1,604.5904
2025-06-08 10:00:00+02:00,380.3,381.3,375.2,376.4,1893.9218
2025-06-08 12:00:00+02:00,376.4,378.2,372.7,377.6,1790.6595
2025-06-08 14:00:00+02:00,377.6,380.8,374.9,377.1,1437.4396
2025-06-08 16:00:00+02:00,377.2,382.0,376.9,378.6,750.4472
2025-06-08 18:00:00+02:00,378.7,382.7,378.5,379.8,1710.7296
2025-06-08 20:00:00+02:00,379.8,387.2,378.0,386.4,1370.6585
2025-06-08 22:00:00+02:00,386.5,389.6,384.3,387.5,2183.1308
2025-06-09 00:00:00+02:00,387.4,387.5,379.8,383.3,1826.7269
2025-06-09 02:00:00+02:00,383.5,388.1,381.8,384.8,579.7927
2025-06-09 04:00:00+02:00,384.8,387.1,380.6,387.1,777.2228
2025-06-09 06:00:00+02:00,387.0,388.8,383.1,383.2,892.5065
2025-06-09 08:00:00+02:00,383.1,387.6,381.4,385.6,800.0737
2025-06-09 10:00:00+02:00,385.5,399.3,385.0,395.7,3490.3909
2025-06-09 12:00:00+02:00,395.6,403.0,392.3,401.5,2934.8601
2025-06-09 14:00:00+02:00,401.4,411.5,397.5,403.6,4363.2431
2025-06-09 16:00:00+02:00,403.9,414.8,403.0,412.1,3547.8127
2025-06-09 18:00:00+02:00,412.2,417.8,410.5,411.5,2812.6799
2025-06-09 20:00:00+02:00,411.4,414.3,409.5,410.4,2182.8576
2025-06-09 22:00:00+02:00,410.4,427.4,407.8,427.3,3946.1683
2025-06-10 00:00:00+02:00,427.4,429.7,417.0,420.0,2032.9427
2025-06-10 02:00:00+02:00,420.0,429.3,419.9,424.3,1945.4547
2025-06-10 04:00:00+02:00,424.0,429.7,422.6,429.7,1216.4007
2025-06-10 06:00:00+02:00,429.4,434.1,426.1,428.6,2393.1743
2025-06-10 08:00:00+02:00,428.6,437.8,426.8,435.3,2745.7673
2025-06-10 10:00:00+02:00,435.2,435.7,429.2,434.3,1651.6151
2025-06-10 12:00:00+02:00,434.2,443.4,431.1,438.7,2650.9151
2025-06-10 14:00:00+02:00,438.4,443.2,430.9,434.2,3048.179
2025-06-10 16:00:00+02:00,434.2,434.7,421.5,427.0,3436.9917
2025-06-10 18:00:00+02:00,427.3,427.7,419.9,421.4,1567.6184
2025-06-10 20:00:00+02:00,421.9,427.5,417.7,420.2,3598.6923
2025-06-10 22:00:00+02:00,420.1,422.4,415.5,422.2,1528.4317
2025-06-11 00:00:00+02:00,422.4,428.1,421.5,427.8,1285.7796
2025-06-11 02:00:00+02:00,427.8,428.0,419.8,421.6,1501.9532
2025-06-11 04:00:00+02:00,421.6,426.2,420.7,426.1,357.1398
2025-06-11 06:00:00+02:00,426.2,426.8,419.9,421.5,584.7983
2025-06-11 08:00:00+02:00,421.4,422.5,417.5,420.8,1329.3291
2025-06-11 10:00:00+02:00,420.8,421.8,417.2,417.8,904.6088
2025-06-11 12:00:00+02:00,417.9,420.3,414.2,417.3,863.1797
2025-06-11 14:00:00+02:00,417.4,428.6,414.8,426.9,2527.7804
2025-06-11 16:00:00+02:00,427.0,436.9,426.8,433.2,4453.139
2025-06-11 18:00:00+02:00,433.6,435.9,425.4,426.3,1968.3996
2025-06-11 20:00:00+02:00,426.2,427.1,412.5,414.5,2992.6285
2025-06-11 22:00:00+02:00,414.2,417.5,403.0,404.0,2022.577
2025-06-12 00:00:00+02:00,403.9,408.5,400.9,407.8,1294.8024
2025-06-12 02:00:00+02:00,407.9,408.6,398.4,400.0,803.3929
2025-06-12 04:00:00+02:00,400.0,400.5,393.4,393.6,2079.3315
2025-06-12 06:00:00+02:00,393.6,395.5,389.4,394.0,2419.2508
2025-06-12 08:00:00+02:00,393.7,399.8,391.5,393.5,2495.5897
2025-06-12 10:00:00+02:00,393.4,397.6,390.8,397.1,857.7137
2025-06-12 12:00:00+02:00,397.1,397.3,392.2,392.7,939.6024
2025-06-12 14:00:00+02:00,392.8,400.5,390.0,398.4,1652.5314
2025-06-12 16:00:00+02:00,398.5,404.2,391.5,392.9,2225.8794
2025-06-12 18:00:00+02:00,392.8,401.8,392.3,399.4,1575.3016
2025-06-12 20:00:00+02:00,399.4,400.1,386.1,387.9,2441.1999
2025-06-12 22:00:00+02:00,387.7,390.5,378.8,383.3,3904.7051
2025-06-13 00:00:00+02:00,383.4,388.6,382.8,386.1,915.1955
2025-06-13 02:00:00+02:00,385.9,385.9,353.6,360.2,7704.7106
2025-06-13 04:00:00+02:00,360.2,369.9,357.2,367.9,2958.0286
2025-06-13 06:00:00+02:00,367.8,367.8,362.3,362.3,2026.3754
2025-06-13 08:00:00+02:00,362.3,373.1,357.6,371.8,3736.9062
2025-06-13 10:00:00+02:00,372.0,376.5,367.1,369.3,3109.9959
2025-06-13 12:00:00+02:00,369.9,370.2,363.2,368.1,2006.0517
2025-06-13 14:00:00+02:00,368.0,370.9,363.4,367.3,2204.7016
2025-06-13 16:00:00+02:00,367.4,372.1,362.1,369.0,4041.4911
2025-06-13 18:00:00+02:00,369.0,374.8,364.6,369.2,2932.3428
2025-06-13 20:00:00+02:00,369.2,369.6,362.1,365.9,2086.7745
2025-06-13 22:00:00+02:00,365.9,371.3,364.9,371.1,1591.499
2025-06-14 00:00:00+02:00,371.3,375.8,368.1,375.7,1517.3667
2025-06-14 02:00:00+02:00,375.5,375.5,369.8,371.0,1022.0013
2025-06-14 04:00:00+02:00,370.6,373.9,370.0,372.6,288.6731
2025-06-14 06:00:00+02:00,372.3,375.3,372.2,374.7,716.2528
2025-06-14 08:00:00+02:00,374.6,378.7,371.7,375.5,1477.5279
2025-06-14 10:00:00+02:00,375.3,375.3,372.1,373.0,816.923
2025-06-14 12:00:00+02:00,372.7,376.1,370.3,374.8,635.8841
2025-06-14 14:00:00+02:00,374.4,374.4,367.8,370.5,1415.518
2025-06-14 16:00:00+02:00,370.7,371.0,363.6,365.4,2058.0907
2025-06-14 18:00:00+02:00,365.1,365.4,353.7,359.4,2368.4815
2025-06-14 20:00:00+02:00,359.3,362.4,355.2,358.7,1260.5145
2025-06-14 22:00:00+02:00,358.7,365.2,356.5,364.5,960.1952
2025-06-15 00:00:00+02:00,364.6,366.0,362.6,363.7,473.8179
2025-06-15 02:00:00+02:00,363.6,368.6,363.4,365.8,885.2715
2025-06-15 04:00:00+02:00,365.6,368.3,364.9,366.0,466.6563
2025-06-15 06:00:00+02:00,365.8,370.2,365.6,370.2,496.8201
2025-06-15 08:00:00+02:00,370.3,370.4,365.5,366.5,965.6569
2025-06-15 10:00:00+02:00,366.4,366.8,360.9,361.2,1004.0078
2025-06-15 12:00:00+02:00,361.3,366.6,361.2,365.6,649.4215
2025-06-15 14:00:00+02:00,365.6,371.4,365.3,370.5,1003.5025
2025-06-15 16:00:00+02:00,370.7,374.9,367.0,371.4,1705.4254
2025-06-15 18:00:00+02:00,371.4,375.4,368.7,371.8,1443.9481
2025-06-15 20:00:00+02:00,371.9,373.4,366.4,367.2,1311.1174
2025-06-15 22:00:00+02:00,367.8,367.8,354.9,362.7,2932.5673
2025-06-16 00:00:00+02:00,362.5,368.3,362.4,367.0,2555.5894
2025-06-16 02:00:00+02:00,367.1,371.8,363.8,371.4,577.2695
2025-06-16 04:00:00+02:00,371.4,375.9,371.1,372.3,867.2253
2025-06-16 06:00:00+02:00,372.1,379.7,372.0,376.0,1482.2641
2025-06-16 08:00:00+02:00,376.0,385.1,375.5,384.0,1999.7395
2025-06-16 10:00:00+02:00,384.3,384.8,379.9,382.8,1539.8763
2025-06-16 12:00:00+02:00,382.9,384.2,377.3,381.1,1356.0929
2025-06-16 14:00:00+02:00,380.8,384.6,377.6,384.0,1849.794
2025-06-16 16:00:00+02:00,384.1,389.1,381.7,387.0,1967.7357
2025-06-16 18:00:00+02:00,387.2,392.0,384.8,387.7,2025.5431
2025-06-16 20:00:00+02:00,387.7,390.2,385.5,387.7,946.2893
2025-06-16 22:00:00+02:00,387.5,390.3,384.7,387.5,1137.4815
2025-06-17 00:00:00+02:00,387.2,388.3,366.3,367.7,3488.2612
2025-06-17 02:00:00+02:00,367.6,369.7,348.0,367.6,6167.9308
2025-06-17 04:00:00+02:00,367.7,372.4,363.5,368.9,1683.2284
2025-06-17 06:00:00+02:00,369.4,370.0,361.0,362.8,1498.1833
2025-06-17 08:00:00+02:00,362.6,363.6,355.2,360.1,2968.6381
2025-06-17 10:00:00+02:00,359.9,360.6,352.6,354.3,2545.0226
2025-06-17 12:00:00+02:00,354.2,356.3,348.9,351.9,2482.7546
2025-06-17 14:00:00+02:00,351.9,355.5,350.1,353.9,1686.4256
2025-06-17 16:00:00+02:00,353.9,358.4,341.2,344.0,4519.8579
2025-06-17 18:00:00+02:00,343.9,346.3,334.5,338.0,5430.9743
2025-06-17 20:00:00+02:00,337.8,352.2,337.5,348.6,4852.0666
2025-06-17 22:00:00+02:00,348.5,351.3,344.9,350.2,2287.8297
2025-06-18 00:00:00+02:00,350.2,353.0,346.4,349.9,777.5133
2025-06-18 02:00:00+02:00,350.1,358.9,350.0,351.6,1797.8354
2025-06-18 04:00:00+02:00,351.7,358.1,350.7,357.9,624.1977
2025-06-18 06:00:00+02:00,357.8,361.2,356.1,359.9,805.5441
2025-06-18 08:00:00+02:00,360.0,361.0,354.0,356.6,1463.4628
2025-06-18 10:00:00+02:00,356.6,358.3,351.2,352.7,812.0657
2025-06-18 12:00:00+02:00,352.7,352.8,342.3,347.6,1708.4468
2025-06-18 14:00:00+02:00,347.5,348.2,337.7,345.9,2464.4367
2025-06-18 16:00:00+02:00,346.0,351.7,343.7,346.4,2392.8478
2025-06-18 18:00:00+02:00,346.2,348.3,340.4,347.1,1381.4355
2025-06-18 20:00:00+02:00,347.1,352.9,344.4,347.9,3064.1454
2025-06-18 22:00:00+02:00,348.2,366.4,346.5,364.1,2916.8351
2025-06-19 00:00:00+02:00,363.9,367.0,360.5,362.6,1494.7526
2025-06-19 02:00:00+02:00,362.4,368.2,360.4,362.1,1366.0979
2025-06-19 04:00:00+02:00,362.1,363.3,357.7,362.0,741.2942
2025-06-19 06:00:00+02:00,362.1,363.1,358.2,358.6,501.4224
2025-06-19 08:00:00+02:00,358.3,360.2,356.4,357.3,941.1784
2025-06-19 10:00:00+02:00,357.2,359.9,355.6,359.0,684.5624
2025-06-19 12:00:00+02:00,359.0,370.0,354.8,356.6,2790.4682
2025-06-19 14:00:00+02:00,356.7,358.2,352.2,353.1,909.2677
2025-06-19 16:00:00+02:00,353.1,355.5,348.2,348.7,1496.8534
2025-06-19 18:00:00+02:00,348.8,352.1,345.4,350.0,1576.9794
2025-06-19 20:00:00+02:00,350.1,353.4,345.9,348.4,1507.7864
2025-06-19 22:00:00+02:00,348.5,351.7,346.4,350.0,987.019
2025-06-20 00:00:00+02:00,350.2,354.0,350.0,350.7,508.1569
2025-06-20 02:00:00+02:00,350.6,354.3,348.9,350.9,401.1412
2025-06-20 04:00:00+02:00,351.0,351.2,347.5,348.5,397.9483
2025-06-20 06:00:00+02:00,348.4,349.3,340.0,345.4,1546.6791
2025-06-20 08:00:00+02:00,345.4,357.1,343.9,356.7,1986.8677
2025-06-20 10:00:00+02:00,357.0,360.9,352.9,354.1,2446.5485
2025-06-20 12:00:00+02:00,354.1,356.3,351.8,354.4,1646.1752
2025-06-20 14:00:00+02:00,354.3,357.1,350.9,352.2,2309.5058
2025-06-20 16:00:00+02:00,352.1,353.6,337.8,341.9,4086.1707
2025-06-20 18:00:00+02:00,341.9,342.3,330.6,338.6,6917.5253
2025-06-20 20:00:00+02:00,338.6,342.7,337.5,342.2,3252.5925
2025-06-20 22:00:00+02:00,342.0,345.4,340.9,342.4,1775.7162
2025-06-21 00:00:00+02:00,342.4,342.6,336.5,340.7,1424.4185
2025-06-21 02:00:00+02:00,340.6,343.2,337.6,341.9,1879.3993
2025-06-21 04:00:00+02:00,342.1,343.2,339.3,341.7,514.6084
2025-06-21 06:00:00+02:00,341.8,342.9,340.3,342.4,518.0101
2025-06-21 08:00:00+02:00,342.8,343.6,341.5,343.3,1088.5837
2025-06-21 10:00:00+02:00,343.3,345.3,341.2,342.4,1318.8843
2025-06-21 12:00:00+02:00,342.4,343.3,339.6,341.5,1288.875
2025-06-21 14:00:00+02:00,341.6,342.5,329.2,329.7,2840.6733
2025-06-21 16:00:00+02:00,329.5,331.6,327.1,330.5,4315.0255
2025-06-21 18:00:00+02:00,330.5,332.8,322.6,324.3,3405.0868
2025-06-21 20:00:00+02:00,324.6,326.9,313.2,313.4,6344.4039
2025-06-21 22:00:00+02:00,313.4,318.2,301.9,308.5,8807.0841
2025-06-22 00:00:00+02:00,308.4,317.1,307.2,316.3,6288.1881
2025-06-22 02:00:00+02:00,316.3,323.4,313.0,314.2,3732.6493
2025-06-22 04:00:00+02:00,314.3,317.1,310.9,313.2,2113.3849
2025-06-22 06:00:00+02:00,313.0,315.7,308.7,313.0,2139.0627
2025-06-22 08:00:00+02:00,312.9,318.0,311.7,313.8,2106.7957
2025-06-22 10:00:00+02:00,314.0,314.8,305.8,306.2,2957.8409
2025-06-22 12:00:00+02:00,306.2,309.4,301.9,303.7,5779.9997
2025-06-22 14:00:00+02:00,303.7,307.8,292.9,295.9,6835.771
2025-06-22 16:00:00+02:00,295.9,303.1,290.0,297.3,7788.8144
2025-06-22 18:00:00+02:00,297.5,304.1,296.3,301.8,2892.3848
2025-06-22 20:00:00+02:00,302.0,303.5,292.3,292.8,3111.5605
2025-06-22 22:00:00+02:00,292.8,300.2,287.4,295.2,5412.7249
2025-06-23 00:00:00+02:00,295.3,306.1,294.9,305.5,3999.462
2025-06-23 02:00:00+02:00,305.4,310.1,304.5,308.7,2195.5766
2025-06-23 04:00:00+02:00,308.7,309.4,304.9,305.5,1780.2717
2025-06-23 06:00:00+02:00,305.6,309.2,304.7,308.3,1670.6939
2025-06-23 08:00:00+02:00,308.4,311.1,306.2,309.0,2740.6666
2025-06-23 10:00:00+02:00,308.9,310.7,306.8,310.4,2025.7009
2025-06-23 12:00:00+02:00,310.6,310.8,305.6,307.5,1594.3198
2025-06-23 14:00:00+02:00,307.7,318.1,305.5,317.6,4171.2824
2025-06-23 16:00:00+02:00,317.7,332.8,306.2,307.2,5685.8349
2025-06-23 18:00:00+02:00,307.2,317.3,296.8,314.9,9618.9449
2025-06-23 20:00:00+02:00,314.8,327.2,314.7,326.9,5526.2886
2025-06-23 22:00:00+02:00,326.7,339.7,325.1,332.6,6838.8333
2025-06-24 00:00:00+02:00,334.9,356.0,334.9,350.1,12273.5256
2025-06-24 02:00:00+02:00,350.1,354.0,347.8,352.9,3839.2472
2025-06-24 04:00:00+02:00,352.5,354.6,350.0,351.9,2144.5446
2025-06-24 06:00:00+02:00,351.9,360.5,351.9,359.3,3207.7625
2025-06-24 08:00:00+02:00,359.2,364.3,353.7,354.5,4872.2635
2025-06-24 10:00:00+02:00,354.3,358.6,350.2,353.4,3503.6896
2025-06-24 12:00:00+02:00,353.3,356.7,351.7,356.7,2084.4643
2025-06-24 14:00:00+02:00,356.7,358.4,350.2,355.1,2355.0056
2025-06-24 16:00:00+02:00,355.0,361.7,351.3,352.1,3678.1961
2025-06-24 18:00:00+02:00,352.2,359.4,346.6,350.6,4192.4162
2025-06-24 20:00:00+02:00,350.9,351.6,341.2,343.6,3366.3282
2025-06-24 22:00:00+02:00,343.5,346.9,341.9,346.1,1746.9289
2025-06-25 00:00:00+02:00,345.7,345.9,342.0,345.5,1058.4456
2025-06-25 02:00:00+02:00,345.8,347.0,342.1,344.3,800.7108
2025-06-25 04:00:00+02:00,344.4,346.7,339.4,339.5,1237.5683
2025-06-25 06:00:00+02:00,339.6,340.8,335.3,335.4,1960.1592
2025-06-25 08:00:00+02:00,335.4,340.8,334.5,340.5,2475.9776
2025-06-25 10:00:00+02:00,340.4,341.0,334.9,336.8,2797.9963
2025-06-25 12:00:00+02:00,336.8,339.1,334.6,339.0,1964.218
2025-06-25 14:00:00+02:00,339.0,346.4,336.5,345.9,4056.7596
2025-06-25 16:00:00+02:00,345.8,346.7,329.9,331.6,7265.8766
2025-06-25 18:00:00+02:00,331.5,333.7,324.6,331.7,5262.9654
2025-06-25 20:00:00+02:00,331.4,333.0,328.0,329.7,2455.8899
2025-06-25 22:00:00+02:00,329.5,330.3,323.0,324.2,2548.4109
2025-06-26 00:00:00+02:00,324.2,325.4,322.5,323.4,1423.5331
2025-06-26 02:00:00+02:00,323.2,329.7,321.2,328.4,1906.5165
2025-06-26 04:00:00+02:00,328.5,333.5,326.0,327.4,1695.9448
2025-06-26 06:00:00+02:00,327.6,328.2,323.0,324.3,906.246
2025-06-26 08:00:00+02:00,324.1,331.5,323.5,328.6,2337.9839
2025-06-26 10:00:00+02:00,328.6,332.8,323.2,324.5,2777.9262
2025-06-26 12:00:00+02:00,324.3,325.5,322.2,322.7,2129.4698
2025-06-26 14:00:00+02:00,322.8,323.3,314.3,317.3,5260.1823
2025-06-26 16:00:00+02:00,317.3,323.2,315.4,319.7,4669.0518
2025-06-26 18:00:00+02:00,319.5,322.2,317.8,318.4,2204.5203
2025-06-26 20:00:00+02:00,318.4,326.8,317.5,325.9,2966.2224
2025-06-26 22:00:00+02:00,325.8,331.1,320.4,322.1,3242.9967
2025-06-27 00:00:00+02:00,321.9,325.1,317.5,319.8,1612.5161
2025-06-27 02:00:00+02:00,319.7,325.1,318.7,323.4,2194.8882
2025-06-27 04:00:00+02:00,323.1,325.8,322.0,323.5,1035.841
2025-06-27 06:00:00+02:00,323.4,324.5,318.4,318.8,2413.5856
2025-06-27 08:00:00+02:00,318.6,321.6,314.6,314.9,2288.3489
2025-06-27 10:00:00+02:00,314.9,321.8,314.9,319.5,3646.467
2025-06-27 12:00:00+02:00,319.6,319.8,316.1,318.5,1455.7821
2025-06-27 14:00:00+02:00,318.5,321.8,316.7,320.4,2373.5505
2025-06-27 16:00:00+02:00,320.5,324.4,318.3,323.8,2895.8064
2025-06-27 18:00:00+02:00,323.6,328.4,320.1,324.5,3449.728
2025-06-27 20:00:00+02:00,324.1,325.2,319.4,324.2,2218.7363
2025-06-27 22:00:00+02:00,324.1,327.9,323.7,325.6,1693.6244
2025-06-28 00:00:00+02:00,325.9,328.1,325.4,326.2,870.7731
2025-06-28 02:00:00+02:00,326.2,328.2,324.9,327.5,890.3356
2025-06-28 04:00:00+02:00,327.5,328.4,319.5,319.5,1069.5702
2025-06-28 06:00:00+02:00,319.6,325.2,316.8,322.8,1659.0412
2025-06-28 08:00:00+02:00,322.8,327.4,322.7,327.1,1487.9788
2025-06-28 10:00:00+02:00,327.0,327.9,323.3,326.8,1521.3365
2025-06-28 12:00:00+02:00,326.8,328.0,325.7,326.1,968.88
2025-06-28 14:00:00+02:00,326.0,327.6,324.2,324.2,668.6749
2025-06-28 16:00:00+02:00,324.5,328.5,324.4,328.1,732.8416
2025-06-28 18:00:00+02:00,328.0,331.5,326.9,331.2,1713.0774
2025-06-28 20:00:00+02:00,331.3,333.2,329.8,330.8,1312.7657
2025-06-28 22:00:00+02:00,330.8,331.7,328.2,331.3,690.97
2025-06-29 00:00:00+02:00,331.3,333.8,329.9,330.0,752.988
2025-06-29 02:00:00+02:00,329.8,332.3,329.5,329.9,610.8563
2025-06-29 04:00:00+02:00,329.9,331.1,328.3,329.3,563.2284
2025-06-29 06:00:00+02:00,329.3,332.3,329.2,331.8,299.7316
2025-06-29 08:00:00+02:00,332.0,337.1,331.8,336.7,1379.5516
2025-06-29 10:00:00+02:00,336.8,342.2,335.1,340.1,1584.0274
2025-06-29 12:00:00+02:00,340.3,343.0,336.2,336.6,2346.9147
2025-06-29 14:00:00+02:00,336.5,344.5,334.9,342.3,3290.9582
2025-06-29 16:00:00+02:00,342.4,344.9,339.4,340.4,1712.1072
2025-06-29 18:00:00+02:00,340.3,343.1,338.6,342.5,1918.4133
2025-06-29 20:00:00+02:00,342.4,344.1,341.4,341.7,1006.9396
2025-06-29 22:00:00+02:00,341.9,342.0,337.2,341.7,1016.4772
2025-06-30 00:00:00+02:00,341.8,351.0,341.6,345.7,4133.8534
2025-06-30 02:00:00+02:00,345.8,347.9,341.1,341.4,1291.3409
2025-06-30 04:00:00+02:00,341.5,341.8,338.5,338.5,774.701
2025-06-30 06:00:00+02:00,338.6,341.4,337.6,340.2,787.6708
2025-06-30 08:00:00+02:00,340.4,340.4,333.0,337.4,1980.6245
2025-06-30 10:00:00+02:00,337.3,337.4,332.0,332.8,2319.8038
2025-06-30 12:00:00+02:00,332.9,334.0,329.3,331.1,1855.4805
2025-06-30 14:00:00+02:00,331.1,334.0,328.3,330.9,2221.8513
2025-06-30 16:00:00+02:00,331.1,338.6,329.3,335.3,4228.4435
2025-06-30 18:00:00+02:00,335.5,338.4,333.5,336.7,1825.9314
2025-06-30 20:00:00+02:00,336.6,342.4,334.2,342.2,1556.6924
2025-06-30 22:00:00+02:00,342.2,343.7,335.7,337.3,1417.95
2025-07-01 00:00:00+02:00,337.4,338.2,333.7,334.7,1275.7556
2025-07-01 02:00:00+02:00,334.8,338.0,333.9,334.2,937.0897
2025-07-01 04:00:00+02:00,334.1,335.7,332.1,335.3,1319.1397
2025-07-01 06:00:00+02:00,335.3,335.6,332.2,333.4,642.0223
2025-07-01 08:00:00+02:00,333.3,333.8,328.6,333.0,3382.2782
2025-07-01 10:00:00+02:00,332.9,333.6,328.7,330.1,1173.2411
2025-07-01 12:00:00+02:00,330.1,330.3,324.0,325.3,1559.2095
2025-07-01 14:00:00+02:00,325.2,326.4,321.6,325.3,1967.6436
2025-07-01 16:00:00+02:00,325.3,327.8,320.7,325.8,2596.1966
2025-07-01 18:00:00+02:00,325.6,326.9,322.0,323.6,1125.1129
2025-07-01 20:00:00+02:00,323.6,323.9,318.9,319.1,1028.8269
2025-07-01 22:00:00+02:00,319.1,322.4,316.8,319.2,1298.2675
2025-07-02 00:00:00+02:00,319.1,319.9,316.3,318.3,759.7164
2025-07-02 02:00:00+02:00,318.2,321.2,316.5,320.6,669.3908
2025-07-02 04:00:00+02:00,320.6,321.4,318.2,319.7,522.0857
2025-07-02 06:00:00+02:00,319.7,323.7,318.1,323.3,970.0537
2025-07-02 08:00:00+02:00,323.1,328.3,323.0,327.7,1498.2118
2025-07-02 10:00:00+02:00,327.8,329.6,324.8,325.6,1111.7582
2025-07-02 12:00:00+02:00,325.7,327.8,322.3,323.3,865.6241
2025-07-02 14:00:00+02:00,323.2,324.3,320.1,321.9,1769.4555
2025-07-02 16:00:00+02:00,321.9,329.0,320.8,328.4,2371.5854
2025-07-02 18:00:00+02:00,328.4,339.1,328.0,333.5,5961.7597
2025-07-02 20:00:00+02:00,333.7,338.0,333.3,338.0,1526.0277
2025-07-02 22:00:00+02:00,337.9,343.2,335.4,341.3,2401.6656
2025-07-03 00:00:00+02:00,341.4,342.1,334.3,334.8,1319.4602
2025-07-03 02:00:00+02:00,334.9,337.3,331.8,337.1,1325.2621
2025-07-03 04:00:00+02:00,337.2,343.9,333.6,336.4,2197.2858
2025-07-03 06:00:00+02:00,336.2,344.1,336.0,343.7,1591.726
2025-07-03 08:00:00+02:00,343.9,346.2,342.1,342.9,1609.5077
2025-07-03 10:00:00+02:00,342.9,346.9,342.6,343.4,1692.0322
2025-07-03 12:00:00+02:00,343.5,343.8,337.6,338.8,1938.0871
2025-07-03 14:00:00+02:00,338.7,343.3,333.8,340.7,3769.0565
2025-07-03 16:00:00+02:00,340.9,342.5,329.0,330.2,3810.8392
2025-07-03 18:00:00+02:00,330.1,335.0,330.0,332.4,1721.6642
2025-07-03 20:00:00+02:00,332.4,338.1,331.3,336.4,896.2176
2025-07-03 22:00:00+02:00,336.4,339.9,335.6,339.2,780.1902
2025-07-04 00:00:00+02:00,339.3,340.5,337.6,338.1,461.1781
2025-07-04 02:00:00+02:00,338.1,340.7,335.6,336.0,649.1986
2025-07-04 04:00:00+02:00,336.0,336.8,333.4,335.0,652.9226
2025-07-04 06:00:00+02:00,335.0,337.7,332.5,332.8,877.135
2025-07-04 08:00:00+02:00,332.8,332.8,323.2,323.6,2611.4251
2025-07-04 10:00:00+02:00,323.5,326.1,320.4,325.4,1949.8465
2025-07-04 12:00:00+02:00,325.3,325.5,322.2,323.5,1020.1135
2025-07-04 14:00:00+02:00,323.3,323.8,320.1,320.6,1263.9583
2025-07-04 16:00:00+02:00,320.4,324.4,317.7,318.9,3005.5636
2025-07-04 18:00:00+02:00,318.7,322.8,315.3,322.4,2253.7157
2025-07-04 20:00:00+02:00,322.6,322.8,319.7,320.8,810.143
2025-07-04 22:00:00+02:00,320.9,324.7,320.8,324.2,1176.0879
2025-07-05 00:00:00+02:00,324.2,326.7,323.7,324.7,882.9914
2025-07-05 02:00:00+02:00,324.7,325.6,323.3,323.7,366.3454
2025-07-05 04:00:00+02:00,323.6,326.0,320.7,324.1,535.2051
2025-07-05 06:00:00+02:00,324.1,324.3,321.0,322.7,453.9006
2025-07-05 08:00:00+02:00,322.8,325.1,321.9,322.8,447.0013
2025-07-05 10:00:00+02:00,322.8,323.4,320.8,323.2,431.4428
2025-07-05 12:00:00+02:00,323.2,325.1,323.2,323.4,429.5052
2025-07-05 14:00:00+02:00,323.3,323.5,321.1,321.5,403.1796
2025-07-05 16:00:00+02:00,321.8,323.8,321.2,322.4,450.5893
2025-07-05 18:00:00+02:00,322.3,323.2,320.2,321.8,701.5341
2025-07-05 20:00:00+02:00,321.9,321.9,318.0,320.3,1070.5378
2025-07-05 22:00:00+02:00,320.0,322.7,318.0,322.6,584.5704
2025-07-06 00:00:00+02:00,322.5,322.6,321.3,322.4,397.601
2025-07-06 02:00:00+02:00,322.3,322.3,319.9,320.6,217.2213
2025-07-06 04:00:00+02:00,320.7,321.5,319.3,320.4,258.3312
2025-07-06 06:00:00+02:00,320.3,321.1,318.8,318.9,336.7864
2025-07-06 08:00:00+02:00,318.8,322.3,318.7,320.7,531.0393
2025-07-06 10:00:00+02:00,320.9,323.0,319.7,321.0,766.8261
2025-07-06 12:00:00+02:00,321.1,322.5,320.1,321.6,444.9961
2025-07-06 14:00:00+02:00,321.4,329.1,320.0,328.0,2681.8236
2025-07-06 16:00:00+02:00,328.5,328.8,324.6,326.5,1804.3132
2025-07-06 18:00:00+02:00,326.4,328.4,326.3,327.7,941.8362
2025-07-06 20:00:00+02:00,327.6,328.3,323.6,325.5,1412.6606
2025-07-06 22:00:00+02:00,325.7,332.3,325.6,330.2,1476.7785
2025-07-07 00:00:00+02:00,329.8,331.9,325.3,326.6,1335.582
2025-07-07 02:00:00+02:00,326.8,327.5,325.5,327.0,1095.2751
2025-07-07 04:00:00+02:00,327.1,332.1,327.1,329.3,1017.7366
2025-07-07 06:00:00+02:00,329.2,330.7,328.1,328.5,600.0834
2025-07-07 08:00:00+02:00,328.6,329.3,326.6,329.2,902.9948
2025-07-07 10:00:00+02:00,329.1,329.5,323.9,324.7,3432.5379
2025-07-07 12:00:00+02:00,324.6,325.9,323.4,324.8,1128.221
2025-07-07 14:00:00+02:00,324.7,326.5,322.7,326.2,1261.0058
2025-07-07 16:00:00+02:00,326.3,326.4,320.8,323.3,1906.4068
2025-07-07 18:00:00+02:00,323.3,323.6,319.9,321.1,1541.2854
2025-07-07 20:00:00+02:00,321.2,324.2,318.9,322.1,890.135
2025-07-07 22:00:00+02:00,321.9,321.9,318.0,318.2,1134.1638
2025-07-08 00:00:00+02:00,318.2,321.0,317.0,320.4,539.2968
2025-07-08 02:00:00+02:00,319.8,321.5,317.5,317.8,1003.3761
2025-07-08 04:00:00+02:00,317.7,319.3,315.1,318.3,1280.3734
2025-07-08 06:00:00+02:00,318.0,319.6,316.8,319.6,485.9153
2025-07-08 08:00:00+02:00,319.6,321.9,319.1,321.4,1586.244
2025-07-08 10:00:00+02:00,321.4,322.5,318.7,320.3,781.9341
2025-07-08 12:00:00+02:00,320.2,322.8,319.3,321.5,812.1932
2025-07-08 14:00:00+02:00,321.5,323.8,320.5,323.1,1334.108
2025-07-08 16:00:00+02:00,323.2,323.2,317.2,317.7,935.7852
2025-07-08 18:00:00+02:00,317.8,322.6,315.7,321.5,2363.09
2025-07-08 20:00:00+02:00,321.6,322.9,318.8,320.4,962.9285
2025-07-08 22:00:00+02:00,320.3,320.8,318.3,320.4,651.0023
2025-07-09 00:00:00+02:00,320.5,321.4,319.1,321.0,429.5969
2025-07-09 02:00:00+02:00,321.2,322.1,318.5,319.0,586.902
2025-07-09 04:00:00+02:00,319.1,320.0,317.8,318.5,649.4371
2025-07-09 06:00:00+02:00,318.4,323.3,318.2,322.9,1138.7842
2025-07-09 08:00:00+02:00,323.0,324.9,321.7,324.8,1449.6945
2025-07-09 10:00:00+02:00,324.9,326.6,323.8,325.9,1700.5334
2025-07-09 12:00:00+02:00,326.0,327.0,324.5,326.1,1509.088
2025-07-09 14:00:00+02:00,326.3,329.9,325.7,328.0,2622.9076
2025-07-09 16:00:00+02:00,327.9,330.2,324.2,326.2,1603.6333
2025-07-09 18:00:00+02:00,326.1,328.6,325.5,326.5,992.258
2025-07-09 20:00:00+02:00,326.5,343.4,325.9,343.0,6023.136
2025-07-09 22:00:00+02:00,343.1,348.3,336.4,345.8,5862.3998
2025-07-10 00:00:00+02:00,345.7,351.6,345.7,347.6,3211.1562
2025-07-10 02:00:00+02:00,347.8,350.6,347.4,347.5,831.6475
2025-07-10 04:00:00+02:00,347.6,351.5,347.6,349.6,979.0701
2025-07-10 06:00:00+02:00,349.8,353.3,346.7,349.8,1736.0675
2025-07-10 08:00:00+02:00,349.7,356.0,349.1,352.3,1955.8882
2025-07-10 10:00:00+02:00,352.3,353.4,349.3,350.5,1703.232
2025-07-10 12:00:00+02:00,350.5,350.5,347.1,348.7,1538.4302
2025-07-10 14:00:00+02:00,348.6,351.2,345.7,349.0,1982.8904
2025-07-10 16:00:00+02:00,349.1,350.5,346.2,348.2,1678.8255
2025-07-10 18:00:00+02:00,348.2,365.7,347.9,364.8,5583.5528
2025-07-10 20:00:00+02:00,364.8,368.5,361.7,364.4,4597.7099
2025-07-10 22:00:00+02:00,364.2,378.2,363.4,378.0,5655.3717
2025-07-11 00:00:00+02:00,377.9,381.8,373.2,375.7,3760.0897
2025-07-11 02:00:00+02:00,375.8,377.6,369.4,377.5,1434.1573
2025-07-11 04:00:00+02:00,377.4,381.0,376.5,379.2,1361.4333
2025-07-11 06:00:00+02:00,379.1,389.9,376.1,388.4,4521.6774
2025-07-11 08:00:00+02:00,388.2,389.8,375.2,377.8,4909.3661
2025-07-11 10:00:00+02:00,377.9,392.8,377.3,391.5,4407.6646
2025-07-11 12:00:00+02:00,391.4,393.5,386.0,388.4,3261.0379
2025-07-11 14:00:00+02:00,388.6,398.5,388.0,396.6,4395.8697
2025-07-11 16:00:00+02:00,397.2,399.5,381.7,383.8,5724.3381
2025-07-11 18:00:00+02:00,384.0,397.8,383.2,397.8,3375.4049
2025-07-11 20:00:00+02:00,397.8,400.7,394.7,399.7,3143.3146
2025-07-11 22:00:00+02:00,399.6,402.9,390.7,394.1,3600.4231
2025-07-12 00:00:00+02:00,394.2,395.7,384.0,394.3,2512.8403
2025-07-12 02:00:00+02:00,394.2,399.3,388.1,398.4,1510.3778
2025-07-12 04:00:00+02:00,398.1,401.3,397.7,399.2,1445.3955
2025-07-12 06:00:00+02:00,399.3,400.3,390.5,391.5,1168.5748
2025-07-12 08:00:00+02:00,391.7,396.7,389.0,392.0,2686.8089
2025-07-12 10:00:00+02:00,392.1,395.5,390.4,394.5,1425.8229
2025-07-12 12:00:00+02:00,394.4,395.6,389.6,390.2,1942.8549
2025-07-12 14:00:00+02:00,390.2,391.2,375.3,380.6,3993.7631
2025-07-12 16:00:00+02:00,380.7,384.6,373.6,376.1,2704.161
2025-07-12 18:00:00+02:00,376.1,386.5,374.4,384.6,2314.2791
2025-07-12 20:00:00+02:00,384.1,386.9,383.1,385.6,583.4216
2025-07-12 22:00:00+02:00,385.6,385.7,378.8,384.2,1207.8997
2025-07-13 00:00:00+02:00,384.5,386.0,380.0,384.7,533.5658
2025-07-13 02:00:00+02:00,384.9,386.2,381.9,385.0,1265.264
2025-07-13 04:00:00+02:00,384.8,388.0,381.4,386.5,449.6992
2025-07-13 06:00:00+02:00,386.5,391.3,384.8,387.1,1780.9741
2025-07-13 08:00:00+02:00,387.0,392.6,385.7,392.6,2922.9915
2025-07-13 10:00:00+02:00,392.6,393.0,386.6,387.3,985.3593
2025-07-13 12:00:00+02:00,387.7,394.6,387.6,394.6,1483.7608
2025-07-13 14:00:00+02:00,394.4,397.5,392.5,396.5,1680.5381
2025-07-13 16:00:00+02:00,396.7,400.1,393.2,395.4,2094.2424
2025-07-13 18:00:00+02:00,395.7,397.9,391.0,397.2,1307.2307
2025-07-13 20:00:00+02:00,397.3,405.0,395.8,396.8,2088.5632
2025-07-13 22:00:00+02:00,396.8,398.8,387.5,388.8,2471.8266
2025-07-14 00:00:00+02:00,388.5,392.5,384.7,391.1,2099.7481
2025-07-14 02:00:00+02:00,391.2,398.4,390.5,397.2,1532.5966
2025-07-14 04:00:00+02:00,397.0,408.1,395.6,406.0,2273.2835
2025-07-14 06:00:00+02:00,406.0,432.3,404.3,425.5,11129.4186
2025-07-14 08:00:00+02:00,425.7,428.2,419.8,425.7,4012.0799
2025-07-14 10:00:00+02:00,425.9,426.0,417.3,419.5,3715.8911
2025-07-14 12:00:00+02:00,419.4,422.3,415.2,418.3,2807.5424
2025-07-14 14:00:00+02:00,418.2,421.9,415.3,420.8,2356.7802
2025-07-14 16:00:00+02:00,420.7,423.3,405.4,408.7,3960.6893
2025-07-14 18:00:00+02:00,408.1,416.2,403.5,408.0,3468.7387
2025-07-14 20:00:00+02:00,408.0,411.2,400.7,411.2,2274.4769
2025-07-14 22:00:00+02:00,410.8,410.8,401.6,409.3,1591.1904
2025-07-15 00:00:00+02:00,409.4,409.9,406.3,408.9,421.363
2025-07-15 02:00:00+02:00,408.5,412.4,401.6,406.1,1382.8468
2025-07-15 04:00:00+02:00,406.4,411.0,400.2,407.1,3212.278
2025-07-15 06:00:00+02:00,407.0,420.6,401.2,419.3,4523.4358
2025-07-15 08:00:00+02:00,419.0,420.9,408.0,410.2,3078.807
2025-07-15 10:00:00+02:00,410.2,414.2,404.6,412.3,1835.2043
2025-07-15 12:00:00+02:00,412.2,427.4,411.5,426.3,4292.5345
2025-07-15 14:00:00+02:00,426.0,437.7,418.8,434.1,6422.5487
2025-07-15 16:00:00+02:00,434.2,436.5,419.3,428.7,4448.67
2025-07-15 18:00:00+02:00,428.6,435.7,428.0,435.7,2967.6183
2025-07-15 20:00:00+02:00,435.7,437.3,424.4,425.5,3559.3219
2025-07-15 22:00:00+02:00,425.6,429.6,419.9,427.9,2432.5135
2025-07-16 00:00:00+02:00,428.1,436.6,426.1,436.1,1145.9493
2025-07-16 02:00:00+02:00,435.9,446.6,433.8,440.5,2599.3754
2025-07-16 04:00:00+02:00,440.3,441.5,430.1,433.6,1317.723
2025-07-16 06:00:00+02:00,433.8,440.7,428.6,438.3,2363.4773
2025-07-16 08:00:00+02:00,438.3,445.0,436.4,441.1,3428.1537
2025-07-16 10:00:00+02:00,440.9,443.5,438.0,440.3,1900.6969
2025-07-16 12:00:00+02:00,440.4,441.7,436.7,440.0,1683.8961
2025-07-16 14:00:00+02:00,440.0,445.0,433.4,435.6,2530.0728
2025-07-16 16:00:00+02:00,435.7,442.7,432.2,437.9,3763.1751
2025-07-16 18:00:00+02:00,437.8,442.0,434.9,441.4,1779.9408
2025-07-16 20:00:00+02:00,441.5,445.3,437.4,438.7,2500.3027
2025-07-16 22:00:00+02:00,438.8,444.9,438.5,441.7,2464.6986
2025-07-17 00:00:00+02:00,441.7,444.1,429.6,431.9,1997.3481
2025-07-17 02:00:00+02:00,431.9,438.0,424.4,429.3,2026.7519
2025-07-17 04:00:00+02:00,429.1,431.6,418.6,422.5,2318.6751
2025-07-17 06:00:00+02:00,422.4,428.5,420.6,428.4,1208.7712
2025-07-17 08:00:00+02:00,428.2,433.4,426.2,429.5,2203.5472
2025-07-17 10:00:00+02:00,429.4,434.9,423.9,432.4,2774.2243
2025-07-17 12:00:00+02:00,432.2,433.7,425.6,427.9,1673.3145
2025-07-17 14:00:00+02:00,427.9,432.8,422.6,430.2,2946.1436
2025-07-17 16:00:00+02:00,429.6,435.8,428.8,433.2,1635.9247
2025-07-17 18:00:00+02:00,433.5,434.3,423.2,431.8,2517.0929
2025-07-17 20:00:00+02:00,432.0,432.0,418.7,419.1,2743.8897
2025-07-17 22:00:00+02:00,419.0,426.9,412.8,421.9,3620.2778
2025-07-18 00:00:00+02:00,422.0,431.8,420.5,422.5,2625.4167
2025-07-18 02:00:00+02:00,422.9,428.9,418.8,423.0,2080.6507
2025-07-18 04:00:00+02:00,423.3,431.9,419.0,429.2,2683.3078
2025-07-18 06:00:00+02:00,429.2,439.2,426.9,437.6,3888.1601
2025-07-18 08:00:00+02:00,437.7,437.8,422.0,422.5,4844.6515
2025-07-18 10:00:00+02:00,422.4,426.6,416.2,421.6,4938.4933
2025-07-18 12:00:00+02:00,421.6,421.6,411.4,415.8,3360.6682
2025-07-18 14:00:00+02:00,416.0,420.9,414.3,417.6,2616.4666
2025-07-18 16:00:00+02:00,417.6,419.6,404.7,410.1,7772.0172
2025-07-18 18:00:00+02:00,409.9,416.5,406.7,413.4,2234.4375
2025-07-18 20:00:00+02:00,413.4,415.0,407.6,409.9,1728.0006
2025-07-18 22:00:00+02:00,409.8,410.5,397.4,407.5,4794.143
2025-07-19 00:00:00+02:00,407.4,413.9,405.2,411.7,1446.7475
2025-07-19 02:00:00+02:00,411.8,413.6,405.3,409.9,812.1648
2025-07-19 04:00:00+02:00,410.2,414.7,408.1,413.7,993.0377
2025-07-19 06:00:00+02:00,414.1,415.4,408.3,410.2,1121.5622
2025-07-19 08:00:00+02:00,410.1,410.4,406.1,407.7,1233.1958
2025-07-19 10:00:00+02:00,407.8,410.1,404.3,409.3,614.1391
2025-07-19 12:00:00+02:00,409.2,411.5,403.8,405.1,1340.1536
2025-07-19 14:00:00+02:00,404.9,407.8,404.4,406.6,1214.2653
2025-07-19 16:00:00+02:00,406.8,414.3,404.0,412.4,2536.8772
2025-07-19 18:00:00+02:00,412.4,419.8,408.2,409.6,3453.9696
2025-07-19 20:00:00+02:00,409.3,415.3,409.2,413.1,1257.3867
2025-07-19 22:00:00+02:00,413.1,417.0,409.9,413.0,1399.0347
2025-07-20 00:00:00+02:00,412.5,415.7,411.0,413.9,477.6387
2025-07-20 02:00:00+02:00,414.0,419.5,413.0,416.1,1239.3213
2025-07-20 04:00:00+02:00,415.6,417.8,414.6,416.4,368.2814
2025-07-20 06:00:00+02:00,416.0,418.2,414.3,418.1,678.9557
2025-07-20 08:00:00+02:00,417.9,423.6,416.2,422.4,2618.7269
2025-07-20 10:00:00+02:00,422.5,427.2,422.4,426.4,2036.8986
2025-07-20 12:00:00+02:00,426.2,432.7,426.2,430.1,2306.9728
2025-07-20 14:00:00+02:00,430.2,432.5,426.4,432.0,1061.933
2025-07-20 16:00:00+02:00,432.0,434.9,427.4,432.5,1838.6752
2025-07-20 18:00:00+02:00,432.5,434.5,427.1,430.4,3214.7649
2025-07-20 20:00:00+02:00,430.9,432.2,424.5,427.9,2050.3365
2025-07-20 22:00:00+02:00,427.8,428.2,419.0,423.2,2906.0993
2025-07-21 00:00:00+02:00,423.3,423.6,406.9,413.4,5233.2135
2025-07-21 02:00:00+02:00,413.7,414.7,408.2,413.3,2163.7157
2025-07-21 04:00:00+02:00,413.4,424.5,413.1,421.6,2126.8702
2025-07-21 06:00:00+02:00,421.3,423.8,417.3,420.1,1752.803
2025-07-21 08:00:00+02:00,420.6,429.1,418.0,428.8,2838.718
2025-07-21 10:00:00+02:00,428.7,429.1,423.0,425.5,12434.5854
2025-07-21 12:00:00+02:00,425.6,432.6,423.5,427.5,2408.6475
2025-07-21 14:00:00+02:00,427.4,431.3,423.3,429.8,3010.9564
2025-07-21 16:00:00+02:00,429.9,444.1,427.3,437.4,6397.7893
2025-07-21 18:00:00+02:00,437.5,438.0,424.6,431.6,4390.7627
2025-07-21 20:00:00+02:00,431.6,443.6,430.7,432.4,7413.2819
2025-07-21 22:00:00+02:00,432.5,442.9,430.9,442.0,2418.9055
2025-07-22 00:00:00+02:00,442.4,449.6,439.9,446.7,2950.1214
2025-07-22 02:00:00+02:00,446.7,457.6,440.1,456.6,5522.1764
2025-07-22 04:00:00+02:00,456.6,461.5,440.4,446.0,4420.5915
2025-07-22 06:00:00+02:00,446.0,446.0,428.4,432.8,4737.9173
2025-07-22 08:00:00+02:00,433.0,438.2,424.4,427.3,2637.9039
2025-07-22 10:00:00+02:00,427.6,427.6,415.1,424.2,3953.8196
2025-07-22 12:00:00+02:00,424.1,432.5,423.3,431.7,2237.8105
2025-07-22 14:00:00+02:00,431.7,437.7,427.5,429.5,4252.3131
2025-07-22 16:00:00+02:00,429.5,443.8,424.7,440.0,4677.4717
2025-07-22 18:00:00+02:00,440.1,453.3,438.3,442.1,4734.7999
2025-07-22 20:00:00+02:00,442.0,448.6,435.4,437.4,3229.7091
2025-07-22 22:00:00+02:00,437.4,446.4,436.0,445.7,1733.6852
2025-07-23 00:00:00+02:00,445.7,454.8,445.0,452.3,2979.4531
2025-07-23 02:00:00+02:00,452.3,452.3,445.4,448.1,2250.2056
2025-07-23 04:00:00+02:00,448.2,450.2,444.9,447.2,1439.0784
2025-07-23 06:00:00+02:00,447.4,451.3,447.0,449.8,796.2096
2025-07-23 08:00:00+02:00,449.4,450.5,441.3,443.3,1489.3108
2025-07-23 10:00:00+02:00,442.8,446.7,438.7,441.0,1026.6298
2025-07-23 12:00:00+02:00,440.7,444.8,438.3,441.9,1978.0567
2025-07-23 14:00:00+02:00,441.9,443.3,421.3,426.9,6175.8253
2025-07-23 16:00:00+02:00,426.5,441.8,425.5,440.8,3659.0119
2025-07-23 18:00:00+02:00,440.6,441.0,420.7,429.6,3509.8847
2025-07-23 20:00:00+02:00,429.8,432.2,425.2,425.6,1708.9121
2025-07-23 22:00:00+02:00,425.6,427.3,409.0,418.9,4577.6948
2025-07-24 00:00:00+02:00,418.6,428.8,416.2,424.8,1469.1827
2025-07-24 02:00:00+02:00,424.8,434.6,422.6,434.1,1467.724
2025-07-24 04:00:00+02:00,434.3,434.5,425.5,425.6,652.7583
2025-07-24 06:00:00+02:00,425.6,431.0,409.6,411.0,3100.0934
2025-07-24 08:00:00+02:00,411.1,419.2,402.3,418.0,4140.0379
2025-07-24 10:00:00+02:00,417.9,424.6,414.9,420.8,2724.1559
2025-07-24 12:00:00+02:00,421.0,423.3,411.6,418.9,2578.0873
2025-07-24 14:00:00+02:00,418.6,421.2,413.8,416.0,1966.8523
2025-07-24 16:00:00+02:00,416.1,434.5,412.7,429.4,4707.6521
2025-07-24 18:00:00+02:00,429.7,433.0,418.9,431.1,2607.8172
2025-07-24 20:00:00+02:00,431.0,436.6,427.3,427.8,2759.8645
2025-07-24 22:00:00+02:00,427.8,431.3,423.6,424.4,1282.5018
2025-07-25 00:00:00+02:00,424.4,425.7,414.6,416.5,1988.9108
2025-07-25 02:00:00+02:00,416.5,428.7,409.8,418.0,4150.4933
2025-07-25 04:00:00+02:00,418.1,419.3,405.6,410.2,3379.3875
2025-07-25 06:00:00+02:00,409.4,413.3,404.6,406.1,2639.6971
2025-07-25 08:00:00+02:00,406.1,412.8,403.1,408.4,2603.7033
2025-07-25 10:00:00+02:00,408.1,418.7,407.6,418.2,1766.3779
2025-07-25 12:00:00+02:00,418.3,421.3,415.2,417.9,1635.7109
2025-07-25 14:00:00+02:00,417.8,419.6,411.4,415.4,1874.0586
2025-07-25 16:00:00+02:00,415.7,416.0,404.0,409.5,2390.1303
2025-07-25 18:00:00+02:00,409.5,413.5,406.1,410.5,1271.4661
2025-07-25 20:00:00+02:00,410.0,416.5,409.9,414.3,763.9739
2025-07-25 22:00:00+02:00,414.1,425.1,413.6,424.5,1571.1852
2025-07-26 00:00:00+02:00,424.5,427.9,424.4,427.4,1477.9229
2025-07-26 02:00:00+02:00,427.4,427.9,422.1,422.6,874.7582
2025-07-26 04:00:00+02:00,422.6,427.3,422.4,424.6,956.8208
2025-07-26 06:00:00+02:00,424.5,429.3,424.0,429.3,700.7245
2025-07-26 08:00:00+02:00,429.2,430.0,426.7,428.4,638.5336
2025-07-26 10:00:00+02:00,428.6,430.9,427.3,429.1,1186.4579
2025-07-26 12:00:00+02:00,429.0,430.4,426.4,426.4,1057.7026
2025-07-26 14:00:00+02:00,426.4,429.3,424.2,427.8,605.6839
2025-07-26 16:00:00+02:00,428.0,431.9,426.8,431.2,860.4483
2025-07-26 18:00:00+02:00,431.2,434.9,428.1,429.4,1145.7901
2025-07-26 20:00:00+02:00,429.5,433.1,427.5,432.8,502.876
2025-07-26 22:00:00+02:00,432.6,432.6,427.7,430.9,464.1986
2025-07-27 00:00:00+02:00,430.8,433.5,426.6,426.8,693.3425
2025-07-27 02:00:00+02:00,426.8,429.8,425.8,428.4,394.3797
2025-07-27 04:00:00+02:00,428.2,431.8,427.8,430.2,345.0802
2025-07-27 06:00:00+02:00,430.1,432.5,429.2,430.9,646.6726
2025-07-27 08:00:00+02:00,430.8,431.7,428.0,428.7,470.9375
2025-07-27 10:00:00+02:00,428.7,429.4,421.6,422.6,1084.2469
2025-07-27 12:00:00+02:00,422.7,429.9,422.6,429.3,1867.6381
2025-07-27 14:00:00+02:00,429.2,432.4,425.9,427.4,1387.5749
2025-07-27 16:00:00+02:00,427.1,429.1,424.6,426.6,1211.6743
2025-07-27 18:00:00+02:00,426.7,433.8,426.5,432.5,2928.2633
2025-07-27 20:00:00+02:00,432.3,433.5,429.3,429.6,1451.2396
2025-07-27 22:00:00+02:00,429.6,432.1,426.4,429.6,839.5473
2025-07-28 00:00:00+02:00,429.7,433.9,428.1,429.2,1155.1467
2025-07-28 02:00:00+02:00,429.2,434.6,425.8,426.7,1521.8022
2025-07-28 04:00:00+02:00,426.6,433.8,425.6,432.7,1058.8807
2025-07-28 06:00:00+02:00,432.6,438.4,430.9,437.5,2340.7285
2025-07-28 08:00:00+02:00,437.4,439.3,430.0,432.1,1906.9485
2025-07-28 10:00:00+02:00,432.1,433.1,427.7,431.3,1513.1901
2025-07-28 12:00:00+02:00,431.4,434.2,429.5,432.5,1295.0059
2025-07-28 14:00:00+02:00,432.7,433.2,415.9,418.0,3422.2215
2025-07-28 16:00:00+02:00,417.7,418.7,406.9,410.7,4786.7459
2025-07-28 18:00:00+02:00,410.5,412.7,406.1,408.7,1862.8148
2025-07-28 20:00:00+02:00,408.9,409.5,402.5,407.2,3322.2706
2025-07-28 22:00:00+02:00,407.2,407.5,400.3,405.0,2939.4607
2025-07-29 00:00:00+02:00,404.8,406.1,399.5,402.7,1848.0778
2025-07-29 02:00:00+02:00,402.7,406.3,397.2,398.0,2482.3759
2025-07-29 04:00:00+02:00,397.9,403.3,393.8,402.6,1896.7348
2025-07-29 06:00:00+02:00,402.4,405.1,398.6,404.5,1566.7729
2025-07-29 08:00:00+02:00,404.5,411.3,403.7,409.5,2284.4133
2025-07-29 10:00:00+02:00,409.5,410.1,405.2,406.7,1421.3992
2025-07-29 12:00:00+02:00,406.8,407.6,397.9,400.3,1967.0902
2025-07-29 14:00:00+02:00,400.3,402.3,392.0,393.4,2915.5722
2025-07-29 16:00:00+02:00,393.6,394.6,387.8,391.8,3855.061
2025-07-29 18:00:00+02:00,391.9,393.5,385.0,388.7,3239.6561
2025-07-29 20:00:00+02:00,388.6,388.8,380.6,380.6,2914.6263
2025-07-29 22:00:00+02:00,380.8,383.3,375.0,381.6,3012.9349
2025-07-30 00:00:00+02:00,381.6,384.6,377.7,383.8,1447.9003
2025-07-30 02:00:00+02:00,383.7,383.8,376.3,381.3,1086.7977
2025-07-30 04:00:00+02:00,381.4,385.0,381.0,383.1,828.4714
2025-07-30 06:00:00+02:00,383.0,383.8,374.8,380.6,1462.5511
2025-07-30 08:00:00+02:00,380.7,382.5,376.6,377.4,1176.0665
2025-07-30 10:00:00+02:00,377.4,381.4,369.3,373.9,3807.1108
2025-07-30 12:00:00+02:00,374.1,376.5,360.0,363.7,5641.0562
2025-07-30 14:00:00+02:00,363.7,369.9,360.3,367.2,4472.3836
2025-07-30 16:00:00+02:00,367.2,376.0,364.2,371.1,4235.1618
2025-07-30 18:00:00+02:00,371.5,375.8,370.1,374.0,1836.9678
2025-07-30 20:00:00+02:00,374.2,375.9,355.3,371.7,7169.1523
2025-07-30 22:00:00+02:00,371.4,375.7,366.0,369.3,2027.6919
2025-07-31 00:00:00+02:00,369.2,373.6,366.4,372.9,1298.1226
2025-07-31 02:00:00+02:00,372.9,377.2,370.9,375.9,1419.9754
2025-07-31 04:00:00+02:00,376.1,378.8,373.9,376.8,892.1228
2025-07-31 06:00:00+02:00,377.0,379.7,376.0,378.0,1139.5327
2025-07-31 08:00:00+02:00,378.0,381.6,376.6,378.6,2659.7165
2025-07-31 10:00:00+02:00,378.5,382.2,378.4,382.1,1642.536
2025-07-31 12:00:00+02:00,381.9,382.6,375.8,376.8,1657.6436
2025-07-31 14:00:00+02:00,377.1,377.3,367.6,370.2,2551.2183
2025-07-31 16:00:00+02:00,370.4,371.6,364.1,367.1,2829.683
2025-07-31 18:00:00+02:00,367.0,374.1,366.5,367.6,1585.5241
2025-07-31 20:00:00+02:00,367.8,369.7,363.3,365.3,1654.2472
2025-07-31 22:00:00+02:00,365.2,365.6,356.1,359.9,2185.6592
2025-08-01 00:00:00+02:00,359.4,359.4,351.7,353.0,2408.0134
2025-08-01 02:00:00+02:00,353.1,355.1,343.6,353.7,3788.8064
2025-08-01 04:00:00+02:00,353.4,357.6,353.1,355.0,1177.0835
2025-08-01 06:00:00+02:00,354.9,354.9,349.3,351.0,1558.6653
2025-08-01 08:00:00+02:00,350.9,352.1,346.1,348.3,3899.6869
2025-08-01 10:00:00+02:00,348.2,348.2,337.7,344.0,5186.7366
2025-08-01 12:00:00+02:00,344.0,349.7,343.7,349.5,1806.2715
2025-08-01 14:00:00+02:00,349.1,353.9,341.1,344.6,4353.2944
2025-08-01 16:00:00+02:00,344.3,354.8,341.4,352.8,3494.8299
2025-08-01 18:00:00+02:00,352.5,355.0,344.2,346.1,1616.9638
2025-08-01 20:00:00+02:00,346.4,350.9,343.3,350.0,2481.6588
2025-08-01 22:00:00+02:00,349.7,351.2,340.4,345.9,2294.7241
2025-08-02 00:00:00+02:00,346.3,346.6,334.3,343.4,3802.0339
2025-08-02 02:00:00+02:00,343.4,348.3,342.7,347.5,1415.567
2025-08-02 04:00:00+02:00,347.3,348.0,346.0,346.6,528.8779
2025-08-02 06:00:00+02:00,346.5,349.5,345.8,347.8,643.1308
2025-08-02 08:00:00+02:00,347.8,348.1,338.1,345.9,2876.7563
2025-08-02 10:00:00+02:00,345.6,346.4,337.6,338.5,2019.3055
2025-08-02 12:00:00+02:00,338.7,340.6,335.6,338.7,1471.3844
2025-08-02 14:00:00+02:00,338.6,340.8,335.9,340.0,913.1414
2025-08-02 16:00:00+02:00,339.6,340.6,332.9,334.1,3304.5795
2025-08-02 18:00:00+02:00,334.0,339.4,330.1,332.3,2652.2786
2025-08-02 20:00:00+02:00,332.3,335.1,327.3,330.7,4043.0269
2025-08-02 22:00:00+02:00,330.5,336.2,330.5,334.8,1476.5675
2025-08-03 00:00:00+02:00,334.6,336.4,330.1,333.8,803.6539
2025-08-03 02:00:00+02:00,333.7,336.9,328.9,336.0,1100.6483
2025-08-03 04:00:00+02:00,335.9,341.0,335.8,339.1,867.2974
2025-08-03 06:00:00+02:00,338.9,340.8,337.3,339.4,1016.5306
2025-08-03 08:00:00+02:00,339.3,341.4,338.4,341.3,965.4713
2025-08-03 10:00:00+02:00,341.2,343.4,340.2,342.3,1680.344
2025-08-03 12:00:00+02:00,342.2,349.7,342.1,345.8,3372.65
2025-08-03 14:00:00+02:00,345.6,348.2,344.4,346.7,1741.6196
2025-08-03 16:00:00+02:00,346.8,347.4,344.6,346.7,1398.0715
2025-08-03 18:00:00+02:00,346.6,349.7,345.0,349.3,1522.5107
2025-08-03 20:00:00+02:00,349.4,353.8,348.2,349.6,1682.4413
2025-08-03 22:00:00+02:00,349.8,352.1,348.3,350.7,1471.2351
2025-08-04 00:00:00+02:00,351.0,352.1,348.9,350.0,1180.9852
2025-08-04 02:00:00+02:00,349.8,358.0,349.3,353.0,1591.8212
2025-08-04 04:00:00+02:00,352.9,357.3,350.6,353.5,1422.7649
2025-08-04 06:00:00+02:00,353.4,354.8,351.5,354.1,1068.1956
2025-08-04 08:00:00+02:00,354.0,357.5,352.2,357.1,1989.0051
2025-08-04 10:00:00+02:00,357.3,359.0,354.6,355.0,1834.4796
2025-08-04 12:00:00+02:00,355.0,357.0,353.0,354.6,1267.4869
2025-08-04 14:00:00+02:00,354.8,359.9,354.4,359.6,1467.0056
2025-08-04 16:00:00+02:00,359.9,367.0,355.8,357.5,3262.2544
2025-08-04 18:00:00+02:00,357.6,362.7,357.2,357.5,2356.6428
2025-08-04 20:00:00+02:00,357.5,358.8,352.8,353.7,1555.8876
2025-08-04 22:00:00+02:00,353.8,360.9,352.8,358.8,2005.87
2025-08-05 00:00:00+02:00,359.4,360.4,357.4,358.1,861.2339
2025-08-05 02:00:00+02:00,358.0,358.0,354.1,354.4,800.4374
2025-08-05 04:00:00+02:00,354.3,355.8,350.2,350.3,746.8326
2025-08-05 06:00:00+02:00,350.5,351.5,348.3,350.2,1092.5557
2025-08-05 08:00:00+02:00,350.3,351.6,343.2,343.3,3045.8666
2025-08-05 10:00:00+02:00,343.4,349.2,342.6,348.7,1569.8655
2025-08-05 12:00:00+02:00,348.6,352.2,347.1,351.0,2504.5916
2025-08-05 14:00:00+02:00,351.1,351.6,343.5,347.4,2589.63
2025-08-05 16:00:00+02:00,347.3,347.6,335.2,337.3,4829.4366
2025-08-05 18:00:00+02:00,337.2,341.7,335.8,341.2,1711.4762
2025-08-05 20:00:00+02:00,341.0,341.2,336.1,337.1,1572.3731
2025-08-05 22:00:00+02:00,337.2,340.0,336.3,337.2,1847.4875
2025-08-06 00:00:00+02:00,337.1,343.3,334.0,342.2,1144.5647
2025-08-06 02:00:00+02:00,342.2,343.0,338.9,339.5,937.3727
2025-08-06 04:00:00+02:00,339.4,340.0,336.0,336.4,652.8497
2025-08-06 06:00:00+02:00,336.3,344.4,334.9,341.6,1210.5415
2025-08-06 08:00:00+02:00,341.6,344.7,339.0,343.9,1025.1416
2025-08-06 10:00:00+02:00,343.8,344.2,339.9,342.4,907.1581
2025-08-06 12:00:00+02:00,342.5,343.4,340.0,340.9,837.9439
2025-08-06 14:00:00+02:00,341.0,342.1,337.2,339.8,1669.9569
2025-08-06 16:00:00+02:00,339.8,348.3,338.4,348.0,1824.2123
2025-08-06 18:00:00+02:00,348.0,348.9,344.3,348.0,1051.5794
2025-08-06 20:00:00+02:00,348.1,350.6,347.1,348.2,1530.0227
2025-08-06 22:00:00+02:00,348.4,348.6,344.3,346.6,1060.5904
2025-08-07 00:00:00+02:00,346.8,348.4,346.2,346.3,460.7016
2025-08-07 02:00:00+02:00,346.2,346.4,341.9,342.1,621.9661
2025-08-07 04:00:00+02:00,342.1,343.8,341.2,341.8,294.6162
2025-08-07 06:00:00+02:00,341.6,345.1,341.4,345.1,410.4802
2025-08-07 08:00:00+02:00,345.0,347.5,345.0,347.0,761.5344
2025-08-07 10:00:00+02:00,347.0,349.0,345.9,348.0,955.9303
2025-08-07 12:00:00+02:00,348.0,359.2,347.7,358.3,2615.3937
2025-08-07 14:00:00+02:00,358.4,360.9,355.7,358.4,2535.9054
2025-08-07 16:00:00+02:00,358.5,358.9,353.7,356.7,1730.0396
2025-08-07 18:00:00+02:00,356.7,357.1,348.9,353.6,1500.9684
2025-08-07 20:00:00+02:00,353.7,360.5,352.6,360.4,1008.2153
2025-08-07 22:00:00+02:00,360.4,365.9,358.6,364.5,2144.6875
2025-08-08 00:00:00+02:00,364.8,371.3,364.5,371.1,2107.4145
2025-08-08 02:00:00+02:00,371.1,372.6,366.4,368.8,2540.0039
2025-08-08 04:00:00+02:00,368.7,372.2,366.5,372.2,1035.9453
2025-08-08 06:00:00+02:00,372.1,375.0,368.9,369.3,1503.5487
2025-08-08 08:00:00+02:00,369.1,375.7,367.8,375.0,2306.4794
2025-08-08 10:00:00+02:00,375.0,378.2,370.1,372.7,2346.426
2025-08-08 12:00:00+02:00,372.7,373.5,369.1,373.2,1603.6692
2025-08-08 14:00:00+02:00,373.2,377.2,369.1,377.1,2027.5968
2025-08-08 16:00:00+02:00,377.1,380.3,364.4,368.1,5132.1623
2025-08-08 18:00:00+02:00,367.9,377.4,364.3,376.4,3581.029
2025-08-08 20:00:00+02:00,376.4,377.9,373.4,377.3,2663.0316
2025-08-08 22:00:00+02:00,377.3,378.0,374.2,375.8,1179.1059
2025-08-09 00:00:00+02:00,375.8,377.0,373.4,374.2,558.8381
2025-08-09 02:00:00+02:00,374.3,375.5,372.1,375.2,389.3059
2025-08-09 04:00:00+02:00,375.1,376.1,374.0,375.1,289.1287
2025-08-09 06:00:00+02:00,375.1,385.8,374.4,384.2,3932.7254
2025-08-09 08:00:00+02:00,384.2,385.7,379.6,385.5,2252.2675
2025-08-09 10:00:00+02:00,385.4,389.0,383.6,387.8,1736.0744
2025-08-09 12:00:00+02:00,387.8,388.7,385.7,387.1,2746.8623
2025-08-09 14:00:00+02:00,386.9,391.1,382.7,383.4,2872.9504
2025-08-09 16:00:00+02:00,383.3,388.2,380.6,385.6,2154.7855
2025-08-09 18:00:00+02:00,385.8,389.3,385.4,389.0,1003.8839
2025-08-09 20:00:00+02:00,389.1,391.6,388.2,389.6,1302.5014
2025-08-09 22:00:00+02:00,389.6,395.0,388.8,390.5,1923.7117
2025-08-10 00:00:00+02:00,390.6,393.9,387.8,390.1,936.242
2025-08-10 02:00:00+02:00,390.4,396.1,389.1,394.5,1267.3663
2025-08-10 04:00:00+02:00,394.4,397.7,392.1,396.1,1572.0916
2025-08-10 06:00:00+02:00,396.1,399.2,393.4,393.8,1300.3218
2025-08-10 08:00:00+02:00,393.7,393.9,383.6,385.1,3429.598
2025-08-10 10:00:00+02:00,385.2,390.1,380.3,388.0,2447.7956
2025-08-10 12:00:00+02:00,388.1,389.2,383.0,384.9,1530.7924
2025-08-10 14:00:00+02:00,384.7,386.4,382.0,382.3,1058.119
2025-08-10 16:00:00+02:00,382.3,392.5,381.4,390.8,2357.9799
2025-08-10 18:00:00+02:00,390.6,392.1,389.0,391.0,821.3633
2025-08-10 20:00:00+02:00,391.0,395.7,390.9,393.6,1490.6377
2025-08-10 22:00:00+02:00,393.6,393.9,384.8,387.4,1760.4784
2025-08-11 00:00:00+02:00,387.6,389.2,383.0,389.0,1343.7158
2025-08-11 02:00:00+02:00,389.0,395.4,385.8,392.6,1785.4819
2025-08-11 04:00:00+02:00,392.8,397.1,392.5,395.9,1754.0213
2025-08-11 06:00:00+02:00,396.0,398.1,392.5,394.2,1664.9568
2025-08-11 08:00:00+02:00,394.4,394.9,383.8,384.9,2484.8848
2025-08-11 10:00:00+02:00,384.9,387.5,380.9,381.8,2394.5224
2025-08-11 12:00:00+02:00,381.8,381.9,368.1,369.6,5377.7714
2025-08-11 14:00:00+02:00,369.4,375.9,366.9,374.4,2911.052
2025-08-11 16:00:00+02:00,374.5,376.1,369.6,374.7,2729.865
2025-08-11 18:00:00+02:00,374.5,378.4,363.9,364.4,4322.0116
2025-08-11 20:00:00+02:00,364.7,368.5,361.7,365.6,2584.0566
2025-08-11 22:00:00+02:00,365.5,366.6,358.7,361.8,1958.9748
2025-08-12 00:00:00+02:00,361.7,362.5,358.1,360.2,1767.2301
2025-08-12 02:00:00+02:00,360.2,365.0,359.7,364.1,945.1041
2025-08-12 04:00:00+02:00,364.0,367.3,362.7,362.9,572.6466
2025-08-12 06:00:00+02:00,362.8,366.0,360.9,362.9,1067.0509
2025-08-12 08:00:00+02:00,362.7,365.1,358.9,364.5,1116.548
2025-08-12 10:00:00+02:00,364.5,365.7,361.1,362.3,935.4581
2025-08-12 12:00:00+02:00,362.3,364.9,357.7,364.4,1999.7441
2025-08-12 14:00:00+02:00,364.4,374.6,362.1,370.5,4542.528
2025-08-12 16:00:00+02:00,370.6,381.0,369.7,380.2,5754.9779
2025-08-12 18:00:00+02:00,380.3,388.1,379.4,384.2,4746.5356
2025-08-12 20:00:00+02:00,384.3,392.8,383.6,391.9,2567.9426
2025-08-12 22:00:00+02:00,392.0,399.0,390.8,392.8,3923.5773
2025-08-13 00:00:00+02:00,392.9,393.8,389.7,392.2,2127.7686
2025-08-13 02:00:00+02:00,392.2,396.0,385.5,387.7,1871.0366
2025-08-13 04:00:00+02:00,387.1,394.2,385.5,392.8,1157.8195
2025-08-13 06:00:00+02:00,392.4,395.0,388.0,389.0,1623.024
2025-08-13 08:00:00+02:00,388.8,395.1,387.3,394.9,1657.1455
2025-08-13 10:00:00+02:00,394.8,400.6,394.8,399.9,2553.4875
2025-08-13 12:00:00+02:00,400.0,404.8,398.0,401.5,3201.8433
2025-08-13 14:00:00+02:00,401.3,404.4,393.9,397.1,3290.3186
2025-08-13 16:00:00+02:00,397.7,398.4,389.0,393.2,3468.6109
2025-08-13 18:00:00+02:00,393.3,396.7,391.2,392.9,2124.4686
2025-08-13 20:00:00+02:00,392.8,393.6,385.9,391.9,3088.8974
2025-08-13 22:00:00+02:00,392.0,392.3,387.7,388.5,1541.098
2025-08-14 00:00:00+02:00,388.6,394.9,387.2,390.5,2202.6638
2025-08-14 02:00:00+02:00,390.5,395.5,389.3,393.3,1759.3268
2025-08-14 04:00:00+02:00,393.0,402.3,393.0,401.2,1709.8219
2025-08-14 06:00:00+02:00,401.1,401.6,390.5,391.4,2155.9764
2025-08-14 08:00:00+02:00,391.2,391.8,384.1,386.6,3899.8774
2025-08-14 10:00:00+02:00,386.7,386.7,378.8,383.9,3622.7399
2025-08-14 12:00:00+02:00,383.9,385.5,379.4,380.5,2813.9332
2025-08-14 14:00:00+02:00,380.6,383.9,358.4,371.2,12722.6978
2025-08-14 16:00:00+02:00,371.2,375.3,367.7,369.4,2663.088
2025-08-14 18:00:00+02:00,369.4,369.4,363.7,368.3,2359.3701
2025-08-14 20:00:00+02:00,368.3,368.8,362.6,364.3,4395.5029
2025-08-14 22:00:00+02:00,364.3,365.8,358.3,362.1,2194.8246
2025-08-15 00:00:00+02:00,362.0,367.2,360.2,366.0,1064.0362
2025-08-15 02:00:00+02:00,366.1,369.8,365.3,367.9,1678.4639
2025-08-15 04:00:00+02:00,367.8,379.5,367.6,379.0,1595.6396
2025-08-15 06:00:00+02:00,378.9,379.3,372.5,375.3,1344.3719
2025-08-15 08:00:00+02:00,375.3,384.5,375.1,381.4,3365.8902
2025-08-15 10:00:00+02:00,381.2,383.5,375.6,376.9,2000.1741
2025-08-15 12:00:00+02:00,376.9,379.7,375.1,376.1,1578.7093
2025-08-15 14:00:00+02:00,376.0,383.5,373.4,375.8,3765.1309
2025-08-15 16:00:00+02:00,375.5,377.6,360.4,364.2,4989.2382
2025-08-15 18:00:00+02:00,364.2,368.3,360.6,366.0,3281.4199
2025-08-15 20:00:00+02:00,365.9,367.4,361.5,363.6,1842.1441
2025-08-15 22:00:00+02:00,363.6,368.4,361.9,368.3,1273.5472
2025-08-16 00:00:00+02:00,368.2,377.7,367.3,370.8,2237.2298
2025-08-16 02:00:00+02:00,370.7,376.8,368.8,373.5,1109.0642
2025-08-16 04:00:00+02:00,373.5,373.9,371.3,371.4,617.9955
2025-08-16 06:00:00+02:00,371.5,373.1,368.8,369.6,616.0492
2025-08-16 08:00:00+02:00,369.7,372.9,368.8,371.4,1132.1822
2025-08-16 10:00:00+02:00,371.3,371.7,366.7,366.7,914.6512
2025-08-16 12:00:00+02:00,366.7,369.4,364.9,365.2,1491.432
2025-08-16 14:00:00+02:00,365.3,370.0,364.1,366.7,1268.2696
2025-08-16 16:00:00+02:00,366.9,373.1,366.1,371.8,1536.9333
2025-08-16 18:00:00+02:00,371.8,373.5,370.1,371.0,1080.9916
2025-08-16 20:00:00+02:00,370.8,374.0,369.8,372.0,784.6849
2025-08-16 22:00:00+02:00,372.0,374.5,371.6,371.8,1036.6605
2025-08-17 00:00:00+02:00,371.8,374.4,371.0,374.2,765.0825
2025-08-17 02:00:00+02:00,374.3,374.8,371.7,372.5,631.11
2025-08-17 04:00:00+02:00,372.6,375.8,371.3,374.5,850.6267
2025-08-17 06:00:00+02:00,374.3,378.0,374.1,375.3,966.408
2025-08-17 08:00:00+02:00,375.3,376.6,372.8,373.7,605.7354
2025-08-17 10:00:00+02:00,373.8,378.7,372.8,378.2,1829.727
2025-08-17 12:00:00+02:00,378.2,383.5,377.4,383.3,1843.1135
2025-08-17 14:00:00+02:00,383.4,383.5,377.8,381.6,1409.6238
2025-08-17 16:00:00+02:00,381.8,385.5,379.4,384.8,2123.3359
2025-08-17 18:00:00+02:00,385.0,386.3,378.2,379.3,2127.3038
2025-08-17 20:00:00+02:00,379.4,379.9,371.9,373.3,2349.8418
2025-08-17 22:00:00+02:00,373.3,376.0,372.4,373.6,1135.6403
2025-08-18 00:00:00+02:00,373.5,378.6,373.0,373.3,1443.956
2025-08-18 02:00:00+02:00,373.4,373.7,364.8,365.4,3432.8775
2025-08-18 04:00:00+02:00,365.3,366.1,355.0,359.5,4069.4624
2025-08-18 06:00:00+02:00,359.4,363.8,357.9,362.4,2123.6045
2025-08-18 08:00:00+02:00,362.3,362.3,353.7,355.9,2178.6517
2025-08-18 10:00:00+02:00,356.1,357.8,351.7,356.1,3104.6191
2025-08-18 12:00:00+02:00,356.2,356.7,352.8,352.8,1651.2333
2025-08-18 14:00:00+02:00,352.6,358.6,348.5,348.5,3503.256
2025-08-18 16:00:00+02:00,348.6,355.9,348.5,355.7,2150.6794
2025-08-18 18:00:00+02:00,355.8,359.6,352.7,356.3,1884.6161
2025-08-18 20:00:00+02:00,356.4,359.3,354.8,357.1,1184.3554
2025-08-18 22:00:00+02:00,357.1,358.6,354.8,357.8,1056.662
2025-08-19 00:00:00+02:00,357.9,360.4,353.9,355.1,958.197
2025-08-19 02:00:00+02:00,355.2,360.0,352.0,354.7,1865.484
2025-08-19 04:00:00+02:00,355.1,356.1,347.3,349.1,1272.6213
2025-08-19 06:00:00+02:00,349.1,353.9,347.2,351.3,1131.336
2025-08-19 08:00:00+02:00,351.2,352.9,347.8,351.5,1638.0899
2025-08-19 10:00:00+02:00,351.6,356.1,348.8,354.5,1844.4456
2025-08-19 12:00:00+02:00,354.6,356.6,353.8,356.5,691.2219
2025-08-19 14:00:00+02:00,356.5,357.5,351.0,354.3,1776.2043
2025-08-19 16:00:00+02:00,354.3,355.3,345.2,347.8,3328.3767
2025-08-19 18:00:00+02:00,347.8,348.9,343.2,347.3,2242.9866
2025-08-19 20:00:00+02:00,347.1,349.3,341.1,342.7,3446.3386
2025-08-19 22:00:00+02:00,342.9,346.5,340.9,345.5,1045.1742
2025-08-20 00:00:00+02:00,345.4,348.3,341.2,342.2,1662.1372
2025-08-20 02:00:00+02:00,342.3,345.8,340.2,345.0,870.0533
2025-08-20 04:00:00+02:00,344.9,348.1,344.1,346.1,535.4139
2025-08-20 06:00:00+02:00,346.2,350.1,346.1,350.1,645.9148
2025-08-20 08:00:00+02:00,350.0,350.3,347.5,347.9,769.6061
2025-08-20 10:00:00+02:00,348.0,351.6,347.5,349.0,1357.1071
2025-08-20 12:00:00+02:00,349.0,349.3,342.0,345.7,2416.8358
2025-08-20 14:00:00+02:00,345.7,348.2,338.2,339.9,3379.9555
2025-08-20 16:00:00+02:00,340.2,350.4,337.3,346.3,3472.6764
2025-08-20 18:00:00+02:00,346.6,352.7,346.4,350.3,1859.0769
2025-08-20 20:00:00+02:00,350.4,355.1,345.8,354.6,1653.0207
2025-08-20 22:00:00+02:00,354.8,355.3,351.6,353.8,1323.5227
2025-08-21 00:00:00+02:00,353.7,355.4,352.9,353.3,1040.8431
2025-08-21 02:00:00+02:00,353.3,354.8,350.6,354.8,869.5717
2025-08-21 04:00:00+02:00,354.7,355.7,346.3,346.3,922.8866
2025-08-21 06:00:00+02:00,346.3,349.6,346.0,349.1,1596.8614
2025-08-21 08:00:00+02:00,349.0,349.0,343.6,346.6,1071.2265
2025-08-21 10:00:00+02:00,346.5,346.9,341.8,341.8,1415.1688
2025-08-21 12:00:00+02:00,341.8,343.1,340.6,341.7,1900.1517
2025-08-21 14:00:00+02:00,341.6,343.9,338.3,341.1,1726.6789
2025-08-21 16:00:00+02:00,341.2,345.2,336.9,337.1,2041.7781
2025-08-21 18:00:00+02:00,337.2,338.9,334.8,337.3,2091.6945
2025-08-21 20:00:00+02:00,337.3,340.4,336.4,337.3,985.0364
2025-08-21 22:00:00+02:00,337.3,341.1,336.9,339.5,1320.6017
2025-08-22 00:00:00+02:00,339.2,339.8,335.5,336.6,596.9993
2025-08-22 02:00:00+02:00,336.6,340.4,336.5,339.7,506.8449
2025-08-22 04:00:00+02:00,339.6,344.1,337.6,338.8,512.6237
2025-08-22 06:00:00+02:00,338.8,341.3,337.5,340.2,1140.0752
2025-08-22 08:00:00+02:00,340.1,343.0,339.0,342.0,1282.5361
2025-08-22 10:00:00+02:00,341.9,343.0,339.8,341.7,942.2101
2025-08-22 12:00:00+02:00,341.4,341.5,333.7,333.9,1830.882
2025-08-22 14:00:00+02:00,334.2,338.1,329.3,335.5,3565.8778
2025-08-22 16:00:00+02:00,335.5,361.0,335.5,355.7,12603.5287
2025-08-22 18:00:00+02:00,355.8,367.2,355.7,364.8,4818.9239
2025-08-22 20:00:00+02:00,364.8,371.9,364.1,369.9,3214.2545
2025-08-22 22:00:00+02:00,369.9,373.7,369.0,372.1,2244.8194
2025-08-23 00:00:00+02:00,372.3,373.7,369.1,371.2,1154.188
2025-08-23 02:00:00+02:00,371.0,371.4,361.3,364.0,937.3505
2025-08-23 04:00:00+02:00,364.1,364.7,356.0,357.4,2121.2523
2025-08-23 06:00:00+02:00,357.1,369.0,357.0,368.0,1697.9669
2025-08-23 08:00:00+02:00,367.9,368.5,360.4,361.2,1522.459
2025-08-23 10:00:00+02:00,361.3,362.5,358.7,362.0,1430.2671
2025-08-23 12:00:00+02:00,362.0,362.3,359.2,361.0,964.0148
2025-08-23 14:00:00+02:00,360.9,363.6,359.8,361.4,1249.9553
2025-08-23 16:00:00+02:00,361.4,363.2,359.7,361.1,999.9962
2025-08-23 18:00:00+02:00,361.3,362.6,359.9,361.8,1008.7304
2025-08-23 20:00:00+02:00,361.8,363.7,361.5,363.7,531.7737
2025-08-23 22:00:00+02:00,363.5,363.6,361.5,362.6,398.7199
2025-08-24 00:00:00+02:00,362.6,365.5,362.5,364.5,419.2185
2025-08-24 02:00:00+02:00,364.5,366.0,361.8,362.8,766.4562
2025-08-24 04:00:00+02:00,362.9,364.5,360.0,362.5,341.8263
2025-08-24 06:00:00+02:00,362.3,363.0,359.4,359.6,182.6076
2025-08-24 08:00:00+02:00,359.7,359.8,355.4,355.8,2018.7576
2025-08-24 10:00:00+02:00,355.8,357.2,354.2,354.3,1231.7691
2025-08-24 12:00:00+02:00,354.2,354.7,349.7,351.9,2340.9769
2025-08-24 14:00:00+02:00,351.9,354.9,351.3,353.1,1047.5615
2025-08-24 16:00:00+02:00,353.2,358.1,352.1,356.1,1376.3048
2025-08-24 18:00:00+02:00,356.0,362.8,353.9,362.1,1650.6087
2025-08-24 20:00:00+02:00,362.0,378.9,355.8,364.3,8704.6783
2025-08-24 22:00:00+02:00,364.4,366.1,356.0,362.1,4750.2659
2025-08-25 00:00:00+02:00,362.3,363.5,356.1,361.0,1535.3573
2025-08-25 02:00:00+02:00,361.2,362.0,351.3,357.3,2063.997
2025-08-25 04:00:00+02:00,357.2,363.3,356.5,357.1,738.6488
2025-08-25 06:00:00+02:00,357.0,357.5,350.5,350.8,896.4748
2025-08-25 08:00:00+02:00,350.7,352.5,340.9,342.5,2451.556
2025-08-25 10:00:00+02:00,343.1,345.0,339.5,343.5,1438.5736
2025-08-25 12:00:00+02:00,343.4,343.4,337.3,341.9,1601.3357
2025-08-25 14:00:00+02:00,341.9,342.8,337.6,339.9,2007.095
2025-08-25 16:00:00+02:00,340.2,344.4,338.9,340.0,1907.537
2025-08-25 18:00:00+02:00,340.1,343.3,337.4,337.6,1608.6535
2025-08-25 20:00:00+02:00,337.7,337.7,326.7,326.9,4757.936
2025-08-25 22:00:00+02:00,327.0,328.1,316.6,317.0,9697.9816
2025-08-26 00:00:00+02:00,317.2,323.5,317.0,320.7,1731.0531
2025-08-26 02:00:00+02:00,320.7,325.7,318.3,325.7,1689.1481
2025-08-26 04:00:00+02:00,325.6,327.1,321.0,322.2,770.3495
2025-08-26 06:00:00+02:00,322.3,325.1,320.8,320.9,1128.4254
2025-08-26 08:00:00+02:00,320.8,351.0,320.2,327.2,6732.4264
2025-08-26 10:00:00+02:00,327.2,327.5,323.9,326.1,1287.4426
2025-08-26 12:00:00+02:00,326.1,329.0,323.2,324.1,1622.4814
2025-08-26 14:00:00+02:00,324.3,331.2,321.7,326.1,3958.0179
2025-08-26 16:00:00+02:00,326.3,332.4,324.1,327.5,2642.9011
2025-08-26 18:00:00+02:00,327.6,331.3,325.5,328.9,1413.9705
2025-08-26 20:00:00+02:00,329.0,337.9,328.9,337.6,1712.4912
2025-08-26 22:00:00+02:00,337.5,338.7,332.4,337.4,2369.3818
2025-08-27 00:00:00+02:00,337.4,338.7,333.3,334.7,2921.3838
2025-08-27 02:00:00+02:00,334.9,335.4,331.4,333.5,2760.7532
2025-08-27 04:00:00+02:00,333.6,339.1,332.0,337.1,980.6318
2025-08-27 06:00:00+02:00,336.9,340.7,336.5,337.8,931.6396
2025-08-27 08:00:00+02:00,337.8,338.0,334.4,335.4,1615.4448
2025-08-27 10:00:00+02:00,335.6,339.5,334.5,336.8,1558.1654
2025-08-27 12:00:00+02:00,336.7,337.4,334.5,336.4,1213.834
2025-08-27 14:00:00+02:00,336.3,336.9,331.9,333.5,1905.3943
2025-08-27 16:00:00+02:00,333.6,339.3,332.8,336.8,2381.0079
2025-08-27 18:00:00+02:00,336.8,339.6,333.9,339.4,1681.4672
2025-08-27 20:00:00+02:00,339.4,341.9,332.2,335.0,2216.2148
2025-08-27 22:00:00+02:00,334.8,338.2,329.5,332.2,4814.4337
2025-08-28 00:00:00+02:00,332.4,333.8,328.7,330.4,1057.3144
2025-08-28 02:00:00+02:00,330.8,333.9,327.8,331.9,956.8565
2025-08-28 04:00:00+02:00,331.9,333.8,330.2,333.6,1143.0313
2025-08-28 06:00:00+02:00,333.5,338.2,332.5,335.0,1196.6833
2025-08-28 08:00:00+02:00,335.0,336.6,333.7,335.8,1068.9575
2025-08-28 10:00:00+02:00,336.1,338.7,333.2,333.7,1724.7762
2025-08-28 12:00:00+02:00,333.7,335.9,332.6,335.6,730.5295
2025-08-28 14:00:00+02:00,335.6,337.7,331.9,336.0,3152.1863
2025-08-28 16:00:00+02:00,336.1,337.9,332.7,333.4,2069.5209
2025-08-28 18:00:00+02:00,333.7,335.0,328.2,331.0,1486.3093
2025-08-28 20:00:00+02:00,331.0,331.1,325.0,325.2,2006.3158
2025-08-28 22:00:00+02:00,325.2,332.0,324.7,331.8,1028.2499
2025-08-29 00:00:00+02:00,331.8,337.0,331.7,335.9,864.3421
2025-08-29 02:00:00+02:00,335.8,337.9,330.6,331.2,1189.5137
2025-08-29 04:00:00+02:00,331.0,334.3,330.4,334.0,462.6742
2025-08-29 06:00:00+02:00,333.7,334.8,330.7,331.1,672.1496
2025-08-29 08:00:00+02:00,331.1,331.6,320.8,322.2,3341.6633
2025-08-29 10:00:00+02:00,322.1,323.5,315.8,320.0,4023.7217
2025-08-29 12:00:00+02:00,319.8,322.3,319.4,320.8,892.5376
2025-08-29 14:00:00+02:00,320.8,329.1,317.8,319.4,3323.6686
2025-08-29 16:00:00+02:00,319.8,321.7,315.2,317.4,3105.9549
2025-08-29 18:00:00+02:00,317.4,319.6,315.5,316.1,1834.34
2025-08-29 20:00:00+02:00,316.0,319.3,314.3,317.2,1754.5167
2025-08-29 22:00:00+02:00,317.5,320.2,315.5,319.7,1303.8364
2025-08-30 00:00:00+02:00,319.8,320.9,317.6,319.5,603.6205
2025-08-30 02:00:00+02:00,319.6,319.9,314.7,315.0,1086.4379
2025-08-30 04:00:00+02:00,315.0,323.7,314.7,323.1,1129.3216
2025-08-30 06:00:00+02:00,323.0,324.8,321.8,323.4,504.2431
2025-08-30 08:00:00+02:00,323.4,324.7,322.7,324.2,701.9318
2025-08-30 10:00:00+02:00,324.1,324.8,322.6,323.5,512.2421
2025-08-30 12:00:00+02:00,323.4,325.0,323.1,324.6,511.5559
2025-08-30 14:00:00+02:00,324.6,325.1,319.6,322.2,1794.0633
2025-08-30 16:00:00+02:00,322.2,324.0,320.1,323.7,1119.6863
2025-08-30 18:00:00+02:00,323.7,323.9,320.7,321.4,367.6206
2025-08-30 20:00:00+02:00,321.4,322.3,320.2,321.8,442.7936
2025-08-30 22:00:00+02:00,321.8,322.1,320.3,322.0,352.9112
2025-08-31 00:00:00+02:00,321.8,323.6,321.0,323.0,497.8463
2025-08-31 02:00:00+02:00,322.9,327.0,322.4,326.8,1202.6599
2025-08-31 04:00:00+02:00,326.9,327.5,326.1,327.1,273.0609
2025-08-31 06:00:00+02:00,327.1,327.1,324.1,324.6,264.1483
2025-08-31 08:00:00+02:00,324.6,325.0,323.7,324.6,218.5727
2025-08-31 10:00:00+02:00,324.9,329.3,324.9,326.9,756.342
2025-08-31 12:00:00+02:00,327.0,328.3,321.3,324.4,2147.963
2025-08-31 14:00:00+02:00,324.3,324.6,321.7,322.9,951.0595
2025-08-31 16:00:00+02:00,322.9,324.0,320.9,323.7,709.3909
2025-08-31 18:00:00+02:00,323.7,323.8,322.2,322.3,767.6274
2025-08-31 20:00:00+02:00,322.2,325.1,322.1,322.4,633.7417
2025-08-31 22:00:00+02:00,322.4,323.5,321.8,322.8,441.2997
2025-09-01 00:00:00+02:00,322.9,323.0,315.6,315.6,1270.2964
2025-09-01 02:00:00+02:00,315.5,316.7,311.5,315.1,891.8668
2025-09-01 04:00:00+02:00,315.0,315.6,310.1,311.4,2448.1647
2025-09-01 06:00:00+02:00,311.2,311.9,307.8,310.5,2056.8181
2025-09-01 08:00:00+02:00,310.5,318.4,308.8,318.2,1479.6244
2025-09-01 10:00:00+02:00,318.3,320.2,316.7,317.4,2450.2119
2025-09-01 12:00:00+02:00,317.3,317.4,310.8,311.9,1951.5165
2025-09-01 14:00:00+02:00,311.9,314.5,310.7,311.5,1722.3026
2025-09-01 16:00:00+02:00,311.4,313.0,309.5,310.3,1605.902
2025-09-01 18:00:00+02:00,310.3,311.1,307.5,309.0,1312.7694
2025-09-01 20:00:00+02:00,309.0,312.5,308.9,312.1,1396.4557
2025-09-01 22:00:00+02:00,312.2,312.4,301.9,305.8,3661.1603
2025-09-02 00:00:00+02:00,305.8,310.6,304.3,310.1,828.3074
2025-09-02 02:00:00+02:00,310.3,313.1,309.7,312.0,700.0027
2025-09-02 04:00:00+02:00,311.9,316.9,311.2,316.6,1027.527
2025-09-02 06:00:00+02:00,316.5,317.4,315.5,316.0,666.0227
2025-09-02 08:00:00+02:00,315.9,317.7,314.8,315.4,794.7767
2025-09-02 10:00:00+02:00,315.3,318.5,314.7,316.5,929.723
2025-09-02 12:00:00+02:00,316.5,316.6,313.8,314.3,1279.3557
2025-09-02 14:00:00+02:00,314.3,318.5,309.5,318.2,3411.8672
2025-09-02 16:00:00+02:00,318.2,319.5,312.8,313.4,4149.076
2025-09-02 18:00:00+02:00,313.6,317.1,312.8,316.1,1501.8285
2025-09-02 20:00:00+02:00,316.3,317.0,312.9,314.5,3024.6866
2025-09-02 22:00:00+02:00,314.6,324.0,314.1,323.9,2226.0834
2025-09-03 00:00:00+02:00,323.9,323.9,321.0,321.2,961.518
2025-09-03 02:00:00+02:00,321.2,322.9,318.5,322.2,935.0553
2025-09-03 04:00:00+02:00,322.3,324.9,321.6,323.8,805.8594
2025-09-03 06:00:00+02:00,323.7,324.2,320.4,320.9,1073.7122
2025-09-03 08:00:00+02:00,321.0,322.3,319.7,321.5,724.1859
2025-09-03 10:00:00+02:00,321.4,323.5,320.1,322.9,858.1597
2025-09-03 12:00:00+02:00,322.9,324.9,321.2,323.4,1055.1179
2025-09-03 14:00:00+02:00,323.4,325.4,321.3,322.9,1475.0883
2025-09-03 16:00:00+02:00,323.1,326.3,322.4,326.3,1663.4
2025-09-03 18:00:00+02:00,326.1,328.3,325.2,328.0,1728.1177
2025-09-03 20:00:00+02:00,328.0,329.0,324.7,327.1,2001.1976
2025-09-03 22:00:00+02:00,326.9,327.9,325.0,326.3,1415.1853
2025-09-04 00:00:00+02:00,326.4,327.6,323.6,324.7,836.8468
2025-09-04 02:00:00+02:00,324.8,326.5,324.3,325.5,444.6652
2025-09-04 04:00:00+02:00,325.5,325.6,320.5,320.7,1008.7443
2025-09-04 06:00:00+02:00,320.6,322.2,317.0,318.2,2876.9321
2025-09-04 08:00:00+02:00,318.1,319.4,316.6,319.2,1160.2178
2025-09-04 10:00:00+02:00,319.1,321.2,318.7,319.4,797.3014
2025-09-04 12:00:00+02:00,319.4,321.5,318.8,319.0,882.3684
2025-09-04 14:00:00+02:00,319.1,320.3,315.7,317.6,1292.1916
2025-09-04 16:00:00+02:00,317.4,318.2,312.8,313.5,2694.3636
2025-09-04 18:00:00+02:00,313.5,314.9,311.9,313.1,767.1948
2025-09-04 20:00:00+02:00,313.0,314.2,310.9,311.9,870.7835
2025-09-04 22:00:00+02:00,311.9,315.7,311.4,315.7,2766.2891
2025-09-05 00:00:00+02:00,315.4,318.4,314.5,314.6,810.8375
2025-09-05 02:00:00+02:00,314.5,316.6,314.4,316.5,310.0998
2025-09-05 04:00:00+02:00,316.6,317.5,315.5,316.7,394.5278
2025-09-05 06:00:00+02:00,316.7,316.9,315.3,316.8,320.6876
2025-09-05 08:00:00+02:00,316.6,322.0,316.3,321.6,2108.7567
2025-09-05 10:00:00+02:00,321.9,321.9,318.8,321.2,1102.6925
2025-09-05 12:00:00+02:00,321.1,322.3,320.7,321.8,1042.3304
2025-09-05 14:00:00+02:00,321.9,327.4,320.8,324.7,4637.2833
2025-09-05 16:00:00+02:00,324.7,324.8,314.6,318.1,3774.8742
2025-09-05 18:00:00+02:00,318.2,319.1,317.0,318.4,727.0322
2025-09-05 20:00:00+02:00,318.5,321.3,317.4,320.6,1648.9318
2025-09-05 22:00:00+02:00,320.5,321.6,317.5,318.3,1523.7934
2025-09-06 00:00:00+02:00,318.3,320.1,318.1,318.2,203.2851
2025-09-06 02:00:00+02:00,318.2,320.8,318.1,320.0,209.7405
2025-09-06 04:00:00+02:00,320.0,320.9,319.1,320.2,142.2715
2025-09-06 06:00:00+02:00,320.2,320.2,316.7,317.2,431.2223
2025-09-06 08:00:00+02:00,317.2,317.6,316.4,317.0,252.723
2025-09-06 10:00:00+02:00,317.1,317.4,314.8,315.5,835.704
2025-09-06 12:00:00+02:00,315.4,317.2,314.7,316.4,497.6088
2025-09-06 14:00:00+02:00,316.4,317.1,315.4,316.3,413.9919
2025-09-06 16:00:00+02:00,316.3,317.7,314.7,315.1,518.6834
2025-09-06 18:00:00+02:00,314.9,317.2,314.5,315.3,702.65
2025-09-06 20:00:00+02:00,315.1,316.7,314.2,314.5,456.7307
2025-09-06 22:00:00+02:00,314.5,317.4,314.5,317.4,586.4633
2025-09-07 00:00:00+02:00,317.4,318.8,316.9,317.0,1235.93
2025-09-07 02:00:00+02:00,317.1,320.7,317.0,320.3,939.681
2025-09-07 04:00:00+02:00,320.3,321.2,319.8,320.8,282.0673
2025-09-07 06:00:00+02:00,320.8,323.8,320.8,323.5,821.5219
2025-09-07 08:00:00+02:00,323.4,323.6,321.0,321.4,1122.4366
2025-09-07 10:00:00+02:00,321.3,324.3,321.3,323.1,824.2269
2025-09-07 12:00:00+02:00,323.0,325.0,322.8,324.9,886.2719
2025-09-07 14:00:00+02:00,324.9,325.7,323.7,325.7,656.1189
2025-09-07 16:00:00+02:00,325.7,328.3,324.2,327.0,3173.9926
2025-09-07 18:00:00+02:00,326.9,327.7,324.1,324.3,1889.9437
2025-09-07 20:00:00+02:00,324.4,325.1,322.9,324.2,1076.7003
2025-09-07 22:00:00+02:00,324.2,324.8,321.8,322.5,917.9815
2025-09-08 00:00:00+02:00,322.5,328.3,322.4,326.6,964.0436
2025-09-08 02:00:00+02:00,326.3,330.1,325.3,329.8,1279.022
2025-09-08 04:00:00+02:00,329.9,336.0,327.8,331.6,2727.8374
2025-09-08 06:00:00+02:00,331.5,333.8,330.2,332.0,1635.7501
2025-09-08 08:00:00+02:00,332.0,334.9,330.2,333.6,1688.529
2025-09-08 10:00:00+02:00,333.7,340.8,333.6,340.6,2862.8528
2025-09-08 12:00:00+02:00,340.5,343.4,336.6,338.0,2620.4035
2025-09-08 14:00:00+02:00,338.0,339.6,334.8,335.2,2059.1706
2025-09-08 16:00:00+02:00,335.6,348.1,335.5,346.8,5260.2037
2025-09-08 18:00:00+02:00,346.8,347.4,342.1,342.4,2591.7867
2025-09-08 20:00:00+02:00,342.3,344.0,340.3,341.0,1385.4256
2025-09-08 22:00:00+02:00,341.2,342.6,337.7,342.4,1673.5057
2025-09-09 00:00:00+02:00,342.4,344.7,342.3,344.2,752.8898
2025-09-09 02:00:00+02:00,344.2,348.2,341.0,341.7,3005.1142
2025-09-09 04:00:00+02:00,341.7,343.0,337.0,342.6,1846.4415
2025-09-09 06:00:00+02:00,342.5,344.5,340.8,344.3,1539.7808
2025-09-09 08:00:00+02:00,344.3,349.3,343.2,346.7,2866.7269
2025-09-09 10:00:00+02:00,346.6,348.0,344.8,346.7,1743.7784
2025-09-09 12:00:00+02:00,346.7,348.7,344.3,344.9,1392.2075
2025-09-09 14:00:00+02:00,344.9,349.2,341.2,345.5,2405.1791
2025-09-09 16:00:00+02:00,345.6,346.0,332.7,334.9,6200.1494
2025-09-09 18:00:00+02:00,334.9,337.6,334.0,335.0,1335.9859
2025-09-09 20:00:00+02:00,335.0,338.2,333.8,335.8,1664.034
2025-09-09 22:00:00+02:00,335.8,337.1,332.7,333.7,1438.9507
2025-09-10 00:00:00+02:00,333.6,336.4,332.2,335.5,689.693
2025-09-10 02:00:00+02:00,335.5,340.2,333.0,337.3,1315.3972
2025-09-10 04:00:00+02:00,337.8,340.1,337.7,339.0,937.1847
2025-09-10 06:00:00+02:00,339.0,339.8,336.7,338.1,781.7551
2025-09-10 08:00:00+02:00,338.2,341.3,336.6,340.2,1705.536
2025-09-10 10:00:00+02:00,340.2,340.8,337.6,339.7,1305.5584
2025-09-10 12:00:00+02:00,339.7,339.8,328.0,334.7,10809.8893
2025-09-10 14:00:00+02:00,334.7,343.1,334.2,341.2,7974.697
2025-09-10 16:00:00+02:00,341.1,347.0,341.1,344.1,3923.5014
2025-09-10 18:00:00+02:00,344.2,345.3,341.3,342.7,1123.7546
2025-09-10 20:00:00+02:00,342.5,343.3,336.0,338.0,2351.9678
2025-09-10 22:00:00+02:00,338.0,344.4,337.9,344.2,1556.5125
2025-09-11 00:00:00+02:00,344.2,348.8,343.5,348.7,1853.7935
2025-09-11 02:00:00+02:00,348.7,355.0,348.7,352.3,2769.1942
2025-09-11 04:00:00+02:00,352.4,353.5,351.2,353.2,918.3727
2025-09-11 06:00:00+02:00,353.1,355.0,349.7,354.5,1592.037
2025-09-11 08:00:00+02:00,354.5,359.6,353.0,359.4,2645.4894
2025-09-11 10:00:00+02:00,359.3,360.9,357.4,360.1,2361.9526
2025-09-11 12:00:00+02:00,360.0,361.5,355.5,355.9,2037.5605
2025-09-11 14:00:00+02:00,356.1,364.1,351.1,359.5,9093.8737
2025-09-11 16:00:00+02:00,359.6,359.7,352.5,352.5,1945.5882
2025-09-11 18:00:00+02:00,352.5,359.3,352.3,358.2,2306.1662
2025-09-11 20:00:00+02:00,358.1,359.4,356.1,359.1,1115.9309
2025-09-11 22:00:00+02:00,358.9,359.6,355.7,358.2,1279.8534
2025-09-12 00:00:00+02:00,358.2,359.7,357.2,357.9,1216.3387
2025-09-12 02:00:00+02:00,358.1,363.0,356.8,357.1,2204.4053
2025-09-12 04:00:00+02:00,357.0,358.3,354.3,355.6,958.8399
2025-09-12 06:00:00+02:00,355.6,358.6,354.6,358.3,1502.77
2025-09-12 08:00:00+02:00,358.3,358.7,352.4,353.3,2315.1408
2025-09-12 10:00:00+02:00,353.4,353.9,350.3,350.8,1681.4618
2025-09-12 12:00:00+02:00,350.8,350.8,346.3,346.8,2319.3811
2025-09-12 14:00:00+02:00,346.9,352.0,345.4,351.8,1833.6055
2025-09-12 16:00:00+02:00,351.8,353.2,349.4,351.3,1978.751
2025-09-12 18:00:00+02:00,351.3,357.3,350.7,356.1,1912.2258
2025-09-12 20:00:00+02:00,356.1,358.9,355.7,358.0,1939.4815
2025-09-12 22:00:00+02:00,357.8,359.2,355.5,357.0,2068.8858
2025-09-13 00:00:00+02:00,357.3,362.8,357.3,362.2,2520.0392
2025-09-13 02:00:00+02:00,362.3,363.3,358.4,358.7,1048.3421
2025-09-13 04:00:00+02:00,358.6,361.3,357.8,361.2,809.0848
2025-09-13 06:00:00+02:00,361.0,363.0,359.6,359.9,1107.5471
2025-09-13 08:00:00+02:00,359.9,362.6,359.3,362.0,1573.4854
2025-09-13 10:00:00+02:00,362.0,368.7,361.5,367.6,2330.1424
2025-09-13 12:00:00+02:00,367.6,368.8,364.2,367.1,1624.9357
2025-09-13 14:00:00+02:00,367.0,370.0,359.7,363.2,2790.0618
2025-09-13 16:00:00+02:00,363.1,366.2,359.9,361.7,2661.4024
2025-09-13 18:00:00+02:00,361.7,362.7,354.1,358.9,3558.5764
2025-09-13 20:00:00+02:00,358.7,359.5,357.1,358.1,1577.3565
2025-09-13 22:00:00+02:00,358.1,361.9,357.5,358.7,1647.9839
2025-09-14 00:00:00+02:00,358.7,360.9,357.9,359.4,672.6308
2025-09-14 02:00:00+02:00,359.3,360.3,354.1,357.9,845.1039
2025-09-14 04:00:00+02:00,357.9,360.0,355.0,355.5,653.0247
2025-09-14 06:00:00+02:00,355.5,358.4,352.1,357.5,1332.8902
2025-09-14 08:00:00+02:00,357.5,357.7,352.5,353.7,1545.3076
2025-09-14 10:00:00+02:00,353.7,355.2,351.8,354.2,1515.179
2025-09-14 12:00:00+02:00,354.1,354.7,348.8,349.3,1490.7583
2025-09-14 14:00:00+02:00,349.3,351.1,346.7,348.0,1679.5593
2025-09-14 16:00:00+02:00,348.0,350.5,344.7,346.7,1864.2149
2025-09-14 18:00:00+02:00,346.6,353.2,346.0,351.6,1565.2574
2025-09-14 20:00:00+02:00,351.4,351.9,348.3,351.1,1150.0984
2025-09-14 22:00:00+02:00,351.0,354.2,349.9,353.8,1926.4073
2025-09-15 00:00:00+02:00,353.9,355.0,349.5,350.5,773.5482
2025-09-15 02:00:00+02:00,350.5,352.8,347.1,351.3,1234.8002
2025-09-15 04:00:00+02:00,351.3,353.5,350.5,353.1,417.3612
2025-09-15 06:00:00+02:00,353.0,357.0,351.1,356.1,1405.3569
2025-09-15 08:00:00+02:00,355.9,356.6,346.6,347.0,2301.9768
2025-09-15 10:00:00+02:00,347.0,347.1,339.3,342.0,4052.8135
2025-09-15 12:00:00+02:00,342.0,342.2,338.1,339.4,1237.5171
2025-09-15 14:00:00+02:00,339.3,341.4,337.2,339.7,1807.7598
2025-09-15 16:00:00+02:00,339.8,341.2,335.6,338.1,2175.1845
2025-09-15 18:00:00+02:00,338.0,340.0,335.5,339.8,3234.5065
2025-09-15 20:00:00+02:00,339.7,342.0,339.1,340.7,1624.7515
2025-09-15 22:00:00+02:00,340.7,343.3,340.7,342.5,1432.639
2025-09-16 00:00:00+02:00,342.5,344.1,341.1,343.3,645.7925
2025-09-16 02:00:00+02:00,343.2,344.5,341.5,341.9,712.8559
2025-09-16 04:00:00+02:00,341.9,343.4,340.7,341.2,331.608
2025-09-16 06:00:00+02:00,341.2,343.3,338.4,342.7,1252.1902
2025-09-16 08:00:00+02:00,342.7,343.4,339.5,341.1,2339.3148
2025-09-16 10:00:00+02:00,341.2,345.1,341.2,343.2,1167.614
2025-09-16 12:00:00+02:00,343.2,344.7,339.7,339.7,1841.5998
2025-09-16 14:00:00+02:00,339.8,341.9,336.8,340.4,2687.2761
2025-09-16 16:00:00+02:00,340.3,342.4,337.5,342.1,1272.8624
2025-09-16 18:00:00+02:00,342.1,345.5,340.4,344.4,1181.6267
2025-09-16 20:00:00+02:00,344.3,345.1,342.6,344.6,1101.4991
2025-09-16 22:00:00+02:00,344.6,347.1,344.3,347.1,1252.8574
2025-09-17 00:00:00+02:00,347.1,347.8,344.1,344.7,444.2335
2025-09-17 02:00:00+02:00,344.7,346.5,343.6,344.4,317.7215
2025-09-17 04:00:00+02:00,344.5,347.3,342.6,342.9,833.5125
2025-09-17 06:00:00+02:00,343.0,345.8,340.6,345.6,950.4257
2025-09-17 08:00:00+02:00,345.5,347.2,344.4,346.0,1388.5687
2025-09-17 10:00:00+02:00,346.2,346.2,342.6,343.2,871.6388
2025-09-17 12:00:00+02:00,343.1,345.3,341.9,344.7,748.0832
2025-09-17 14:00:00+02:00,344.6,346.5,344.2,345.5,991.9739
2025-09-17 16:00:00+02:00,345.6,348.9,344.6,344.7,2600.9587
2025-09-17 18:00:00+02:00,344.5,348.2,340.6,342.5,3285.6813
2025-09-17 20:00:00+02:00,342.4,349.2,339.1,347.5,6881.0239
2025-09-17 22:00:00+02:00,347.7,353.9,346.5,353.3,2807.2205
2025-09-18 00:00:00+02:00,353.5,360.3,353.5,359.0,2299.0624
2025-09-18 02:00:00+02:00,359.1,360.7,357.7,359.8,951.4599
2025-09-18 04:00:00+02:00,360.0,364.6,359.1,363.6,1836.2097
2025-09-18 06:00:00+02:00,363.6,364.0,358.6,359.8,1243.3606
2025-09-18 08:00:00+02:00,359.7,360.4,355.7,359.3,1918.2651
2025-09-18 10:00:00+02:00,359.3,364.7,358.7,363.0,2009.5901
2025-09-18 12:00:00+02:00,363.0,368.0,361.4,367.9,6778.1175
2025-09-18 14:00:00+02:00,367.9,370.1,363.3,365.8,4235.5308
2025-09-18 16:00:00+02:00,365.6,371.5,365.6,370.0,3372.1917
2025-09-18 18:00:00+02:00,369.9,372.0,367.0,368.7,4133.8789
2025-09-18 20:00:00+02:00,368.8,373.2,367.2,369.0,3820.3209
2025-09-18 22:00:00+02:00,368.8,371.2,367.9,369.0,1738.6468
2025-09-19 00:00:00+02:00,368.9,369.2,361.6,361.9,2936.4815
2025-09-19 02:00:00+02:00,362.0,364.4,359.2,360.1,1321.1181
2025-09-19 04:00:00+02:00,359.8,360.2,354.4,354.9,1500.621
2025-09-19 06:00:00+02:00,354.8,356.8,352.4,355.2,1934.0846
2025-09-19 08:00:00+02:00,355.2,355.2,351.1,354.5,1145.5176
2025-09-19 10:00:00+02:00,354.3,357.6,351.1,351.6,1613.8514
2025-09-19 12:00:00+02:00,351.6,353.1,350.0,350.0,983.6878
2025-09-19 14:00:00+02:00,350.0,353.1,349.4,351.6,2231.6181
2025-09-19 16:00:00+02:00,351.5,352.7,346.6,349.2,2578.0998
2025-09-19 18:00:00+02:00,349.1,351.0,347.4,347.7,1429.2754
2025-09-19 20:00:00+02:00,347.6,348.9,345.4,346.7,1016.3998
2025-09-19 22:00:00+02:00,346.5,349.0,345.9,348.6,776.9249
2025-09-20 00:00:00+02:00,348.6,349.7,343.8,346.1,1141.8692
2025-09-20 02:00:00+02:00,346.0,347.5,344.5,345.7,757.6022
2025-09-20 04:00:00+02:00,345.5,345.5,342.3,344.7,786.8843
2025-09-20 06:00:00+02:00,344.6,347.0,343.7,346.9,901.1807
2025-09-20 08:00:00+02:00,346.8,347.4,345.2,347.3,598.2434
2025-09-20 10:00:00+02:00,347.3,347.3,341.6,341.8,1521.7867
2025-09-20 12:00:00+02:00,341.9,343.3,341.2,343.1,718.0552
2025-09-20 14:00:00+02:00,343.0,343.4,341.1,342.5,703.1131
2025-09-20 16:00:00+02:00,342.5,347.7,341.3,347.4,1606.1031
2025-09-20 18:00:00+02:00,347.4,348.7,345.6,346.3,1237.4575
2025-09-20 20:00:00+02:00,346.2,346.5,344.3,345.2,832.7275
2025-09-20 22:00:00+02:00,345.1,348.2,344.8,346.2,994.6121
2025-09-21 00:00:00+02:00,346.1,346.9,345.1,345.9,234.1199
2025-09-21 02:00:00+02:00,345.9,347.2,344.5,344.6,424.1275
2025-09-21 04:00:00+02:00,344.7,346.7,343.6,346.2,285.0262
2025-09-21 06:00:00+02:00,346.2,348.0,345.5,348.0,595.5347
2025-09-21 08:00:00+02:00,348.2,348.9,346.3,346.4,663.8465
2025-09-21 10:00:00+02:00,346.3,346.9,340.5,342.7,1562.3085
2025-09-21 12:00:00+02:00,342.7,343.6,341.4,342.3,543.7558
2025-09-21 14:00:00+02:00,342.3,344.6,342.3,344.3,495.2495
2025-09-21 16:00:00+02:00,344.0,344.8,341.5,341.7,890.0675
2025-09-21 18:00:00+02:00,341.7,342.5,338.1,342.0,2031.1794
2025-09-21 20:00:00+02:00,342.0,342.7,339.8,340.6,1087.1038
2025-09-21 22:00:00+02:00,340.5,340.5,337.0,337.8,1426.6361
2025-09-22 00:00:00+02:00,337.7,338.3,333.6,334.1,1701.3315
2025-09-22 02:00:00+02:00,334.1,334.4,325.1,327.6,4379.9645
2025-09-22 04:00:00+02:00,327.4,328.2,321.1,323.8,2479.2227
2025-09-22 06:00:00+02:00,323.8,324.7,317.5,317.5,1784.5843
2025-09-22 08:00:00+02:00,317.7,318.1,302.0,308.8,11510.5376
2025-09-22 10:00:00+02:00,308.8,312.2,306.4,307.0,4017.8397
2025-09-22 12:00:00+02:00,306.9,312.1,306.0,311.8,3754.8805
2025-09-22 14:00:00+02:00,311.8,317.8,310.5,317.7,2563.1546
2025-09-22 16:00:00+02:00,317.6,318.1,312.5,314.0,2497.7875
2025-09-22 18:00:00+02:00,314.0,316.5,313.1,315.2,2368.9338
2025-09-22 20:00:00+02:00,315.0,315.7,311.5,312.1,2346.9658
2025-09-22 22:00:00+02:00,312.0,316.0,311.3,315.9,1470.7362
2025-09-23 00:00:00+02:00,315.9,319.4,315.7,318.8,1053.5411
2025-09-23 02:00:00+02:00,318.9,319.3,315.2,315.2,887.8444
2025-09-23 04:00:00+02:00,315.2,316.9,311.7,316.0,1229.0176
2025-09-23 06:00:00+02:00,316.0,317.4,313.6,316.1,1400.9515
2025-09-23 08:00:00+02:00,316.1,320.4,315.5,318.6,2071.1452
2025-09-23 10:00:00+02:00,318.8,320.5,316.6,317.3,1776.9428
2025-09-23 12:00:00+02:00,317.2,318.0,315.4,315.4,1030.1713
2025-09-23 14:00:00+02:00,315.4,317.8,315.1,316.3,1032.4606
2025-09-23 16:00:00+02:00,316.3,319.0,311.1,314.7,2961.9741
2025-09-23 18:00:00+02:00,314.5,317.0,309.0,309.1,3040.5446
2025-09-23 20:00:00+02:00,309.2,311.9,307.6,308.5,4322.6816
2025-09-23 22:00:00+02:00,308.3,311.4,306.6,310.5,6141.2018
2025-09-24 00:00:00+02:00,310.5,311.6,308.4,308.7,1051.0244
2025-09-24 02:00:00+02:00,308.7,315.2,308.3,314.6,1481.4911
2025-09-24 04:00:00+02:00,314.7,315.0,307.8,308.1,1649.9777
2025-09-24 06:00:00+02:00,308.0,312.8,305.1,312.4,2869.0018
2025-09-24 08:00:00+02:00,312.3,312.8,310.6,312.1,1277.5771
2025-09-24 10:00:00+02:00,312.1,312.5,309.7,311.7,895.4266
2025-09-24 12:00:00+02:00,311.5,312.3,308.8,312.0,1001.3679
2025-09-24 14:00:00+02:00,311.9,313.9,310.7,310.8,1603.6705
2025-09-24 16:00:00+02:00,310.9,316.9,310.8,312.9,1715.9182
2025-09-24 18:00:00+02:00,313.0,315.8,312.1,314.6,1095.5409
2025-09-24 20:00:00+02:00,314.5,314.9,312.1,313.6,976.5356
2025-09-24 22:00:00+02:00,313.7,314.4,309.5,310.4,935.8127
2025-09-25 00:00:00+02:00,310.5,313.2,310.5,311.7,1044.5685
2025-09-25 02:00:00+02:00,311.6,312.8,307.4,308.9,1631.4483
2025-09-25 04:00:00+02:00,308.8,311.7,305.0,307.7,1591.6865
2025-09-25 06:00:00+02:00,307.7,308.7,299.0,303.2,5219.1334
2025-09-25 08:00:00+02:00,303.2,303.8,300.0,301.2,1794.1287
2025-09-25 10:00:00+02:00,301.2,304.9,300.4,300.9,2720.062
2025-09-25 12:00:00+02:00,300.9,303.2,297.5,298.5,1988.5958
2025-09-25 14:00:00+02:00,298.5,302.3,293.2,300.3,9576.3162
2025-09-25 16:00:00+02:00,300.4,306.2,300.4,303.0,3734.91
2025-09-25 18:00:00+02:00,303.1,303.5,290.2,291.8,6237.7768
2025-09-25 20:00:00+02:00,291.7,303.1,290.6,299.6,4996.3479
2025-09-25 22:00:00+02:00,299.8,301.3,296.5,300.8,2862.2012
2025-09-26 00:00:00+02:00,300.7,302.8,295.3,298.2,1364.7779
2025-09-26 02:00:00+02:00,298.2,303.7,298.1,303.4,2131.4717
2025-09-26 04:00:00+02:00,303.3,306.3,302.3,306.1,1009.0959
2025-09-26 06:00:00+02:00,306.1,306.7,301.0,301.6,2028.2991
2025-09-26 08:00:00+02:00,301.6,302.7,298.6,300.1,2797.1035
2025-09-26 10:00:00+02:00,300.0,300.5,295.6,297.2,2934.97
2025-09-26 12:00:00+02:00,297.2,297.4,292.4,296.2,3065.3446
2025-09-26 14:00:00+02:00,296.0,299.2,293.2,296.8,4911.8692
2025-09-26 16:00:00+02:00,296.8,297.9,291.3,297.7,3603.0375
2025-09-26 18:00:00+02:00,297.5,304.1,297.5,303.8,2351.6053
2025-09-26 20:00:00+02:00,303.7,306.0,298.0,299.5,3367.9694
2025-09-26 22:00:00+02:00,299.5,301.7,297.9,300.8,3383.7739
2025-09-27 00:00:00+02:00,300.8,301.8,299.0,301.4,775.703
2025-09-27 02:00:00+02:00,301.4,301.6,299.4,300.3,510.4085
2025-09-27 04:00:00+02:00,300.2,301.8,299.4,300.1,666.1578
2025-09-27 06:00:00+02:00,300.0,301.9,299.4,301.5,592.856
2025-09-27 08:00:00+02:00,301.3,302.0,299.8,300.4,462.9597
2025-09-27 10:00:00+02:00,300.3,300.6,296.6,299.1,1813.0629
2025-09-27 12:00:00+02:00,299.1,300.9,298.2,300.2,630.2806
2025-09-27 14:00:00+02:00,300.1,301.9,299.2,300.8,1447.5403
2025-09-27 16:00:00+02:00,300.7,301.6,299.2,300.9,1183.3922
2025-09-27 18:00:00+02:00,301.0,301.1,296.1,297.8,2798.892
2025-09-27 20:00:00+02:00,297.7,298.6,297.2,297.6,1036.3515
2025-09-27 22:00:00+02:00,297.5,299.4,297.4,299.1,649.401
2025-09-28 00:00:00+02:00,299.1,301.1,298.3,298.9,1760.1247
2025-09-28 02:00:00+02:00,298.9,299.6,296.4,297.0,1554.5459
2025-09-28 04:00:00+02:00,296.9,298.0,296.0,296.8,342.9817
2025-09-28 06:00:00+02:00,296.8,297.5,295.2,296.2,578.5931
2025-09-28 08:00:00+02:00,296.1,297.4,294.9,297.1,597.699
2025-09-28 10:00:00+02:00,297.0,297.7,294.0,295.1,791.0281
2025-09-28 12:00:00+02:00,294.9,296.1,293.0,294.1,738.3778
2025-09-28 14:00:00+02:00,294.1,296.4,291.0,295.9,2357.5878
2025-09-28 16:00:00+02:00,295.9,296.6,295.0,296.2,1009.5544
2025-09-28 18:00:00+02:00,296.1,299.7,295.8,298.6,2459.7128
2025-09-28 20:00:00+02:00,298.6,300.2,297.8,299.6,963.3854
2025-09-28 22:00:00+02:00,299.7,303.0,299.4,301.5,1849.477
2025-09-29 00:00:00+02:00,301.6,307.9,301.5,307.6,3291.5123
2025-09-29 02:00:00+02:00,307.6,307.6,305.5,305.7,1254.0717
2025-09-29 04:00:00+02:00,305.6,307.1,304.2,305.9,719.8518
2025-09-29 06:00:00+02:00,306.0,306.1,303.7,305.5,729.2519
2025-09-29 08:00:00+02:00,305.5,306.5,302.8,304.3,1612.412
2025-09-29 10:00:00+02:00,304.2,305.6,302.5,303.7,1848.9545
2025-09-29 12:00:00+02:00,303.7,304.1,298.7,301.8,1996.3896
2025-09-29 14:00:00+02:00,301.6,305.5,298.8,304.5,4089.2669
2025-09-29 16:00:00+02:00,304.4,310.3,304.3,305.7,3249.2239
2025-09-29 18:00:00+02:00,305.8,308.1,303.4,307.8,1647.8394
2025-09-29 20:00:00+02:00,307.8,310.4,304.9,310.0,1270.0588
2025-09-29 22:00:00+02:00,309.9,313.1,309.9,310.8,2247.604
2025-09-30 00:00:00+02:00,310.7,311.2,309.6,310.8,1362.2237
2025-09-30 02:00:00+02:00,310.7,313.2,308.2,310.2,1779.2921
2025-09-30 04:00:00+02:00,310.1,310.5,308.1,308.7,505.8565
2025-09-30 06:00:00+02:00,308.7,311.3,308.1,308.4,1089.4867
2025-09-30 08:00:00+02:00,308.2,310.4,305.4,307.0,1496.4403
2025-09-30 10:00:00+02:00,306.9,307.4,303.8,304.6,1674.4581
2025-09-30 12:00:00+02:00,304.4,305.4,302.4,303.2,1729.4248
2025-09-30 14:00:00+02:00,303.1,306.0,302.0,304.0,1771.8475
2025-09-30 16:00:00+02:00,303.9,304.6,296.1,298.4,4043.9034
2025-09-30 18:00:00+02:00,298.3,299.1,295.4,297.2,2117.5441
2025-09-30 20:00:00+02:00,297.3,305.7,296.2,305.4,2135.5608
2025-09-30 22:00:00+02:00,305.3,307.1,303.5,303.5,2582.7015
2025-10-01 00:00:00+02:00,303.5,304.6,300.8,303.0,1405.0742
2025-10-01 02:00:00+02:00,303.1,304.6,300.8,304.4,1247.6131
2025-10-01 04:00:00+02:00,304.6,305.1,301.8,301.8,1188.7057
2025-10-01 06:00:00+02:00,301.8,305.2,301.7,303.1,1664.2696
2025-10-01 08:00:00+02:00,303.1,303.3,300.9,302.3,1441.9773
2025-10-01 10:00:00+02:00,302.2,316.2,302.1,315.3,7348.2356
2025-10-01 12:00:00+02:00,315.4,315.4,311.8,313.6,1722.7425
2025-10-01 14:00:00+02:00,313.6,314.3,311.0,313.5,2066.3581
2025-10-01 16:00:00+02:00,313.5,319.0,312.3,318.9,3033.6576
2025-10-01 18:00:00+02:00,318.9,321.2,315.4,315.7,3523.5852
2025-10-01 20:00:00+02:00,315.6,320.7,315.6,319.9,2478.0402
2025-10-01 22:00:00+02:00,319.7,320.2,316.3,317.5,1390.7114
2025-10-02 00:00:00+02:00,317.5,320.0,315.8,319.7,884.9756
2025-10-02 02:00:00+02:00,319.7,321.8,318.1,321.7,1136.2725
2025-10-02 04:00:00+02:00,321.6,322.7,320.1,321.1,874.8392
2025-10-02 06:00:00+02:00,321.0,321.9,319.8,320.1,965.5774
2025-10-02 08:00:00+02:00,320.0,323.1,318.6,318.7,1733.1053
2025-10-02 10:00:00+02:00,318.7,319.5,317.6,318.5,858.3594
2025-10-02 12:00:00+02:00,318.5,319.9,317.6,318.0,1098.1934
2025-10-02 14:00:00+02:00,317.9,319.5,316.4,318.8,1557.5638
2025-10-02 16:00:00+02:00,318.6,319.5,312.5,319.0,2685.2969
2025-10-02 18:00:00+02:00,319.0,322.2,318.5,322.0,2623.9445
2025-10-02 20:00:00+02:00,322.0,328.0,322.0,326.1,3276.0476
2025-10-02 22:00:00+02:00,326.3,327.3,324.0,324.6,1648.1548
2025-10-03 00:00:00+02:00,324.5,326.4,323.1,325.8,1963.1381
2025-10-03 02:00:00+02:00,325.8,325.9,321.7,322.2,1303.2307
2025-10-03 04:00:00+02:00,322.1,328.1,322.0,326.4,1712.2391
2025-10-03 06:00:00+02:00,326.3,329.2,326.2,327.9,1720.7973
2025-10-03 08:00:00+02:00,327.9,329.2,323.6,326.1,2384.064
2025-10-03 10:00:00+02:00,326.0,326.2,322.1,325.5,1760.3671
2025-10-03 12:00:00+02:00,325.5,326.0,322.6,323.3,1222.8076
2025-10-03 14:00:00+02:00,323.3,324.8,320.6,323.2,2429.94
2025-10-03 16:00:00+02:00,323.1,328.4,319.5,328.1,3162.2574
2025-10-03 18:00:00+02:00,328.1,330.9,321.2,322.6,5654.7036
2025-10-03 20:00:00+02:00,322.7,327.2,321.3,326.2,2729.8893
2025-10-03 22:00:00+02:00,326.2,326.2,322.4,322.7,824.4518
2025-10-04 00:00:00+02:00,322.7,325.3,321.6,321.6,993.802
2025-10-04 02:00:00+02:00,321.6,321.8,318.1,318.8,1640.4117
2025-10-04 04:00:00+02:00,318.9,320.8,318.3,319.9,919.1735
2025-10-04 06:00:00+02:00,319.7,322.2,319.3,321.4,765.2135
2025-10-04 08:00:00+02:00,321.4,322.4,319.1,319.6,1330.2937
2025-10-04 10:00:00+02:00,319.6,320.6,316.5,316.7,2315.5654
2025-10-04 12:00:00+02:00,316.7,318.5,316.0,317.1,1413.6924
2025-10-04 14:00:00+02:00,316.9,319.1,316.2,318.2,1472.9342
2025-10-04 16:00:00+02:00,318.3,321.2,314.9,315.8,2411.0793
2025-10-04 18:00:00+02:00,315.8,318.9,315.1,317.3,1690.8574
2025-10-04 20:00:00+02:00,317.2,317.7,314.9,316.3,1211.5742
2025-10-04 22:00:00+02:00,316.4,320.1,316.4,318.5,1356.7376
2025-10-05 00:00:00+02:00,318.4,320.3,318.1,319.6,725.3505
2025-10-05 02:00:00+02:00,319.7,320.7,316.5,317.8,1179.0473
2025-10-05 04:00:00+02:00,317.7,323.6,317.2,321.1,2271.1259
2025-10-05 06:00:00+02:00,321.0,325.3,321.0,324.4,2253.174
2025-10-05 08:00:00+02:00,324.4,327.3,323.0,327.2,2201.8721
2025-10-05 10:00:00+02:00,327.2,327.9,323.3,324.2,3795.3816
2025-10-05 12:00:00+02:00,324.1,324.4,319.6,322.4,2359.2436
2025-10-05 14:00:00+02:00,322.3,322.3,319.6,321.6,1269.1866
2025-10-05 16:00:00+02:00,321.5,323.9,319.5,322.4,1487.5387
2025-10-05 18:00:00+02:00,322.4,324.0,312.4,315.8,4579.3906
2025-10-05 20:00:00+02:00,315.7,317.6,313.0,313.1,1663.8991
2025-10-05 22:00:00+02:00,313.1,315.6,311.8,315.2,1110.7909
2025-10-06 00:00:00+02:00,315.3,317.0,313.5,315.5,1216.4658
2025-10-06 02:00:00+02:00,315.5,318.7,313.1,317.1,1860.3539
2025-10-06 04:00:00+02:00,317.0,318.9,315.7,317.3,655.9042
2025-10-06 06:00:00+02:00,317.2,318.2,315.9,317.0,527.4224
2025-10-06 08:00:00+02:00,316.8,322.2,316.8,320.2,2863.0685
2025-10-06 10:00:00+02:00,320.3,323.6,320.0,322.7,1299.1477
2025-10-06 12:00:00+02:00,322.6,325.6,322.3,325.4,2084.0056
2025-10-06 14:00:00+02:00,325.3,335.5,325.3,335.4,6809.5169
2025-10-06 16:00:00+02:00,335.5,340.9,332.3,340.0,4889.77
2025-10-06 18:00:00+02:00,340.1,354.9,338.9,348.9,6314.5437
2025-10-06 20:00:00+02:00,349.2,355.1,347.5,352.4,7007.8825
2025-10-06 22:00:00+02:00,352.4,353.7,346.8,348.3,3144.1001
2025-10-07 00:00:00+02:00,348.5,350.3,345.0,345.0,2025.5277
2025-10-07 02:00:00+02:00,344.9,346.3,340.7,341.7,1428.3062
2025-10-07 04:00:00+02:00,341.7,345.5,341.0,345.5,1166.7181
2025-10-07 06:00:00+02:00,345.4,353.8,342.8,352.6,2932.8627
2025-10-07 08:00:00+02:00,352.6,352.6,346.8,348.6,2221.6959
2025-10-07 10:00:00+02:00,348.6,348.6,338.6,346.2,5720.235
2025-10-07 12:00:00+02:00,346.1,349.5,344.4,346.0,1250.3248
2025-10-07 14:00:00+02:00,345.9,351.4,344.5,346.8,3444.1828
2025-10-07 16:00:00+02:00,346.7,347.4,333.0,335.3,9412.4786
2025-10-07 18:00:00+02:00,335.2,340.3,331.3,334.6,4175.1602
2025-10-07 20:00:00+02:00,334.7,335.6,330.9,331.8,2893.1344
2025-10-07 22:00:00+02:00,331.9,339.5,331.5,333.8,2514.281
2025-10-08 00:00:00+02:00,333.8,336.2,330.1,331.2,817.9222
2025-10-08 02:00:00+02:00,331.2,333.3,327.4,332.5,1581.2356
2025-10-08 04:00:00+02:00,332.1,332.6,325.7,326.5,1411.8036
2025-10-08 06:00:00+02:00,326.4,332.6,323.9,328.7,1877.1066
2025-10-08 08:00:00+02:00,328.6,332.9,327.6,330.6,2241.8595
2025-10-08 10:00:00+02:00,330.8,336.1,329.5,331.8,1826.1728
2025-10-08 12:00:00+02:00,331.6,336.3,329.7,334.6,1863.1024
2025-10-08 14:00:00+02:00,334.7,335.4,328.5,332.6,2338.5099
2025-10-08 16:00:00+02:00,332.6,339.5,330.7,338.0,2922.3275
2025-10-08 18:00:00+02:00,338.0,345.6,336.8,344.0,4166.6822
2025-10-08 20:00:00+02:00,344.0,344.6,336.9,338.5,2805.3134
2025-10-08 22:00:00+02:00,338.4,339.4,335.6,336.6,846.4006
2025-10-09 00:00:00+02:00,336.6,338.7,336.2,338.1,807.7758
2025-10-09 02:00:00+02:00,338.5,339.4,332.0,334.2,1380.6495
2025-10-09 04:00:00+02:00,333.9,334.4,328.8,333.8,1250.4205
2025-10-09 06:00:00+02:00,333.7,334.3,330.0,330.3,1084.1417
2025-10-09 08:00:00+02:00,330.2,330.2,325.4,326.7,2733.1038
2025-10-09 10:00:00+02:00,326.7,327.4,321.2,325.6,3315.5451
2025-10-09 12:00:00+02:00,325.6,327.9,323.5,326.6,949.3603
2025-10-09 14:00:00+02:00,326.6,331.2,325.0,325.2,1828.9272
2025-10-09 16:00:00+02:00,325.3,327.8,321.4,324.3,4644.873
2025-10-09 18:00:00+02:00,324.2,333.9,323.1,333.2,4275.08
2025-10-09 20:00:00+02:00,333.3,336.4,331.7,335.2,3761.1804
2025-10-09 22:00:00+02:00,335.3,340.4,335.3,339.7,3326.7313
2025-10-10 00:00:00+02:00,339.7,347.6,338.8,347.3,3544.6242
2025-10-10 02:00:00+02:00,347.3,350.9,345.6,346.9,3424.2185
2025-10-10 04:00:00+02:00,346.8,348.7,340.2,345.1,3670.3389
2025-10-10 06:00:00+02:00,345.2,351.9,344.9,351.9,1931.8186
2025-10-10 08:00:00+02:00,351.9,363.1,351.7,356.4,9659.053
2025-10-10 10:00:00+02:00,356.4,380.0,356.3,370.0,14295.4464
2025-10-10 12:00:00+02:00,369.9,388.0,369.7,384.3,8980.2089
2025-10-10 14:00:00+02:00,384.4,398.0,383.5,388.7,15536.9157
2025-10-10 16:00:00+02:00,389.0,397.5,364.1,374.2,21468.8048
2025-10-10 18:00:00+02:00,374.3,379.7,364.0,371.0,10677.5922
2025-10-10 20:00:00+02:00,371.1,378.7,364.6,368.8,11116.9831
2025-10-10 22:00:00+02:00,368.8,372.0,139.1,305.5,35813.1774
2025-10-11 00:00:00+02:00,305.6,317.9,261.6,291.1,37263.9537
2025-10-11 02:00:00+02:00,291.3,300.2,275.7,279.4,9805.9764
2025-10-11 04:00:00+02:00,279.0,302.0,279.0,292.5,8216.5205
2025-10-11 06:00:00+02:00,292.5,307.5,292.1,303.1,7737.8269
2025-10-11 08:00:00+02:00,303.2,321.1,302.0,320.4,14908.3406
2025-10-11 10:00:00+02:00,320.3,332.2,317.2,327.1,10007.8449
2025-10-11 12:00:00+02:00,327.0,327.7,316.3,318.8,8424.479
2025-10-11 14:00:00+02:00,318.7,319.0,303.1,307.1,8673.3863
2025-10-11 16:00:00+02:00,306.8,315.9,305.4,308.2,3933.8545
2025-10-11 18:00:00+02:00,308.2,313.3,300.7,307.8,4445.2271
2025-10-11 20:00:00+02:00,307.9,308.0,290.3,294.1,7595.0505
2025-10-11 22:00:00+02:00,293.8,298.4,284.2,296.8,7432.6117
2025-10-12 00:00:00+02:00,296.8,300.2,294.7,298.0,2670.6913
2025-10-12 02:00:00+02:00,297.9,298.3,288.2,288.3,2064.1924
2025-10-12 04:00:00+02:00,288.2,300.1,287.1,298.6,4045.6721
2025-10-12 06:00:00+02:00,298.3,305.3,297.8,299.2,2153.9974
2025-10-12 08:00:00+02:00,299.2,317.0,298.7,315.0,8665.2775
2025-10-12 10:00:00+02:00,315.0,321.6,311.3,319.1,6727.2976
2025-10-12 12:00:00+02:00,318.9,321.5,312.1,313.0,5852.7045
2025-10-12 14:00:00+02:00,313.1,321.7,311.4,317.6,6659.5636
2025-10-12 16:00:00+02:00,317.7,376.4,317.7,367.9,30157.2636
2025-10-12 18:00:00+02:00,367.8,383.3,354.8,377.3,23314.3739
2025-10-12 20:00:00+02:00,377.4,393.1,365.7,391.7,11453.5111
2025-10-12 22:00:00+02:00,391.9,397.0,376.1,386.6,12234.9571
2025-10-13 00:00:00+02:00,386.8,388.9,377.0,383.9,6071.8193
2025-10-13 02:00:00+02:00,383.6,395.4,377.3,393.4,4668.5149
2025-10-13 04:00:00+02:00,393.5,416.7,392.7,410.2,11316.5016
2025-10-13 06:00:00+02:00,410.2,414.2,398.5,401.0,6708.1444
2025-10-13 08:00:00+02:00,401.3,424.4,397.7,420.4,9718.1603
2025-10-13 10:00:00+02:00,420.5,430.0,405.2,414.9,12788.7604
2025-10-13 12:00:00+02:00,414.8,415.4,386.1,402.9,13166.9149
2025-10-13 14:00:00+02:00,402.9,420.8,399.7,417.6,16090.9171
2025-10-13 16:00:00+02:00,417.4,421.8,404.1,419.3,8846.2747
2025-10-13 18:00:00+02:00,419.4,424.4,410.2,424.3,5833.9828
2025-10-13 20:00:00+02:00,424.2,435.4,415.0,434.2,12016.2634
2025-10-13 22:00:00+02:00,434.1,443.5,428.6,438.8,11083.1767
2025-10-14 00:00:00+02:00,438.6,450.9,432.5,447.7,9872.1235
2025-10-14 02:00:00+02:00,447.8,449.8,429.2,434.8,6742.451
2025-10-14 04:00:00+02:00,434.7,444.7,420.8,429.3,13092.0065
2025-10-14 06:00:00+02:00,429.3,430.0,410.8,413.1,15526.1911
2025-10-14 08:00:00+02:00,413.1,415.6,380.4,402.1,26075.1066
2025-10-14 10:00:00+02:00,401.9,426.0,399.8,425.5,15050.5989
2025-10-14 12:00:00+02:00,424.7,456.0,406.9,448.5,32675.7349
2025-10-14 14:00:00+02:00,448.7,449.9,408.4,430.1,26575.9723
2025-10-14 16:00:00+02:00,430.1,475.7,423.2,472.3,34825.6015
2025-10-14 18:00:00+02:00,472.9,479.0,451.0,456.3,23844.7173
2025-10-14 20:00:00+02:00,456.3,479.2,441.7,459.7,18957.7993
2025-10-14 22:00:00+02:00,459.9,462.3,446.8,458.6,10979.9883
2025-10-15 00:00:00+02:00,458.7,464.4,447.5,460.7,15269.124
2025-10-15 02:00:00+02:00,460.7,461.2,438.1,441.6,8136.2627
2025-10-15 04:00:00+02:00,441.6,453.8,439.9,444.2,5865.3942
2025-10-15 06:00:00+02:00,444.3,468.2,441.6,461.2,8048.0855
2025-10-15 08:00:00+02:00,461.1,463.1,451.7,460.0,7916.8088
2025-10-15 10:00:00+02:00,459.8,463.2,435.0,440.8,12158.4119
2025-10-15 12:00:00+02:00,440.8,446.3,435.9,443.0,7005.9228
2025-10-15 14:00:00+02:00,442.9,448.8,429.9,435.2,11442.6346
2025-10-15 16:00:00+02:00,435.4,443.4,413.2,417.6,15680.5832
2025-10-15 18:00:00+02:00,417.4,429.9,413.5,429.5,10777.3659
2025-10-15 20:00:00+02:00,429.1,430.0,414.1,415.1,8574.053
2025-10-15 22:00:00+02:00,415.0,420.6,406.8,409.7,8645.7551
2025-10-16 00:00:00+02:00,409.7,413.3,406.2,411.8,5070.6155
2025-10-16 02:00:00+02:00,411.8,413.1,400.1,409.0,5960.4064
2025-10-16 04:00:00+02:00,409.0,412.7,395.3,398.5,6134.0011
2025-10-16 06:00:00+02:00,398.4,406.9,391.8,396.8,7428.3682
2025-10-16 08:00:00+02:00,396.9,403.0,385.3,391.6,10711.5069
2025-10-16 10:00:00+02:00,391.3,400.5,374.5,397.4,13005.8908
2025-10-16 12:00:00+02:00,397.3,411.0,396.9,404.6,11930.5227
2025-10-16 14:00:00+02:00,404.7,416.8,400.7,402.5,13132.2027
2025-10-16 16:00:00+02:00,402.6,409.7,392.9,394.0,17991.2664
2025-10-16 18:00:00+02:00,393.9,413.3,389.4,405.8,22300.0244
2025-10-16 20:00:00+02:00,405.7,406.1,381.3,389.3,14360.3655
2025-10-16 22:00:00+02:00,389.2,391.4,372.2,386.6,11136.0604
2025-10-17 00:00:00+02:00,386.6,386.9,376.7,378.8,4245.6538
2025-10-17 02:00:00+02:00,379.0,385.2,374.1,377.5,4691.8928
2025-10-17 04:00:00+02:00,377.6,380.0,371.9,376.6,4640.442
2025-10-17 06:00:00+02:00,376.6,379.3,368.5,369.8,6774.3361
2025-10-17 08:00:00+02:00,369.8,373.2,346.0,346.9,17244.2908
2025-10-17 10:00:00+02:00,347.2,370.7,342.2,361.9,21181.0022
2025-10-17 12:00:00+02:00,361.9,376.5,352.2,372.8,21014.6307
2025-10-17 14:00:00+02:00,372.7,377.0,359.5,368.7,13682.46
2025-10-17 16:00:00+02:00,368.5,376.1,358.7,375.4,12861.2695
2025-10-17 18:00:00+02:00,375.2,378.3,365.1,372.7,11976.4341
2025-10-17 20:00:00+02:00,372.7,376.1,364.8,369.3,5533.4766
2025-10-17 22:00:00+02:00,369.4,387.7,366.1,382.7,7423.028
2025-10-18 00:00:00+02:00,382.8,386.2,376.7,382.8,6919.893
2025-10-18 02:00:00+02:00,383.0,410.9,379.7,409.2,15173.4066
2025-10-18 04:00:00+02:00,409.3,413.0,397.0,398.7,8483.2218
2025-10-18 06:00:00+02:00,398.6,403.2,390.0,395.4,7512.7649
2025-10-18 08:00:00+02:00,395.4,407.7,393.7,396.3,8164.5892
2025-10-18 10:00:00+02:00,396.4,399.6,393.0,398.9,4942.7803
2025-10-18 12:00:00+02:00,399.1,402.0,393.8,399.1,5171.9721
2025-10-18 14:00:00+02:00,399.1,399.3,384.9,386.9,7894.934
2025-10-18 16:00:00+02:00,386.9,393.1,384.7,391.2,4180.0371
2025-10-18 18:00:00+02:00,391.2,400.8,383.6,399.8,7664.2218
2025-10-18 20:00:00+02:00,400.0,401.8,391.3,394.0,4995.9166
2025-10-18 22:00:00+02:00,394.0,399.5,391.9,399.2,4527.1702
2025-10-19 00:00:00+02:00,399.2,402.7,396.1,400.2,5179.9157
2025-10-19 02:00:00+02:00,400.1,408.9,396.9,404.6,7783.4094
2025-10-19 04:00:00+02:00,404.6,411.3,399.4,408.9,5134.7904
2025-10-19 06:00:00+02:00,408.8,413.8,401.8,404.7,6425.8179
2025-10-19 08:00:00+02:00,404.7,407.6,397.5,404.7,6352.8787
2025-10-19 10:00:00+02:00,404.7,414.4,394.5,413.4,12927.0188
2025-10-19 12:00:00+02:00,413.4,445.1,412.2,440.6,25989.7761
2025-10-19 14:00:00+02:00,440.6,459.8,434.6,457.2,20577.4006
2025-10-19 16:00:00+02:00,457.5,459.6,445.6,454.0,16555.2075
2025-10-19 18:00:00+02:00,454.2,457.0,436.6,441.2,17545.131
2025-10-19 20:00:00+02:00,441.2,447.2,434.8,436.6,8722.1928
2025-10-19 22:00:00+02:00,436.5,444.7,435.9,443.1,6593.3099
2025-10-20 00:00:00+02:00,443.4,446.0,437.8,439.0,4833.0935
2025-10-20 02:00:00+02:00,438.8,439.7,430.1,433.1,8548.2494
2025-10-20 04:00:00+02:00,433.0,437.4,426.4,435.0,6657.6593
2025-10-20 06:00:00+02:00,435.2,454.7,434.8,454.7,11509.6682
2025-10-20 08:00:00+02:00,454.8,456.5,439.9,441.5,12620.1518
2025-10-20 10:00:00+02:00,441.6,444.8,433.2,437.6,7781.8884
2025-10-20 12:00:00+02:00,437.7,438.9,432.2,438.0,6535.6337
2025-10-20 14:00:00+02:00,438.2,447.7,434.7,443.4,12264.2989
2025-10-20 16:00:00+02:00,443.6,444.2,432.4,435.2,11170.4073
2025-10-20 18:00:00+02:00,435.1,435.4,425.3,428.7,10755.3725
2025-10-20 20:00:00+02:00,428.8,429.8,418.3,422.4,7701.7772
2025-10-20 22:00:00+02:00,422.3,428.5,420.3,424.4,4042.2985
2025-10-21 00:00:00+02:00,424.4,427.8,422.3,422.9,2878.2496
2025-10-21 02:00:00+02:00,423.0,428.4,420.3,424.8,3675.5119
2025-10-21 04:00:00+02:00,425.0,425.9,411.2,415.7,9296.7003
2025-10-21 06:00:00+02:00,415.7,416.2,403.5,407.0,10847.4684
2025-10-21 08:00:00+02:00,407.2,413.6,402.8,413.6,6643.2575
2025-10-21 10:00:00+02:00,413.4,413.5,403.8,404.6,3430.8908
2025-10-21 12:00:00+02:00,404.7,405.6,398.5,403.7,6871.7335
2025-10-21 14:00:00+02:00,403.7,409.2,396.5,399.3,10320.8384
2025-10-21 16:00:00+02:00,399.3,424.8,399.1,423.1,22446.2531
2025-10-21 18:00:00+02:00,422.9,434.6,403.6,408.0,27327.2099
2025-10-21 20:00:00+02:00,408.2,410.8,402.7,405.0,7098.2844
2025-10-21 22:00:00+02:00,405.0,405.9,388.1,396.9,9259.9002
2025-10-22 00:00:00+02:00,396.9,397.7,380.4,382.2,10181.0241
2025-10-22 02:00:00+02:00,382.2,386.7,377.4,384.6,5795.9868
2025-10-22 04:00:00+02:00,384.7,390.9,383.9,390.6,4343.116
2025-10-22 06:00:00+02:00,390.5,393.4,381.6,388.0,7151.4372
2025-10-22 08:00:00+02:00,387.9,430.0,386.0,399.4,12105.495
2025-10-22 10:00:00+02:00,399.3,399.3,382.5,383.5,15301.0246
2025-10-22 12:00:00+02:00,383.6,394.4,381.1,390.5,9073.5665
2025-10-22 14:00:00+02:00,390.4,395.0,387.8,394.1,5813.0277
2025-10-22 16:00:00+02:00,394.2,399.3,387.6,394.5,10230.9275
2025-10-22 18:00:00+02:00,394.5,396.9,386.4,388.2,6294.6548
2025-10-22 20:00:00+02:00,388.1,393.0,384.0,388.6,5943.5493
2025-10-22 22:00:00+02:00,388.4,389.0,366.5,377.6,13361.367
2025-10-23 00:00:00+02:00,377.5,384.7,373.8,380.7,6117.0285
2025-10-23 02:00:00+02:00,380.7,382.1,374.2,377.3,3428.1461
2025-10-23 04:00:00+02:00,377.3,383.5,376.7,382.0,2803.3857
2025-10-23 06:00:00+02:00,382.0,392.7,381.2,386.4,5269.6737
2025-10-23 08:00:00+02:00,386.5,397.1,383.6,387.6,10380.2374
2025-10-23 10:00:00+02:00,387.6,391.3,386.8,390.0,3091.0057
2025-10-23 12:00:00+02:00,390.0,391.4,370.5,375.9,8439.2955
2025-10-23 14:00:00+02:00,375.5,381.2,372.2,379.5,4932.8958
2025-10-23 16:00:00+02:00,379.5,396.4,373.9,390.2,14893.7279
2025-10-23 18:00:00+02:00,390.2,393.8,382.9,390.2,12514.7693
2025-10-23 20:00:00+02:00,390.3,390.7,383.3,386.1,4957.6433
2025-10-23 22:00:00+02:00,386.0,386.4,379.6,382.8,6464.0486
2025-10-24 00:00:00+02:00,382.6,387.4,382.4,386.3,2039.3107
2025-10-24 02:00:00+02:00,386.3,389.8,384.4,387.8,3069.7357
2025-10-24 04:00:00+02:00,387.9,392.4,386.4,389.6,2515.4091
2025-10-24 06:00:00+02:00,389.4,396.1,388.6,395.3,3160.8481
2025-10-24 08:00:00+02:00,395.2,398.3,394.1,395.6,4573.1297
2025-10-24 10:00:00+02:00,395.7,402.5,390.1,390.8,7542.0853
2025-10-24 12:00:00+02:00,390.5,391.8,384.3,389.0,4731.3639
2025-10-24 14:00:00+02:00,389.0,400.0,386.9,391.2,12051.1037
2025-10-24 16:00:00+02:00,391.2,391.2,379.8,381.4,8763.1705
2025-10-24 18:00:00+02:00,381.4,386.0,377.9,383.0,4285.7487
2025-10-24 20:00:00+02:00,383.0,391.9,382.2,388.7,5914.8772
2025-10-24 22:00:00+02:00,388.6,391.8,382.3,389.1,4822.3249
2025-10-25 00:00:00+02:00,389.0,389.2,384.7,385.2,1737.9153
2025-10-25 02:00:00+02:00,385.2,385.2,380.5,382.1,3079.6304
2025-10-25 04:00:00+02:00,382.1,382.6,378.8,379.7,1239.6269
2025-10-25 06:00:00+02:00,379.6,383.3,379.6,383.2,1123.2379
2025-10-25 08:00:00+02:00,383.3,387.6,382.6,384.4,2407.3606
2025-10-25 10:00:00+02:00,384.4,391.5,384.2,386.7,4685.5179
2025-10-25 12:00:00+02:00,386.7,390.3,385.1,386.8,3054.5689
2025-10-25 14:00:00+02:00,386.6,391.0,381.0,390.2,4559.6263
2025-10-25 16:00:00+02:00,390.2,391.8,386.1,386.8,5084.3774
2025-10-25 18:00:00+02:00,386.8,389.7,384.6,388.2,3130.1136
2025-10-25 20:00:00+02:00,388.1,392.0,387.0,390.5,2415.1793
2025-10-25 22:00:00+02:00,390.4,391.3,387.1,390.6,1681.2976
2025-10-26 00:00:00+02:00,390.4,399.0,389.0,396.5,5792.2578
2025-10-26 02:00:00+02:00,396.4,406.2,393.7,395.8,6897.4018
2025-10-26 03:00:00+01:00,395.9,395.9,388.7,389.4,3368.0218
2025-10-26 05:00:00+01:00,389.4,395.4,389.0,394.9,2392.3655
2025-10-26 07:00:00+01:00,395.0,396.3,389.3,393.4,2977.0982
2025-10-26 09:00:00+01:00,393.2,399.8,391.4,397.3,4366.1521
2025-10-26 11:00:00+01:00,397.2,419.8,393.7,419.5,10780.9687
2025-10-26 13:00:00+01:00,419.5,424.1,408.8,411.2,17241.1386
2025-10-26 15:00:00+01:00,411.4,416.2,406.1,412.5,8928.0582
2025-10-26 17:00:00+01:00,412.4,413.1,407.7,409.6,3931.0318
2025-10-26 19:00:00+01:00,409.6,410.9,402.1,404.9,4981.7108
2025-10-26 21:00:00+01:00,404.7,404.7,396.6,403.7,5784.7995
2025-10-26 23:00:00+01:00,403.8,412.4,402.7,404.7,6921.4271
2025-10-27 01:00:00+01:00,404.9,407.6,399.9,406.7,4804.269
2025-10-27 03:00:00+01:00,406.6,417.4,406.2,409.8,6413.4165
2025-10-27 05:00:00+01:00,410.0,419.9,409.6,411.0,5086.7956
2025-10-27 07:00:00+01:00,410.9,418.5,403.6,406.6,7842.7736
2025-10-27 09:00:00+01:00,406.5,410.2,398.4,400.4,5921.4142
2025-10-27 11:00:00+01:00,400.4,403.6,398.8,402.3,5165.5628
2025-10-27 13:00:00+01:00,402.4,417.2,399.7,413.8,10466.6911
2025-10-27 15:00:00+01:00,413.8,415.3,400.9,414.3,7533.0118
2025-10-27 17:00:00+01:00,414.2,423.4,411.9,419.2,9799.708
2025-10-27 19:00:00+01:00,419.2,419.2,407.8,408.6,5471.0336
2025-10-27 21:00:00+01:00,408.6,413.4,403.7,411.9,7207.2842
2025-10-27 23:00:00+01:00,412.0,416.7,409.2,415.2,5851.3956
2025-10-28 01:00:00+01:00,415.1,423.2,413.0,414.8,11559.7046
2025-10-28 03:00:00+01:00,414.6,420.9,405.0,420.4,6447.0573
2025-10-28 05:00:00+01:00,420.3,423.4,408.7,411.0,5426.5509
2025-10-28 07:00:00+01:00,411.0,427.6,410.3,422.8,8532.9594
2025-10-28 09:00:00+01:00,422.9,447.9,421.3,443.6,15240.6013
2025-10-28 11:00:00+01:00,443.6,449.9,440.3,444.1,10788.6524
2025-10-28 13:00:00+01:00,443.9,459.7,439.9,451.3,14177.8627
2025-10-28 15:00:00+01:00,451.4,455.0,434.0,447.0,17988.7399
2025-10-28 17:00:00+01:00,447.2,452.3,442.7,446.5,7578.423
2025-10-28 19:00:00+01:00,446.2,450.5,432.2,434.4,10888.6997
2025-10-28 21:00:00+01:00,434.4,437.2,422.0,430.9,14104.3775
2025-10-28 23:00:00+01:00,430.7,437.2,428.0,432.5,3936.6031
2025-10-29 01:00:00+01:00,432.3,435.2,427.4,429.2,3212.2816
2025-10-29 03:00:00+01:00,429.0,431.8,423.1,424.7,2805.6433
2025-10-29 05:00:00+01:00,424.6,439.4,423.9,435.6,5300.607
2025-10-29 07:00:00+01:00,435.5,437.7,427.0,429.9,5591.7841
2025-10-29 09:00:00+01:00,429.9,429.9,415.4,419.8,8440.7447
2025-10-29 11:00:00+01:00,420.0,429.8,419.1,428.5,6317.4614
2025-10-29 13:00:00+01:00,428.2,431.1,422.5,426.7,4383.3402
2025-10-29 15:00:00+01:00,427.1,430.2,421.7,425.2,5629.9427
2025-10-29 17:00:00+01:00,425.3,436.8,420.0,432.3,9607.0833
2025-10-29 19:00:00+01:00,432.3,436.1,410.7,433.9,21106.3849
2025-10-29 21:00:00+01:00,433.9,451.0,427.9,449.9,13359.6754
2025-10-29 23:00:00+01:00,449.9,450.6,437.1,441.2,7067.7955
2025-10-30 01:00:00+01:00,441.2,455.5,436.0,448.2,8332.3703
2025-10-30 03:00:00+01:00,448.2,453.7,443.5,448.4,4781.5743
2025-10-30 05:00:00+01:00,448.2,448.3,433.0,445.3,13526.8395
2025-10-30 07:00:00+01:00,445.2,454.1,441.1,449.2,6129.6494
2025-10-30 09:00:00+01:00,449.1,450.7,428.6,430.3,13261.7395
2025-10-30 11:00:00+01:00,430.2,436.3,425.2,425.7,7911.033
2025-10-30 13:00:00+01:00,425.7,429.5,406.6,415.7,14801.4221
2025-10-30 15:00:00+01:00,416.0,420.8,411.2,412.0,7096.196
2025-10-30 17:00:00+01:00,412.0,415.7,398.4,404.8,17201.4381
2025-10-30 19:00:00+01:00,404.9,405.7,389.0,390.2,15518.4911
2025-10-30 21:00:00+01:00,389.9,405.5,388.7,405.1,13079.9038
2025-10-30 23:00:00+01:00,405.2,416.2,403.8,414.6,7978.6154
2025-10-31 01:00:00+01:00,414.7,425.0,414.0,418.6,8141.1077
2025-10-31 03:00:00+01:00,418.5,425.9,415.0,424.4,5527.4206
2025-10-31 05:00:00+01:00,424.3,441.9,423.1,436.6,8328.1006
2025-10-31 07:00:00+01:00,436.5,438.0,430.9,434.9,6756.12
2025-10-31 09:00:00+01:00,434.8,443.4,434.1,437.2,6816.8809
2025-10-31 11:00:00+01:00,437.2,439.7,430.5,436.1,5909.7091
2025-10-31 13:00:00+01:00,435.9,473.0,435.0,467.7,23026.7566
2025-10-31 15:00:00+01:00,468.0,493.2,464.2,484.9,45153.9116
2025-10-31 17:00:00+01:00,485.0,493.7,473.1,487.2,23501.0643
2025-10-31 19:00:00+01:00,487.2,495.4,478.2,485.5,12821.1079
2025-10-31 21:00:00+01:00,485.3,488.7,472.6,478.9,10118.5062
2025-10-31 23:00:00+01:00,479.1,490.9,479.1,480.7,8100.8042
2025-11-01 01:00:00+01:00,481.0,496.3,480.1,493.0,9424.9455
2025-11-01 03:00:00+01:00,493.0,519.5,485.3,516.2,17770.1136
2025-11-01 05:00:00+01:00,516.1,533.7,513.7,528.0,11869.891
2025-11-01 07:00:00+01:00,527.9,539.0,517.2,526.0,14794.1448
2025-11-01 09:00:00+01:00,525.5,537.3,517.5,527.8,10094.6707
2025-11-01 11:00:00+01:00,528.3,530.7,521.8,530.1,15544.9861
2025-11-01 13:00:00+01:00,530.0,531.2,494.1,510.9,13179.9255
2025-11-01 15:00:00+01:00,511.0,516.2,486.2,500.9,12615.9793
2025-11-01 17:00:00+01:00,501.3,505.9,492.9,505.5,8651.4421
2025-11-01 19:00:00+01:00,505.3,508.5,501.4,506.0,4299.173
2025-11-01 21:00:00+01:00,506.0,509.0,495.5,496.0,5303.2274
2025-11-01 23:00:00+01:00,495.8,501.6,494.7,497.1,2546.4509
2025-11-02 01:00:00+01:00,497.2,507.1,490.0,502.5,4374.9728
2025-11-02 03:00:00+01:00,502.3,502.6,488.4,490.6,4086.7882
2025-11-02 05:00:00+01:00,490.4,495.0,482.3,488.8,4336.399
2025-11-02 07:00:00+01:00,488.7,515.9,487.2,515.9,8014.3423
2025-11-02 09:00:00+01:00,515.7,516.6,502.5,505.5,6670.2937
2025-11-02 11:00:00+01:00,505.7,508.7,496.3,505.6,7273.9099
2025-11-02 13:00:00+01:00,505.5,507.2,492.7,499.3,7252.1296
2025-11-02 15:00:00+01:00,499.3,501.2,485.9,486.8,11729.6447
2025-11-02 17:00:00+01:00,486.7,488.2,463.4,488.0,15732.1052
2025-11-02 19:00:00+01:00,487.8,490.0,476.3,480.0,6026.4448
2025-11-02 21:00:00+01:00,479.9,485.6,477.2,482.4,3218.2135
2025-11-02 23:00:00+01:00,482.2,492.8,482.2,489.1,6638.5461
2025-11-03 01:00:00+01:00,488.8,495.1,478.8,478.9,3995.3125
2025-11-03 03:00:00+01:00,478.9,479.9,463.7,463.9,9417.4979
2025-11-03 05:00:00+01:00,464.2,477.9,460.1,470.5,10180.1629
2025-11-03 07:00:00+01:00,470.5,474.1,465.4,468.1,5920.1502
2025-11-03 09:00:00+01:00,468.0,471.4,456.8,459.2,8072.0301
2025-11-03 11:00:00+01:00,458.9,478.1,458.8,477.8,7074.3351
2025-11-03 13:00:00+01:00,477.8,484.5,463.3,467.4,10317.6623
2025-11-03 15:00:00+01:00,467.4,474.4,446.0,464.9,21930.7421
2025-11-03 17:00:00+01:00,465.1,504.1,455.2,487.4,27708.6494
2025-11-03 19:00:00+01:00,487.8,489.3,475.6,478.8,10175.454
2025-11-03 21:00:00+01:00,478.9,481.3,460.2,470.7,14237.5326
2025-11-03 23:00:00+01:00,470.2,470.4,460.9,466.5,8308.3624
2025-11-04 01:00:00+01:00,466.7,469.5,452.6,454.9,7073.2595
2025-11-04 03:00:00+01:00,454.8,459.0,443.1,445.8,7448.5306
2025-11-04 05:00:00+01:00,445.4,446.0,424.7,426.6,13936.4029
2025-11-04 07:00:00+01:00,426.6,439.4,425.7,427.9,14159.6286
2025-11-04 09:00:00+01:00,428.0,436.6,420.4,429.7,13138.556
2025-11-04 11:00:00+01:00,429.6,434.2,422.3,426.2,9161.9642
2025-11-04 13:00:00+01:00,426.3,426.4,405.2,409.6,16160.435
2025-11-04 15:00:00+01:00,409.5,428.7,402.7,408.3,23612.3831
2025-11-04 17:00:00+01:00,408.2,413.6,388.3,407.6,23844.1375
2025-11-04 19:00:00+01:00,407.5,407.7,391.4,392.0,18328.3617
2025-11-04 21:00:00+01:00,392.1,400.9,372.7,393.7,30580.7737
2025-11-04 23:00:00+01:00,393.8,409.2,391.0,401.3,15648.5757
2025-11-05 01:00:00+01:00,401.3,402.2,375.8,388.5,12442.8334
2025-11-05 03:00:00+01:00,388.6,397.0,384.9,393.6,8514.8666
2025-11-05 05:00:00+01:00,393.4,394.8,388.0,390.4,4625.1095
2025-11-05 07:00:00+01:00,390.5,390.8,379.3,382.9,12469.7574
2025-11-05 09:00:00+01:00,383.1,383.1,367.3,379.1,10418.3551
2025-11-05 11:00:00+01:00,379.1,385.0,372.1,381.4,7704.0657
2025-11-05 13:00:00+01:00,381.4,394.7,378.4,393.5,12002.6499
2025-11-05 15:00:00+01:00,393.4,404.5,386.6,404.0,14513.0272
2025-11-05 17:00:00+01:00,404.0,405.9,392.0,393.5,12966.1827
2025-11-05 19:00:00+01:00,393.5,403.5,390.7,397.4,8122.5531
2025-11-05 21:00:00+01:00,397.3,401.2,382.1,386.9,8607.4474
2025-11-05 23:00:00+01:00,386.8,388.4,380.4,384.0,5684.2938
2025-11-06 01:00:00+01:00,384.0,386.5,374.7,378.3,5988.0379
2025-11-06 03:00:00+01:00,378.1,389.8,375.4,388.0,4621.548
2025-11-06 05:00:00+01:00,388.4,396.8,386.0,388.0,5431.1291
2025-11-06 07:00:00+01:00,388.1,389.0,380.4,381.8,4300.4838
2025-11-06 09:00:00+01:00,381.7,384.9,376.2,376.6,3212.2194
2025-11-06 11:00:00+01:00,376.6,381.0,369.4,379.6,7411.7411
2025-11-06 13:00:00+01:00,379.5,385.6,372.1,383.0,8291.7063
2025-11-06 15:00:00+01:00,383.2,398.7,379.2,391.0,20758.9747
2025-11-06 17:00:00+01:00,391.1,411.5,385.2,410.2,14823.1914
2025-11-06 19:00:00+01:00,410.1,410.6,392.0,397.0,11329.4817
2025-11-06 21:00:00+01:00,397.0,399.8,387.0,396.1,8791.2499
2025-11-06 23:00:00+01:00,396.2,399.0,387.2,391.7,5366.0129
2025-11-07 01:00:00+01:00,391.9,398.3,381.1,388.5,8275.5375
2025-11-07 03:00:00+01:00,388.3,397.2,386.4,393.8,3893.1632
2025-11-07 05:00:00+01:00,393.8,394.6,381.6,393.5,6069.7047
2025-11-07 07:00:00+01:00,393.3,395.0,384.1,387.6,4233.7127
2025-11-07 09:00:00+01:00,387.6,388.4,371.6,373.5,6492.5699
2025-11-07 11:00:00+01:00,373.6,380.5,352.2,356.0,19061.0646
2025-11-07 13:00:00+01:00,356.0,359.2,347.5,356.0,11402.6614
2025-11-07 15:00:00+01:00,355.6,377.8,350.8,373.8,14448.5474
2025-11-07 17:00:00+01:00,373.9,389.9,366.5,387.0,21369.5114
2025-11-07 19:00:00+01:00,387.2,417.3,386.6,408.4,34418.6227
2025-11-07 21:00:00+01:00,408.3,413.4,401.6,405.1,15082.062
2025-11-07 23:00:00+01:00,405.3,409.8,397.9,399.1,8050.5883
2025-11-08 01:00:00+01:00,399.2,404.7,388.2,394.3,10021.0196
2025-11-08 03:00:00+01:00,394.3,399.1,385.4,386.4,5978.2253
2025-11-08 05:00:00+01:00,386.8,393.5,378.5,380.6,6224.8452
2025-11-08 07:00:00+01:00,380.7,396.2,378.1,387.1,7299.1766
2025-11-08 09:00:00+01:00,387.1,388.6,379.4,382.8,6604.71
2025-11-08 11:00:00+01:00,382.9,385.1,376.2,378.2,5984.9608
2025-11-08 13:00:00+01:00,378.2,381.5,373.6,374.7,5430.2814
2025-11-08 15:00:00+01:00,374.7,377.3,364.4,365.2,7886.2397
2025-11-08 17:00:00+01:00,365.3,375.0,360.6,371.3,8022.8711
2025-11-08 19:00:00+01:00,371.1,372.1,363.2,366.1,7135.5324
2025-11-08 21:00:00+01:00,365.9,369.2,363.2,369.2,3856.3846
2025-11-08 23:00:00+01:00,368.9,372.4,367.1,367.6,3353.4414
2025-11-09 01:00:00+01:00,367.6,369.6,363.5,367.5,2057.5074
2025-11-09 03:00:00+01:00,367.6,367.8,356.5,361.5,6333.9608
2025-11-09 05:00:00+01:00,361.4,365.0,358.7,361.8,1803.1259
2025-11-09 07:00:00+01:00,361.7,364.9,359.8,364.1,2268.6459
2025-11-09 09:00:00+01:00,364.0,364.0,357.1,358.6,4478.8833
2025-11-09 11:00:00+01:00,358.5,363.9,354.4,360.4,4662.9597
2025-11-09 13:00:00+01:00,360.5,368.9,359.6,368.9,4852.787
2025-11-09 15:00:00+01:00,368.7,383.9,365.6,378.2,12065.3524
2025-11-09 17:00:00+01:00,377.9,383.4,371.9,373.1,6999.4559
2025-11-09 19:00:00+01:00,373.3,388.3,371.5,388.1,8465.871
2025-11-09 21:00:00+01:00,387.6,391.7,383.2,384.8,8751.9909
2025-11-09 23:00:00+01:00,384.9,387.1,380.2,381.0,5626.6957
2025-11-10 01:00:00+01:00,381.0,396.4,376.3,390.0,9870.0532
2025-11-10 03:00:00+01:00,390.0,394.7,386.4,391.8,5044.5803
2025-11-10 05:00:00+01:00,391.8,398.7,388.7,393.2,5609.5254
2025-11-10 07:00:00+01:00,393.3,399.0,388.3,397.0,5115.4577
2025-11-10 09:00:00+01:00,397.1,398.1,385.4,395.4,6693.3053
2025-11-10 11:00:00+01:00,395.4,396.2,386.9,388.3,7197.7759
2025-11-10 13:00:00+01:00,388.3,391.8,384.4,387.9,6107.3506
2025-11-10 15:00:00+01:00,387.8,387.8,372.1,374.6,10815.871
2025-11-10 17:00:00+01:00,374.7,377.5,368.4,377.3,7594.5795
2025-11-10 19:00:00+01:00,377.3,385.1,375.5,383.5,4053.471
2025-11-10 21:00:00+01:00,383.4,387.7,376.8,380.4,6011.7914
2025-11-10 23:00:00+01:00,380.4,389.7,378.3,387.1,5495.0102
2025-11-11 01:00:00+01:00,387.2,396.3,382.6,385.9,5340.8843
2025-11-11 03:00:00+01:00,385.8,397.5,384.0,395.8,5170.9974
2025-11-11 05:00:00+01:00,395.4,396.7,383.6,383.8,4312.4439
2025-11-11 07:00:00+01:00,383.7,384.5,373.8,374.0,6061.6623
2025-11-11 09:00:00+01:00,374.0,380.4,373.4,375.8,4220.5299
2025-11-11 11:00:00+01:00,375.7,378.2,373.3,375.3,3621.097
2025-11-11 13:00:00+01:00,375.4,376.4,368.8,370.3,5991.4212
2025-11-11 15:00:00+01:00,370.4,383.6,368.3,376.7,8311.612
2025-11-11 17:00:00+01:00,376.7,380.5,371.7,375.2,5673.2088
2025-11-11 19:00:00+01:00,375.3,376.5,366.2,368.1,4708.3895
2025-11-11 21:00:00+01:00,368.0,369.1,362.2,363.4,4675.2919
2025-11-11 23:00:00+01:00,363.3,369.4,360.6,363.4,2746.6463
2025-11-12 01:00:00+01:00,363.7,366.1,359.3,360.9,5163.6885
2025-11-12 03:00:00+01:00,360.8,363.8,357.7,363.2,2236.2791
2025-11-12 05:00:00+01:00,363.1,365.9,361.0,364.8,2083.4522
2025-11-12 07:00:00+01:00,365.0,373.2,360.9,361.7,5837.4227
2025-11-12 09:00:00+01:00,361.8,370.8,361.6,369.4,5470.4677
2025-11-12 11:00:00+01:00,369.4,378.7,369.1,376.1,5161.7312
2025-11-12 13:00:00+01:00,376.2,377.1,369.6,373.7,3463.1047
2025-11-12 15:00:00+01:00,373.6,374.1,355.6,359.2,10331.1083
2025-11-12 17:00:00+01:00,359.2,360.6,350.9,357.8,9558.196
2025-11-12 19:00:00+01:00,357.7,359.1,343.9,344.8,7919.6923
2025-11-12 21:00:00+01:00,344.7,352.5,343.5,351.2,3595.7909
2025-11-12 23:00:00+01:00,351.1,352.9,347.9,348.2,2277.8912
2025-11-13 01:00:00+01:00,348.3,355.9,347.3,351.3,2418.8543
2025-11-13 03:00:00+01:00,351.3,357.9,345.2,354.2,3790.5894
2025-11-13 05:00:00+01:00,354.1,358.3,349.4,357.6,3942.9163
2025-11-13 07:00:00+01:00,357.6,360.2,353.2,354.3,2978.7647
2025-11-13 09:00:00+01:00,354.3,355.6,346.6,347.8,4144.5698
2025-11-13 11:00:00+01:00,348.0,353.3,347.6,352.7,1673.7745
2025-11-13 13:00:00+01:00,352.7,354.9,347.3,351.5,3050.5199
2025-11-13 15:00:00+01:00,351.6,359.3,345.6,347.2,5425.911
2025-11-13 17:00:00+01:00,347.1,347.7,330.1,331.0,14532.9172
2025-11-13 19:00:00+01:00,331.0,343.2,329.1,335.7,14775.6801
2025-11-13 21:00:00+01:00,335.6,338.1,331.3,335.4,7014.221
2025-11-13 23:00:00+01:00,335.3,343.9,334.6,340.2,4724.524
2025-11-14 01:00:00+01:00,340.2,342.6,332.6,333.5,4519.8694
2025-11-14 03:00:00+01:00,333.9,339.0,331.3,336.2,5492.4158
2025-11-14 05:00:00+01:00,336.2,336.2,323.1,333.9,8173.0462
2025-11-14 07:00:00+01:00,334.0,337.2,326.2,333.5,6701.7853
2025-11-14 09:00:00+01:00,333.5,333.6,325.1,326.0,4229.3685
2025-11-14 11:00:00+01:00,325.9,328.7,320.9,324.0,4652.7051
2025-11-14 13:00:00+01:00,323.9,323.9,312.1,321.4,12696.8935
2025-11-14 15:00:00+01:00,321.3,333.6,318.9,330.4,8689.6003
2025-11-14 17:00:00+01:00,330.5,339.4,328.6,332.0,8295.7603
2025-11-14 19:00:00+01:00,332.0,343.9,330.9,343.9,9234.1884
2025-11-14 21:00:00+01:00,343.8,344.0,331.3,337.6,7303.3125
2025-11-14 23:00:00+01:00,337.6,340.5,327.8,336.0,4252.7758
2025-11-15 01:00:00+01:00,336.0,341.8,329.8,341.2,3063.6026
2025-11-15 03:00:00+01:00,341.2,346.6,338.1,342.4,2364.8555
2025-11-15 05:00:00+01:00,342.4,345.6,341.2,344.9,1762.2131
2025-11-15 07:00:00+01:00,344.9,351.0,344.3,345.6,4760.3059
2025-11-15 09:00:00+01:00,345.5,345.9,335.3,337.9,4824.7862
2025-11-15 11:00:00+01:00,337.9,341.9,333.6,336.4,2444.1123
2025-11-15 13:00:00+01:00,336.4,347.9,335.5,346.5,3152.2744
2025-11-15 15:00:00+01:00,346.7,346.7,338.3,339.3,2394.4776
2025-11-15 17:00:00+01:00,339.3,340.9,335.1,339.2,2598.3963
2025-11-15 19:00:00+01:00,339.4,341.1,338.1,339.5,1240.1407
2025-11-15 21:00:00+01:00,339.7,340.1,334.4,334.9,2040.4197
2025-11-15 23:00:00+01:00,334.9,337.0,333.7,335.7,1113.1364
2025-11-16 01:00:00+01:00,335.6,335.9,328.9,333.0,2032.7983
2025-11-16 03:00:00+01:00,332.7,339.8,331.3,339.3,1841.289
2025-11-16 05:00:00+01:00,339.0,344.3,337.6,343.0,2163.3423
2025-11-16 07:00:00+01:00,343.0,344.8,340.9,342.2,2062.7101
2025-11-16 09:00:00+01:00,342.3,343.9,337.3,343.8,4092.7112
2025-11-16 11:00:00+01:00,343.8,346.3,333.0,334.6,4011.7434
2025-11-16 13:00:00+01:00,334.6,340.3,331.0,334.0,5094.1087
2025-11-16 15:00:00+01:00,333.8,335.4,323.8,324.7,5454.4408
2025-11-16 17:00:00+01:00,324.7,327.6,312.3,316.2,9455.335
2025-11-16 19:00:00+01:00,316.1,326.9,314.3,317.1,7414.7008
2025-11-16 21:00:00+01:00,317.1,321.6,312.5,314.2,3769.4146
2025-11-16 23:00:00+01:00,314.3,322.9,308.9,320.1,5044.7153
2025-11-17 01:00:00+01:00,320.3,325.8,314.7,320.4,4058.5196
2025-11-17 03:00:00+01:00,320.4,328.9,318.7,328.7,2674.051
2025-11-17 05:00:00+01:00,328.7,329.3,324.6,325.8,2708.9746
2025-11-17 07:00:00+01:00,325.9,332.0,323.7,331.2,2684.7331
2025-11-17 09:00:00+01:00,331.2,332.9,327.7,329.1,4449.8791
2025-11-17 11:00:00+01:00,329.1,330.1,325.4,327.0,1581.5572
2025-11-17 13:00:00+01:00,326.9,327.1,311.0,314.4,5495.6925
2025-11-17 15:00:00+01:00,314.1,328.8,312.2,318.9,6846.6346
2025-11-17 17:00:00+01:00,318.6,326.6,313.6,316.2,6647.6167
2025-11-17 19:00:00+01:00,316.2,319.3,307.1,310.6,8436.1878
2025-11-17 21:00:00+01:00,310.3,316.0,307.8,310.5,8105.9915
2025-11-17 23:00:00+01:00,310.8,315.3,309.2,312.6,2434.0134
2025-11-18 01:00:00+01:00,312.7,320.7,306.3,318.1,3831.807
2025-11-18 03:00:00+01:00,317.8,326.6,314.9,324.5,7750.4824
2025-11-18 05:00:00+01:00,324.5,326.7,316.4,318.7,5926.5832
2025-11-18 07:00:00+01:00,318.6,320.0,312.5,319.4,5367.7889
2025-11-18 09:00:00+01:00,319.4,324.0,318.5,322.7,4552.6865
2025-11-18 11:00:00+01:00,322.8,323.1,315.3,318.2,2876.0946
2025-11-18 13:00:00+01:00,318.6,322.2,315.7,318.9,3126.9434
2025-11-18 15:00:00+01:00,319.4,330.2,316.8,327.3,8896.8295
2025-11-18 17:00:00+01:00,327.2,335.6,326.3,330.5,6108.0528
2025-11-18 19:00:00+01:00,330.6,337.8,330.5,336.6,4993.4694
2025-11-18 21:00:00+01:00,336.5,337.5,331.8,332.0,4021.177
2025-11-18 23:00:00+01:00,332.1,336.6,331.5,332.1,2451.9921
2025-11-19 01:00:00+01:00,332.0,332.3,324.6,329.4,4442.4741
2025-11-19 03:00:00+01:00,329.5,334.4,325.5,326.5,2200.2346
2025-11-19 05:00:00+01:00,326.4,326.8,316.4,317.7,3757.4667
2025-11-19 07:00:00+01:00,317.9,328.8,316.9,327.9,4129.8978
2025-11-19 09:00:00+01:00,327.6,327.8,319.4,321.5,5492.7977
2025-11-19 11:00:00+01:00,321.1,323.7,318.2,320.4,2255.4525
2025-11-19 13:00:00+01:00,320.2,325.6,319.1,322.4,2945.5305
2025-11-19 15:00:00+01:00,322.1,329.7,317.4,318.8,8734.273
2025-11-19 17:00:00+01:00,318.8,320.7,307.9,314.6,10320.1119
2025-11-19 19:00:00+01:00,314.1,314.2,303.9,306.8,5157.9413
2025-11-19 21:00:00+01:00,306.6,328.5,305.4,326.8,12619.3937
2025-11-19 23:00:00+01:00,326.7,330.4,319.7,325.6,6955.5122
2025-11-20 01:00:00+01:00,325.6,328.7,322.7,327.8,2611.8317
2025-11-20 03:00:00+01:00,327.9,329.5,324.3,327.0,2438.9655
2025-11-20 05:00:00+01:00,326.9,329.8,325.4,327.3,1721.7568
2025-11-20 07:00:00+01:00,327.3,332.5,324.9,332.2,3222.7799
2025-11-20 09:00:00+01:00,332.3,332.6,325.9,327.7,2627.3997
2025-11-20 11:00:00+01:00,327.9,329.1,324.3,327.5,2943.6548
2025-11-20 13:00:00+01:00,327.4,333.0,326.3,327.1,3908.874
2025-11-20 15:00:00+01:00,327.0,328.8,313.6,313.8,8904.448
2025-11-20 17:00:00+01:00,313.8,314.4,303.9,307.7,17894.5475
2025-11-20 19:00:00+01:00,307.7,308.9,298.5,306.0,13484.766
2025-11-20 21:00:00+01:00,306.1,312.7,302.8,311.2,7342.6102
2025-11-20 23:00:00+01:00,311.2,315.0,304.5,305.3,5297.0279
2025-11-21 01:00:00+01:00,305.3,311.4,304.9,308.1,3868.4341
2025-11-21 03:00:00+01:00,308.1,309.2,301.0,302.7,3738.4709
2025-11-21 05:00:00+01:00,302.6,303.3,296.7,299.9,3536.604
2025-11-21 07:00:00+01:00,300.1,301.6,272.4,283.4,18238.2859
2025-11-21 09:00:00+01:00,283.4,287.9,273.7,275.3,12938.7617
2025-11-21 11:00:00+01:00,275.2,278.1,266.7,267.5,14122.0861
2025-11-21 13:00:00+01:00,267.6,280.6,260.4,278.4,15581.8503
2025-11-21 15:00:00+01:00,278.3,282.7,271.9,272.9,11089.1317
2025-11-21 17:00:00+01:00,272.9,286.2,270.2,281.9,8396.479
2025-11-21 19:00:00+01:00,281.7,285.8,276.6,282.0,5037.5583
2025-11-21 21:00:00+01:00,282.0,284.3,275.9,282.2,3710.3273
2025-11-21 23:00:00+01:00,282.1,283.4,271.2,280.0,3507.1648
2025-11-22 01:00:00+01:00,280.0,282.2,278.6,280.5,1566.4099
2025-11-22 03:00:00+01:00,280.6,281.0,274.4,275.5,1875.3664
2025-11-22 05:00:00+01:00,275.4,275.9,265.8,269.5,3822.6121
2025-11-22 07:00:00+01:00,269.6,273.3,266.9,271.0,2855.1635
2025-11-22 09:00:00+01:00,270.9,271.0,264.8,269.9,3406.8908
2025-11-22 11:00:00+01:00,270.0,272.8,267.1,270.5,3838.6526
2025-11-22 13:00:00+01:00,270.5,270.5,263.4,264.5,4677.4495
2025-11-22 15:00:00+01:00,264.7,271.5,264.7,267.9,4409.5115
2025-11-22 17:00:00+01:00,267.8,272.5,267.7,271.0,3602.5317
2025-11-22 19:00:00+01:00,270.8,272.2,267.9,268.2,1497.8186
2025-11-22 21:00:00+01:00,268.3,270.3,264.6,268.2,1973.393
2025-11-22 23:00:00+01:00,268.1,275.4,266.8,271.8,4344.3091
2025-11-23 01:00:00+01:00,271.7,277.5,269.1,275.1,2700.7037
2025-11-23 03:00:00+01:00,275.2,277.8,273.6,277.7,3716.6601
2025-11-23 05:00:00+01:00,277.7,281.1,276.1,278.1,3293.1479
2025-11-23 07:00:00+01:00,278.1,279.5,273.4,276.5,2225.005
2025-11-23 09:00:00+01:00,276.7,286.8,276.5,286.0,4490.9731
2025-11-23 11:00:00+01:00,286.0,286.3,279.4,283.4,4717.0872
2025-11-23 13:00:00+01:00,283.4,290.8,282.6,288.3,6607.765
2025-11-23 15:00:00+01:00,288.3,294.3,284.8,293.7,7202.9844
2025-11-23 17:00:00+01:00,294.0,303.4,293.3,298.0,14203.1189
2025-11-23 19:00:00+01:00,298.1,305.7,297.6,301.4,7363.8024
2025-11-23 21:00:00+01:00,301.6,305.1,298.5,302.8,6933.5475
2025-11-23 23:00:00+01:00,303.0,303.2,295.5,297.6,4999.1716
2025-11-24 01:00:00+01:00,297.6,297.9,290.6,294.7,6979.8653
2025-11-24 03:00:00+01:00,294.6,302.6,294.4,297.2,5913.3829
2025-11-24 05:00:00+01:00,297.1,297.4,290.7,293.4,2697.5926
2025-11-24 07:00:00+01:00,293.4,293.6,281.7,284.4,7416.1508
2025-11-24 09:00:00+01:00,284.4,286.2,280.3,280.8,4331.2728
2025-11-24 11:00:00+01:00,280.9,285.0,280.2,283.7,3531.6058
2025-11-24 13:00:00+01:00,283.5,285.7,278.4,282.5,4667.1638
2025-11-24 15:00:00+01:00,282.4,287.2,280.0,286.0,8816.7063
2025-11-24 17:00:00+01:00,286.0,296.3,285.9,296.0,11787.5606
2025-11-24 19:00:00+01:00,296.1,297.5,291.8,295.4,8313.2912
2025-11-24 21:00:00+01:00,295.5,302.3,293.7,295.7,9158.148
2025-11-24 23:00:00+01:00,295.6,298.9,290.8,292.0,5816.2526
2025-11-25 01:00:00+01:00,291.9,293.3,288.9,289.6,3188.3271
2025-11-25 03:00:00+01:00,289.6,291.9,287.6,289.5,2188.2459
2025-11-25 05:00:00+01:00,289.4,296.1,289.0,295.7,2350.4344
2025-11-25 07:00:00+01:00,295.5,295.7,290.1,290.4,3475.3473
2025-11-25 09:00:00+01:00,290.5,293.1,289.4,292.5,3230.2953
2025-11-25 11:00:00+01:00,292.3,293.7,288.1,292.6,3575.982
2025-11-25 13:00:00+01:00,292.7,301.1,291.6,295.7,7248.1714
2025-11-25 15:00:00+01:00,295.8,304.6,291.6,303.1,12220.1623
2025-11-25 17:00:00+01:00,303.1,305.1,297.2,300.9,9451.6595
2025-11-25 19:00:00+01:00,300.8,304.1,294.6,299.7,7257.8331
2025-11-25 21:00:00+01:00,299.8,308.0,298.7,303.7,9300.5234
2025-11-25 23:00:00+01:00,303.4,313.4,299.8,309.9,6639.3063
2025-11-26 01:00:00+01:00,309.9,314.6,308.1,310.2,6549.8735
2025-11-26 03:00:00+01:00,310.2,311.4,305.3,305.7,3659.6878
2025-11-26 05:00:00+01:00,305.7,313.6,305.7,311.9,4070.6447
2025-11-26 07:00:00+01:00,311.8,323.5,311.5,320.5,8952.5408
2025-11-26 09:00:00+01:00,320.4,320.6,311.5,313.0,6872.8813
2025-11-26 11:00:00+01:00,313.0,315.8,309.5,311.3,6512.1319
2025-11-26 13:00:00+01:00,311.3,311.5,303.2,307.8,8263.022
2025-11-26 15:00:00+01:00,307.7,309.8,302.7,304.0,8243.1423
2025-11-26 17:00:00+01:00,304.0,314.7,303.9,313.7,11104.2363
2025-11-26 19:00:00+01:00,313.7,316.8,309.0,309.9,10293.4543
2025-11-26 21:00:00+01:00,309.8,312.8,307.4,312.2,7065.3948
2025-11-26 23:00:00+01:00,312.4,312.7,308.6,309.7,2607.5907
2025-11-27 01:00:00+01:00,309.6,311.8,305.8,308.7,3053.2436
2025-11-27 03:00:00+01:00,308.5,308.7,303.3,304.6,3136.8053
2025-11-27 05:00:00+01:00,304.5,308.3,304.2,304.5,1978.0534
2025-11-27 07:00:00+01:00,304.6,308.1,304.6,306.8,2199.7664
2025-11-27 09:00:00+01:00,306.7,310.5,304.7,306.7,3584.1597
2025-11-27 11:00:00+01:00,306.6,307.7,304.2,306.2,2184.7364
2025-11-27 13:00:00+01:00,306.2,308.0,304.3,305.3,2700.439
2025-11-27 15:00:00+01:00,305.3,308.4,304.6,307.4,2383.9855
2025-11-27 17:00:00+01:00,307.4,312.6,306.8,310.3,4362.0359
2025-11-27 19:00:00+01:00,310.3,312.1,306.1,308.5,4195.1226
2025-11-27 21:00:00+01:00,308.5,310.1,304.2,304.2,3134.2052
2025-11-27 23:00:00+01:00,304.2,306.6,295.7,296.7,7164.5372
2025-11-28 01:00:00+01:00,296.6,299.1,295.8,296.4,1836.4907
2025-11-28 03:00:00+01:00,296.2,299.4,295.3,298.6,1823.9722
2025-11-28 05:00:00+01:00,298.8,303.2,298.3,302.5,2246.5656
2025-11-28 07:00:00+01:00,302.4,303.5,300.1,301.1,2134.7871
2025-11-28 09:00:00+01:00,301.2,310.6,301.0,307.9,4057.5052
2025-11-28 11:00:00+01:00,307.8,307.8,302.1,303.2,2520.8425
2025-11-28 13:00:00+01:00,303.3,311.0,303.3,310.9,3704.1861
2025-11-28 15:00:00+01:00,310.8,311.6,306.6,308.2,5305.3793
2025-11-28 17:00:00+01:00,308.5,309.0,297.0,300.0,6543.0624
2025-11-28 19:00:00+01:00,300.0,303.3,297.7,302.4,4135.1936
2025-11-28 21:00:00+01:00,302.3,303.1,299.8,299.9,2523.1457
2025-11-28 23:00:00+01:00,299.8,301.3,296.1,298.6,2314.8052
2025-11-29 01:00:00+01:00,298.5,300.7,297.7,298.5,936.6083
2025-11-29 03:00:00+01:00,298.3,299.7,297.6,299.4,649.2876
2025-11-29 05:00:00+01:00,299.5,301.6,298.7,299.2,1455.5497
2025-11-29 07:00:00+01:00,299.1,299.7,296.3,298.8,2100.3554
2025-11-29 09:00:00+01:00,298.8,299.2,296.2,297.3,1048.8451
2025-11-29 11:00:00+01:00,297.1,299.7,296.0,299.3,1122.4453
2025-11-29 13:00:00+01:00,299.1,299.6,295.6,296.0,1137.8329
2025-11-29 15:00:00+01:00,295.9,297.5,294.4,297.3,4226.2083
2025-11-29 17:00:00+01:00,297.3,297.3,293.6,293.8,2259.8738
2025-11-29 19:00:00+01:00,293.8,295.8,292.3,294.8,1707.2868
2025-11-29 21:00:00+01:00,294.8,297.4,294.5,297.1,818.5522
2025-11-29 23:00:00+01:00,297.1,297.3,295.4,296.4,805.155
2025-11-30 01:00:00+01:00,296.4,297.5,295.2,296.5,321.1412
2025-11-30 03:00:00+01:00,296.5,297.6,290.4,295.2,1561.4932
2025-11-30 05:00:00+01:00,295.2,296.4,293.3,293.4,2477.0372
2025-11-30 07:00:00+01:00,293.5,295.4,292.8,294.1,3677.7038
2025-11-30 09:00:00+01:00,294.1,296.2,293.2,293.9,2966.1368
2025-11-30 11:00:00+01:00,293.7,294.2,291.5,292.2,1584.3987
2025-11-30 13:00:00+01:00,292.2,296.6,290.9,295.1,3081.7807
2025-11-30 15:00:00+01:00,295.1,295.5,292.1,293.3,1635.0564
2025-11-30 17:00:00+01:00,293.2,297.3,293.2,294.9,2758.563
2025-11-30 19:00:00+01:00,294.8,296.4,292.5,296.3,3735.4956
2025-11-30 21:00:00+01:00,296.2,298.7,295.1,297.4,2581.7124
2025-11-30 23:00:00+01:00,297.4,299.4,288.2,289.1,3310.9735
2025-12-01 01:00:00+01:00,289.0,289.8,269.3,272.3,15713.9989
2025-12-01 03:00:00+01:00,272.2,275.0,267.6,269.1,3534.2397
2025-12-01 05:00:00+01:00,269.0,269.3,265.1,266.7,5938.7282
2025-12-01 07:00:00+01:00,266.6,271.0,266.5,269.6,3256.1736
2025-12-01 09:00:00+01:00,269.5,273.7,268.6,270.0,3398.3662
2025-12-01 11:00:00+01:00,269.9,270.7,263.6,264.8,3171.474
2025-12-01 13:00:00+01:00,264.7,266.5,261.2,263.3,5670.2779
2025-12-01 15:00:00+01:00,263.2,267.1,254.0,260.4,11279.8551
2025-12-01 17:00:00+01:00,260.6,260.8,255.8,255.9,5415.5375
2025-12-01 19:00:00+01:00,256.0,260.0,256.0,258.1,3268.2154
2025-12-01 21:00:00+01:00,257.9,267.0,257.9,265.4,5335.3915
2025-12-01 23:00:00+01:00,265.2,268.3,264.7,265.0,2452.2992
2025-12-02 01:00:00+01:00,265.0,268.8,263.7,264.3,2881.9557
2025-12-02 03:00:00+01:00,264.2,265.9,262.6,264.0,2044.9958
2025-12-02 05:00:00+01:00,264.0,264.5,262.5,262.7,1918.7087
2025-12-02 07:00:00+01:00,262.6,263.4,260.2,261.0,1592.0391
2025-12-02 09:00:00+01:00,260.9,261.2,257.1,258.3,3442.682
2025-12-02 11:00:00+01:00,258.5,262.1,258.0,261.3,2331.7473
2025-12-02 13:00:00+01:00,261.5,267.5,261.3,266.6,3424.0977
2025-12-02 15:00:00+01:00,266.5,286.5,265.4,285.4,15830.3775
2025-12-02 17:00:00+01:00,285.5,287.4,280.2,285.1,8764.0521
2025-12-02 19:00:00+01:00,284.9,288.7,284.5,285.8,6066.9745
2025-12-02 21:00:00+01:00,285.7,285.9,277.6,279.4,8011.5836
2025-12-02 23:00:00+01:00,279.7,281.4,275.6,276.2,3606.5272
2025-12-03 01:00:00+01:00,276.1,277.5,273.9,276.0,3364.5149
2025-12-03 03:00:00+01:00,276.0,281.3,275.9,279.4,4356.0708
2025-12-03 05:00:00+01:00,279.4,286.9,279.0,285.4,4896.7888
2025-12-03 07:00:00+01:00,285.4,290.2,284.3,285.5,4742.1805
2025-12-03 09:00:00+01:00,285.7,289.0,285.5,287.9,2627.5417
2025-12-03 11:00:00+01:00,287.8,289.1,281.4,283.8,3880.6515
2025-12-03 13:00:00+01:00,283.8,285.7,282.9,283.8,2797.9452
2025-12-03 15:00:00+01:00,283.8,287.7,276.5,281.6,12516.9765
2025-12-03 17:00:00+01:00,282.0,289.9,278.8,288.7,3740.2563
2025-12-03 19:00:00+01:00,288.8,290.0,285.6,289.0,4249.0031
2025-12-03 21:00:00+01:00,289.0,295.5,287.1,294.2,5307.966
2025-12-03 23:00:00+01:00,294.1,298.4,291.9,295.2,5991.0846
2025-12-04 01:00:00+01:00,295.3,302.5,291.8,297.3,6547.5328
2025-12-04 03:00:00+01:00,297.3,301.8,296.8,301.1,2743.253
2025-12-04 05:00:00+01:00,301.2,303.1,297.6,298.6,2051.7452
2025-12-04 07:00:00+01:00,298.8,308.7,297.6,305.0,7267.3537
2025-12-04 09:00:00+01:00,304.7,317.4,302.9,313.8,9359.1306
2025-12-04 11:00:00+01:00,313.8,314.8,305.4,307.3,4720.718
2025-12-04 13:00:00+01:00,307.5,308.9,295.5,296.7,7123.7679
2025-12-04 15:00:00+01:00,296.7,302.7,294.8,300.9,6362.11
2025-12-04 17:00:00+01:00,300.8,302.8,294.3,296.4,5750.312
2025-12-04 19:00:00+01:00,296.5,298.0,286.8,293.5,6179.6782
2025-12-04 21:00:00+01:00,293.3,294.5,289.7,290.4,4534.2737
2025-12-04 23:00:00+01:00,290.6,292.9,289.9,290.3,1271.0576
2025-12-05 01:00:00+01:00,290.2,291.5,284.8,288.7,6420.3717
2025-12-05 03:00:00+01:00,288.6,291.2,287.9,288.3,1208.6029
2025-12-05 05:00:00+01:00,288.3,289.3,285.3,287.7,2052.2508
2025-12-05 07:00:00+01:00,287.7,292.5,287.5,290.7,3420.3971
2025-12-05 09:00:00+01:00,290.6,291.3,283.3,284.4,6674.242
2025-12-05 11:00:00+01:00,284.3,286.6,280.9,283.0,3831.1576
2025-12-05 13:00:00+01:00,283.0,283.2,277.6,278.6,4154.0323
2025-12-05 15:00:00+01:00,278.7,287.2,278.1,281.8,11304.4171
2025-12-05 17:00:00+01:00,282.0,282.0,272.8,277.0,8874.3294
2025-12-05 19:00:00+01:00,276.9,279.6,271.3,274.4,3992.56
2025-12-05 21:00:00+01:00,274.3,275.7,271.6,274.4,3996.4407
2025-12-05 23:00:00+01:00,274.4,276.2,273.2,275.8,1499.9394
2025-12-06 01:00:00+01:00,275.8,278.9,275.4,277.9,1568.7348
2025-12-06 03:00:00+01:00,278.0,278.9,276.0,278.0,611.3703
2025-12-06 05:00:00+01:00,278.3,278.3,276.8,277.1,594.6096
2025-12-06 07:00:00+01:00,277.0,279.6,276.2,277.8,1171.1694
2025-12-06 09:00:00+01:00,278.0,278.6,275.9,278.2,1420.9914
2025-12-06 11:00:00+01:00,278.2,279.0,275.2,277.5,1607.3039
2025-12-06 13:00:00+01:00,277.5,278.2,275.5,275.9,828.173
2025-12-06 15:00:00+01:00,275.9,280.9,275.6,280.2,3346.6942
2025-12-06 17:00:00+01:00,280.2,284.5,279.9,283.2,4310.5504
2025-12-06 19:00:00+01:00,283.4,283.5,277.7,278.0,3688.6673
2025-12-06 21:00:00+01:00,278.1,281.4,277.9,281.3,1429.1688
2025-12-06 23:00:00+01:00,281.2,283.7,280.4,283.1,1372.5661
2025-12-07 01:00:00+01:00,283.1,285.1,280.5,280.5,2340.4415
2025-12-07 03:00:00+01:00,280.5,282.9,280.2,282.6,428.7709
2025-12-07 05:00:00+01:00,282.6,283.6,281.3,282.1,443.3045
2025-12-07 07:00:00+01:00,282.0,285.6,281.8,283.4,984.3389
2025-12-07 09:00:00+01:00,283.3,284.9,278.7,279.4,1870.8835
2025-12-07 11:00:00+01:00,279.4,280.8,278.3,279.4,1013.2266
2025-12-07 13:00:00+01:00,279.2,282.8,277.8,278.3,1664.7684
2025-12-07 15:00:00+01:00,278.2,280.3,269.9,279.7,9871.1752
2025-12-07 17:00:00+01:00,279.6,290.5,275.4,290.0,8554.012
2025-12-07 19:00:00+01:00,290.1,292.0,286.3,288.1,5976.3093
2025-12-07 21:00:00+01:00,288.1,288.7,278.7,280.6,3915.7906
2025-12-07 23:00:00+01:00,280.2,280.3,273.0,277.2,5439.9995
2025-12-08 01:00:00+01:00,277.1,287.2,275.2,282.9,3724.8068
2025-12-08 03:00:00+01:00,282.9,286.7,281.5,285.9,1284.2971
2025-12-08 05:00:00+01:00,285.9,295.9,285.9,295.3,5651.3556
2025-12-08 07:00:00+01:00,295.1,306.3,294.8,300.6,7640.7088
2025-12-08 09:00:00+01:00,300.5,308.0,300.3,303.4,6738.6479
2025-12-08 11:00:00+01:00,303.4,305.6,298.1,299.8,6709.5541
2025-12-08 13:00:00+01:00,299.9,300.3,295.8,296.6,4127.2229
2025-12-08 15:00:00+01:00,296.8,300.2,287.3,291.3,9775.5459
2025-12-08 17:00:00+01:00,291.2,295.9,289.7,293.0,4260.3185
2025-12-08 19:00:00+01:00,293.1,294.0,288.4,291.7,2403.0605
2025-12-08 21:00:00+01:00,291.8,299.3,291.8,297.3,4974.8714
2025-12-08 23:00:00+01:00,297.3,297.3,293.8,294.4,1808.7624
2025-12-09 01:00:00+01:00,294.3,295.3,290.3,291.0,2429.0757
2025-12-09 03:00:00+01:00,290.9,292.0,288.3,290.3,980.0778
2025-12-09 05:00:00+01:00,290.4,290.5,286.7,289.4,1389.7683
2025-12-09 07:00:00+01:00,289.4,303.7,288.0,302.4,4062.3991
2025-12-09 09:00:00+01:00,302.4,306.6,299.1,299.8,6816.3957
2025-12-09 11:00:00+01:00,299.8,305.0,299.8,302.0,4275.1234
2025-12-09 13:00:00+01:00,301.8,307.9,299.1,306.8,4302.7126
2025-12-09 15:00:00+01:00,306.5,314.2,303.3,311.5,11146.0272
2025-12-09 17:00:00+01:00,311.5,315.1,307.4,307.7,10743.1916
2025-12-09 19:00:00+01:00,307.7,308.7,303.6,306.0,5311.2265
2025-12-09 21:00:00+01:00,305.7,305.7,298.6,300.9,4298.8653
2025-12-09 23:00:00+01:00,300.8,304.1,300.3,302.1,3125.6743
2025-12-10 01:00:00+01:00,302.1,303.9,301.1,302.7,1260.9227
2025-12-10 03:00:00+01:00,302.6,303.5,297.7,298.3,2534.1179
2025-12-10 05:00:00+01:00,298.3,299.4,297.0,297.7,2307.415
2025-12-10 07:00:00+01:00,297.7,301.6,297.3,299.8,2599.2629
2025-12-10 09:00:00+01:00,299.8,299.9,295.2,299.0,3001.1144
2025-12-10 11:00:00+01:00,298.7,303.1,296.9,298.9,5421.3419
2025-12-10 13:00:00+01:00,298.7,301.0,298.4,300.2,1527.1043
2025-12-10 15:00:00+01:00,300.0,300.9,294.7,296.4,4271.786
2025-12-10 17:00:00+01:00,296.4,300.2,295.8,298.8,2352.8555
2025-12-10 19:00:00+01:00,298.7,306.1,295.5,305.8,10258.2731
2025-12-10 21:00:00+01:00,305.9,312.1,297.4,298.4,14776.9926
2025-12-10 23:00:00+01:00,298.5,300.4,292.1,292.4,5875.8711
2025-12-11 01:00:00+01:00,292.2,293.0,283.0,283.5,5546.9712
2025-12-11 03:00:00+01:00,283.4,283.6,279.7,280.9,3880.5228
2025-12-11 05:00:00+01:00,280.8,286.7,280.1,286.6,1942.6412
2025-12-11 07:00:00+01:00,286.5,286.8,282.5,284.0,2381.9633
2025-12-11 09:00:00+01:00,284.0,285.2,281.3,283.1,1818.9385
2025-12-11 11:00:00+01:00,283.3,284.8,281.7,284.4,2104.9644
2025-12-11 13:00:00+01:00,284.2,294.6,284.2,293.5,5209.0076
2025-12-11 15:00:00+01:00,293.5,294.5,286.9,290.1,5091.74
2025-12-11 17:00:00+01:00,290.0,290.5,285.8,287.2,3553.7994
2025-12-11 19:00:00+01:00,287.0,294.9,286.9,290.2,4476.9382
2025-12-11 21:00:00+01:00,290.2,304.4,290.2,301.1,8618.7958
2025-12-11 23:00:00+01:00,301.2,302.1,296.4,297.3,4082.3805
2025-12-12 01:00:00+01:00,297.3,300.1,293.9,297.4,2103.354
2025-12-12 03:00:00+01:00,297.4,303.0,296.8,301.2,2074.2181
2025-12-12 05:00:00+01:00,301.2,306.1,300.2,302.1,2867.7665
2025-12-12 07:00:00+01:00,302.0,304.5,300.1,301.0,1947.3174
2025-12-12 09:00:00+01:00,300.9,302.5,298.2,301.0,2173.9737
2025-12-12 11:00:00+01:00,300.9,303.3,299.4,301.8,3009.7851
2025-12-12 13:00:00+01:00,301.7,302.7,299.1,299.8,1849.8049
2025-12-12 15:00:00+01:00,299.9,301.1,287.8,289.2,6911.9875
2025-12-12 17:00:00+01:00,289.1,292.3,284.9,289.3,5586.4354
2025-12-12 19:00:00+01:00,289.5,294.0,287.3,288.3,2577.6595
2025-12-12 21:00:00+01:00,288.2,290.4,287.1,290.1,1558.1417
2025-12-12 23:00:00+01:00,290.2,293.0,290.2,291.8,907.0203
2025-12-13 01:00:00+01:00,291.7,297.2,291.6,293.8,1904.3646
2025-12-13 03:00:00+01:00,293.8,296.2,293.7,295.5,2085.6637
2025-12-13 05:00:00+01:00,295.9,296.2,292.7,293.5,538.4538
2025-12-13 07:00:00+01:00,293.5,293.5,290.8,291.9,939.9691
2025-12-13 09:00:00+01:00,291.8,295.0,291.8,293.0,871.554
2025-12-13 11:00:00+01:00,292.9,298.0,292.6,297.4,1899.9133
2025-12-13 13:00:00+01:00,297.5,298.6,295.7,295.8,1587.9644
2025-12-13 15:00:00+01:00,295.8,301.9,294.3,297.1,3251.6051
2025-12-13 17:00:00+01:00,297.2,298.3,294.2,294.5,1253.4189
2025-12-13 19:00:00+01:00,294.6,299.1,294.3,297.5,1422.008
2025-12-13 21:00:00+01:00,297.4,298.2,293.5,294.9,1204.2002
2025-12-13 23:00:00+01:00,294.8,295.8,293.2,294.9,757.8955
2025-12-14 01:00:00+01:00,295.0,297.0,294.0,294.8,1826.8235
2025-12-14 03:00:00+01:00,294.7,296.1,294.3,294.5,326.8585
2025-12-14 05:00:00+01:00,294.6,294.9,291.5,292.4,1448.9826
2025-12-14 07:00:00+01:00,292.3,293.4,291.4,292.8,539.5988
2025-12-14 09:00:00+01:00,292.8,296.1,292.7,294.4,1016.697
2025-12-14 11:00:00+01:00,294.3,295.0,288.5,291.9,3486.3958
2025-12-14 13:00:00+01:00,291.8,293.9,290.0,291.8,2464.3601
2025-12-14 15:00:00+01:00,291.9,292.1,286.9,288.0,2479.5334
2025-12-14 17:00:00+01:00,288.0,290.4,285.7,286.9,2315.397
2025-12-14 19:00:00+01:00,286.8,288.8,283.9,284.6,3850.9329
2025-12-14 21:00:00+01:00,284.5,286.5,281.4,281.9,2984.3416
2025-12-14 23:00:00+01:00,282.1,284.2,276.7,280.0,5001.9372
2025-12-15 01:00:00+01:00,280.0,287.5,279.6,286.1,3507.4098
2025-12-15 03:00:00+01:00,286.2,289.5,284.2,284.8,2229.7294
2025-12-15 05:00:00+01:00,285.0,289.4,285.0,287.5,1634.469
2025-12-15 07:00:00+01:00,287.6,289.3,284.2,285.2,2342.7599
2025-12-15 09:00:00+01:00,285.2,285.5,281.3,283.0,4232.2143
2025-12-15 11:00:00+01:00,283.1,283.3,279.8,280.2,2251.799
2025-12-15 13:00:00+01:00,280.1,282.8,278.8,281.0,2421.8057
2025-12-15 15:00:00+01:00,280.8,284.2,268.8,272.2,12040.4711
2025-12-15 17:00:00+01:00,272.2,272.9,262.9,264.4,7353.2236
2025-12-15 19:00:00+01:00,264.4,267.7,258.5,265.9,6511.3207
2025-12-15 21:00:00+01:00,265.8,266.9,263.3,266.9,2640.0691
2025-12-15 23:00:00+01:00,266.9,270.1,265.3,269.5,1822.5434
2025-12-16 01:00:00+01:00,269.5,270.4,267.5,267.8,1967.5558
2025-12-16 03:00:00+01:00,267.7,269.5,265.6,267.0,3256.2114
2025-12-16 05:00:00+01:00,267.0,267.4,261.7,266.4,3222.1793
2025-12-16 07:00:00+01:00,266.3,267.9,263.3,263.3,2175.9426
2025-12-16 09:00:00+01:00,263.2,264.4,261.2,263.0,3539.003
2025-12-16 11:00:00+01:00,263.0,267.2,261.6,263.5,2526.3902
2025-12-16 13:00:00+01:00,263.3,265.1,256.4,256.7,4903.6612
2025-12-16 15:00:00+01:00,256.7,266.4,255.1,265.3,8717.1148
2025-12-16 17:00:00+01:00,265.3,265.3,258.5,259.1,3258.871
2025-12-16 19:00:00+01:00,259.2,264.4,258.7,262.1,2669.9213
2025-12-16 21:00:00+01:00,262.0,263.6,261.3,262.6,1748.6853
2025-12-16 23:00:00+01:00,262.6,263.2,260.7,262.2,829.16
2025-12-17 01:00:00+01:00,262.2,262.2,258.8,259.0,1044.8856
2025-12-17 03:00:00+01:00,259.2,260.2,256.5,257.3,2044.6128
2025-12-17 05:00:00+01:00,257.3,258.5,250.8,253.0,3826.3055
2025-12-17 07:00:00+01:00,253.0,253.8,246.8,250.1,4711.3754
2025-12-17 09:00:00+01:00,250.0,250.1,244.3,246.7,4666.5122
2025-12-17 11:00:00+01:00,246.7,248.9,243.7,248.4,3353.476
2025-12-17 13:00:00+01:00,248.4,251.3,246.7,250.1,2795.9671
2025-12-17 15:00:00+01:00,249.8,255.8,243.6,244.2,14092.639
2025-12-17 17:00:00+01:00,243.9,246.5,234.9,235.9,12060.8816
2025-12-17 19:00:00+01:00,235.9,239.9,233.9,237.9,7327.2365
2025-12-17 21:00:00+01:00,237.9,239.1,236.9,237.7,3282.9622
2025-12-17 23:00:00+01:00,237.7,238.8,236.3,238.7,2089.8723
2025-12-18 01:00:00+01:00,238.7,239.4,231.3,232.3,4047.821
2025-12-18 03:00:00+01:00,232.3,235.0,230.7,231.9,1985.9443
2025-12-18 05:00:00+01:00,231.9,233.3,227.7,228.1,2957.0265
2025-12-18 07:00:00+01:00,228.0,230.3,227.3,227.5,2721.6497
2025-12-18 09:00:00+01:00,227.6,231.6,226.8,229.3,3981.2515
2025-12-18 11:00:00+01:00,229.3,231.8,229.0,231.0,2118.3068
2025-12-18 13:00:00+01:00,231.1,237.8,231.1,237.2,6933.9838
2025-12-18 15:00:00+01:00,237.5,239.0,231.2,235.0,6082.1224
2025-12-18 17:00:00+01:00,234.9,236.0,222.5,225.8,11098.571
2025-12-18 19:00:00+01:00,225.7,227.0,218.3,218.6,7606.9924
2025-12-18 21:00:00+01:00,218.5,222.9,218.3,221.6,5504.0312
2025-12-18 23:00:00+01:00,221.7,222.4,216.9,219.1,3211.3525
2025-12-19 01:00:00+01:00,219.2,220.3,217.3,217.8,3025.477
2025-12-19 03:00:00+01:00,217.7,228.6,215.0,225.6,7120.5667
2025-12-19 05:00:00+01:00,225.6,227.3,224.9,225.1,2880.4263
2025-12-19 07:00:00+01:00,225.1,230.2,223.6,229.2,4365.1967
2025-12-19 09:00:00+01:00,229.0,230.5,226.7,226.9,3527.8212
2025-12-19 11:00:00+01:00,226.8,229.1,226.0,228.8,2099.5898
2025-12-19 13:00:00+01:00,228.9,233.1,227.8,230.7,8655.1999
2025-12-19 15:00:00+01:00,230.5,235.5,227.1,227.7,8040.5927
2025-12-19 17:00:00+01:00,227.5,233.1,224.8,224.8,6052.387
2025-12-19 19:00:00+01:00,224.9,232.1,224.9,230.8,3401.3505
2025-12-19 21:00:00+01:00,230.7,234.1,228.8,229.9,4160.2108
2025-12-19 23:00:00+01:00,229.9,231.3,229.4,230.6,1460.3054
2025-12-20 01:00:00+01:00,230.5,230.5,228.0,228.0,1583.9808
2025-12-20 03:00:00+01:00,228.1,229.4,227.2,228.4,1319.9192
2025-12-20 05:00:00+01:00,228.3,229.0,226.8,227.9,1153.5445
2025-12-20 07:00:00+01:00,227.8,230.1,227.8,230.0,763.6913
2025-12-20 09:00:00+01:00,230.0,232.7,229.1,229.3,1862.5656
2025-12-20 11:00:00+01:00,229.2,229.3,225.7,228.0,2494.27
2025-12-20 13:00:00+01:00,228.0,229.7,226.0,229.7,1738.448
2025-12-20 15:00:00+01:00,229.8,230.8,228.3,229.2,1603.1085
2025-12-20 17:00:00+01:00,229.2,231.7,228.2,229.0,2212.1732
2025-12-20 19:00:00+01:00,228.9,231.3,228.7,229.7,975.9728
2025-12-20 21:00:00+01:00,229.7,229.8,228.5,228.8,1230.3332
2025-12-20 23:00:00+01:00,228.7,228.8,225.0,226.6,1298.7124
2025-12-21 01:00:00+01:00,226.5,227.2,224.8,225.4,1024.8046
2025-12-21 03:00:00+01:00,225.4,225.8,222.2,224.6,1321.1347
2025-12-21 05:00:00+01:00,224.6,224.7,221.9,223.7,843.9323
2025-12-21 07:00:00+01:00,223.4,224.5,223.3,223.6,577.1727
2025-12-21 09:00:00+01:00,223.6,226.9,223.3,226.2,1989.8364
2025-12-21 11:00:00+01:00,226.2,227.0,221.1,221.8,2079.8954
2025-12-21 13:00:00+01:00,221.9,223.0,216.2,216.8,5141.6481
2025-12-21 15:00:00+01:00,216.6,220.4,216.5,219.7,3007.362
2025-12-21 17:00:00+01:00,219.6,221.7,219.0,221.0,1460.0371
2025-12-21 19:00:00+01:00,221.0,221.6,218.7,221.0,1920.3304
2025-12-21 21:00:00+01:00,220.9,221.3,218.5,218.8,1541.3533
2025-12-21 23:00:00+01:00,218.8,223.4,218.5,221.1,2945.9622
2025-12-22 01:00:00+01:00,221.1,226.0,221.0,224.2,3222.2937
2025-12-22 03:00:00+01:00,224.1,224.8,221.0,223.6,1745.4637
2025-12-22 05:00:00+01:00,223.6,225.7,223.6,225.0,1294.4006
2025-12-22 07:00:00+01:00,224.9,225.9,222.9,223.3,1293.6171
2025-12-22 09:00:00+01:00,223.2,225.7,222.2,225.3,2036.3907
2025-12-22 11:00:00+01:00,225.2,227.5,223.8,227.0,2488.4543
2025-12-22 13:00:00+01:00,227.0,232.7,226.9,228.4,6504.341
2025-12-22 15:00:00+01:00,228.4,231.1,226.1,228.2,5386.3634
2025-12-22 17:00:00+01:00,228.2,229.7,226.4,228.0,2477.0124
2025-12-22 19:00:00+01:00,227.9,229.7,220.7,221.3,3111.1991
2025-12-22 21:00:00+01:00,221.0,225.0,221.0,223.4,2483.6029
2025-12-22 23:00:00+01:00,223.3,223.9,221.5,222.2,1802.2333
2025-12-23 01:00:00+01:00,222.2,225.7,222.0,223.9,1099.912
2025-12-23 03:00:00+01:00,223.9,224.7,218.5,221.2,3026.9073
2025-12-23 05:00:00+01:00,221.1,221.4,217.7,219.1,2018.2046
2025-12-23 07:00:00+01:00,219.0,219.0,217.3,218.1,2736.5891
2025-12-23 09:00:00+01:00,218.0,219.2,217.9,218.9,1383.7123
2025-12-23 11:00:00+01:00,218.9,219.5,216.6,217.3,1499.1145
2025-12-23 13:00:00+01:00,217.2,219.9,215.2,217.7,3389.7759
2025-12-23 15:00:00+01:00,217.6,218.8,212.1,214.5,5787.5844
2025-12-23 17:00:00+01:00,214.5,217.0,214.1,214.2,4365.7694
2025-12-23 19:00:00+01:00,214.4,217.6,214.1,214.7,1583.3297
2025-12-23 21:00:00+01:00,215.0,218.6,214.4,216.3,1907.0199
2025-12-23 23:00:00+01:00,216.3,216.6,211.3,214.3,3032.4247
2025-12-24 01:00:00+01:00,214.2,214.6,211.4,211.5,2306.9889
2025-12-24 03:00:00+01:00,211.5,211.8,207.8,210.1,4959.707
2025-12-24 05:00:00+01:00,210.2,212.0,207.1,207.5,2672.3759
2025-12-24 07:00:00+01:00,207.6,208.8,206.2,207.7,3474.7087
2025-12-24 09:00:00+01:00,207.7,208.4,206.5,207.2,2879.5661
2025-12-24 11:00:00+01:00,207.1,209.6,206.7,209.5,2322.4825
2025-12-24 13:00:00+01:00,209.4,211.7,208.9,210.3,2209.922
2025-12-24 15:00:00+01:00,210.2,215.3,209.2,215.0,2822.4542
2025-12-24 17:00:00+01:00,214.8,220.0,213.4,217.2,5287.8445
2025-12-24 19:00:00+01:00,217.1,219.4,216.1,218.1,2183.9023
2025-12-24 21:00:00+01:00,218.1,218.5,214.9,215.8,1753.7824
2025-12-24 23:00:00+01:00,215.8,220.0,215.8,218.2,2236.9672
2025-12-25 01:00:00+01:00,218.2,219.3,217.6,218.9,1472.6068
2025-12-25 03:00:00+01:00,218.8,223.9,218.1,223.8,2483.744
2025-12-25 05:00:00+01:00,223.8,224.4,221.5,222.5,1310.9818
2025-12-25 07:00:00+01:00,222.7,223.1,220.9,221.7,1542.494
2025-12-25 09:00:00+01:00,221.6,223.4,220.1,222.0,1901.7934
2025-12-25 11:00:00+01:00,222.0,222.2,219.5,221.8,1496.3268
2025-12-25 13:00:00+01:00,221.6,225.3,221.5,223.6,1628.5642
2025-12-25 15:00:00+01:00,223.6,225.7,221.8,224.7,2556.8493
2025-12-25 17:00:00+01:00,224.8,227.4,223.8,225.5,2230.5653
2025-12-25 19:00:00+01:00,225.6,227.7,225.4,226.2,2341.7323
2025-12-25 21:00:00+01:00,226.1,226.4,222.5,223.8,1776.0937
2025-12-25 23:00:00+01:00,223.7,224.1,217.6,218.6,3170.1599
2025-12-26 01:00:00+01:00,218.5,222.0,218.1,221.0,1824.4455
2025-12-26 03:00:00+01:00,221.0,227.9,220.9,226.4,3441.8683
2025-12-26 05:00:00+01:00,226.4,226.4,222.1,223.9,1698.57
2025-12-26 07:00:00+01:00,223.9,224.8,220.8,221.6,1836.6778
2025-12-26 09:00:00+01:00,221.5,223.5,221.0,223.0,1292.1996
2025-12-26 11:00:00+01:00,222.9,223.5,222.0,222.2,1700.9169
2025-12-26 13:00:00+01:00,222.1,223.6,222.1,222.8,966.2658
2025-12-26 15:00:00+01:00,222.8,222.8,216.8,218.7,4868.1416
2025-12-26 17:00:00+01:00,218.7,219.0,215.5,215.6,2890.06
2025-12-26 19:00:00+01:00,215.4,217.3,215.1,217.1,1657.1052
2025-12-26 21:00:00+01:00,217.0,218.2,215.9,216.0,1130.865
2025-12-26 23:00:00+01:00,216.0,216.9,215.1,215.6,974.1651
2025-12-27 01:00:00+01:00,215.6,217.2,215.6,217.0,656.9845
2025-12-27 03:00:00+01:00,216.9,218.1,216.4,217.8,634.4978
2025-12-27 05:00:00+01:00,217.7,218.0,215.8,216.0,720.1554
2025-12-27 07:00:00+01:00,215.9,217.0,215.3,216.3,728.9008
2025-12-27 09:00:00+01:00,216.1,217.9,215.7,217.9,1767.4142
2025-12-27 11:00:00+01:00,217.8,219.7,216.0,219.1,2696.5756
2025-12-27 13:00:00+01:00,219.1,222.4,219.1,220.4,4435.4026
2025-12-27 15:00:00+01:00,220.3,221.4,218.5,220.3,3191.4158
2025-12-27 17:00:00+01:00,220.4,220.8,218.6,219.5,1801.6934
2025-12-27 19:00:00+01:00,219.4,221.8,219.4,221.8,1343.8069
2025-12-27 21:00:00+01:00,221.8,223.0,220.7,221.8,1731.2089
2025-12-27 23:00:00+01:00,221.9,225.0,220.1,223.9,2804.247
2025-12-28 01:00:00+01:00,224.1,225.0,222.4,222.5,1700.1927
2025-12-28 03:00:00+01:00,222.5,225.6,222.4,224.2,759.6605
2025-12-28 05:00:00+01:00,224.1,225.0,223.4,223.6,1018.0276
2025-12-28 07:00:00+01:00,223.6,226.2,223.4,225.9,1057.5024
2025-12-28 09:00:00+01:00,225.9,227.2,224.4,224.7,2180.3559
2025-12-28 11:00:00+01:00,224.7,226.0,223.1,223.6,2083.1491
2025-12-28 13:00:00+01:00,223.8,224.2,222.3,222.7,1137.7055
2025-12-28 15:00:00+01:00,222.7,225.5,222.6,223.6,1180.6606
2025-12-28 17:00:00+01:00,223.6,227.1,223.3,226.1,1624.83
2025-12-28 19:00:00+01:00,226.1,226.3,220.6,220.9,2828.1714
2025-12-28 21:00:00+01:00,220.8,221.6,219.8,221.2,1475.9791
2025-12-28 23:00:00+01:00,221.3,224.5,220.4,224.0,1504.3032
2025-12-29 01:00:00+01:00,224.0,227.0,223.0,225.8,2809.5709
2025-12-29 03:00:00+01:00,225.9,231.8,225.9,231.8,3675.2266
2025-12-29 05:00:00+01:00,231.8,232.7,229.7,229.9,2019.9114
2025-12-29 07:00:00+01:00,229.8,230.8,226.4,228.0,2283.6583
2025-12-29 09:00:00+01:00,227.9,228.3,221.6,223.2,2633.1991
2025-12-29 11:00:00+01:00,222.7,224.2,221.7,221.7,1574.0218
2025-12-29 13:00:00+01:00,221.7,222.1,218.9,220.2,3605.9436
2025-12-29 15:00:00+01:00,220.1,224.7,219.7,222.1,2362.6497
2025-12-29 17:00:00+01:00,222.1,222.5,220.1,221.3,1600.6349
2025-12-29 19:00:00+01:00,221.2,221.9,219.2,220.5,1688.4333
2025-12-29 21:00:00+01:00,220.3,221.3,218.2,219.3,3925.8269
2025-12-29 23:00:00+01:00,219.2,219.6,217.6,218.4,1355.3573
2025-12-30 01:00:00+01:00,218.4,221.4,217.3,221.4,1951.7786
2025-12-30 03:00:00+01:00,221.4,222.0,217.1,219.6,1807.5587
2025-12-30 05:00:00+01:00,219.3,222.6,218.0,219.3,1898.3712
2025-12-30 07:00:00+01:00,219.2,220.1,218.3,219.0,744.4878
2025-12-30 09:00:00+01:00,219.1,222.2,219.0,220.2,1638.6371
2025-12-30 11:00:00+01:00,220.3,220.4,219.4,220.1,769.0831
2025-12-30 13:00:00+01:00,220.1,220.9,218.8,220.5,746.3742
2025-12-30 15:00:00+01:00,220.4,224.0,218.3,223.7,4383.0939
2025-12-30 17:00:00+01:00,223.7,225.0,220.3,220.9,2744.9631
2025-12-30 19:00:00+01:00,221.1,221.5,218.5,221.2,1567.0246
2025-12-30 21:00:00+01:00,221.2,221.3,220.0,220.7,525.6803
2025-12-30 23:00:00+01:00,220.9,222.0,220.2,221.5,633.985
2025-12-31 01:00:00+01:00,221.5,224.7,220.6,224.2,1690.155
2025-12-31 03:00:00+01:00,224.0,225.4,222.1,222.8,949.1078
2025-12-31 05:00:00+01:00,222.9,223.2,221.0,221.7,780.4641
2025-12-31 07:00:00+01:00,221.7,222.2,220.5,221.3,920.799
2025-12-31 09:00:00+01:00,221.3,222.3,220.7,222.0,1287.076
2025-12-31 11:00:00+01:00,222.1,224.1,221.3,223.7,1507.9468
2025-12-31 13:00:00+01:00,223.7,224.2,222.1,223.5,2248.9398
2025-12-31 15:00:00+01:00,223.4,225.6,220.7,222.2,3086.1117
2025-12-31 17:00:00+01:00,222.1,223.2,218.1,218.9,3260.6153
2025-12-31 19:00:00+01:00,219.0,220.9,218.1,219.2,1996.3827
2025-12-31 21:00:00+01:00,219.1,221.0,218.1,219.3,1255.0023
2025-12-31 23:00:00+01:00,219.4,220.3,218.6,218.8,1133.5646
2026-01-01 01:00:00+01:00,218.9,221.5,218.9,220.5,772.5181
2026-01-01 03:00:00+01:00,220.5,221.1,219.5,219.6,425.4389
2026-01-01 05:00:00+01:00,219.6,220.8,218.0,220.3,752.4823
2026-01-01 07:00:00+01:00,220.3,221.6,220.0,221.1,598.7791
2026-01-01 09:00:00+01:00,221.1,224.0,220.8,223.3,1836.2998
2026-01-01 11:00:00+01:00,223.2,224.4,222.2,224.1,854.2888
2026-01-01 13:00:00+01:00,224.0,224.8,222.2,224.1,1469.7146
2026-01-01 15:00:00+01:00,224.0,225.8,222.9,224.8,1469.3126
2026-01-01 17:00:00+01:00,225.0,226.8,224.1,225.9,1228.8779
2026-01-01 19:00:00+01:00,226.1,228.7,225.2,228.2,1339.7931
2026-01-01 21:00:00+01:00,228.2,228.2,225.2,226.1,1254.9588
2026-01-01 23:00:00+01:00,226.0,230.2,226.0,230.2,1207.0586
2026-01-02 01:00:00+01:00,230.1,231.2,228.4,229.7,1324.3055
2026-01-02 03:00:00+01:00,229.7,238.1,228.3,236.6,3572.6862
2026-01-02 05:00:00+01:00,236.6,237.1,233.4,234.9,1789.732
2026-01-02 07:00:00+01:00,234.8,241.7,234.8,237.3,5698.8683
2026-01-02 09:00:00+01:00,237.6,245.9,237.6,244.4,6263.115
2026-01-02 11:00:00+01:00,244.5,246.6,239.3,240.5,4294.5263
2026-01-02 13:00:00+01:00,240.5,245.5,240.0,243.8,2866.7352
2026-01-02 15:00:00+01:00,243.9,245.0,238.5,239.9,6427.5989
2026-01-02 17:00:00+01:00,239.8,245.9,239.1,243.5,4453.0562
2026-01-02 19:00:00+01:00,243.4,246.5,243.0,245.7,3040.6834
2026-01-02 21:00:00+01:00,245.7,248.2,244.3,247.8,2037.9122
2026-01-02 23:00:00+01:00,247.8,249.9,247.4,249.1,1928.0043
2026-01-03 01:00:00+01:00,249.0,251.2,247.8,250.5,2223.4807
2026-01-03 03:00:00+01:00,250.5,257.9,249.6,256.5,2238.5502
2026-01-03 05:00:00+01:00,256.5,258.5,253.2,255.3,3435.8304
2026-01-03 07:00:00+01:00,255.2,256.6,244.8,245.7,6321.3027
2026-01-03 09:00:00+01:00,245.7,246.8,243.8,244.8,3493.1221
2026-01-03 11:00:00+01:00,244.9,245.2,242.2,244.1,2467.2113
2026-01-03 13:00:00+01:00,244.1,247.5,243.0,246.7,2510.3465
2026-01-03 15:00:00+01:00,246.6,249.0,246.1,246.9,1531.0769
2026-01-03 17:00:00+01:00,246.8,253.2,246.6,253.0,2516.7298
2026-01-03 19:00:00+01:00,253.0,255.0,250.6,252.8,2897.014
2026-01-03 21:00:00+01:00,252.8,254.0,250.9,252.1,2474.2265
2026-01-03 23:00:00+01:00,252.1,256.4,251.4,254.6,3815.3199
2026-01-04 01:00:00+01:00,254.5,260.7,253.9,256.7,5089.0601
2026-01-04 03:00:00+01:00,256.7,259.1,255.6,257.8,1866.4825
2026-01-04 05:00:00+01:00,257.8,259.8,257.4,259.4,1652.1382
2026-01-04 07:00:00+01:00,259.3,260.1,254.7,256.7,2716.8992
2026-01-04 09:00:00+01:00,256.8,264.5,255.1,264.3,4146.0566
2026-01-04 11:00:00+01:00,264.2,267.9,263.4,266.6,4840.037
2026-01-04 13:00:00+01:00,266.6,267.5,261.4,265.3,6116.1326
2026-01-04 15:00:00+01:00,265.2,269.5,263.0,267.8,5157.6032
2026-01-04 17:00:00+01:00,267.8,268.6,264.4,266.2,2953.3251
2026-01-04 19:00:00+01:00,266.4,266.5,260.3,262.7,3129.6512
2026-01-04 21:00:00+01:00,262.7,265.7,261.8,264.1,1567.4232
2026-01-04 23:00:00+01:00,264.0,267.9,263.4,267.0,1442.6734
2026-01-05 01:00:00+01:00,266.9,272.0,265.8,269.6,5486.4245
2026-01-05 03:00:00+01:00,269.7,270.6,263.9,266.2,2844.0832
2026-01-05 05:00:00+01:00,266.1,266.7,259.4,259.6,3575.4512
2026-01-05 07:00:00+01:00,259.5,265.2,258.7,264.9,2585.1753
2026-01-05 09:00:00+01:00,264.6,266.2,261.3,261.8,2766.6306
2026-01-05 11:00:00+01:00,261.6,263.8,260.0,261.6,1988.5815
2026-01-05 13:00:00+01:00,261.6,262.1,257.9,259.5,1741.0475
2026-01-05 15:00:00+01:00,259.6,266.8,258.3,265.6,6605.2829
2026-01-05 17:00:00+01:00,265.5,266.3,260.4,265.0,2636.7451
2026-01-05 19:00:00+01:00,264.9,269.9,264.4,268.4,5195.7564
2026-01-05 21:00:00+01:00,268.4,273.3,265.8,266.8,4329.6901
2026-01-05 23:00:00+01:00,266.9,271.4,265.6,267.5,3119.2076
2026-01-06 01:00:00+01:00,267.6,272.6,265.1,267.9,2904.706
2026-01-06 03:00:00+01:00,268.0,275.1,268.0,274.1,2056.0223
2026-01-06 05:00:00+01:00,274.2,280.1,273.9,278.3,2892.1887
2026-01-06 07:00:00+01:00,278.2,279.0,272.9,274.3,4421.5894
2026-01-06 09:00:00+01:00,274.1,276.7,273.4,274.7,2647.6808
2026-01-06 11:00:00+01:00,274.7,284.5,274.6,283.8,5013.968
2026-01-06 13:00:00+01:00,283.7,292.8,283.2,292.7,8379.6431
2026-01-06 15:00:00+01:00,292.8,298.4,286.8,290.8,13696.258
2026-01-06 17:00:00+01:00,290.9,292.2,277.2,277.4,12615.656
2026-01-06 19:00:00+01:00,277.3,284.2,276.6,281.8,7037.6495
2026-01-06 21:00:00+01:00,281.7,293.4,281.7,292.2,7491.9733
2026-01-06 23:00:00+01:00,292.2,295.6,289.4,294.0,3325.5338
2026-01-07 01:00:00+01:00,294.0,294.0,282.5,283.3,3995.1
2026-01-07 03:00:00+01:00,283.2,285.7,282.1,282.7,2646.8908
2026-01-07 05:00:00+01:00,282.7,283.7,278.3,280.8,2145.0428
2026-01-07 07:00:00+01:00,280.8,284.9,278.7,284.3,2328.3843
2026-01-07 09:00:00+01:00,284.5,284.5,275.1,277.0,4487.4623
2026-01-07 11:00:00+01:00,276.8,280.7,276.1,279.4,2046.533
2026-01-07 13:00:00+01:00,279.2,279.8,276.0,277.0,2555.3832
2026-01-07 15:00:00+01:00,276.9,277.3,268.7,271.5,8321.5895
2026-01-07 17:00:00+01:00,271.4,272.7,269.1,271.1,3088.9462
2026-01-07 19:00:00+01:00,270.9,274.3,269.9,273.4,3119.1139
2026-01-07 21:00:00+01:00,273.3,274.3,270.8,272.7,1606.4244
2026-01-07 23:00:00+01:00,272.6,272.7,267.9,270.8,2543.2812
2026-01-08 01:00:00+01:00,270.7,275.8,268.9,273.5,2853.5828
2026-01-08 03:00:00+01:00,273.5,273.5,267.3,267.7,2115.499
2026-01-08 05:00:00+01:00,267.7,274.5,266.5,272.2,4284.8782
2026-01-08 07:00:00+01:00,272.2,279.2,269.7,277.0,7872.2091
2026-01-08 09:00:00+01:00,277.0,280.5,270.2,271.0,4569.6528
2026-01-08 11:00:00+01:00,271.1,273.1,266.6,268.8,4514.066
2026-01-08 13:00:00+01:00,268.8,271.8,267.5,270.4,2888.7799
2026-01-08 15:00:00+01:00,270.2,290.0,265.1,288.1,14778.956
2026-01-08 17:00:00+01:00,288.2,300.6,285.1,298.3,15482.9389
2026-01-08 19:00:00+01:00,298.2,298.6,283.4,284.0,10221.8842
2026-01-08 21:00:00+01:00,283.9,288.0,279.6,285.4,5890.6604
2026-01-08 23:00:00+01:00,285.4,288.7,282.9,283.7,2246.7388
2026-01-09 01:00:00+01:00,283.9,286.1,278.4,281.2,3371.1327
2026-01-09 03:00:00+01:00,280.9,284.7,279.2,284.0,2526.0064
2026-01-09 05:00:00+01:00,283.8,283.8,275.7,279.3,2140.6314
2026-01-09 07:00:00+01:00,279.2,281.5,278.3,278.6,3104.9797
2026-01-09 09:00:00+01:00,278.6,280.4,275.4,278.6,2988.5021
2026-01-09 11:00:00+01:00,278.6,287.8,277.9,285.5,3783.2448
2026-01-09 13:00:00+01:00,285.4,290.0,281.8,286.8,5220.5108
2026-01-09 15:00:00+01:00,286.8,294.2,282.2,289.1,9207.0747
2026-01-09 17:00:00+01:00,289.1,291.7,281.9,283.4,5206.7276
2026-01-09 19:00:00+01:00,283.4,283.9,276.9,279.1,5610.2143
2026-01-09 21:00:00+01:00,279.1,281.8,278.8,280.2,1682.2878
2026-01-09 23:00:00+01:00,280.2,284.9,279.7,280.2,1938.3511
2026-01-10 01:00:00+01:00,280.2,280.3,275.7,276.9,1610.2002
2026-01-10 03:00:00+01:00,276.8,278.4,275.7,277.3,1150.2442
2026-01-10 05:00:00+01:00,277.2,277.3,273.6,275.4,1766.4656
2026-01-10 07:00:00+01:00,275.1,278.7,274.3,277.8,1377.4195
2026-01-10 09:00:00+01:00,277.7,289.1,276.8,288.4,4992.7408
2026-01-10 11:00:00+01:00,288.4,291.2,283.1,286.0,4247.4781
2026-01-10 13:00:00+01:00,286.1,287.1,282.4,284.0,1581.4701
2026-01-10 15:00:00+01:00,283.8,285.1,281.9,283.3,2178.4878
2026-01-10 17:00:00+01:00,283.3,283.3,279.7,280.0,2886.9263
2026-01-10 19:00:00+01:00,280.0,281.4,278.0,281.0,1765.5064
2026-01-10 21:00:00+01:00,281.0,281.2,278.4,278.7,1015.0176
2026-01-10 23:00:00+01:00,278.6,280.0,276.7,279.3,1185.866
2026-01-11 01:00:00+01:00,279.3,281.0,278.4,280.4,1381.6746
2026-01-11 03:00:00+01:00,280.5,282.5,279.3,279.5,602.7374
2026-01-11 05:00:00+01:00,279.4,282.0,278.1,281.5,689.5922
2026-01-11 07:00:00+01:00,281.4,282.4,279.4,281.3,748.7056
2026-01-11 09:00:00+01:00,281.2,284.6,280.7,281.7,1772.7765
2026-01-11 11:00:00+01:00,281.7,284.2,281.1,283.2,1831.5907
2026-01-11 13:00:00+01:00,283.3,287.3,283.0,285.5,3040.6087
2026-01-11 15:00:00+01:00,285.6,289.8,284.6,288.3,3700.6435
2026-01-11 17:00:00+01:00,288.3,294.3,287.5,290.0,6417.3378
2026-01-11 19:00:00+01:00,289.8,293.8,286.3,290.6,2446.0847
2026-01-11 21:00:00+01:00,290.6,290.6,283.4,286.8,4807.2177
2026-01-11 23:00:00+01:00,286.5,287.3,280.9,286.6,4409.584
2026-01-12 01:00:00+01:00,286.6,290.3,281.6,286.6,6978.8789
2026-01-12 03:00:00+01:00,286.7,293.3,286.2,286.6,3421.0397
2026-01-12 05:00:00+01:00,286.6,291.0,286.3,290.7,2109.2155
2026-01-12 07:00:00+01:00,290.6,290.8,282.9,283.0,3480.2867
2026-01-12 09:00:00+01:00,282.9,286.5,280.3,281.2,3726.231
2026-01-12 11:00:00+01:00,281.2,282.6,278.1,281.2,2624.5166
2026-01-12 13:00:00+01:00,281.1,284.4,279.7,279.9,4134.213
2026-01-12 15:00:00+01:00,279.8,288.8,279.8,285.5,8547.3308
2026-01-12 17:00:00+01:00,285.5,288.1,280.0,282.5,5061.2199
2026-01-12 19:00:00+01:00,282.5,283.9,280.8,282.5,1293.3956
2026-01-12 21:00:00+01:00,282.4,286.0,279.2,280.5,2938.1458
2026-01-12 23:00:00+01:00,280.4,282.0,278.5,280.8,2251.9871
2026-01-13 01:00:00+01:00,280.7,285.0,280.5,281.1,2223.7663
2026-01-13 03:00:00+01:00,281.1,282.4,277.7,279.2,3395.8241
2026-01-13 05:00:00+01:00,279.2,287.6,279.1,285.2,3037.4408
2026-01-13 07:00:00+01:00,285.2,288.1,282.3,283.5,2649.7641
2026-01-13 09:00:00+01:00,283.6,288.0,283.4,286.1,2890.6494
2026-01-13 11:00:00+01:00,286.1,288.8,284.0,286.5,2842.3098
2026-01-13 13:00:00+01:00,286.6,289.4,285.5,286.8,3488.9069
2026-01-13 15:00:00+01:00,286.7,289.6,280.9,286.0,7272.4736
2026-01-13 17:00:00+01:00,286.3,288.4,283.4,287.7,7216.8723
2026-01-13 19:00:00+01:00,287.8,292.3,287.4,289.6,4479.5895
2026-01-13 21:00:00+01:00,289.7,290.8,284.6,288.3,5289.4005
2026-01-13 23:00:00+01:00,288.3,298.1,288.1,293.3,9043.154
2026-01-14 01:00:00+01:00,293.2,297.3,292.2,295.4,2606.4133
2026-01-14 03:00:00+01:00,295.4,299.5,295.1,298.1,2718.57
2026-01-14 05:00:00+01:00,298.0,298.0,292.9,293.9,3298.1336
2026-01-14 07:00:00+01:00,293.9,296.7,292.3,295.2,2655.2526
2026-01-14 09:00:00+01:00,295.2,302.4,295.2,298.5,5915.3518
2026-01-14 11:00:00+01:00,298.3,299.2,290.4,290.7,5744.1051
2026-01-14 13:00:00+01:00,290.7,293.2,289.2,290.9,4981.5157
2026-01-14 15:00:00+01:00,290.8,297.7,290.8,296.4,7906.7007
2026-01-14 17:00:00+01:00,296.6,299.3,292.5,293.4,7444.9645
2026-01-14 19:00:00+01:00,293.2,297.5,289.3,293.6,7041.3243
2026-01-14 21:00:00+01:00,293.6,296.6,292.1,293.5,3149.3549
2026-01-14 23:00:00+01:00,293.4,293.6,289.9,290.3,2586.2838
2026-01-15 01:00:00+01:00,290.3,293.4,286.4,287.0,3353.8964
2026-01-15 03:00:00+01:00,287.0,287.3,279.5,281.5,4514.175
2026-01-15 05:00:00+01:00,281.4,284.6,281.1,284.3,2616.8361
2026-01-15 07:00:00+01:00,284.2,287.2,283.3,286.5,2338.6595
2026-01-15 09:00:00+01:00,286.3,286.8,281.2,284.0,3193.1887
2026-01-15 11:00:00+01:00,284.2,285.6,283.4,285.1,1324.4932
2026-01-15 13:00:00+01:00,284.9,288.5,284.3,287.8,2480.2824
2026-01-15 15:00:00+01:00,287.8,288.7,277.5,284.0,7671.2962
2026-01-15 17:00:00+01:00,283.9,285.1,281.4,282.0,2646.2296
2026-01-15 19:00:00+01:00,282.1,282.5,277.6,279.8,3090.7363
2026-01-15 21:00:00+01:00,279.7,280.6,276.2,277.9,4150.9104
2026-01-15 23:00:00+01:00,277.8,279.3,276.7,279.2,1855.8977
2026-01-16 01:00:00+01:00,279.3,281.4,278.3,279.5,1289.6508
2026-01-16 03:00:00+01:00,279.5,279.7,277.3,278.3,1104.018
2026-01-16 05:00:00+01:00,278.3,279.5,273.1,277.8,4426.0934
2026-01-16 07:00:00+01:00,277.7,278.8,276.2,276.9,3030.2611
2026-01-16 09:00:00+01:00,276.9,277.7,275.8,277.0,1289.861
2026-01-16 11:00:00+01:00,277.0,277.2,273.8,274.4,1221.5136
2026-01-16 13:00:00+01:00,274.4,274.5,270.9,271.8,2812.1459
2026-01-16 15:00:00+01:00,271.7,273.6,267.1,269.1,6125.2969
2026-01-16 17:00:00+01:00,268.9,274.5,268.3,273.9,4034.7892
2026-01-16 19:00:00+01:00,273.9,274.9,271.1,274.2,2956.6341
2026-01-16 21:00:00+01:00,274.1,280.1,272.4,278.7,3059.0718
2026-01-16 23:00:00+01:00,278.7,279.5,277.4,277.5,1295.0885
2026-01-17 01:00:00+01:00,277.5,278.4,276.6,277.3,807.4842
2026-01-17 03:00:00+01:00,277.2,277.2,274.5,274.9,818.0995
2026-01-17 05:00:00+01:00,274.8,276.8,274.4,275.6,591.9142
2026-01-17 07:00:00+01:00,275.5,277.4,275.4,276.8,500.8807
2026-01-17 09:00:00+01:00,276.8,278.0,275.8,275.9,466.9237
2026-01-17 11:00:00+01:00,275.8,277.7,274.8,275.5,419.7756
2026-01-17 13:00:00+01:00,275.3,276.4,274.3,275.4,1113.5079
2026-01-17 15:00:00+01:00,275.3,278.6,274.5,278.5,1519.8581
2026-01-17 17:00:00+01:00,278.4,278.7,274.7,276.1,1334.2834
2026-01-17 19:00:00+01:00,276.3,277.1,275.2,276.0,601.3846
2026-01-17 21:00:00+01:00,276.0,276.9,275.3,275.5,778.7053
2026-01-17 23:00:00+01:00,275.4,275.7,273.3,273.9,1327.7009
2026-01-18 01:00:00+01:00,273.9,275.2,271.4,272.0,1532.606
2026-01-18 03:00:00+01:00,271.9,273.5,271.3,272.5,641.6565
2026-01-18 05:00:00+01:00,272.4,273.4,271.6,273.0,667.675
2026-01-18 07:00:00+01:00,273.0,273.8,271.6,272.2,841.9738
2026-01-18 09:00:00+01:00,272.0,273.8,271.9,273.5,430.4713
2026-01-18 11:00:00+01:00,273.6,274.0,272.7,273.0,665.1274
2026-01-18 13:00:00+01:00,272.9,273.5,270.7,272.6,1292.6826
2026-01-18 15:00:00+01:00,272.7,274.8,271.9,272.8,1889.1688
2026-01-18 17:00:00+01:00,273.0,273.6,269.6,271.6,1419.5019
2026-01-18 19:00:00+01:00,271.5,274.8,270.9,272.1,2199.7479
2026-01-18 21:00:00+01:00,271.9,274.3,271.4,273.4,1418.1718
2026-01-18 23:00:00+01:00,273.4,275.6,261.4,262.0,6187.6262
2026-01-19 01:00:00+01:00,261.9,262.0,236.2,250.9,18301.109
2026-01-19 03:00:00+01:00,251.0,252.9,250.0,252.6,2268.5376
2026-01-19 05:00:00+01:00,252.6,253.6,248.8,249.6,2733.2374
2026-01-19 07:00:00+01:00,249.7,249.8,245.8,247.8,3397.126
2026-01-19 09:00:00+01:00,247.8,252.7,247.3,251.4,2988.5503
2026-01-19 11:00:00+01:00,251.4,252.5,249.3,250.8,2009.6201
2026-01-19 13:00:00+01:00,250.6,250.7,247.8,248.2,2328.7631
2026-01-19 15:00:00+01:00,248.3,251.3,248.0,249.5,1721.2087
2026-01-19 17:00:00+01:00,249.4,255.1,249.2,253.0,2615.1587
2026-01-19 19:00:00+01:00,253.1,256.8,252.8,255.8,2434.2926
2026-01-19 21:00:00+01:00,256.0,256.2,251.5,251.6,1960.1903
2026-01-19 23:00:00+01:00,251.5,254.2,250.1,253.5,1653.4118
2026-01-20 01:00:00+01:00,253.4,253.6,249.4,250.5,941.4914
2026-01-20 03:00:00+01:00,250.6,250.7,248.2,249.4,1241.1867
2026-01-20 05:00:00+01:00,249.5,250.5,246.0,247.3,3049.1233
2026-01-20 07:00:00+01:00,247.3,247.5,243.1,243.3,4212.5962
2026-01-20 09:00:00+01:00,243.2,243.2,239.3,242.5,4170.3119
2026-01-20 11:00:00+01:00,242.3,244.0,240.5,240.6,2775.5045
2026-01-20 13:00:00+01:00,240.7,241.7,237.2,237.7,3477.8369
2026-01-20 15:00:00+01:00,237.9,243.1,237.3,239.3,4876.02
2026-01-20 17:00:00+01:00,239.3,240.1,233.9,235.3,5583.4917
2026-01-20 19:00:00+01:00,235.3,236.5,234.0,236.2,2981.3789
2026-01-20 21:00:00+01:00,235.9,239.3,235.3,235.8,3720.574
2026-01-20 23:00:00+01:00,235.7,236.8,231.8,233.9,2755.4029
2026-01-21 01:00:00+01:00,234.0,240.2,234.0,237.6,2710.7681
2026-01-21 03:00:00+01:00,237.7,239.1,236.8,237.8,1918.5633
2026-01-21 05:00:00+01:00,237.8,240.2,237.4,239.9,1403.2928
2026-01-21 07:00:00+01:00,239.9,241.7,238.9,239.2,1788.0722
2026-01-21 09:00:00+01:00,239.1,239.5,235.7,237.0,1370.7127
2026-01-21 11:00:00+01:00,236.9,238.2,233.4,233.8,2647.5213
2026-01-21 13:00:00+01:00,233.7,234.2,229.0,229.5,6046.6524
2026-01-21 15:00:00+01:00,229.5,243.8,229.3,240.9,10884.1439
2026-01-21 17:00:00+01:00,240.9,241.1,228.5,231.7,10743.9297
2026-01-21 19:00:00+01:00,231.6,246.0,230.7,245.7,12365.3414
2026-01-21 21:00:00+01:00,245.7,249.5,242.8,246.7,7158.1397
2026-01-21 23:00:00+01:00,246.6,248.9,240.7,241.5,4865.9811
2026-01-22 01:00:00+01:00,241.7,248.8,241.7,247.6,2788.0607
2026-01-22 03:00:00+01:00,247.4,248.4,245.2,246.2,1466.2289
2026-01-22 05:00:00+01:00,246.0,247.7,245.8,246.4,539.8791
2026-01-22 07:00:00+01:00,246.3,247.5,243.6,244.2,1847.1102
2026-01-22 09:00:00+01:00,244.1,246.3,242.7,245.3,1358.5724
2026-01-22 11:00:00+01:00,245.4,245.6,241.6,241.7,1335.6612
2026-01-22 13:00:00+01:00,241.7,242.9,238.6,239.5,4005.0567
2026-01-22 15:00:00+01:00,239.6,240.1,235.0,237.4,3753.3925
2026-01-22 17:00:00+01:00,237.3,240.4,236.3,239.9,2635.6057
2026-01-22 19:00:00+01:00,239.6,240.5,237.5,239.8,1990.5687
2026-01-22 21:00:00+01:00,239.7,239.7,236.6,238.9,1953.277
2026-01-22 23:00:00+01:00,238.9,239.5,237.4,238.9,1030.263
2026-01-23 01:00:00+01:00,238.9,240.0,237.9,239.7,492.3457
2026-01-23 03:00:00+01:00,239.6,241.3,238.8,241.3,785.3687
2026-01-23 05:00:00+01:00,241.2,242.9,240.8,242.1,1469.404
2026-01-23 07:00:00+01:00,242.1,242.9,239.1,239.7,1363.5273
2026-01-23 09:00:00+01:00,239.6,240.3,237.0,238.5,1158.952
2026-01-23 11:00:00+01:00,238.3,239.0,236.9,238.3,692.744
2026-01-23 13:00:00+01:00,238.3,239.4,237.5,238.6,362.4342
2026-01-23 15:00:00+01:00,238.6,241.9,234.8,241.6,4163.5571
2026-01-23 17:00:00+01:00,241.6,245.0,239.1,242.0,3856.158
2026-01-23 19:00:00+01:00,241.9,243.9,237.8,238.5,4260.6382
2026-01-23 21:00:00+01:00,238.7,239.3,235.7,237.2,2252.9533
2026-01-23 23:00:00+01:00,236.9,239.0,236.4,236.8,3971.8036
2026-01-24 01:00:00+01:00,236.7,237.8,235.1,235.8,755.2603
2026-01-24 03:00:00+01:00,236.1,239.8,236.1,238.5,684.1753
2026-01-24 05:00:00+01:00,238.5,238.6,236.8,237.6,374.7005
2026-01-24 07:00:00+01:00,237.7,238.0,236.9,237.1,650.5574
2026-01-24 09:00:00+01:00,237.0,237.5,235.8,236.7,1080.0846
2026-01-24 11:00:00+01:00,236.7,239.0,236.3,238.2,882.4492
2026-01-24 13:00:00+01:00,238.2,239.1,236.8,236.8,495.2055
2026-01-24 15:00:00+01:00,236.9,238.6,236.5,237.0,619.3068
2026-01-24 17:00:00+01:00,236.9,238.6,235.8,238.6,1084.8484
2026-01-24 19:00:00+01:00,238.6,238.7,237.5,238.4,605.104
2026-01-24 21:00:00+01:00,238.3,239.5,237.5,237.8,879.2338
2026-01-24 23:00:00+01:00,237.9,239.2,237.7,237.7,375.1966
2026-01-25 01:00:00+01:00,237.7,238.9,237.1,237.9,650.1368
2026-01-25 03:00:00+01:00,237.7,238.5,236.0,236.2,590.6366
2026-01-25 05:00:00+01:00,236.2,236.5,235.2,236.3,538.2615
2026-01-25 07:00:00+01:00,236.3,237.6,233.6,234.4,1524.5408
2026-01-25 09:00:00+01:00,234.4,236.1,233.3,235.1,1004.307
2026-01-25 11:00:00+01:00,234.9,237.8,234.8,235.0,2198.1854
2026-01-25 13:00:00+01:00,234.9,235.1,233.6,234.6,1002.3823
2026-01-25 15:00:00+01:00,234.5,234.8,231.9,232.9,1225.7863
2026-01-25 17:00:00+01:00,232.8,232.9,226.8,228.2,5946.8039
2026-01-25 19:00:00+01:00,228.1,228.4,220.8,222.2,6889.2461
2026-01-25 21:00:00+01:00,222.2,224.5,220.3,223.9,4541.1551
2026-01-25 23:00:00+01:00,223.8,224.6,221.3,224.2,2680.96
2026-01-26 01:00:00+01:00,224.1,231.8,223.9,231.1,3423.631
2026-01-26 03:00:00+01:00,231.1,231.8,229.6,230.5,1116.3443
2026-01-26 05:00:00+01:00,230.5,235.1,230.5,234.2,2334.1214
2026-01-26 07:00:00+01:00,234.3,234.9,231.6,234.1,2844.8979
2026-01-26 09:00:00+01:00,233.9,234.8,229.1,229.2,2612.6732
2026-01-26 11:00:00+01:00,229.6,231.3,229.5,230.3,1095.0969
2026-01-26 13:00:00+01:00,230.3,232.6,229.3,232.2,1607.0543
2026-01-26 15:00:00+01:00,232.0,237.3,230.1,232.7,5423.77
2026-01-26 17:00:00+01:00,232.8,234.4,229.8,232.5,3388.4994
2026-01-26 19:00:00+01:00,232.3,236.4,232.2,233.8,2932.5011
2026-01-26 21:00:00+01:00,233.9,235.9,231.8,234.8,2626.8912
2026-01-26 23:00:00+01:00,234.8,235.4,233.4,234.0,1387.7505
2026-01-27 01:00:00+01:00,233.9,235.2,232.6,234.7,1418.5481
2026-01-27 03:00:00+01:00,234.7,235.7,233.7,234.2,805.7071
2026-01-27 05:00:00+01:00,234.0,235.5,232.5,232.7,749.7332
2026-01-27 07:00:00+01:00,232.8,233.4,230.4,231.9,1254.6939
2026-01-27 09:00:00+01:00,232.1,233.1,230.7,230.7,870.7537
2026-01-27 11:00:00+01:00,230.8,233.2,230.4,231.0,1459.8971
2026-01-27 13:00:00+01:00,230.8,232.4,229.9,230.1,908.6784
2026-01-27 15:00:00+01:00,230.1,232.6,227.9,230.4,3616.3993
2026-01-27 17:00:00+01:00,230.3,235.9,228.5,229.3,4713.9599
2026-01-27 19:00:00+01:00,229.3,234.0,228.9,233.2,1764.4819
2026-01-27 21:00:00+01:00,233.1,237.3,233.0,234.6,4062.968
2026-01-27 23:00:00+01:00,234.5,239.2,234.5,237.9,2789.6469
2026-01-28 01:00:00+01:00,237.9,238.2,235.8,237.2,1843.6912
2026-01-28 03:00:00+01:00,237.2,238.0,236.0,237.2,506.816
2026-01-28 05:00:00+01:00,237.1,237.1,234.3,237.0,1467.1632
2026-01-28 07:00:00+01:00,237.1,238.2,235.9,236.8,1161.1166
2026-01-28 09:00:00+01:00,236.7,239.3,235.4,239.1,2309.6987
2026-01-28 11:00:00+01:00,239.3,241.1,237.8,241.0,1802.5382
2026-01-28 13:00:00+01:00,240.9,242.3,238.7,240.4,3819.8777
2026-01-28 15:00:00+01:00,240.3,240.7,236.4,238.2,3336.8374
2026-01-28 17:00:00+01:00,238.3,239.8,235.4,238.5,2622.6801
2026-01-28 19:00:00+01:00,238.5,238.5,235.4,237.0,2312.4961
2026-01-28 21:00:00+01:00,236.7,240.4,235.7,237.7,4536.9672
2026-01-28 23:00:00+01:00,237.8,240.5,236.5,237.8,1933.6953
2026-01-29 01:00:00+01:00,237.9,238.4,233.4,233.7,1524.2569
2026-01-29 03:00:00+01:00,233.7,234.4,228.9,229.6,2899.4426
2026-01-29 05:00:00+01:00,229.2,229.4,225.5,228.8,2767.4879
2026-01-29 07:00:00+01:00,228.8,230.7,228.7,229.0,1565.1056
2026-01-29 09:00:00+01:00,229.0,229.6,227.7,227.9,1652.2336
2026-01-29 11:00:00+01:00,227.8,228.6,225.4,226.0,2075.532
2026-01-29 13:00:00+01:00,226.0,227.7,224.4,227.5,1752.0327
2026-01-29 15:00:00+01:00,227.7,228.0,214.1,219.2,10997.24
2026-01-29 17:00:00+01:00,219.1,224.4,216.5,219.5,7965.3205
2026-01-29 19:00:00+01:00,219.6,220.6,214.9,218.3,5234.6066
2026-01-29 21:00:00+01:00,218.2,221.4,217.8,220.8,2610.4652
2026-01-29 23:00:00+01:00,220.8,222.0,218.9,220.8,1219.4418
2026-01-30 01:00:00+01:00,220.7,222.5,211.2,217.8,6412.7646
2026-01-30 03:00:00+01:00,217.7,217.9,211.7,214.0,3471.9581
2026-01-30 05:00:00+01:00,213.9,218.1,213.9,216.9,2266.671
2026-01-30 07:00:00+01:00,217.1,217.4,211.9,215.5,4503.026
2026-01-30 09:00:00+01:00,215.4,216.1,211.1,212.1,2261.9902
2026-01-30 11:00:00+01:00,212.2,217.2,210.7,216.1,2072.9405
2026-01-30 13:00:00+01:00,216.0,216.4,211.8,213.3,2669.9445
2026-01-30 15:00:00+01:00,213.3,217.0,211.2,213.8,3916.2561
2026-01-30 17:00:00+01:00,213.8,215.7,211.0,212.4,3260.6572
2026-01-30 19:00:00+01:00,212.3,218.2,207.1,216.8,7181.2204
2026-01-30 21:00:00+01:00,216.8,216.8,212.2,214.8,2393.0861
2026-01-30 23:00:00+01:00,214.6,215.4,213.2,215.0,715.578
2026-01-31 01:00:00+01:00,215.2,216.6,214.4,215.8,737.0584
2026-01-31 03:00:00+01:00,215.8,217.6,214.6,216.5,651.1388
2026-01-31 05:00:00+01:00,216.4,218.5,215.4,216.3,1018.6365
2026-01-31 07:00:00+01:00,216.4,216.8,210.9,211.6,2330.9919
2026-01-31 09:00:00+01:00,211.8,212.4,207.0,209.9,2786.0506
2026-01-31 11:00:00+01:00,210.0,210.5,207.9,208.3,1561.9187
2026-01-31 13:00:00+01:00,208.2,208.7,204.3,205.0,3067.0907
2026-01-31 15:00:00+01:00,204.9,205.6,192.7,198.1,15687.9842
2026-01-31 17:00:00+01:00,198.1,202.0,184.5,188.9,18325.4598
2026-01-31 19:00:00+01:00,189.0,194.7,178.6,190.5,13811.7498
2026-01-31 21:00:00+01:00,190.5,196.2,187.5,194.9,3936.07
2026-01-31 23:00:00+01:00,195.1,199.3,193.9,197.9,3090.7932
2026-02-01 01:00:00+01:00,197.7,200.7,196.4,199.0,1997.7559
2026-02-01 03:00:00+01:00,199.0,201.2,198.2,201.1,1084.4811
2026-02-01 05:00:00+01:00,201.0,201.3,196.5,196.7,2292.845
2026-02-01 07:00:00+01:00,196.8,198.2,195.1,196.2,1076.7698
2026-02-01 09:00:00+01:00,196.2,197.6,195.1,197.2,1589.2586
2026-02-01 11:00:00+01:00,197.1,197.9,193.0,194.6,2105.6571
2026-02-01 13:00:00+01:00,194.7,194.9,191.1,191.9,1379.4473
2026-02-01 15:00:00+01:00,191.9,194.0,186.1,188.9,4656.4042
2026-02-01 17:00:00+01:00,188.9,190.9,187.1,188.8,3484.2436
2026-02-01 19:00:00+01:00,188.8,193.5,188.3,189.5,3560.2829
2026-02-01 21:00:00+01:00,189.4,192.7,187.9,188.6,2723.9741
2026-02-01 23:00:00+01:00,188.6,191.7,183.7,188.3,3770.816
2026-02-02 01:00:00+01:00,188.5,194.9,187.0,192.5,2910.3814
2026-02-02 03:00:00+01:00,192.5,193.3,182.5,190.5,4286.8054
2026-02-02 05:00:00+01:00,190.4,192.9,183.4,185.7,5291.1409
2026-02-02 07:00:00+01:00,185.6,191.1,183.1,189.6,6055.6402
2026-02-02 09:00:00+01:00,189.5,192.6,188.5,192.2,3519.0328
2026-02-02 11:00:00+01:00,192.1,194.0,191.8,193.0,2168.8245
2026-02-02 13:00:00+01:00,193.0,197.2,193.0,196.6,2825.9507
2026-02-02 15:00:00+01:00,196.4,202.8,195.1,201.4,6642.2086
2026-02-02 17:00:00+01:00,201.6,207.1,199.8,201.0,7436.0753
2026-02-02 19:00:00+01:00,200.9,201.9,197.8,197.9,2653.284
2026-02-02 21:00:00+01:00,197.8,198.6,195.8,197.2,1940.5584
2026-02-02 23:00:00+01:00,197.2,201.2,197.2,199.3,1506.8383
2026-02-03 01:00:00+01:00,199.5,200.2,198.0,199.2,1198.9458
2026-02-03 03:00:00+01:00,199.2,199.2,193.6,197.9,1997.1325
2026-02-03 05:00:00+01:00,197.9,199.5,196.8,197.3,993.1375
2026-02-03 07:00:00+01:00,197.2,198.0,195.9,197.3,831.2351
2026-02-03 09:00:00+01:00,197.3,198.8,193.9,195.4,2414.0221
2026-02-03 11:00:00+01:00,195.3,196.4,193.6,194.9,1014.9036
2026-02-03 13:00:00+01:00,194.9,196.2,194.2,195.6,1694.6655
2026-02-03 15:00:00+01:00,195.5,197.1,191.5,197.0,3843.3671
2026-02-03 17:00:00+01:00,196.9,196.9,188.5,188.5,5075.5556
2026-02-03 19:00:00+01:00,188.6,196.4,184.2,195.9,10819.8041
2026-02-03 21:00:00+01:00,195.7,204.1,193.2,197.2,10639.1331
2026-02-03 23:00:00+01:00,197.3,198.1,191.9,193.2,3215.8055
2026-02-04 01:00:00+01:00,193.1,198.3,191.8,196.3,2154.5652
2026-02-04 03:00:00+01:00,196.3,198.2,193.7,197.5,1429.5628
2026-02-04 05:00:00+01:00,197.4,197.7,194.3,194.9,604.6464
2026-02-04 07:00:00+01:00,195.1,196.9,194.7,195.3,1029.6441
2026-02-04 09:00:00+01:00,195.3,196.5,192.8,193.3,1139.3465
2026-02-04 11:00:00+01:00,193.4,193.8,190.4,192.2,1797.1265
2026-02-04 13:00:00+01:00,192.2,193.0,188.8,188.9,1954.3955
2026-02-04 15:00:00+01:00,188.8,190.8,184.7,185.9,5554.8886
2026-02-04 17:00:00+01:00,185.9,188.7,184.7,186.0,6873.1089
2026-02-04 19:00:00+01:00,185.9,191.7,183.0,191.3,6728.8931
2026-02-04 21:00:00+01:00,191.3,191.6,186.4,187.7,2568.8365
2026-02-04 23:00:00+01:00,187.7,190.7,184.1,187.3,4459.5148
2026-02-05 01:00:00+01:00,187.4,190.5,185.5,188.5,1525.8249
2026-02-05 03:00:00+01:00,188.6,190.9,185.2,185.4,2207.7476
2026-02-05 05:00:00+01:00,185.4,187.5,181.9,184.1,3000.5422
2026-02-05 07:00:00+01:00,184.1,185.3,181.2,182.5,2658.9802
2026-02-05 09:00:00+01:00,182.6,186.3,182.5,183.7,2267.9901
2026-02-05 11:00:00+01:00,183.7,183.8,175.9,178.3,4462.2919
2026-02-05 13:00:00+01:00,178.3,179.5,175.4,176.8,6476.1553
2026-02-05 15:00:00+01:00,176.7,181.9,168.5,171.4,15613.7192
2026-02-05 17:00:00+01:00,171.4,174.2,166.1,166.5,12800.8264
2026-02-05 19:00:00+01:00,166.6,168.0,163.2,165.5,10876.6998
2026-02-05 21:00:00+01:00,165.5,166.7,156.8,160.8,17547.6339
2026-02-05 23:00:00+01:00,160.9,165.8,158.7,160.4,5982.8633
2026-02-06 01:00:00+01:00,160.3,164.5,142.8,164.2,25344.2942
2026-02-06 03:00:00+01:00,164.3,165.4,160.0,161.1,4500.0494
2026-02-06 05:00:00+01:00,161.1,167.6,160.0,166.6,7974.1076
2026-02-06 07:00:00+01:00,166.6,168.3,163.7,164.0,5796.5123
2026-02-06 09:00:00+01:00,164.0,166.9,160.9,166.7,5138.4205
2026-02-06 11:00:00+01:00,166.6,168.7,165.5,168.3,3155.1377
2026-02-06 13:00:00+01:00,168.1,171.7,166.3,170.9,3504.553
2026-02-06 15:00:00+01:00,170.9,174.1,168.9,173.1,9219.3371
2026-02-06 17:00:00+01:00,173.2,181.8,172.4,178.1,10399.4293
2026-02-06 19:00:00+01:00,178.1,178.2,172.2,175.0,6571.676
2026-02-06 21:00:00+01:00,174.9,175.4,171.4,173.9,3255.4926
2026-02-06 23:00:00+01:00,173.9,177.4,173.2,173.6,3086.6095
2026-02-07 01:00:00+01:00,173.5,173.6,166.9,167.6,3885.1745
2026-02-07 03:00:00+01:00,167.5,168.6,165.8,167.5,1970.6518
2026-02-07 05:00:00+01:00,167.4,169.7,166.2,166.7,1466.4426
2026-02-07 07:00:00+01:00,166.6,168.3,160.8,162.5,4808.7322
2026-02-07 09:00:00+01:00,162.5,166.0,162.1,164.2,2655.7891
2026-02-07 11:00:00+01:00,164.1,164.6,162.8,163.7,1771.7793
2026-02-07 13:00:00+01:00,163.4,169.2,163.3,167.3,2951.1906
2026-02-07 15:00:00+01:00,167.3,168.2,164.6,167.4,3408.2444
2026-02-07 17:00:00+01:00,167.5,172.9,167.0,169.0,8525.6431
2026-02-07 19:00:00+01:00,169.0,171.5,167.9,168.4,1670.2537
2026-02-07 21:00:00+01:00,168.3,170.2,167.7,169.4,915.6097
2026-02-07 23:00:00+01:00,169.3,169.9,166.5,167.3,1978.5702
2026-02-08 01:00:00+01:00,167.4,167.5,164.6,165.3,1089.1272
2026-02-08 03:00:00+01:00,165.4,166.2,164.0,164.4,1193.7441
2026-02-08 05:00:00+01:00,164.4,165.3,163.9,164.2,550.1133
2026-02-08 07:00:00+01:00,164.2,165.2,163.4,165.1,723.1664
2026-02-08 09:00:00+01:00,165.0,167.2,163.5,165.5,3006.6003
2026-02-08 11:00:00+01:00,165.5,168.5,164.0,168.4,1861.3753
2026-02-08 13:00:00+01:00,168.5,169.9,167.6,169.6,2921.2644
2026-02-08 15:00:00+01:00,169.6,170.7,166.7,167.4,3169.6407
2026-02-08 17:00:00+01:00,167.3,168.3,163.7,165.4,1876.1199
2026-02-08 19:00:00+01:00,165.4,167.8,164.9,167.4,900.9906
2026-02-08 21:00:00+01:00,167.3,167.3,162.6,163.7,1755.2643
2026-02-08 23:00:00+01:00,163.7,168.2,161.9,163.2,2094.8822
2026-02-09 01:00:00+01:00,163.0,165.4,162.3,163.8,1650.2438
2026-02-09 03:00:00+01:00,163.7,166.9,162.9,166.7,1002.209
2026-02-09 05:00:00+01:00,166.5,166.7,164.8,165.3,565.2011
2026-02-09 07:00:00+01:00,165.1,165.1,162.1,162.4,1300.5646
2026-02-09 09:00:00+01:00,162.4,163.0,159.3,159.7,2748.6133
2026-02-09 11:00:00+01:00,159.8,160.1,155.9,156.7,2655.2072
2026-02-09 13:00:00+01:00,156.7,159.3,156.4,156.4,2254.5717
2026-02-09 15:00:00+01:00,156.5,160.7,155.3,157.9,4912.2541
2026-02-09 17:00:00+01:00,158.0,161.4,155.2,160.9,6349.7286
2026-02-09 19:00:00+01:00,160.9,162.6,159.8,162.3,6360.5978
2026-02-09 21:00:00+01:00,162.3,163.3,159.8,161.6,2474.6719
2026-02-09 23:00:00+01:00,161.7,162.8,158.9,159.2,1262.6426
2026-02-10 01:00:00+01:00,159.1,161.8,158.1,161.4,904.722
2026-02-10 03:00:00+01:00,161.5,161.5,156.9,158.0,1317.2172
2026-02-10 05:00:00+01:00,158.1,159.8,157.7,158.5,939.5461
2026-02-10 07:00:00+01:00,158.2,158.5,154.9,157.0,4133.4611
2026-02-10 09:00:00+01:00,157.0,159.2,156.7,158.0,2207.5826
2026-02-10 11:00:00+01:00,158.0,158.5,156.2,157.2,1474.483
2026-02-10 13:00:00+01:00,157.1,157.7,154.5,156.6,2961.5091
2026-02-10 15:00:00+01:00,156.7,158.7,154.9,157.2,2738.0953
2026-02-10 17:00:00+01:00,157.5,158.4,156.0,156.7,1722.4099
2026-02-10 19:00:00+01:00,156.7,156.9,152.7,154.2,2855.2841
2026-02-10 21:00:00+01:00,154.0,154.4,152.4,153.4,1085.0741
2026-02-10 23:00:00+01:00,153.6,154.7,152.8,154.4,652.615
2026-02-11 01:00:00+01:00,154.4,154.7,151.3,152.3,1333.2086
2026-02-11 03:00:00+01:00,152.3,153.5,150.3,151.4,1636.0987
2026-02-11 05:00:00+01:00,151.3,151.7,148.5,149.6,3438.5265
2026-02-11 07:00:00+01:00,149.5,149.7,146.3,148.0,5196.5744
2026-02-11 09:00:00+01:00,148.1,148.1,145.2,145.8,2732.792
2026-02-11 11:00:00+01:00,145.8,147.3,145.0,147.1,2230.5903
2026-02-11 13:00:00+01:00,147.1,150.0,146.4,150.0,4051.6264
2026-02-11 15:00:00+01:00,150.0,154.2,144.1,145.9,11165.5682
2026-02-11 17:00:00+01:00,146.0,147.7,143.8,146.0,2832.1519
2026-02-11 19:00:00+01:00,146.2,149.0,144.3,146.6,3212.9098
2026-02-11 21:00:00+01:00,146.6,148.9,144.6,148.1,4876.9075
2026-02-11 23:00:00+01:00,148.0,149.1,144.3,145.8,2204.7273
2026-02-12 01:00:00+01:00,146.0,149.2,145.9,148.5,1392.6463
2026-02-12 03:00:00+01:00,148.3,152.6,148.1,152.3,1694.9699
2026-02-12 05:00:00+01:00,152.3,152.7,150.1,150.2,1813.9082
2026-02-12 07:00:00+01:00,150.2,151.7,149.9,150.9,1332.4751
2026-02-12 09:00:00+01:00,150.8,157.0,150.6,156.7,5371.8463
2026-02-12 11:00:00+01:00,156.8,160.2,155.0,159.0,5351.0332
2026-02-12 13:00:00+01:00,158.9,159.1,155.3,157.8,4818.5729
2026-02-12 15:00:00+01:00,157.9,157.9,155.4,156.4,587.1976
