timestamp,open,high,low,close,volume
2024-11-22 09:00:00+01:00,461.6,999.9,461.6,503.7,112.9191
2024-11-22 13:00:00+01:00,502.5,520.0,485.2,492.0,67.8389
2024-11-22 17:00:00+01:00,492.0,495.0,485.0,485.7,91.4009
2024-11-22 21:00:00+01:00,486.7,520.0,485.0,511.3,158.5086
2024-11-23 01:00:00+01:00,513.4,535.0,505.3,519.4,48.1609
2024-11-23 05:00:00+01:00,524.4,535.2,505.3,535.2,143.1221
2024-11-23 09:00:00+01:00,535.0,540.4,520.3,521.5,291.198
2024-11-23 13:00:00+01:00,523.7,547.0,520.1,536.8,237.4532
2024-11-23 17:00:00+01:00,536.0,542.1,504.7,514.3,199.5547
2024-11-23 21:00:00+01:00,511.6,539.4,498.1,518.1,452.8818
2024-11-24 01:00:00+01:00,525.3,544.7,525.3,540.4,88.868
2024-11-24 05:00:00+01:00,543.2,548.2,527.0,545.0,112.4279
2024-11-24 09:00:00+01:00,544.9,553.0,512.4,512.4,276.4868
2024-11-24 13:00:00+01:00,512.4,522.3,486.9,497.6,357.2044
2024-11-24 17:00:00+01:00,490.0,511.5,488.0,504.4,67.0438
2024-11-24 21:00:00+01:00,505.2,528.5,500.0,526.3,115.2724
2024-11-25 01:00:00+01:00,528.8,539.5,517.0,529.2,254.4625
2024-11-25 05:00:00+01:00,528.4,539.9,514.0,525.0,394.0084
2024-11-25 09:00:00+01:00,526.9,540.9,513.9,524.9,111.6664
2024-11-25 13:00:00+01:00,524.5,540.0,493.1,522.8,251.0522
2024-11-25 17:00:00+01:00,526.6,544.4,510.0,537.4,439.829
2024-11-25 21:00:00+01:00,537.5,566.3,525.4,547.1,503.3235
2024-11-26 01:00:00+01:00,547.8,561.6,543.7,545.9,67.2054
2024-11-26 05:00:00+01:00,545.9,574.1,527.2,536.8,235.634
2024-11-26 09:00:00+01:00,533.6,546.0,503.4,518.0,791.7085
2024-11-26 13:00:00+01:00,514.7,542.4,509.1,517.1,196.8872
2024-11-26 17:00:00+01:00,517.8,540.3,514.0,534.5,69.487
2024-11-26 21:00:00+01:00,536.5,573.1,533.8,558.9,306.0908
2024-11-27 01:00:00+01:00,556.8,570.8,515.0,550.7,165.9953
2024-11-27 05:00:00+01:00,552.1,566.1,541.8,560.0,62.4175
2024-11-27 09:00:00+01:00,565.1,578.1,554.5,572.2,193.376
2024-11-27 13:00:00+01:00,571.9,594.0,559.4,586.0,187.5856
2024-11-27 17:00:00+01:00,586.8,590.4,573.0,573.0,202.9135
2024-11-27 21:00:00+01:00,575.5,589.2,559.6,562.2,307.4857
2024-11-28 01:00:00+01:00,561.8,567.6,555.3,560.0,66.6435
2024-11-28 05:00:00+01:00,562.8,580.8,550.0,567.6,84.5502
2024-11-28 09:00:00+01:00,573.8,581.9,560.0,566.3,131.9462
2024-11-28 13:00:00+01:00,570.5,574.9,551.5,551.5,135.1285
2024-11-28 17:00:00+01:00,553.8,591.4,553.8,580.0,293.8691
2024-11-28 21:00:00+01:00,580.0,616.0,578.4,595.3,320.6499
2024-11-29 01:00:00+01:00,597.1,600.8,584.3,597.0,204.415
2024-11-29 05:00:00+01:00,599.4,632.3,597.1,604.0,168.3177
2024-11-29 09:00:00+01:00,606.4,641.6,606.4,623.5,417.5236
2024-11-29 13:00:00+01:00,625.9,636.6,610.9,616.3,422.6705
2024-11-29 17:00:00+01:00,615.3,672.0,611.1,617.9,459.9066
2024-11-29 21:00:00+01:00,615.2,623.0,613.3,619.0,1012.7835
2024-11-30 01:00:00+01:00,616.5,621.7,609.6,617.8,357.3451
2024-11-30 05:00:00+01:00,618.4,624.3,609.2,618.4,252.6738
2024-11-30 09:00:00+01:00,619.6,631.7,610.6,622.1,193.3631
2024-11-30 13:00:00+01:00,629.5,682.0,628.2,668.3,1441.3357
2024-11-30 17:00:00+01:00,670.5,685.1,651.2,657.2,551.4386
2024-11-30 21:00:00+01:00,658.9,687.0,638.0,678.4,594.0361
2024-12-01 01:00:00+01:00,678.4,680.5,646.2,651.9,198.6966
2024-12-01 05:00:00+01:00,653.8,659.3,642.2,648.5,73.3027
2024-12-01 09:00:00+01:00,647.4,655.2,640.3,652.3,217.1526
2024-12-01 13:00:00+01:00,652.1,660.7,648.8,651.8,112.5008
2024-12-01 17:00:00+01:00,650.0,652.0,636.2,640.2,550.7188
2024-12-01 21:00:00+01:00,638.1,650.2,626.9,637.8,258.2837
2024-12-02 01:00:00+01:00,636.7,646.2,611.0,614.6,225.1923
2024-12-02 05:00:00+01:00,614.5,622.9,600.8,614.2,252.4884
2024-12-02 09:00:00+01:00,612.1,615.2,571.5,585.9,825.0455
2024-12-02 13:00:00+01:00,586.0,612.3,583.0,608.0,840.0766
2024-12-02 17:00:00+01:00,604.6,610.2,565.0,585.5,775.5332
2024-12-02 21:00:00+01:00,587.2,608.2,583.1,607.5,436.6814
2024-12-03 01:00:00+01:00,606.5,609.3,590.5,605.1,160.589
2024-12-03 05:00:00+01:00,604.3,629.7,601.4,621.7,505.5985
2024-12-03 09:00:00+01:00,621.1,628.3,598.1,615.3,259.3843
2024-12-03 13:00:00+01:00,614.7,615.3,567.1,599.1,498.2026
2024-12-03 17:00:00+01:00,599.2,610.4,583.5,605.2,716.09
2024-12-03 21:00:00+01:00,602.6,624.8,601.0,619.6,408.5835
2024-12-04 01:00:00+01:00,621.2,637.6,617.8,632.1,203.1938
2024-12-04 05:00:00+01:00,632.2,715.4,628.8,706.0,954.5224
2024-12-04 09:00:00+01:00,706.4,728.5,600.0,695.4,629.5512
2024-12-04 13:00:00+01:00,695.3,706.4,681.7,697.0,340.6009
2024-12-04 17:00:00+01:00,700.4,701.6,661.3,678.8,707.4103
2024-12-04 21:00:00+01:00,678.5,686.0,644.0,657.0,459.4576
2024-12-05 01:00:00+01:00,657.4,679.3,624.7,662.9,462.0665
2024-12-05 05:00:00+01:00,665.6,688.9,656.1,668.9,367.1826
2024-12-05 09:00:00+01:00,668.9,680.4,662.2,676.9,333.2036
2024-12-05 13:00:00+01:00,677.6,702.5,674.4,694.6,666.4157
2024-12-05 17:00:00+01:00,698.5,724.9,677.0,684.3,1925.5636
2024-12-05 21:00:00+01:00,682.7,702.0,650.1,681.5,2439.1761
2024-12-06 01:00:00+01:00,678.5,738.0,673.1,730.0,443.1824
2024-12-06 05:00:00+01:00,728.8,748.8,716.5,730.9,705.667
2024-12-06 09:00:00+01:00,728.4,745.9,702.0,727.6,895.7992
2024-12-06 13:00:00+01:00,727.8,743.4,700.0,710.1,476.9027
2024-12-06 17:00:00+01:00,712.4,729.0,706.0,711.1,508.3139
2024-12-06 21:00:00+01:00,711.1,718.0,700.4,703.9,290.8326
2024-12-07 01:00:00+01:00,707.8,714.3,699.0,708.7,108.0521
2024-12-07 05:00:00+01:00,708.9,720.0,704.1,710.6,154.911
2024-12-07 09:00:00+01:00,713.4,713.4,692.9,701.9,620.6805
2024-12-07 13:00:00+01:00,703.0,708.3,696.6,705.1,166.2329
2024-12-07 17:00:00+01:00,705.7,706.7,686.6,692.0,331.3985
2024-12-07 21:00:00+01:00,693.8,704.9,692.2,699.0,87.6912
2024-12-08 01:00:00+01:00,700.0,710.0,694.0,694.0,33.0213
2024-12-08 05:00:00+01:00,692.0,698.3,682.2,695.2,224.0949
2024-12-08 09:00:00+01:00,696.0,697.8,676.1,690.2,1440.89
2024-12-08 13:00:00+01:00,689.1,704.0,685.3,701.4,954.8386
2024-12-08 17:00:00+01:00,701.5,702.9,687.2,689.9,275.3313
2024-12-08 21:00:00+01:00,690.6,716.5,686.4,713.9,415.7155
2024-12-09 01:00:00+01:00,712.0,714.6,664.7,673.4,1596.7924
2024-12-09 05:00:00+01:00,671.6,684.2,655.3,677.7,505.9626
2024-12-09 09:00:00+01:00,677.6,677.6,650.1,652.0,485.0495
2024-12-09 13:00:00+01:00,651.5,737.0,642.0,655.7,1240.9277
2024-12-09 17:00:00+01:00,653.7,664.3,628.0,643.0,611.3864
2024-12-09 21:00:00+01:00,642.8,644.5,402.0,602.4,2871.5091
2024-12-10 01:00:00+01:00,597.6,613.7,551.3,573.1,661.6843
2024-12-10 05:00:00+01:00,571.5,592.8,568.0,582.8,420.4175
2024-12-10 09:00:00+01:00,582.0,606.8,574.0,590.5,623.9374
2024-12-10 13:00:00+01:00,590.0,590.0,532.0,533.5,1101.7234
2024-12-10 17:00:00+01:00,531.3,564.9,529.9,560.8,969.3789
2024-12-10 21:00:00+01:00,560.8,589.0,556.7,575.6,513.4237
2024-12-11 01:00:00+01:00,574.1,576.2,551.4,571.2,326.5842
2024-12-11 05:00:00+01:00,572.5,584.0,566.5,568.8,191.613
2024-12-11 09:00:00+01:00,569.8,590.0,568.0,576.8,267.0061
2024-12-11 13:00:00+01:00,576.8,619.7,576.8,613.0,1030.9057
2024-12-11 17:00:00+01:00,612.9,620.5,600.8,610.3,437.6361
2024-12-11 21:00:00+01:00,610.1,614.0,599.3,601.9,241.2183
2024-12-12 01:00:00+01:00,601.6,645.0,600.0,636.7,309.936
2024-12-12 05:00:00+01:00,636.8,638.6,622.4,625.3,578.978
2024-12-12 09:00:00+01:00,627.7,630.5,605.6,607.7,2939.9796
2024-12-12 13:00:00+01:00,608.9,624.5,599.7,606.1,463.3387
2024-12-12 17:00:00+01:00,607.3,616.2,582.3,586.9,415.183
2024-12-12 21:00:00+01:00,589.2,594.3,566.4,577.9,897.9211
2024-12-13 01:00:00+01:00,577.0,584.0,567.5,580.0,892.5682
2024-12-13 05:00:00+01:00,580.5,581.5,562.3,570.2,496.7705
2024-12-13 09:00:00+01:00,570.1,580.0,565.2,573.9,976.8691
2024-12-13 13:00:00+01:00,575.2,591.8,571.4,575.2,1297.2463
2024-12-13 17:00:00+01:00,577.8,582.9,568.5,575.0,1221.0942
2024-12-13 21:00:00+01:00,575.1,578.7,565.1,578.3,446.9315
2024-12-14 01:00:00+01:00,577.1,587.5,573.0,574.1,154.5743
2024-12-14 05:00:00+01:00,574.6,587.0,571.5,582.3,117.9982
2024-12-14 09:00:00+01:00,585.0,586.8,576.2,578.8,252.2256
2024-12-14 13:00:00+01:00,579.5,580.0,556.5,566.4,287.0222
2024-12-14 17:00:00+01:00,566.1,566.1,540.7,545.3,823.884
2024-12-14 21:00:00+01:00,545.5,563.9,538.3,560.6,595.7596
2024-12-15 01:00:00+01:00,560.3,566.3,552.2,554.8,155.0048
2024-12-15 05:00:00+01:00,553.7,561.2,540.0,546.7,163.9761
2024-12-15 09:00:00+01:00,548.4,559.8,546.3,559.0,187.4923
2024-12-15 13:00:00+01:00,558.6,574.4,556.2,568.0,301.4985
2024-12-15 17:00:00+01:00,569.0,574.1,560.8,566.0,265.0313
2024-12-15 21:00:00+01:00,565.8,576.6,546.6,571.8,667.3383
2024-12-16 01:00:00+01:00,574.5,585.4,555.2,558.4,358.5166
2024-12-16 05:00:00+01:00,557.9,568.4,556.7,560.4,221.6793
2024-12-16 09:00:00+01:00,560.9,561.1,535.0,536.7,765.5207
2024-12-16 13:00:00+01:00,535.7,547.2,535.6,543.2,608.633
2024-12-16 17:00:00+01:00,545.1,559.4,542.1,551.0,821.3839
2024-12-16 21:00:00+01:00,550.9,553.3,538.4,541.5,365.6124
2024-12-17 01:00:00+01:00,541.7,541.7,528.3,539.2,831.1809
2024-12-17 05:00:00+01:00,540.1,540.1,524.3,527.4,531.6987
2024-12-17 09:00:00+01:00,528.2,539.9,525.8,536.5,771.5313
2024-12-17 13:00:00+01:00,536.6,544.1,519.1,526.6,875.9918
2024-12-17 17:00:00+01:00,526.2,539.0,521.8,531.3,602.6343
2024-12-17 21:00:00+01:00,533.2,533.2,509.6,518.6,942.7992
2024-12-18 01:00:00+01:00,519.6,530.7,517.1,517.2,198.5308
2024-12-18 05:00:00+01:00,515.5,523.9,508.1,523.9,379.6312
2024-12-18 09:00:00+01:00,525.0,538.3,518.4,526.6,588.2714
2024-12-18 13:00:00+01:00,526.7,531.1,516.3,521.3,557.4852
2024-12-18 17:00:00+01:00,521.0,537.4,517.5,517.5,779.124
2024-12-18 21:00:00+01:00,515.8,520.8,480.0,500.2,1807.1373
2024-12-19 01:00:00+01:00,499.3,505.4,452.0,501.7,2727.0733
2024-12-19 05:00:00+01:00,501.5,501.5,490.9,494.1,830.3237
2024-12-19 09:00:00+01:00,492.5,500.0,484.3,489.2,1755.6856
2024-12-19 13:00:00+01:00,490.6,494.4,465.1,474.1,4286.3088
2024-12-19 17:00:00+01:00,474.1,489.9,432.0,455.1,2943.6374
2024-12-19 21:00:00+01:00,454.1,465.7,441.8,447.0,2480.0621
2024-12-20 01:00:00+01:00,447.5,470.0,439.3,461.0,2030.7749
2024-12-20 05:00:00+01:00,461.9,463.8,438.4,447.6,531.3292
2024-12-20 09:00:00+01:00,447.4,448.5,399.0,401.7,3467.4473
2024-12-20 13:00:00+01:00,400.8,461.9,399.9,452.2,2718.6143
2024-12-20 17:00:00+01:00,452.2,480.4,449.8,477.1,1317.7544
2024-12-20 21:00:00+01:00,477.5,478.2,458.8,472.9,622.1767
2024-12-21 01:00:00+01:00,472.1,490.1,472.1,487.6,374.2435
2024-12-21 05:00:00+01:00,488.4,508.0,487.1,498.9,339.5236
2024-12-21 09:00:00+01:00,499.8,501.3,481.4,487.4,557.315
2024-12-21 13:00:00+01:00,487.8,487.8,451.1,469.4,851.048
2024-12-21 17:00:00+01:00,468.2,468.8,441.0,453.7,549.2883
2024-12-21 21:00:00+01:00,456.4,462.2,450.8,454.7,336.5754
2024-12-22 01:00:00+01:00,455.0,460.0,447.1,452.2,171.2576
2024-12-22 05:00:00+01:00,455.2,458.0,441.4,455.1,263.6304
2024-12-22 09:00:00+01:00,456.0,472.8,455.3,464.9,344.7851
2024-12-22 13:00:00+01:00,464.4,470.2,449.1,453.5,338.5728
2024-12-22 17:00:00+01:00,453.4,463.6,441.0,442.1,351.4705
2024-12-22 21:00:00+01:00,442.8,458.1,439.2,449.7,421.3196
2024-12-23 01:00:00+01:00,449.5,467.2,440.0,466.4,302.862
2024-12-23 05:00:00+01:00,465.8,466.8,448.4,454.4,149.4336
2024-12-23 09:00:00+01:00,454.4,464.3,452.5,455.7,324.3877
2024-12-23 13:00:00+01:00,456.3,460.4,442.1,445.9,394.0787
2024-12-23 17:00:00+01:00,444.8,463.8,444.4,462.5,380.6827
2024-12-23 21:00:00+01:00,462.4,505.0,462.4,483.9,2986.3139
2024-12-24 01:00:00+01:00,483.9,485.6,475.4,482.4,341.6394
2024-12-24 05:00:00+01:00,483.6,499.5,480.8,493.0,442.5419
2024-12-24 09:00:00+01:00,492.9,502.8,485.8,494.2,502.5301
2024-12-24 13:00:00+01:00,494.2,507.0,488.4,502.0,776.2768
2024-12-24 17:00:00+01:00,501.5,521.0,491.7,491.7,486.2665
2024-12-24 21:00:00+01:00,491.7,504.1,485.6,504.0,416.3135
2024-12-25 01:00:00+01:00,502.9,505.3,497.5,501.7,127.8977
2024-12-25 05:00:00+01:00,501.3,510.7,497.5,499.5,265.8736
2024-12-25 09:00:00+01:00,499.4,513.1,494.7,500.4,668.381
2024-12-25 13:00:00+01:00,499.7,521.2,494.7,509.8,1089.08
2024-12-25 17:00:00+01:00,510.1,513.3,496.8,501.9,568.3694
2024-12-25 21:00:00+01:00,502.3,504.1,490.5,499.6,384.8054
2024-12-26 01:00:00+01:00,501.7,504.5,482.0,483.9,920.018
2024-12-26 05:00:00+01:00,482.1,484.2,478.0,481.7,328.3015
2024-12-26 09:00:00+01:00,482.2,483.2,469.7,477.3,698.3535
2024-12-26 13:00:00+01:00,477.7,478.8,469.5,472.3,500.9592
2024-12-26 17:00:00+01:00,471.2,477.0,464.5,469.9,668.9219
2024-12-26 21:00:00+01:00,469.9,475.7,463.8,471.4,264.0589
2024-12-27 01:00:00+01:00,473.7,474.9,466.9,474.4,253.069
2024-12-27 05:00:00+01:00,474.4,478.5,463.5,468.4,381.463
2024-12-27 09:00:00+01:00,471.1,495.2,469.9,493.8,959.4943
2024-12-27 13:00:00+01:00,494.9,494.9,466.9,472.5,627.2005
2024-12-27 17:00:00+01:00,471.6,482.0,465.6,478.0,480.3071
2024-12-27 21:00:00+01:00,478.9,480.5,462.6,467.5,355.3678
2024-12-28 01:00:00+01:00,468.4,470.4,462.8,466.8,74.206
2024-12-28 05:00:00+01:00,467.1,467.1,458.1,458.7,139.7248
2024-12-28 09:00:00+01:00,461.0,468.3,458.5,467.6,269.7358
2024-12-28 13:00:00+01:00,466.9,475.7,461.8,465.5,577.6357
2024-12-28 17:00:00+01:00,466.7,473.6,465.5,469.0,215.6483
2024-12-28 21:00:00+01:00,469.4,475.3,466.0,471.0,395.5891
2024-12-29 01:00:00+01:00,471.3,473.0,464.5,470.5,105.5654
2024-12-29 05:00:00+01:00,470.7,470.7,464.7,470.5,75.9037
2024-12-29 09:00:00+01:00,469.7,469.7,464.2,467.5,203.6475
2024-12-29 13:00:00+01:00,467.3,468.8,456.6,463.2,512.4648
2024-12-29 17:00:00+01:00,461.6,462.2,450.6,458.0,697.4488
2024-12-29 21:00:00+01:00,457.6,460.7,452.8,459.0,1510.0603
2024-12-30 01:00:00+01:00,458.1,474.6,456.4,471.0,389.6234
2024-12-30 05:00:00+01:00,471.0,478.8,464.8,469.7,424.4646
2024-12-30 09:00:00+01:00,470.2,473.7,459.6,464.8,319.6576
2024-12-30 13:00:00+01:00,464.6,473.1,441.0,446.8,874.9827
2024-12-30 17:00:00+01:00,445.9,465.0,443.7,462.1,637.4076
2024-12-30 21:00:00+01:00,464.4,468.4,447.3,450.7,712.8717
2024-12-31 01:00:00+01:00,449.0,450.9,437.8,442.5,362.8298
2024-12-31 05:00:00+01:00,443.2,445.1,435.6,440.3,307.6819
2024-12-31 09:00:00+01:00,439.5,449.7,438.3,444.0,403.2121
2024-12-31 13:00:00+01:00,444.5,458.4,443.8,450.9,576.7656
2024-12-31 17:00:00+01:00,451.6,454.9,438.2,445.7,446.4572
2024-12-31 21:00:00+01:00,446.0,448.7,439.3,440.5,616.8789
2025-01-01 01:00:00+01:00,440.5,447.8,440.5,441.5,284.2897
2025-01-01 05:00:00+01:00,440.3,445.4,440.0,444.3,88.7451
2025-01-01 09:00:00+01:00,444.0,448.6,433.4,445.7,554.4985
2025-01-01 13:00:00+01:00,445.1,450.0,440.8,449.6,387.8614
2025-01-01 17:00:00+01:00,451.2,464.8,445.2,463.9,713.2575
2025-01-01 21:00:00+01:00,464.5,489.9,464.5,488.7,1447.0392
2025-01-02 01:00:00+01:00,488.5,543.0,486.0,541.2,2190.219
2025-01-02 05:00:00+01:00,542.7,545.4,507.4,521.7,2269.8076
2025-01-02 09:00:00+01:00,521.9,531.0,514.3,521.0,2265.5918
2025-01-02 13:00:00+01:00,520.6,530.0,509.4,510.8,1239.4002
2025-01-02 17:00:00+01:00,510.9,518.7,506.1,514.0,801.6625
2025-01-02 21:00:00+01:00,514.8,525.1,514.8,521.7,925.0216
2025-01-03 01:00:00+01:00,522.2,529.2,517.2,522.5,312.6267
2025-01-03 05:00:00+01:00,521.0,532.0,520.6,530.3,387.9597
2025-01-03 09:00:00+01:00,530.0,558.1,523.5,556.8,1487.2074
2025-01-03 13:00:00+01:00,557.0,571.6,540.7,565.8,2437.8111
2025-01-03 17:00:00+01:00,566.2,570.5,549.8,556.6,1144.5135
2025-01-03 21:00:00+01:00,556.3,565.7,547.9,552.5,743.7263
2025-01-04 01:00:00+01:00,554.0,555.1,545.2,553.9,478.5619
2025-01-04 05:00:00+01:00,554.2,577.2,552.2,571.0,522.1224
2025-01-04 09:00:00+01:00,571.2,571.3,560.3,566.6,737.6595
2025-01-04 13:00:00+01:00,565.9,586.4,558.2,559.7,1117.9748
2025-01-04 17:00:00+01:00,558.9,575.1,554.5,568.9,838.3451
2025-01-04 21:00:00+01:00,568.5,573.8,559.6,560.3,513.9234
2025-01-05 01:00:00+01:00,559.8,562.9,551.8,557.9,237.8429
2025-01-05 05:00:00+01:00,558.3,564.4,554.9,555.7,241.3643
2025-01-05 09:00:00+01:00,555.7,556.9,547.6,555.5,619.9128
2025-01-05 13:00:00+01:00,553.6,563.8,543.0,563.0,600.6223
2025-01-05 17:00:00+01:00,563.2,566.0,554.1,557.3,294.0747
2025-01-05 21:00:00+01:00,559.0,572.7,556.3,563.4,470.5243
2025-01-06 01:00:00+01:00,563.4,573.5,550.7,562.7,475.3658
2025-01-06 05:00:00+01:00,563.4,565.5,552.4,556.8,526.2242
2025-01-06 09:00:00+01:00,557.3,560.2,543.1,548.5,594.3249
2025-01-06 13:00:00+01:00,547.8,576.4,541.2,570.6,1372.6892
2025-01-06 17:00:00+01:00,570.9,588.9,555.2,561.5,1339.1141
2025-01-06 21:00:00+01:00,562.1,564.6,549.5,556.1,555.5665
2025-01-07 01:00:00+01:00,556.1,558.9,540.7,544.4,627.0729
2025-01-07 05:00:00+01:00,544.4,544.4,532.0,540.1,690.273
2025-01-07 09:00:00+01:00,539.7,543.5,532.6,536.1,381.1873
2025-01-07 13:00:00+01:00,534.9,540.3,512.0,526.0,1583.6718
2025-01-07 17:00:00+01:00,525.9,529.2,500.0,503.3,1412.4635
2025-01-07 21:00:00+01:00,503.2,508.5,497.5,498.8,884.2293
2025-01-08 01:00:00+01:00,499.7,501.8,475.0,481.1,778.5074
2025-01-08 05:00:00+01:00,481.5,481.7,455.2,470.5,1474.3663
2025-01-08 09:00:00+01:00,470.9,482.6,464.1,469.3,1158.6687
2025-01-08 13:00:00+01:00,469.2,477.1,464.4,468.5,782.6886
2025-01-08 17:00:00+01:00,469.0,473.1,438.1,467.8,2882.8248
2025-01-08 21:00:00+01:00,467.8,474.1,455.9,468.3,815.6268
2025-01-09 01:00:00+01:00,467.2,475.6,460.0,460.2,605.9484
2025-01-09 05:00:00+01:00,460.7,462.9,445.8,447.3,501.6543
2025-01-09 09:00:00+01:00,449.8,463.1,446.4,452.5,974.2463
2025-01-09 13:00:00+01:00,452.5,468.2,435.0,460.9,1217.8391
2025-01-09 17:00:00+01:00,461.0,466.7,437.5,437.6,861.5615
2025-01-09 21:00:00+01:00,438.4,439.6,427.7,432.0,1553.7357
2025-01-10 01:00:00+01:00,434.4,437.8,426.6,432.1,572.5653
2025-01-10 05:00:00+01:00,434.5,478.1,430.3,450.0,1610.843
2025-01-10 09:00:00+01:00,449.5,455.8,442.9,447.5,1063.1425
2025-01-10 13:00:00+01:00,447.1,448.5,420.1,432.6,2926.071
2025-01-10 17:00:00+01:00,432.9,446.0,425.0,442.4,963.3791
2025-01-10 21:00:00+01:00,440.8,441.6,433.8,439.0,412.4953
2025-01-11 01:00:00+01:00,439.0,439.9,430.6,431.3,505.1005
2025-01-11 05:00:00+01:00,432.7,437.3,430.2,432.0,386.0344
2025-01-11 09:00:00+01:00,432.2,436.5,428.1,434.2,433.1353
2025-01-11 13:00:00+01:00,434.5,436.0,428.0,431.5,567.8365
2025-01-11 17:00:00+01:00,432.2,436.7,428.4,434.0,512.8722
2025-01-11 21:00:00+01:00,434.6,459.2,433.7,445.0,1785.5592
2025-01-12 01:00:00+01:00,447.1,450.6,440.1,444.5,813.7716
2025-01-12 05:00:00+01:00,444.5,451.8,441.6,445.2,384.6125
2025-01-12 09:00:00+01:00,445.4,447.4,433.8,443.2,685.086
2025-01-12 13:00:00+01:00,442.6,451.2,439.6,447.2,1559.3863
2025-01-12 17:00:00+01:00,447.3,451.7,443.7,446.3,652.1712
2025-01-12 21:00:00+01:00,445.9,448.3,435.7,443.9,1164.6197
2025-01-13 01:00:00+01:00,443.0,458.2,428.3,431.5,1323.5298
2025-01-13 05:00:00+01:00,431.2,436.5,408.3,419.2,1544.9939
2025-01-13 09:00:00+01:00,418.9,418.9,392.1,393.4,3401.7947
2025-01-13 13:00:00+01:00,393.4,416.1,383.6,410.2,3393.9888
2025-01-13 17:00:00+01:00,409.8,413.1,392.0,401.1,1343.2325
2025-01-13 21:00:00+01:00,400.5,428.7,397.0,420.9,2311.7821
2025-01-14 01:00:00+01:00,420.3,428.0,416.8,422.1,536.952
2025-01-14 05:00:00+01:00,424.2,427.8,417.5,417.6,1134.3748
2025-01-14 09:00:00+01:00,420.2,433.3,419.5,420.2,2831.5301
2025-01-14 13:00:00+01:00,420.6,427.2,410.2,419.4,3594.4388
2025-01-14 17:00:00+01:00,419.3,419.4,411.9,414.0,971.5955
2025-01-14 21:00:00+01:00,414.7,421.8,410.6,416.9,2508.6309
2025-01-15 01:00:00+01:00,416.9,422.5,411.8,416.3,1937.1402
2025-01-15 05:00:00+01:00,417.9,419.7,411.5,415.4,375.2892
2025-01-15 09:00:00+01:00,416.6,419.4,402.5,405.8,2246.7499
2025-01-15 13:00:00+01:00,405.8,443.1,402.2,440.6,6108.1609
2025-01-15 17:00:00+01:00,440.6,459.4,438.8,457.7,3628.8369
2025-01-15 21:00:00+01:00,459.2,471.7,449.4,458.4,2322.1763
2025-01-16 01:00:00+01:00,459.9,460.5,440.5,441.8,632.6843
2025-01-16 05:00:00+01:00,442.7,456.5,442.4,454.0,228.436
2025-01-16 09:00:00+01:00,454.7,456.0,439.8,455.0,909.1385
2025-01-16 13:00:00+01:00,454.9,469.1,443.3,452.7,1994.251
2025-01-16 17:00:00+01:00,452.5,459.6,447.6,456.0,605.44
2025-01-16 21:00:00+01:00,455.9,457.8,439.0,445.9,744.4275
2025-01-17 01:00:00+01:00,445.9,458.3,445.9,448.8,688.5509
2025-01-17 05:00:00+01:00,450.4,459.1,449.1,457.2,647.6403
2025-01-17 09:00:00+01:00,459.2,477.9,457.5,473.4,1532.3777
2025-01-17 13:00:00+01:00,472.0,492.1,470.4,478.9,2424.0809
2025-01-17 17:00:00+01:00,478.8,488.0,472.6,479.5,1806.36
2025-01-17 21:00:00+01:00,479.1,493.7,478.3,485.2,1009.4961
2025-01-18 01:00:00+01:00,486.3,495.1,464.0,467.2,591.1559
2025-01-18 05:00:00+01:00,468.1,471.7,447.0,454.0,1346.1432
2025-01-18 09:00:00+01:00,452.7,454.1,441.8,451.9,1390.7144
2025-01-18 13:00:00+01:00,451.9,460.8,446.5,450.0,1028.4505
2025-01-18 17:00:00+01:00,450.4,452.9,439.6,452.6,1117.0176
2025-01-18 21:00:00+01:00,452.6,462.0,445.5,457.4,642.91
2025-01-19 01:00:00+01:00,457.0,467.3,455.1,455.1,1092.3813
2025-01-19 05:00:00+01:00,455.5,455.6,432.4,438.0,1307.6404
2025-01-19 09:00:00+01:00,438.0,438.0,408.6,421.1,5502.7706
2025-01-19 13:00:00+01:00,421.1,486.5,420.2,470.0,4007.4339
2025-01-19 17:00:00+01:00,469.8,472.4,451.1,455.9,1855.5229
2025-01-19 21:00:00+01:00,456.6,460.8,417.6,426.2,5135.5079
2025-01-20 01:00:00+01:00,425.8,431.0,412.4,423.2,1346.8125
2025-01-20 05:00:00+01:00,422.8,466.9,418.7,447.5,2954.698
2025-01-20 09:00:00+01:00,448.5,469.5,442.5,447.8,1320.7062
2025-01-20 13:00:00+01:00,448.8,448.8,426.6,429.3,1317.512
2025-01-20 17:00:00+01:00,429.5,434.1,405.0,421.1,2811.0131
2025-01-20 21:00:00+01:00,420.0,420.2,404.8,406.6,987.4189
2025-01-21 01:00:00+01:00,407.3,407.7,391.8,396.5,963.2007
2025-01-21 05:00:00+01:00,395.0,396.4,386.0,394.1,1424.2011
2025-01-21 09:00:00+01:00,394.1,412.0,391.6,405.5,1110.6859
2025-01-21 13:00:00+01:00,406.0,408.4,395.7,401.3,840.671
2025-01-21 17:00:00+01:00,400.8,437.5,399.9,419.6,3062.9297
2025-01-21 21:00:00+01:00,420.2,433.5,411.5,427.1,1443.3906
2025-01-22 01:00:00+01:00,425.9,434.2,416.6,423.2,418.1784
2025-01-22 05:00:00+01:00,423.7,431.2,423.0,428.6,471.0657
2025-01-22 09:00:00+01:00,426.5,427.9,413.5,419.9,863.2463
2025-01-22 13:00:00+01:00,420.3,421.6,407.3,413.7,1351.8161
2025-01-22 17:00:00+01:00,412.1,415.4,405.2,409.5,2257.3484
2025-01-22 21:00:00+01:00,410.7,415.0,397.9,399.7,915.5416
2025-01-23 01:00:00+01:00,399.0,399.0,388.3,391.9,532.9621
2025-01-23 05:00:00+01:00,391.7,394.0,385.9,391.4,750.5107
2025-01-23 09:00:00+01:00,391.5,394.4,378.5,381.2,1428.8501
2025-01-23 13:00:00+01:00,381.2,394.7,375.4,385.6,1957.721
2025-01-23 17:00:00+01:00,385.8,396.9,374.6,376.7,1854.1021
2025-01-23 21:00:00+01:00,376.3,407.6,370.3,380.0,2119.6676
2025-01-24 01:00:00+01:00,380.2,382.0,362.8,368.1,1027.6953
2025-01-24 05:00:00+01:00,367.3,384.3,366.6,381.5,814.5016
2025-01-24 09:00:00+01:00,381.6,390.7,380.6,387.7,1195.3197
2025-01-24 13:00:00+01:00,388.2,390.0,375.9,384.0,1226.4896
2025-01-24 17:00:00+01:00,383.9,384.6,377.9,380.9,3389.5295
2025-01-24 21:00:00+01:00,381.0,382.5,369.4,372.6,1329.629
2025-01-25 01:00:00+01:00,371.3,374.5,363.1,371.8,489.116
2025-01-25 05:00:00+01:00,370.7,372.6,366.4,366.6,573.2022
2025-01-25 09:00:00+01:00,366.8,374.5,363.5,373.4,831.2414
2025-01-25 13:00:00+01:00,373.3,383.5,369.7,381.4,1381.4557
2025-01-25 17:00:00+01:00,381.6,390.6,373.7,387.8,1181.6486
2025-01-25 21:00:00+01:00,388.3,419.1,387.8,408.4,3389.7845
2025-01-26 01:00:00+01:00,408.7,421.3,407.6,410.0,1390.1674
2025-01-26 05:00:00+01:00,410.7,417.0,402.4,415.0,901.7642
2025-01-26 09:00:00+01:00,415.1,431.2,411.8,429.9,1427.5278
2025-01-26 13:00:00+01:00,430.6,451.4,421.6,441.2,3127.7545
2025-01-26 17:00:00+01:00,441.3,463.0,439.4,455.5,2763.3981
2025-01-26 21:00:00+01:00,455.5,460.5,428.9,433.1,2689.4536
2025-01-27 01:00:00+01:00,432.9,442.4,415.5,426.6,1631.7071
2025-01-27 05:00:00+01:00,426.3,427.6,399.4,413.2,4086.739
2025-01-27 09:00:00+01:00,413.1,423.9,385.8,399.0,3624.5247
2025-01-27 13:00:00+01:00,398.7,479.0,398.7,461.0,10625.0105
2025-01-27 17:00:00+01:00,461.3,474.0,429.6,436.5,9392.845
2025-01-27 21:00:00+01:00,436.8,455.4,430.2,446.3,5112.0985
2025-01-28 01:00:00+01:00,446.1,452.1,428.5,445.0,1728.3089
2025-01-28 05:00:00+01:00,445.7,455.9,435.0,436.6,1219.0504
2025-01-28 09:00:00+01:00,436.5,449.8,431.9,444.8,3688.2301
2025-01-28 13:00:00+01:00,445.5,459.6,434.9,457.7,1811.8365
2025-01-28 17:00:00+01:00,457.3,464.3,448.9,458.4,2265.8731
2025-01-28 21:00:00+01:00,457.6,458.3,436.5,450.9,2139.5135
2025-01-29 01:00:00+01:00,450.7,466.6,443.9,466.6,791.2366
2025-01-29 05:00:00+01:00,466.4,476.5,459.1,475.7,966.9479
2025-01-29 09:00:00+01:00,475.1,498.0,467.9,478.6,3026.182
2025-01-29 13:00:00+01:00,478.1,483.5,458.4,460.8,2099.9562
2025-01-29 17:00:00+01:00,460.9,472.9,441.2,458.6,4214.0404
2025-01-29 21:00:00+01:00,458.6,475.7,447.1,449.1,2081.5231
2025-01-30 01:00:00+01:00,449.1,462.6,444.7,461.6,510.9427
2025-01-30 05:00:00+01:00,462.6,464.4,452.8,455.3,608.1306
2025-01-30 09:00:00+01:00,454.8,470.5,449.1,468.6,972.5967
2025-01-30 13:00:00+01:00,467.6,479.0,458.8,458.8,1526.8542
2025-01-30 17:00:00+01:00,459.3,475.7,455.8,460.0,1149.7526
2025-01-30 21:00:00+01:00,460.0,460.0,451.5,453.0,820.8875
2025-01-31 01:00:00+01:00,453.3,460.0,448.4,450.6,475.3423
2025-01-31 05:00:00+01:00,451.0,463.9,445.5,458.7,659.9696
2025-01-31 09:00:00+01:00,457.5,463.0,448.9,462.5,637.2959
2025-01-31 13:00:00+01:00,462.0,473.3,457.3,471.3,1017.3042
2025-01-31 17:00:00+01:00,471.2,476.9,453.2,468.0,3874.7382
2025-01-31 21:00:00+01:00,467.3,470.8,447.4,448.7,1052.7351
2025-02-01 01:00:00+01:00,449.0,458.5,443.0,456.3,590.1806
2025-02-01 05:00:00+01:00,456.3,471.1,455.6,457.7,599.6461
2025-02-01 09:00:00+01:00,459.4,461.0,418.9,422.9,2433.5926
2025-02-01 13:00:00+01:00,423.5,429.5,410.9,415.5,1875.4644
2025-02-01 17:00:00+01:00,414.8,418.7,400.7,405.2,1880.037
2025-02-01 21:00:00+01:00,404.8,411.3,390.4,393.6,2849.2141
2025-02-02 01:00:00+01:00,393.1,405.7,378.4,380.9,1325.3791
2025-02-02 05:00:00+01:00,380.7,395.2,380.1,385.5,924.9589
2025-02-02 09:00:00+01:00,385.3,393.0,374.2,379.4,1713.1502
2025-02-02 13:00:00+01:00,379.0,391.7,372.6,380.0,2377.2999
2025-02-02 17:00:00+01:00,379.9,380.5,346.3,368.1,8838.1913
2025-02-02 21:00:00+01:00,368.6,375.2,336.6,352.0,8352.5078
2025-02-03 01:00:00+01:00,350.0,350.1,239.9,291.4,15891.298
2025-02-03 05:00:00+01:00,291.5,332.7,282.3,331.4,8334.8362
2025-02-03 09:00:00+01:00,330.9,336.5,314.8,324.9,4275.3234
2025-02-03 13:00:00+01:00,324.6,364.4,303.5,352.9,7554.1856
2025-02-03 17:00:00+01:00,352.9,367.2,337.9,365.6,4197.9398
2025-02-03 21:00:00+01:00,365.3,412.9,354.8,399.6,5050.248
2025-02-04 01:00:00+01:00,398.6,400.9,374.2,382.0,1062.189
2025-02-04 05:00:00+01:00,380.1,381.7,349.8,350.1,2285.6617
2025-02-04 09:00:00+01:00,350.3,370.8,347.1,362.5,1654.7607
2025-02-04 13:00:00+01:00,363.2,384.9,362.0,372.7,5721.0451
2025-02-04 17:00:00+01:00,372.5,393.4,367.3,372.5,2932.3056
2025-02-04 21:00:00+01:00,373.5,376.6,352.0,358.4,4912.8701
2025-02-05 01:00:00+01:00,358.6,363.0,350.9,356.7,1117.9403
2025-02-05 05:00:00+01:00,356.9,362.5,350.2,360.8,1928.7345
2025-02-05 09:00:00+01:00,360.6,370.4,355.4,367.6,2291.3559
2025-02-05 13:00:00+01:00,368.3,369.6,355.2,360.8,4548.6698
2025-02-05 17:00:00+01:00,361.1,362.3,341.2,360.2,2417.7891
2025-02-05 21:00:00+01:00,360.3,364.8,346.1,350.2,1448.8718
2025-02-06 01:00:00+01:00,350.1,356.2,343.5,354.4,449.9761
2025-02-06 05:00:00+01:00,354.3,365.8,352.7,362.3,670.198
2025-02-06 09:00:00+01:00,362.9,376.7,358.1,364.5,1590.6755
2025-02-06 13:00:00+01:00,365.8,367.0,342.1,346.4,1693.8651
2025-02-06 17:00:00+01:00,346.4,349.0,327.0,329.5,3139.8088
2025-02-06 21:00:00+01:00,329.3,340.4,323.7,326.1,2569.6493
2025-02-07 01:00:00+01:00,326.3,342.4,325.9,333.9,659.5159
2025-02-07 05:00:00+01:00,334.1,336.7,318.9,322.4,1195.9489
2025-02-07 09:00:00+01:00,321.9,339.6,320.5,335.4,3467.2114
2025-02-07 13:00:00+01:00,335.4,352.9,330.3,334.5,3292.7197
2025-02-07 17:00:00+01:00,335.2,335.2,322.0,323.6,1751.0114
2025-02-07 21:00:00+01:00,324.2,324.3,307.6,320.0,1896.5927
2025-02-08 01:00:00+01:00,319.3,325.4,318.0,324.6,441.1781
2025-02-08 05:00:00+01:00,324.1,334.1,319.9,331.8,776.2348
2025-02-08 09:00:00+01:00,331.5,343.5,328.7,342.5,2059.9978
2025-02-08 13:00:00+01:00,341.0,344.2,330.1,332.0,1112.6739
2025-02-08 17:00:00+01:00,332.0,349.2,327.9,343.3,1376.0677
2025-02-08 21:00:00+01:00,344.2,353.2,340.5,350.2,1136.875
2025-02-09 01:00:00+01:00,351.4,369.6,345.0,368.6,2440.5569
2025-02-09 05:00:00+01:00,368.4,370.3,357.8,360.0,946.2649
2025-02-09 09:00:00+01:00,360.7,367.9,355.4,359.6,1083.5655
2025-02-09 13:00:00+01:00,359.2,363.1,348.3,361.8,1520.9806
2025-02-09 17:00:00+01:00,361.4,367.0,356.7,359.2,1138.0014
2025-02-09 21:00:00+01:00,359.0,368.0,343.1,364.8,2120.3662
2025-02-10 01:00:00+01:00,366.6,374.5,350.7,361.7,876.6128
2025-02-10 05:00:00+01:00,360.6,387.3,359.9,384.5,1243.6977
2025-02-10 09:00:00+01:00,383.5,393.6,382.1,390.6,1565.5474
2025-02-10 13:00:00+01:00,390.1,399.5,383.4,392.3,1832.4045
2025-02-10 17:00:00+01:00,393.0,397.8,386.0,387.1,1030.4175
2025-02-10 21:00:00+01:00,387.1,394.1,381.5,387.4,1197.0386
2025-02-11 01:00:00+01:00,387.0,408.0,386.1,407.3,1043.6037
2025-02-11 05:00:00+01:00,407.4,437.4,407.1,430.1,2320.752
2025-02-11 09:00:00+01:00,430.3,435.6,421.3,427.0,2049.2232
2025-02-11 13:00:00+01:00,427.8,427.8,409.3,422.3,3463.5182
2025-02-11 17:00:00+01:00,421.9,423.7,402.2,408.5,2092.0902
2025-02-11 21:00:00+01:00,407.7,425.9,407.7,412.2,1777.9233
2025-02-12 01:00:00+01:00,412.2,416.2,398.5,399.8,785.5745
2025-02-12 05:00:00+01:00,399.6,401.7,389.0,396.4,1056.2887
2025-02-12 09:00:00+01:00,397.0,403.6,393.9,395.2,847.1414
2025-02-12 13:00:00+01:00,395.5,406.0,372.1,387.1,3886.7613
2025-02-12 17:00:00+01:00,386.2,408.0,378.8,406.1,2429.3807
2025-02-12 21:00:00+01:00,406.2,418.8,400.5,402.9,1781.8318
2025-02-13 01:00:00+01:00,403.2,415.0,401.8,409.0,498.9899
2025-02-13 05:00:00+01:00,409.4,410.0,391.0,392.4,749.6051
2025-02-13 09:00:00+01:00,391.9,396.4,384.7,385.2,857.5531
2025-02-13 13:00:00+01:00,385.3,388.0,368.8,379.2,2515.0194
2025-02-13 17:00:00+01:00,379.6,382.4,374.1,377.0,760.1408
2025-02-13 21:00:00+01:00,377.9,388.8,377.9,382.7,776.4613
2025-02-14 01:00:00+01:00,383.7,390.0,380.5,384.2,533.1718
2025-02-14 05:00:00+01:00,384.7,389.1,376.6,382.1,468.3801
2025-02-14 09:00:00+01:00,382.0,403.1,380.5,392.0,1433.2771
2025-02-14 13:00:00+01:00,392.0,400.3,389.3,395.9,896.3105
2025-02-14 17:00:00+01:00,394.9,406.9,390.0,395.6,1244.4437
2025-02-14 21:00:00+01:00,395.7,400.8,382.5,391.9,1096.4716
2025-02-15 01:00:00+01:00,391.6,398.6,385.2,397.8,455.6246
2025-02-15 05:00:00+01:00,397.8,401.8,388.0,391.3,716.7792
2025-02-15 09:00:00+01:00,392.0,393.6,380.6,384.1,671.2698
2025-02-15 13:00:00+01:00,384.2,385.0,376.1,380.9,752.8728
2025-02-15 17:00:00+01:00,379.4,382.2,375.3,376.6,630.2574
2025-02-15 21:00:00+01:00,376.9,377.8,371.1,375.4,601.922
2025-02-16 01:00:00+01:00,375.1,376.7,363.2,366.0,628.1799
2025-02-16 05:00:00+01:00,366.5,370.3,363.3,364.0,337.3081
2025-02-16 09:00:00+01:00,364.8,373.2,362.5,372.9,453.2362
2025-02-16 13:00:00+01:00,372.4,373.5,360.8,365.2,651.6382
2025-02-16 17:00:00+01:00,365.0,368.2,358.0,364.1,814.4328
2025-02-16 21:00:00+01:00,362.8,363.2,355.3,360.5,662.8956
2025-02-17 01:00:00+01:00,359.8,365.4,352.6,355.8,467.1495
2025-02-17 05:00:00+01:00,355.1,358.9,346.4,352.9,978.6179
2025-02-17 09:00:00+01:00,352.4,365.4,351.7,363.3,703.5262
2025-02-17 13:00:00+01:00,363.3,377.9,357.0,360.0,1501.3482
2025-02-17 17:00:00+01:00,359.8,362.3,346.6,355.4,1743.5991
2025-02-17 21:00:00+01:00,355.1,367.6,355.0,360.8,617.4549
2025-02-18 01:00:00+01:00,361.0,362.7,357.1,361.2,231.54
2025-02-18 05:00:00+01:00,360.4,364.0,347.9,359.6,621.2186
2025-02-18 09:00:00+01:00,360.0,367.2,356.1,364.1,948.0156
2025-02-18 13:00:00+01:00,363.6,373.9,361.0,366.3,1238.6635
2025-02-18 17:00:00+01:00,366.0,377.5,352.9,373.7,3087.2964
2025-02-18 21:00:00+01:00,373.6,387.4,371.1,375.4,1875.1282
2025-02-19 01:00:00+01:00,376.3,379.8,370.9,376.1,528.4154
2025-02-19 05:00:00+01:00,374.7,400.1,367.8,392.5,1674.1238
2025-02-19 09:00:00+01:00,393.0,404.3,386.5,404.3,1481.169
2025-02-19 13:00:00+01:00,404.2,420.5,401.8,410.3,4023.9907
2025-02-19 17:00:00+01:00,410.3,432.0,407.1,410.0,5105.386
2025-02-19 21:00:00+01:00,411.0,420.6,409.4,420.1,1279.5991
2025-02-20 01:00:00+01:00,420.0,450.7,417.2,445.7,2322.1826
2025-02-20 05:00:00+01:00,446.8,457.7,442.7,447.5,2668.2249
2025-02-20 09:00:00+01:00,447.2,469.8,445.5,458.9,4016.3749
2025-02-20 13:00:00+01:00,458.7,465.5,441.9,445.7,2783.5968
2025-02-20 17:00:00+01:00,446.0,458.6,443.9,457.4,1555.7917
2025-02-20 21:00:00+01:00,457.5,466.8,452.7,466.1,1341.6246
2025-02-21 01:00:00+01:00,465.6,472.9,452.7,457.8,1221.745
2025-02-21 05:00:00+01:00,457.9,495.3,457.4,476.2,3505.7416
2025-02-21 09:00:00+01:00,475.4,481.7,466.1,472.3,2030.4998
2025-02-21 13:00:00+01:00,471.5,475.0,436.0,447.6,3985.8283
2025-02-21 17:00:00+01:00,448.0,459.6,437.0,440.2,3098.191
2025-02-21 21:00:00+01:00,440.1,444.2,424.6,444.2,4930.7206
2025-02-22 01:00:00+01:00,442.9,450.6,426.8,436.8,1838.2378
2025-02-22 05:00:00+01:00,435.9,439.8,424.4,424.7,964.8851
2025-02-22 09:00:00+01:00,425.1,438.9,423.1,436.3,1498.7047
2025-02-22 13:00:00+01:00,436.3,463.0,432.8,440.0,3053.9891
2025-02-22 17:00:00+01:00,440.7,448.9,435.8,436.7,1565.468
2025-02-22 21:00:00+01:00,436.7,436.7,428.5,432.6,1190.4054
2025-02-23 01:00:00+01:00,432.4,442.9,431.4,432.5,410.9797
2025-02-23 05:00:00+01:00,432.0,440.7,429.2,434.1,491.2976
2025-02-23 09:00:00+01:00,434.1,440.7,418.7,423.8,1136.8037
2025-02-23 13:00:00+01:00,422.4,430.4,415.5,419.3,1305.0656
2025-02-23 17:00:00+01:00,419.2,426.0,417.8,424.0,883.3254
2025-02-23 21:00:00+01:00,424.2,434.3,422.1,434.0,1260.6075
2025-02-24 01:00:00+01:00,434.5,438.4,407.0,409.5,1149.3451
2025-02-24 05:00:00+01:00,408.9,415.2,402.7,410.6,1396.0516
2025-02-24 09:00:00+01:00,411.2,431.4,402.7,427.9,3318.965
2025-02-24 13:00:00+01:00,427.7,449.0,420.0,428.3,8614.7332
2025-02-24 17:00:00+01:00,427.7,441.5,413.1,416.3,4182.8019
2025-02-24 21:00:00+01:00,416.1,429.0,395.9,397.0,4746.0997
2025-02-25 01:00:00+01:00,397.1,407.8,386.2,386.7,2635.2804
2025-02-25 05:00:00+01:00,386.8,392.2,361.0,375.9,4190.7052
2025-02-25 09:00:00+01:00,375.0,388.0,355.4,368.7,4047.0582
2025-02-25 13:00:00+01:00,368.2,379.6,353.1,362.4,3354.2542
2025-02-25 17:00:00+01:00,363.1,370.5,355.6,367.4,2306.609
2025-02-25 21:00:00+01:00,367.8,399.4,363.9,379.2,6578.3013
2025-02-26 01:00:00+01:00,378.4,388.2,368.3,381.0,914.1156
2025-02-26 05:00:00+01:00,380.4,384.1,369.4,373.2,1007.2884
2025-02-26 09:00:00+01:00,373.3,383.1,365.7,372.4,1258.0494
2025-02-26 13:00:00+01:00,372.6,379.1,356.4,369.8,6590.3665
2025-02-26 17:00:00+01:00,370.0,371.9,344.8,345.8,8595.2678
2025-02-26 21:00:00+01:00,346.1,366.9,338.2,350.9,3136.2165
2025-02-27 01:00:00+01:00,351.7,362.3,344.9,360.5,957.4045
2025-02-27 05:00:00+01:00,360.5,370.1,355.3,368.2,929.4745
2025-02-27 09:00:00+01:00,367.1,369.6,357.6,358.4,5385.2574
2025-02-27 13:00:00+01:00,358.4,359.3,342.0,349.6,5376.7066
2025-02-27 17:00:00+01:00,349.6,353.3,340.7,344.1,1411.5652
2025-02-27 21:00:00+01:00,344.5,344.6,322.6,329.8,3520.5896
2025-02-28 01:00:00+01:00,330.1,330.8,306.1,307.1,2499.635
2025-02-28 05:00:00+01:00,307.6,308.5,296.0,306.6,3890.3488
2025-02-28 09:00:00+01:00,306.8,313.4,301.3,309.1,2355.1253
2025-02-28 13:00:00+01:00,309.0,334.6,305.9,329.4,3931.1259
2025-02-28 17:00:00+01:00,329.2,333.6,324.7,327.7,1771.446
2025-02-28 21:00:00+01:00,328.1,333.7,325.8,326.3,898.0911
2025-03-01 01:00:00+01:00,326.6,335.5,320.4,330.9,1738.9858
2025-03-01 05:00:00+01:00,330.7,339.8,324.8,325.5,994.1991
2025-03-01 09:00:00+01:00,325.6,330.7,318.4,321.9,1423.763
2025-03-01 13:00:00+01:00,321.8,332.7,315.9,329.3,1361.9223
2025-03-01 17:00:00+01:00,329.0,335.2,327.2,334.6,1689.7836
2025-03-01 21:00:00+01:00,334.5,340.0,330.9,337.7,1177.6653
2025-03-02 01:00:00+01:00,337.6,347.7,332.9,345.8,648.7859
2025-03-02 05:00:00+01:00,345.8,349.0,338.7,339.6,940.3625
2025-03-02 09:00:00+01:00,339.8,343.1,334.8,335.8,924.1465
2025-03-02 13:00:00+01:00,335.7,338.8,320.6,326.5,3219.6189
2025-03-02 17:00:00+01:00,327.1,362.0,326.5,355.7,8137.6619
2025-03-02 21:00:00+01:00,356.0,358.7,350.0,353.5,2072.4057
2025-03-03 01:00:00+01:00,353.5,355.6,339.6,342.8,1443.9995
2025-03-03 05:00:00+01:00,342.6,348.2,328.8,334.4,1424.6062
2025-03-03 09:00:00+01:00,334.1,334.1,319.0,329.4,2555.0001
2025-03-03 13:00:00+01:00,328.8,334.6,316.0,319.4,2647.1181
2025-03-03 17:00:00+01:00,319.6,323.8,296.9,298.6,4302.7307
2025-03-03 21:00:00+01:00,298.9,304.3,292.5,295.3,5233.0971
2025-03-04 01:00:00+01:00,295.1,298.9,274.5,282.7,14052.7295
2025-03-04 05:00:00+01:00,282.6,290.1,280.4,280.6,15758.3269
2025-03-04 09:00:00+01:00,280.6,283.9,269.3,273.2,4540.7243
2025-03-04 13:00:00+01:00,273.1,281.0,262.0,271.5,6771.9179
2025-03-04 17:00:00+01:00,271.5,291.9,257.5,289.8,5912.4237
2025-03-04 21:00:00+01:00,289.8,294.5,280.9,287.2,2258.862
2025-03-05 01:00:00+01:00,287.2,296.3,284.9,286.7,1080.7308
2025-03-05 05:00:00+01:00,286.8,294.6,286.3,291.9,984.853
2025-03-05 09:00:00+01:00,292.0,304.3,291.6,297.2,3086.3432
2025-03-05 13:00:00+01:00,296.9,312.6,292.5,297.6,4726.8006
2025-03-05 17:00:00+01:00,297.7,307.9,293.0,304.4,3347.9763
2025-03-05 21:00:00+01:00,304.3,306.9,299.2,299.6,1052.4385
2025-03-06 01:00:00+01:00,299.9,304.9,295.3,302.9,980.3224
2025-03-06 05:00:00+01:00,303.0,312.1,301.4,302.5,1305.0843
2025-03-06 09:00:00+01:00,302.5,308.5,286.5,292.2,2491.1961
2025-03-06 13:00:00+01:00,292.4,293.4,281.2,289.1,2804.3055
2025-03-06 17:00:00+01:00,289.1,294.6,283.0,284.0,2300.9419
2025-03-06 21:00:00+01:00,283.8,292.0,283.4,288.0,1146.1613
2025-03-07 01:00:00+01:00,288.0,292.5,271.7,279.7,1966.4911
2025-03-07 05:00:00+01:00,279.5,285.3,278.9,281.4,762.6166
2025-03-07 09:00:00+01:00,281.4,294.0,278.1,291.6,1909.7381
2025-03-07 13:00:00+01:00,291.4,293.2,280.4,284.8,2312.8781
2025-03-07 17:00:00+01:00,284.3,290.7,272.5,285.5,3731.2097
2025-03-07 21:00:00+01:00,285.2,287.9,271.6,275.0,1871.5723
2025-03-08 01:00:00+01:00,275.3,278.0,271.7,275.0,564.7245
2025-03-08 05:00:00+01:00,275.0,281.1,273.3,273.6,1334.0389
2025-03-08 09:00:00+01:00,273.8,274.6,267.2,269.0,2018.5407
2025-03-08 13:00:00+01:00,269.0,274.6,267.7,270.1,1177.7605
2025-03-08 17:00:00+01:00,270.0,283.0,265.5,282.3,1973.1854
2025-03-08 21:00:00+01:00,282.2,284.3,274.1,276.0,1636.0668
2025-03-09 01:00:00+01:00,276.2,278.2,269.2,270.0,699.6512
2025-03-09 05:00:00+01:00,269.8,274.2,265.8,271.6,932.3602
2025-03-09 09:00:00+01:00,271.3,277.0,262.6,266.5,2388.4956
2025-03-09 13:00:00+01:00,266.1,267.8,255.0,255.6,3235.0487
2025-03-09 17:00:00+01:00,255.6,258.5,239.5,247.6,5824.9792
2025-03-09 21:00:00+01:00,247.4,252.4,238.4,243.6,3209.6236
2025-03-10 01:00:00+01:00,243.7,256.8,241.9,252.2,1842.1313
2025-03-10 05:00:00+01:00,252.3,256.8,248.5,250.6,1367.7325
2025-03-10 09:00:00+01:00,250.4,255.2,242.1,250.0,2524.3813
2025-03-10 13:00:00+01:00,249.8,252.3,228.8,232.5,4400.7613
2025-03-10 17:00:00+01:00,232.4,233.6,212.2,226.3,7949.9006
2025-03-10 21:00:00+01:00,225.9,230.7,222.8,225.2,4008.432
2025-03-11 01:00:00+01:00,225.3,231.5,212.4,228.2,4674.3606
2025-03-11 05:00:00+01:00,228.2,236.0,228.0,232.3,2138.1908
2025-03-11 09:00:00+01:00,232.4,250.1,231.8,242.6,7390.9171
2025-03-11 13:00:00+01:00,242.6,257.6,235.1,254.7,12189.0441
2025-03-11 17:00:00+01:00,254.7,271.9,249.0,266.5,11387.5838
2025-03-11 21:00:00+01:00,266.4,271.3,258.0,260.5,4829.7751
2025-03-12 01:00:00+01:00,260.5,268.7,257.2,258.1,3444.8396
2025-03-12 05:00:00+01:00,258.3,270.6,254.4,269.7,4438.5309
2025-03-12 09:00:00+01:00,269.5,271.8,256.5,264.1,7247.957
2025-03-12 13:00:00+01:00,264.1,275.3,247.0,250.0,10987.324
2025-03-12 17:00:00+01:00,250.2,260.4,249.7,258.5,4869.683
2025-03-12 21:00:00+01:00,258.2,264.2,255.8,259.5,1976.2105
2025-03-13 01:00:00+01:00,259.4,262.0,253.8,258.2,1553.9663
2025-03-13 05:00:00+01:00,258.0,259.6,247.2,251.8,3492.9284
2025-03-13 09:00:00+01:00,251.9,257.5,248.7,255.3,3527.0197
2025-03-13 13:00:00+01:00,255.1,257.9,240.2,245.6,7422.4199
2025-03-13 17:00:00+01:00,245.7,246.6,236.4,238.7,4045.4182
2025-03-13 21:00:00+01:00,238.8,240.7,234.9,238.0,4199.7396
2025-03-14 01:00:00+01:00,238.3,243.4,237.4,240.3,1782.1303
2025-03-14 05:00:00+01:00,240.4,245.8,239.8,244.1,1689.1932
2025-03-14 09:00:00+01:00,243.9,247.8,242.7,245.0,2834.4918
2025-03-14 13:00:00+01:00,244.8,255.9,241.1,251.9,8019.4252
2025-03-14 17:00:00+01:00,251.9,258.3,248.5,255.2,5707.1987
2025-03-14 21:00:00+01:00,255.1,262.1,250.4,256.2,4307.0342
2025-03-15 01:00:00+01:00,256.1,262.2,255.6,261.5,2379.6195
2025-03-15 05:00:00+01:00,261.4,263.2,254.4,254.9,1866.3052
2025-03-15 09:00:00+01:00,254.9,265.7,253.0,265.2,3064.8878
2025-03-15 13:00:00+01:00,265.0,267.6,257.7,260.2,4570.4054
2025-03-15 17:00:00+01:00,260.2,261.9,256.3,259.6,3358.6604
2025-03-15 21:00:00+01:00,259.6,263.3,257.7,258.5,1866.2072
2025-03-16 01:00:00+01:00,258.2,260.1,251.3,256.2,2323.4115
2025-03-16 05:00:00+01:00,256.0,258.9,254.4,258.3,1246.5737
2025-03-16 09:00:00+01:00,258.4,263.4,246.2,247.1,6715.9556
2025-03-16 13:00:00+01:00,247.2,249.6,242.4,246.3,4429.3293
2025-03-16 17:00:00+01:00,246.0,252.9,241.2,243.0,5115.9695
2025-03-16 21:00:00+01:00,243.0,245.3,238.8,240.9,4535.6743
2025-03-17 01:00:00+01:00,240.8,248.7,240.4,247.4,1569.9816
2025-03-17 05:00:00+01:00,247.4,250.1,244.6,248.4,4287.2353
2025-03-17 09:00:00+01:00,248.6,251.3,246.3,249.8,1538.6211
2025-03-17 13:00:00+01:00,249.8,252.2,245.2,248.8,2946.705
2025-03-17 17:00:00+01:00,248.9,260.4,247.7,257.9,5163.6801
2025-03-17 21:00:00+01:00,258.1,258.8,254.1,255.1,1672.0006
2025-03-18 01:00:00+01:00,255.1,255.7,245.2,245.8,1590.0735
2025-03-18 05:00:00+01:00,245.5,248.6,243.2,247.5,2028.1015
2025-03-18 09:00:00+01:00,247.5,250.9,242.7,244.8,1382.5509
2025-03-18 13:00:00+01:00,244.5,245.8,239.3,240.9,3349.2493
2025-03-18 17:00:00+01:00,240.7,243.0,236.1,241.0,3128.3333
2025-03-18 21:00:00+01:00,241.1,247.9,239.1,246.9,3289.8289
2025-03-19 01:00:00+01:00,246.8,252.5,246.4,251.6,1831.3719
2025-03-19 05:00:00+01:00,251.6,251.8,247.4,247.8,1289.3055
2025-03-19 09:00:00+01:00,247.7,257.7,247.7,257.2,2684.7175
2025-03-19 13:00:00+01:00,257.2,259.4,251.3,258.7,5763.9146
2025-03-19 17:00:00+01:00,258.6,263.3,249.5,260.3,8995.3128
2025-03-19 21:00:00+01:00,260.4,263.6,258.1,262.2,4221.853
2025-03-20 01:00:00+01:00,262.2,263.9,253.9,257.1,1554.423
2025-03-20 05:00:00+01:00,256.9,263.5,256.4,261.2,1470.0107
2025-03-20 09:00:00+01:00,261.5,265.1,255.3,259.4,2720.8108
2025-03-20 13:00:00+01:00,259.5,267.8,257.5,257.6,5976.93
2025-03-20 17:00:00+01:00,257.5,259.7,249.3,253.1,4271.4334
2025-03-20 21:00:00+01:00,253.1,254.7,248.0,251.4,1955.454
2025-03-21 01:00:00+01:00,251.4,254.8,250.7,252.5,1185.36
2025-03-21 05:00:00+01:00,252.6,256.3,251.6,253.0,1306.5381
2025-03-21 09:00:00+01:00,253.1,254.7,243.7,245.5,1989.0092
2025-03-21 13:00:00+01:00,245.5,247.7,242.1,243.1,4036.3173
2025-03-21 17:00:00+01:00,243.1,248.9,242.2,248.7,2234.1111
2025-03-21 21:00:00+01:00,248.7,253.8,246.6,247.4,1771.7832
2025-03-22 01:00:00+01:00,247.4,252.4,247.0,249.9,1192.8633
2025-03-22 05:00:00+01:00,249.9,252.5,248.2,249.6,1024.2109
2025-03-22 09:00:00+01:00,249.4,254.5,249.0,250.7,1722.0463
2025-03-22 13:00:00+01:00,250.5,252.4,247.9,250.8,2057.1545
2025-03-22 17:00:00+01:00,250.7,253.1,249.4,252.9,923.5441
2025-03-22 21:00:00+01:00,252.7,253.9,246.6,248.1,2686.2248
2025-03-23 01:00:00+01:00,248.0,254.8,246.4,254.8,1426.3226
2025-03-23 05:00:00+01:00,254.8,257.9,251.3,256.8,2090.8571
2025-03-23 09:00:00+01:00,256.7,258.1,252.7,253.1,2105.5553
2025-03-23 13:00:00+01:00,253.1,253.8,249.0,251.2,1527.0714
2025-03-23 17:00:00+01:00,251.1,254.5,249.2,253.4,2026.4212
2025-03-23 21:00:00+01:00,253.4,257.1,251.2,257.0,2132.4372
2025-03-24 01:00:00+01:00,257.0,261.2,253.3,260.8,2495.1838
2025-03-24 05:00:00+01:00,261.0,268.4,260.5,266.4,3781.4311
2025-03-24 09:00:00+01:00,266.4,275.0,266.3,269.9,5889.2762
2025-03-24 13:00:00+01:00,269.6,275.5,265.9,270.3,8421.9127
2025-03-24 17:00:00+01:00,270.4,273.1,266.9,271.0,2579.3827
2025-03-24 21:00:00+01:00,270.8,272.6,266.3,269.5,2216.6003
2025-03-25 01:00:00+01:00,269.4,271.2,263.1,264.2,1807.3337
2025-03-25 05:00:00+01:00,264.0,267.9,262.6,266.1,2674.0461
2025-03-25 09:00:00+01:00,266.0,281.0,265.3,272.8,5312.9544
2025-03-25 13:00:00+01:00,272.9,274.5,268.9,271.9,4507.0341
2025-03-25 17:00:00+01:00,271.8,272.4,266.9,269.3,3019.397
2025-03-25 21:00:00+01:00,269.3,271.7,265.8,269.9,4893.4672
2025-03-26 01:00:00+01:00,269.9,271.5,265.4,266.7,2513.8658
2025-03-26 05:00:00+01:00,266.7,281.0,266.5,279.4,3905.3434
2025-03-26 09:00:00+01:00,279.5,280.1,275.0,277.1,4105.9907
2025-03-26 13:00:00+01:00,277.3,278.0,263.5,264.9,12098.6921
2025-03-26 17:00:00+01:00,265.0,267.0,255.6,261.6,7086.4294
2025-03-26 21:00:00+01:00,261.6,264.3,258.7,260.9,2159.4648
2025-03-27 01:00:00+01:00,261.0,266.0,260.4,265.9,1486.0848
2025-03-27 05:00:00+01:00,265.9,266.7,263.1,264.1,1966.1149
2025-03-27 09:00:00+01:00,264.1,268.8,263.0,265.4,3463.3325
2025-03-27 13:00:00+01:00,265.3,278.1,262.8,271.8,7824.1708
2025-03-27 17:00:00+01:00,271.9,275.6,268.4,269.5,3818.6058
2025-03-27 21:00:00+01:00,269.5,273.7,268.5,269.0,2937.8312
2025-03-28 01:00:00+01:00,269.2,270.7,263.8,264.5,2047.7347
2025-03-28 05:00:00+01:00,264.5,264.8,251.7,252.2,6296.6387
2025-03-28 09:00:00+01:00,252.1,256.5,252.1,255.9,3863.1396
2025-03-28 13:00:00+01:00,255.9,257.2,248.8,250.8,6041.836
2025-03-28 17:00:00+01:00,250.8,251.6,238.7,239.7,4903.0039
2025-03-28 21:00:00+01:00,239.8,246.7,238.5,244.4,5855.7911
2025-03-29 01:00:00+01:00,244.4,245.3,238.9,242.3,2437.6357
2025-03-29 05:00:00+01:00,242.3,243.1,233.7,235.0,3231.3343
2025-03-29 09:00:00+01:00,235.0,237.6,220.9,223.6,9033.3122
2025-03-29 13:00:00+01:00,223.6,231.0,222.9,225.7,5862.3878
2025-03-29 17:00:00+01:00,225.6,230.8,221.5,230.8,3634.534
2025-03-29 21:00:00+01:00,230.8,234.0,228.9,231.1,4503.6013
2025-03-30 01:00:00+01:00,231.2,237.4,227.3,231.8,2062.7434
2025-03-30 06:00:00+02:00,231.7,233.8,229.6,230.0,1975.7245
2025-03-30 10:00:00+02:00,230.0,232.6,226.6,228.2,2702.7927
2025-03-30 14:00:00+02:00,228.2,229.0,223.8,226.5,3815.0265
2025-03-30 18:00:00+02:00,226.6,231.0,223.1,228.5,5957.9543
2025-03-30 22:00:00+02:00,228.6,229.2,222.2,227.0,2960.0276
2025-03-31 02:00:00+02:00,227.1,228.1,221.1,221.1,3152.1821
2025-03-31 06:00:00+02:00,221.1,225.6,216.8,218.3,5090.2464
2025-03-31 10:00:00+02:00,218.3,221.3,212.8,216.9,9250.3221
2025-03-31 14:00:00+02:00,217.1,226.7,214.4,222.6,8019.7486
2025-03-31 18:00:00+02:00,222.7,225.7,220.6,222.2,3710.323
2025-03-31 22:00:00+02:00,222.2,225.6,221.5,223.8,1503.4198
2025-04-01 02:00:00+02:00,223.8,228.8,223.1,226.3,2269.2439
2025-04-01 06:00:00+02:00,226.4,230.0,225.4,227.0,2534.5505
2025-04-01 10:00:00+02:00,227.0,233.6,224.4,227.0,6523.5462
2025-04-01 14:00:00+02:00,226.9,235.4,224.2,233.3,7009.485
2025-04-01 18:00:00+02:00,233.4,234.7,226.5,229.1,5082.104
2025-04-01 22:00:00+02:00,229.1,233.0,227.4,232.0,3336.1918
2025-04-02 02:00:00+02:00,232.1,233.3,224.5,225.4,3919.978
2025-04-02 06:00:00+02:00,225.3,227.4,220.6,225.6,4121.8819
2025-04-02 10:00:00+02:00,225.4,231.3,224.7,226.0,4778.5261
2025-04-02 14:00:00+02:00,225.9,234.0,222.5,230.9,10653.7268
2025-04-02 18:00:00+02:00,230.8,233.1,226.4,231.9,6766.5248
2025-04-02 22:00:00+02:00,232.0,237.8,208.4,211.9,26177.137
2025-04-03 02:00:00+02:00,211.9,219.4,210.2,216.9,5396.2532
2025-04-03 06:00:00+02:00,216.9,218.8,208.9,211.7,5638.47
2025-04-03 10:00:00+02:00,211.5,214.1,203.0,204.8,8490.0363
2025-04-03 14:00:00+02:00,204.7,207.1,198.2,206.5,16088.2666
2025-04-03 18:00:00+02:00,206.4,210.0,204.7,206.9,7424.518
2025-04-03 22:00:00+02:00,207.0,216.0,206.5,215.5,3561.9368
2025-04-04 02:00:00+02:00,215.9,218.5,213.2,215.2,3914.2719
2025-04-04 06:00:00+02:00,215.1,218.9,213.3,218.5,3518.0107
2025-04-04 10:00:00+02:00,218.7,220.1,203.4,208.2,9649.3402
2025-04-04 14:00:00+02:00,208.2,218.1,205.7,214.9,20396.9591
2025-04-04 18:00:00+02:00,215.0,222.5,213.6,220.0,11235.1515
2025-04-04 22:00:00+02:00,220.1,222.7,218.4,220.8,3974.4637
2025-04-05 02:00:00+02:00,220.8,221.4,217.1,218.0,2116.1607
2025-04-05 06:00:00+02:00,217.9,218.4,215.2,217.1,2515.6061
2025-04-05 10:00:00+02:00,217.1,219.8,216.5,217.7,2822.4009
2025-04-05 14:00:00+02:00,217.6,218.5,212.8,214.0,4494.9309
2025-04-05 18:00:00+02:00,214.0,218.9,214.0,217.4,3157.8302
2025-04-05 22:00:00+02:00,217.6,220.6,216.3,219.6,2343.7368
2025-04-06 02:00:00+02:00,219.6,219.8,216.5,217.5,1315.3445
2025-04-06 06:00:00+02:00,217.6,219.4,214.8,215.2,3030.7622
2025-04-06 10:00:00+02:00,215.2,216.6,212.1,214.0,4678.9165
2025-04-06 14:00:00+02:00,213.9,214.2,205.7,208.3,5691.1992
2025-04-06 18:00:00+02:00,208.2,208.5,185.1,188.8,31997.6038
2025-04-06 22:00:00+02:00,188.8,190.1,177.4,183.5,24800.2822
2025-04-07 02:00:00+02:00,183.6,192.9,181.2,183.8,9675.5201
2025-04-07 06:00:00+02:00,183.9,187.1,167.6,175.2,23739.4874
2025-04-07 10:00:00+02:00,175.0,189.6,174.1,181.9,17230.2587
2025-04-07 14:00:00+02:00,181.9,208.0,181.6,194.1,33490.946
2025-04-07 18:00:00+02:00,194.0,197.0,188.9,194.9,9069.5975
2025-04-07 22:00:00+02:00,194.8,208.1,194.8,204.3,9382.2576
2025-04-08 02:00:00+02:00,204.5,217.7,204.0,214.1,9953.8372
2025-04-08 06:00:00+02:00,214.1,216.6,207.2,208.8,10294.1226
2025-04-08 10:00:00+02:00,208.7,215.3,204.1,212.9,10201.6727
2025-04-08 14:00:00+02:00,213.0,213.8,204.2,206.4,13825.4068
2025-04-08 18:00:00+02:00,206.4,206.4,193.0,197.3,16331.5052
2025-04-08 22:00:00+02:00,197.2,199.5,194.1,195.2,4371.589
2025-04-09 02:00:00+02:00,195.0,201.4,190.0,193.9,6309.0232
2025-04-09 06:00:00+02:00,193.6,204.8,193.3,203.3,8935.5164
2025-04-09 10:00:00+02:00,203.1,203.7,193.1,194.1,8713.1735
2025-04-09 14:00:00+02:00,194.0,205.1,193.1,201.5,11808.3993
2025-04-09 18:00:00+02:00,201.5,232.9,201.0,227.9,36675.6355
2025-04-09 22:00:00+02:00,228.2,234.0,227.8,230.4,10823.1348
2025-04-10 02:00:00+02:00,230.3,232.1,225.3,229.7,4977.4641
2025-04-10 06:00:00+02:00,229.8,240.8,226.9,236.2,11104.3243
2025-04-10 10:00:00+02:00,236.2,236.9,231.2,233.4,7631.9443
2025-04-10 14:00:00+02:00,233.3,242.4,227.0,228.9,24043.0087
2025-04-10 18:00:00+02:00,228.8,232.5,225.7,228.5,13335.6868
2025-04-10 22:00:00+02:00,228.3,233.6,227.5,231.4,3417.5606
2025-04-11 02:00:00+02:00,231.4,240.9,230.8,239.3,8786.4597
2025-04-11 06:00:00+02:00,239.6,247.5,237.3,241.3,10786.4271
2025-04-11 10:00:00+02:00,241.3,242.3,235.3,240.3,9236.627
2025-04-11 14:00:00+02:00,240.3,253.5,239.5,244.0,18689.4956
2025-04-11 18:00:00+02:00,244.1,254.5,241.6,252.3,10264.1871
2025-04-11 22:00:00+02:00,252.2,260.3,247.2,250.7,6748.3221
2025-04-12 02:00:00+02:00,250.6,259.5,248.6,256.3,4611.7386
2025-04-12 06:00:00+02:00,256.3,261.5,254.0,254.6,6019.2441
2025-04-12 10:00:00+02:00,254.5,256.0,249.5,252.6,4655.34
2025-04-12 14:00:00+02:00,252.6,263.1,249.9,259.7,9788.8676
2025-04-12 18:00:00+02:00,259.6,261.0,254.9,255.5,4090.6739
2025-04-12 22:00:00+02:00,255.4,258.2,253.4,253.8,3950.2125
2025-04-13 02:00:00+02:00,253.8,255.0,250.6,251.8,2238.3516
2025-04-13 06:00:00+02:00,251.8,256.4,249.6,254.3,3173.779
2025-04-13 10:00:00+02:00,254.2,254.5,249.8,251.5,3586.9327
2025-04-13 14:00:00+02:00,251.4,252.6,243.7,245.4,6421.2438
2025-04-13 18:00:00+02:00,245.3,253.4,241.2,243.6,9752.4499
2025-04-13 22:00:00+02:00,243.6,246.5,236.2,240.0,6984.7867
2025-04-14 02:00:00+02:00,240.0,249.6,239.0,243.2,6050.2624
2025-04-14 06:00:00+02:00,243.5,248.6,239.4,243.1,4011.4193
2025-04-14 10:00:00+02:00,243.2,247.7,240.8,245.9,7104.3995
2025-04-14 14:00:00+02:00,246.0,250.9,236.9,238.4,15049.2541
2025-04-14 18:00:00+02:00,238.7,245.0,237.2,241.7,7465.1226
2025-04-14 22:00:00+02:00,241.7,241.8,234.6,236.4,5135.7986
2025-04-15 02:00:00+02:00,236.6,243.3,234.8,241.5,6361.2887
2025-04-15 06:00:00+02:00,241.3,241.5,235.7,238.4,6291.7362
2025-04-15 10:00:00+02:00,238.3,241.3,237.3,239.3,5096.9822
2025-04-15 14:00:00+02:00,239.3,243.5,234.7,236.5,11681.1064
2025-04-15 18:00:00+02:00,236.4,237.9,229.4,231.5,7487.5643
2025-04-15 22:00:00+02:00,231.4,234.8,229.7,230.6,4357.0231
2025-04-16 02:00:00+02:00,230.5,235.1,228.9,234.1,3507.7835
2025-04-16 06:00:00+02:00,234.1,235.9,229.1,229.6,5051.1419
2025-04-16 10:00:00+02:00,229.5,232.3,227.7,230.2,6981.5341
2025-04-16 14:00:00+02:00,230.1,237.0,229.1,232.9,5955.2025
2025-04-16 18:00:00+02:00,233.2,235.8,222.6,232.5,15861.1028
2025-04-16 22:00:00+02:00,232.1,233.4,228.4,230.3,3661.4751
2025-04-17 02:00:00+02:00,230.3,234.5,229.5,231.0,1247.351
2025-04-17 06:00:00+02:00,230.9,235.0,228.1,234.4,3704.5669
2025-04-17 10:00:00+02:00,234.5,235.7,231.1,232.0,3490.965
2025-04-17 14:00:00+02:00,232.0,241.3,230.1,240.2,8697.8834
2025-04-17 18:00:00+02:00,240.1,250.0,238.3,245.1,11028.8808
2025-04-17 22:00:00+02:00,244.9,250.6,244.4,247.8,4306.8338
2025-04-18 02:00:00+02:00,248.0,259.8,247.4,257.0,3752.8975
2025-04-18 06:00:00+02:00,256.4,261.9,252.5,259.3,5322.3873
2025-04-18 10:00:00+02:00,259.4,262.2,255.9,260.7,5342.2213
2025-04-18 14:00:00+02:00,260.7,267.3,258.1,260.3,13081.9552
2025-04-18 18:00:00+02:00,260.7,269.5,258.4,267.7,5120.851
2025-04-18 22:00:00+02:00,267.6,275.4,267.0,274.5,8191.7881
2025-04-19 02:00:00+02:00,274.5,276.2,269.7,273.2,5011.0683
2025-04-19 06:00:00+02:00,273.2,279.8,270.3,279.2,5414.7115
2025-04-19 10:00:00+02:00,279.1,289.4,273.3,276.0,12025.7944
2025-04-19 14:00:00+02:00,276.0,280.0,271.4,274.1,7700.2318
2025-04-19 18:00:00+02:00,274.2,286.3,273.3,283.2,7333.4963
2025-04-19 22:00:00+02:00,283.2,299.2,279.9,290.0,9399.3905
2025-04-20 02:00:00+02:00,290.4,299.4,288.5,299.1,6419.6285
2025-04-20 06:00:00+02:00,299.1,309.7,295.4,307.6,13092.6142
2025-04-20 10:00:00+02:00,307.8,311.9,290.0,298.1,12932.6191
2025-04-20 14:00:00+02:00,297.9,306.9,295.7,301.7,13179.6478
2025-04-20 18:00:00+02:00,301.6,319.3,299.8,317.9,15290.7446
2025-04-20 22:00:00+02:00,317.9,325.4,314.7,315.5,10387.2299
2025-04-21 02:00:00+02:00,315.6,340.0,314.9,317.6,15279.4452
2025-04-21 06:00:00+02:00,317.7,333.1,317.6,323.2,10932.8516
2025-04-21 10:00:00+02:00,323.2,325.6,306.5,310.8,12531.0033
2025-04-21 14:00:00+02:00,310.9,317.6,307.5,311.8,11968.9005
2025-04-21 18:00:00+02:00,311.8,316.0,299.5,315.0,14788.3948
2025-04-21 22:00:00+02:00,315.0,317.2,308.9,313.8,5155.8892
2025-04-22 02:00:00+02:00,314.0,326.6,309.2,318.2,7260.2862
2025-04-22 06:00:00+02:00,318.0,326.3,311.6,325.1,7124.6086
2025-04-22 10:00:00+02:00,325.0,332.5,323.9,329.4,6507.3686
2025-04-22 14:00:00+02:00,329.5,349.3,328.6,338.7,21775.6274
2025-04-22 18:00:00+02:00,338.6,351.0,334.8,337.4,18273.6718
2025-04-22 22:00:00+02:00,337.6,344.2,331.0,338.4,11324.8433
2025-04-23 02:00:00+02:00,338.4,342.0,330.7,334.8,6862.9917
2025-04-23 06:00:00+02:00,334.8,341.7,328.5,334.6,9182.1074
2025-04-23 10:00:00+02:00,334.5,338.4,330.5,333.0,9490.3482
2025-04-23 14:00:00+02:00,333.0,341.1,323.1,331.6,11909.0217
2025-04-23 18:00:00+02:00,331.8,350.0,328.9,340.0,12835.2669
2025-04-23 22:00:00+02:00,339.9,346.6,335.7,336.4,4501.2123
2025-04-24 02:00:00+02:00,336.2,342.7,332.9,333.8,3686.4325
2025-04-24 06:00:00+02:00,333.6,345.6,332.4,336.4,5609.6817
2025-04-24 10:00:00+02:00,336.7,337.5,325.2,329.6,6747.2544
2025-04-24 14:00:00+02:00,329.5,355.1,327.9,353.7,14164.3394
2025-04-24 18:00:00+02:00,353.8,364.0,345.9,357.7,16106.3594
2025-04-24 22:00:00+02:00,357.6,360.4,350.9,358.2,4425.4497
2025-04-25 02:00:00+02:00,357.8,367.3,351.6,356.4,6435.3626
2025-04-25 06:00:00+02:00,356.4,360.8,348.6,358.7,7406.7341
2025-04-25 10:00:00+02:00,358.7,369.5,355.4,368.2,8141.7587
2025-04-25 14:00:00+02:00,368.2,375.3,361.4,364.2,13193.4721
2025-04-25 18:00:00+02:00,364.2,367.8,351.4,357.6,6663.8013
2025-04-25 22:00:00+02:00,357.5,361.0,352.7,354.1,2558.786
2025-04-26 02:00:00+02:00,354.4,359.5,351.6,352.8,2498.0481
2025-04-26 06:00:00+02:00,352.7,354.2,347.1,348.3,3828.9153
2025-04-26 10:00:00+02:00,348.3,352.4,340.4,342.9,4741.3373
2025-04-26 14:00:00+02:00,343.1,348.4,337.8,347.6,4362.269
2025-04-26 18:00:00+02:00,347.7,348.8,342.9,348.4,2465.505
2025-04-26 22:00:00+02:00,348.5,353.1,346.8,349.4,4014.0331
2025-04-27 02:00:00+02:00,349.6,353.2,340.8,346.4,2494.0642
2025-04-27 06:00:00+02:00,346.4,357.2,344.9,351.4,3886.2814
2025-04-27 10:00:00+02:00,351.5,356.4,346.0,348.0,3271.3559
2025-04-27 14:00:00+02:00,347.9,355.9,346.3,349.5,4614.3901
2025-04-27 18:00:00+02:00,349.5,356.3,346.2,354.6,4044.4788
2025-04-27 22:00:00+02:00,354.7,364.9,352.3,360.6,5470.336
2025-04-28 02:00:00+02:00,360.7,362.0,345.3,355.4,4466.814
2025-04-28 06:00:00+02:00,355.4,378.9,352.5,378.9,7733.0649
2025-04-28 10:00:00+02:00,378.9,389.5,369.1,373.6,10837.8019
2025-04-28 14:00:00+02:00,373.8,383.7,359.3,362.4,11228.3221
2025-04-28 18:00:00+02:00,362.3,377.6,358.8,376.6,6214.3827
2025-04-28 22:00:00+02:00,376.4,383.0,369.6,378.1,4512.0256
2025-04-29 02:00:00+02:00,378.4,386.2,371.7,383.2,3368.8817
2025-04-29 06:00:00+02:00,383.3,385.4,370.6,382.5,5925.0981
2025-04-29 10:00:00+02:00,382.3,384.9,375.4,380.0,3300.099
2025-04-29 14:00:00+02:00,379.7,382.3,369.7,370.4,4777.0318
2025-04-29 18:00:00+02:00,370.4,374.7,368.4,372.2,3805.9669
2025-04-29 22:00:00+02:00,372.2,373.0,361.5,366.2,4142.8724
2025-04-30 02:00:00+02:00,366.3,371.7,363.7,368.3,2887.081
2025-04-30 06:00:00+02:00,368.2,370.7,360.4,362.4,1884.1029
2025-04-30 10:00:00+02:00,362.3,367.0,358.9,366.7,3353.192
2025-04-30 14:00:00+02:00,366.5,366.7,334.5,350.3,15112.8174
2025-04-30 18:00:00+02:00,350.2,358.7,343.2,350.3,7079.7497
2025-04-30 22:00:00+02:00,350.3,357.6,349.6,355.1,3209.0394
2025-05-01 02:00:00+02:00,355.1,363.9,353.3,357.4,2783.5711
2025-05-01 06:00:00+02:00,357.3,363.5,351.9,361.1,2583.928
2025-05-01 10:00:00+02:00,360.9,372.1,358.7,370.9,6568.927
2025-05-01 14:00:00+02:00,370.8,376.2,365.6,369.2,7143.3157
2025-05-01 18:00:00+02:00,369.3,373.4,362.1,363.6,4336.6345
2025-05-01 22:00:00+02:00,363.7,366.6,355.7,358.1,2712.2793
2025-05-02 02:00:00+02:00,357.9,362.4,356.2,357.7,1551.2455
2025-05-02 06:00:00+02:00,357.8,362.5,353.9,355.5,2479.7746
2025-05-02 10:00:00+02:00,355.5,370.8,354.6,367.2,3630.8129
2025-05-02 14:00:00+02:00,367.1,379.0,363.4,373.2,7100.6638
2025-05-02 18:00:00+02:00,373.2,379.9,368.5,371.2,5884.4259
2025-05-02 22:00:00+02:00,371.3,376.5,369.6,375.1,2895.8958
2025-05-03 02:00:00+02:00,375.1,377.1,367.4,375.0,1497.741
2025-05-03 06:00:00+02:00,375.1,376.0,363.6,367.9,2441.5964
2025-05-03 10:00:00+02:00,367.9,368.5,358.8,362.2,3629.0896
2025-05-03 14:00:00+02:00,362.0,365.8,361.7,364.2,2029.627
2025-05-03 18:00:00+02:00,364.2,364.2,355.5,358.7,5745.446
2025-05-03 22:00:00+02:00,358.7,360.5,353.1,353.2,1825.9741
2025-05-04 02:00:00+02:00,353.2,355.6,346.2,350.2,2780.7887
2025-05-04 06:00:00+02:00,350.2,352.7,345.6,348.2,1876.976
2025-05-04 10:00:00+02:00,348.3,350.9,345.6,347.7,2566.3959
2025-05-04 14:00:00+02:00,347.7,354.8,345.1,353.9,3786.6613
2025-05-04 18:00:00+02:00,354.0,354.9,341.3,345.0,2905.9004
2025-05-04 22:00:00+02:00,345.0,349.6,339.3,344.3,2367.5671
2025-05-05 02:00:00+02:00,344.1,353.6,339.8,350.2,3494.8286
2025-05-05 06:00:00+02:00,350.3,364.5,348.6,362.2,3662.6466
2025-05-05 10:00:00+02:00,362.2,367.1,353.4,355.9,5668.9228
2025-05-05 14:00:00+02:00,356.0,367.5,352.6,361.9,7462.2495
2025-05-05 18:00:00+02:00,361.8,379.0,361.8,373.3,7577.4083
2025-05-05 22:00:00+02:00,373.2,379.2,367.3,375.2,5445.8284
2025-05-06 02:00:00+02:00,375.2,376.5,365.2,371.1,2354.9607
2025-05-06 06:00:00+02:00,371.2,378.5,368.7,369.9,3283.8873
2025-05-06 10:00:00+02:00,369.9,373.6,358.0,360.8,9281.0675
2025-05-06 14:00:00+02:00,360.8,367.3,352.6,361.9,9903.8132
2025-05-06 18:00:00+02:00,361.9,368.6,355.2,363.1,7093.107
2025-05-06 22:00:00+02:00,363.0,374.8,354.7,373.8,7800.7887
2025-05-07 02:00:00+02:00,374.0,387.0,372.9,377.9,6374.9875
2025-05-07 06:00:00+02:00,377.9,379.6,362.8,372.2,5269.9006
2025-05-07 10:00:00+02:00,372.1,372.4,362.6,364.8,6835.5544
2025-05-07 14:00:00+02:00,364.8,366.7,359.1,360.2,5971.9536
2025-05-07 18:00:00+02:00,360.2,364.4,353.4,358.2,7460.2642
2025-05-07 22:00:00+02:00,358.3,373.9,356.4,368.0,6933.0342
2025-05-08 02:00:00+02:00,368.0,386.9,363.8,386.2,7594.0993
2025-05-08 06:00:00+02:00,386.3,404.8,386.2,400.3,11532.5817
2025-05-08 10:00:00+02:00,400.3,411.2,398.1,401.3,13613.668
2025-05-08 14:00:00+02:00,401.4,419.9,395.9,409.1,13906.618
2025-05-08 18:00:00+02:00,409.2,421.3,407.4,417.2,11709.3986
2025-05-08 22:00:00+02:00,417.3,428.0,411.3,423.2,11528.2422
2025-05-09 02:00:00+02:00,423.1,432.3,419.7,419.8,5241.3671
2025-05-09 06:00:00+02:00,419.8,449.4,419.5,442.1,8784.4985
2025-05-09 10:00:00+02:00,442.0,451.6,424.2,429.0,14933.2336
2025-05-09 14:00:00+02:00,428.6,446.3,423.1,427.1,9863.619
2025-05-09 18:00:00+02:00,427.5,433.2,417.6,424.9,5525.534
2025-05-09 22:00:00+02:00,425.1,431.4,423.2,430.4,3251.9408
2025-05-10 02:00:00+02:00,430.4,441.3,424.1,435.9,5283.6365
2025-05-10 06:00:00+02:00,435.8,451.1,434.0,449.9,8188.9997
2025-05-10 10:00:00+02:00,450.1,456.0,435.9,438.4,6408.883
2025-05-10 14:00:00+02:00,438.4,449.2,438.3,442.2,3018.2042
2025-05-10 18:00:00+02:00,442.2,455.9,441.3,453.0,4295.6079
2025-05-10 22:00:00+02:00,452.9,469.2,449.9,464.2,4161.6824
2025-05-11 02:00:00+02:00,464.3,468.1,451.5,453.9,3838.4168
2025-05-11 06:00:00+02:00,453.8,461.4,442.6,446.2,3134.181
2025-05-11 10:00:00+02:00,446.3,458.4,445.2,457.6,3490.1326
2025-05-11 14:00:00+02:00,457.4,459.7,441.5,445.4,5302.1793
2025-05-11 18:00:00+02:00,445.4,457.3,438.7,454.8,9438.9375
2025-05-11 22:00:00+02:00,455.0,461.1,448.5,459.0,2663.6251
2025-05-12 02:00:00+02:00,458.9,478.3,458.8,473.6,5528.5154
2025-05-12 06:00:00+02:00,473.5,489.0,464.7,472.7,8804.2048
2025-05-12 10:00:00+02:00,473.0,473.2,454.1,456.5,8425.5698
2025-05-12 14:00:00+02:00,455.9,466.0,445.0,452.7,8940.4445
2025-05-12 18:00:00+02:00,452.5,460.7,435.2,454.1,11047.9019
2025-05-12 22:00:00+02:00,453.9,463.3,449.4,456.6,3303.5066
2025-05-13 02:00:00+02:00,456.4,457.4,442.0,443.6,4373.8491
2025-05-13 06:00:00+02:00,443.5,460.4,442.2,457.2,5565.9808
2025-05-13 10:00:00+02:00,457.3,467.7,454.4,456.0,5005.3001
2025-05-13 14:00:00+02:00,456.3,463.4,449.4,458.4,5983.2247
2025-05-13 18:00:00+02:00,458.4,470.7,456.8,464.3,4921.5981
2025-05-13 22:00:00+02:00,464.2,470.1,459.3,462.1,3514.3881
2025-05-14 02:00:00+02:00,462.0,464.1,456.5,462.8,2116.5202
2025-05-14 06:00:00+02:00,462.8,470.5,459.0,463.4,3478.6747
2025-05-14 10:00:00+02:00,463.2,465.3,451.6,457.5,4452.8205
2025-05-14 14:00:00+02:00,457.5,459.3,445.3,454.1,3823.6389
2025-05-14 18:00:00+02:00,454.0,457.3,442.7,454.3,3829.467
2025-05-14 22:00:00+02:00,454.5,457.8,449.7,455.5,1332.75
2025-05-15 02:00:00+02:00,455.5,464.7,444.4,444.6,2262.0144
2025-05-15 06:00:00+02:00,444.6,446.5,420.6,421.8,5884.2098
2025-05-15 10:00:00+02:00,421.7,432.7,417.6,427.6,6195.903
2025-05-15 14:00:00+02:00,427.6,443.3,421.2,442.4,9578.4378
2025-05-15 18:00:00+02:00,442.2,449.2,432.8,439.0,5683.5012
2025-05-15 22:00:00+02:00,439.3,442.3,427.5,436.6,3125.3449
2025-05-16 02:00:00+02:00,436.6,444.5,433.8,441.1,2028.4076
2025-05-16 06:00:00+02:00,441.1,443.2,434.8,442.6,2130.604
2025-05-16 10:00:00+02:00,442.6,445.8,434.8,444.2,2750.2441
2025-05-16 14:00:00+02:00,444.3,445.5,439.0,444.0,3192.3194
2025-05-16 18:00:00+02:00,444.1,446.1,432.8,436.6,1982.7318
2025-05-16 22:00:00+02:00,436.5,439.7,423.8,425.3,2241.1443
2025-05-17 02:00:00+02:00,425.3,428.2,412.8,424.0,4518.5073
2025-05-17 06:00:00+02:00,424.2,425.7,414.8,420.5,1623.5929
2025-05-17 10:00:00+02:00,420.6,424.5,416.3,419.1,2259.2591
2025-05-17 14:00:00+02:00,419.1,425.0,409.9,421.2,2856.7201
2025-05-17 18:00:00+02:00,420.5,425.0,414.7,419.3,2538.2604
2025-05-17 22:00:00+02:00,419.1,425.0,417.5,423.7,1829.189
2025-05-18 02:00:00+02:00,423.6,424.4,419.7,422.9,691.7748
2025-05-18 06:00:00+02:00,422.9,433.4,422.9,428.7,2386.3497
2025-05-18 10:00:00+02:00,428.8,433.9,418.4,418.7,2275.5656
2025-05-18 14:00:00+02:00,418.7,440.8,415.9,438.8,5335.9788
2025-05-18 18:00:00+02:00,439.0,440.4,405.3,405.7,6011.5082
2025-05-18 22:00:00+02:00,405.8,427.3,396.3,425.5,5837.3436
2025-05-19 02:00:00+02:00,425.6,428.4,403.4,404.7,2956.5199
2025-05-19 06:00:00+02:00,404.7,408.1,391.7,398.0,5028.077
2025-05-19 10:00:00+02:00,397.9,399.3,388.1,392.4,6916.2661
2025-05-19 14:00:00+02:00,392.4,408.6,388.7,404.4,4826.7294
2025-05-19 18:00:00+02:00,404.5,416.3,400.6,407.5,8669.0709
2025-05-19 22:00:00+02:00,407.4,411.9,403.6,411.0,2178.9134
2025-05-20 02:00:00+02:00,411.0,424.5,409.4,414.0,3304.3401
2025-05-20 06:00:00+02:00,414.1,424.3,411.4,419.9,4618.6855
2025-05-20 10:00:00+02:00,419.7,423.2,413.8,416.4,2157.1457
2025-05-20 14:00:00+02:00,415.9,418.6,411.5,414.7,2094.5587
2025-05-20 18:00:00+02:00,414.6,418.3,406.2,415.4,2499.6894
2025-05-20 22:00:00+02:00,415.2,421.1,412.0,415.6,2312.6001
2025-05-21 02:00:00+02:00,415.7,421.5,410.9,419.7,1624.4076
2025-05-21 06:00:00+02:00,419.9,425.6,416.2,418.8,2762.3114
2025-05-21 10:00:00+02:00,419.2,421.4,413.2,415.0,1674.0289
2025-05-21 14:00:00+02:00,414.9,431.4,410.8,427.5,5494.1303
2025-05-21 18:00:00+02:00,427.5,447.5,421.5,440.4,9912.5916
2025-05-21 22:00:00+02:00,440.3,456.5,438.0,449.8,4797.5477
2025-05-22 02:00:00+02:00,449.9,468.3,447.5,464.1,3927.3519
2025-05-22 06:00:00+02:00,464.2,475.7,461.5,471.9,5614.9937
2025-05-22 10:00:00+02:00,472.3,475.4,463.3,468.6,4884.83
2025-05-22 14:00:00+02:00,468.5,475.5,465.6,474.5,5476.958
2025-05-22 18:00:00+02:00,474.7,478.1,466.7,469.8,3554.5699
2025-05-22 22:00:00+02:00,469.9,471.9,460.5,466.6,2199.7886
2025-05-23 02:00:00+02:00,466.6,474.0,462.5,471.5,1178.1697
2025-05-23 06:00:00+02:00,471.7,472.1,458.1,462.9,2028.1962
2025-05-23 10:00:00+02:00,463.1,470.6,444.7,447.3,4406.629
2025-05-23 14:00:00+02:00,447.4,457.0,434.3,448.8,6635.2732
2025-05-23 18:00:00+02:00,448.8,450.9,438.6,440.6,4103.8798
2025-05-23 22:00:00+02:00,440.5,440.5,414.8,420.6,5472.2734
2025-05-24 02:00:00+02:00,420.4,429.2,418.5,428.9,2062.433
2025-05-24 06:00:00+02:00,429.0,432.0,423.0,426.5,1595.6383
2025-05-24 10:00:00+02:00,426.6,441.2,425.8,434.8,4656.7679
2025-05-24 14:00:00+02:00,434.9,440.5,432.2,435.1,2741.0022
2025-05-24 18:00:00+02:00,435.2,441.2,431.5,437.3,2185.0493
2025-05-24 22:00:00+02:00,437.2,438.7,430.1,432.1,1282.4408
2025-05-25 02:00:00+02:00,432.1,435.3,423.4,435.0,1698.9454
2025-05-25 06:00:00+02:00,435.1,435.5,424.4,425.8,1576.519
2025-05-25 10:00:00+02:00,425.8,425.8,415.9,418.3,3486.0657
2025-05-25 14:00:00+02:00,418.3,422.3,409.8,417.6,2705.8138
2025-05-25 18:00:00+02:00,417.7,425.0,412.8,423.4,2429.2196
2025-05-25 22:00:00+02:00,423.5,436.2,420.2,432.1,2892.8375
2025-05-26 02:00:00+02:00,432.1,444.3,429.5,438.0,2713.2408
2025-05-26 06:00:00+02:00,438.1,461.3,436.5,450.3,5347.262
2025-05-26 10:00:00+02:00,450.3,452.3,442.5,445.3,3143.605
2025-05-26 14:00:00+02:00,445.3,451.2,438.0,444.3,5099.9493
2025-05-26 18:00:00+02:00,444.4,446.4,426.3,430.9,5645.259
2025-05-26 22:00:00+02:00,430.5,436.4,428.8,435.0,2202.0399
2025-05-27 02:00:00+02:00,435.0,440.2,425.4,434.2,2580.7345
2025-05-27 06:00:00+02:00,434.2,450.8,432.8,445.0,3574.6053
2025-05-27 10:00:00+02:00,445.1,447.9,442.0,447.0,1762.8957
2025-05-27 14:00:00+02:00,447.2,450.6,440.8,446.6,3691.5151
2025-05-27 18:00:00+02:00,446.5,455.7,443.0,452.1,3227.8975
2025-05-27 22:00:00+02:00,452.0,459.1,445.4,448.4,2689.1977
2025-05-28 02:00:00+02:00,448.4,457.5,447.3,455.6,1919.4412
2025-05-28 06:00:00+02:00,455.5,456.9,443.9,445.0,1978.6567
2025-05-28 10:00:00+02:00,445.3,448.4,440.9,444.5,2926.2756
2025-05-28 14:00:00+02:00,444.8,449.8,427.1,428.7,4445.374
2025-05-28 18:00:00+02:00,428.6,440.3,428.3,429.3,2632.8848
2025-05-28 22:00:00+02:00,429.0,435.8,427.6,434.8,1447.4771
2025-05-29 02:00:00+02:00,434.9,442.9,429.5,437.4,1647.7879
2025-05-29 06:00:00+02:00,437.3,438.6,427.0,429.3,1580.4111
2025-05-29 10:00:00+02:00,429.5,434.4,427.7,431.2,1710.5487
2025-05-29 14:00:00+02:00,431.2,433.1,416.7,424.1,4579.9381
2025-05-29 18:00:00+02:00,424.1,425.2,416.6,419.4,2791.4851
2025-05-29 22:00:00+02:00,419.6,424.2,414.5,416.3,1603.1914
2025-05-30 02:00:00+02:00,416.3,419.0,396.6,413.4,3909.4414
2025-05-30 06:00:00+02:00,413.2,418.4,403.7,408.6,2622.3497
2025-05-30 10:00:00+02:00,408.5,410.2,400.5,409.6,5375.501
2025-05-30 14:00:00+02:00,409.5,411.7,396.4,396.6,5327.7548
2025-05-30 18:00:00+02:00,396.7,399.0,383.8,393.0,6260.7688
2025-05-30 22:00:00+02:00,392.9,393.5,375.4,376.7,4072.2229
2025-05-31 02:00:00+02:00,376.7,382.3,366.0,380.9,5932.0475
2025-05-31 06:00:00+02:00,381.0,415.8,380.5,404.1,7631.0578
2025-05-31 10:00:00+02:00,404.0,404.6,397.0,397.5,2730.1644
2025-05-31 14:00:00+02:00,397.5,414.4,396.7,411.3,4107.227
2025-05-31 18:00:00+02:00,411.0,435.8,408.4,425.8,8308.4274
2025-05-31 22:00:00+02:00,425.9,434.6,425.7,430.5,3891.2534
2025-06-01 02:00:00+02:00,430.4,435.8,421.9,430.5,3084.0269
2025-06-01 06:00:00+02:00,430.4,439.5,424.8,427.5,4219.1542
2025-06-01 10:00:00+02:00,427.3,429.4,413.1,418.4,3647.6047
2025-06-01 14:00:00+02:00,418.3,422.6,411.5,418.4,3181.8554
2025-06-01 18:00:00+02:00,418.5,422.2,410.5,415.2,3666.8858
2025-06-01 22:00:00+02:00,415.1,416.0,410.3,413.9,2839.4936
2025-06-02 02:00:00+02:00,414.1,415.7,408.4,409.4,1724.9292
2025-06-02 06:00:00+02:00,409.3,415.3,403.9,413.0,2099.8181
2025-06-02 10:00:00+02:00,412.9,415.6,405.9,410.3,1725.365
2025-06-02 14:00:00+02:00,410.3,413.3,404.5,408.0,3417.0158
2025-06-02 18:00:00+02:00,407.9,408.0,397.5,398.0,2684.9049
2025-06-02 22:00:00+02:00,398.0,405.6,398.0,404.0,2583.0632
2025-06-03 02:00:00+02:00,404.0,405.8,392.0,393.4,3798.4439
2025-06-03 06:00:00+02:00,393.3,394.4,390.7,392.9,3111.6251
2025-06-03 10:00:00+02:00,392.7,393.7,385.9,393.1,4250.3073
2025-06-03 14:00:00+02:00,393.1,402.9,390.0,396.6,7449.3872
2025-06-03 18:00:00+02:00,396.4,396.7,384.3,393.2,5273.4403
2025-06-03 22:00:00+02:00,393.2,393.8,383.3,387.0,3127.8228
2025-06-04 02:00:00+02:00,387.0,397.5,386.5,395.0,1738.2551
2025-06-04 06:00:00+02:00,395.0,400.2,393.8,395.4,2494.3971
2025-06-04 10:00:00+02:00,395.4,398.0,391.6,391.8,2040.7572
2025-06-04 14:00:00+02:00,391.9,393.6,385.3,390.6,3241.0513
2025-06-04 18:00:00+02:00,390.6,392.4,386.4,386.9,3213.3184
2025-06-04 22:00:00+02:00,386.6,387.2,377.2,380.9,2975.9729
2025-06-05 02:00:00+02:00,381.4,384.3,378.1,380.1,1320.0074
2025-06-05 06:00:00+02:00,380.2,382.7,376.7,378.6,1464.1226
2025-06-05 10:00:00+02:00,378.6,379.4,365.1,369.4,5534.9458
2025-06-05 14:00:00+02:00,369.4,377.2,365.3,373.0,5810.8684
2025-06-05 18:00:00+02:00,372.5,373.7,351.9,358.6,7309.6323
2025-06-05 22:00:00+02:00,359.1,360.9,347.0,351.6,9755.9761
2025-06-06 02:00:00+02:00,351.6,362.6,351.4,360.1,2491.6708
2025-06-06 06:00:00+02:00,360.4,369.0,359.6,366.2,3429.7006
2025-06-06 10:00:00+02:00,366.1,372.3,364.6,369.4,4028.1744
2025-06-06 14:00:00+02:00,369.5,378.0,366.2,374.2,4831.9506
2025-06-06 18:00:00+02:00,374.1,378.7,367.3,368.2,3587.7322
2025-06-06 22:00:00+02:00,368.7,371.3,366.1,367.5,1521.4961
2025-06-07 02:00:00+02:00,367.5,375.7,365.3,374.2,1291.437
2025-06-07 06:00:00+02:00,374.3,377.1,370.7,375.0,1719.948
2025-06-07 10:00:00+02:00,375.0,381.0,373.1,378.5,1910.8291
2025-06-07 14:00:00+02:00,378.4,386.5,378.1,383.0,3538.8986
2025-06-07 18:00:00+02:00,383.1,383.7,375.7,382.8,1572.747
2025-06-07 22:00:00+02:00,382.6,391.2,380.8,386.3,3458.2209
2025-06-08 02:00:00+02:00,386.3,389.2,383.8,383.9,675.897
2025-06-08 06:00:00+02:00,383.9,383.9,377.9,380.1,1864.1317
2025-06-08 10:00:00+02:00,380.3,381.3,372.7,377.6,3684.5813
2025-06-08 14:00:00+02:00,377.6,382.0,374.9,378.6,2187.8868
2025-06-08 18:00:00+02:00,378.7,387.2,378.0,386.4,3081.3881
2025-06-08 22:00:00+02:00,386.5,389.6,379.8,383.3,4009.8577
2025-06-09 02:00:00+02:00,383.5,388.1,380.6,387.1,1357.0155
2025-06-09 06:00:00+02:00,387.0,388.8,381.4,385.6,1692.5802
2025-06-09 10:00:00+02:00,385.5,403.0,385.0,401.5,6425.251
2025-06-09 14:00:00+02:00,401.4,414.8,397.5,412.1,7911.0558
2025-06-09 18:00:00+02:00,412.2,417.8,409.5,410.4,4995.5375
2025-06-09 22:00:00+02:00,410.4,429.7,407.8,420.0,5979.111
2025-06-10 02:00:00+02:00,420.0,429.7,419.9,429.7,3161.8554
2025-06-10 06:00:00+02:00,429.4,437.8,426.1,435.3,5138.9416
2025-06-10 10:00:00+02:00,435.2,443.4,429.2,438.7,4302.5302
2025-06-10 14:00:00+02:00,438.4,443.2,421.5,427.0,6485.1707
2025-06-10 18:00:00+02:00,427.3,427.7,417.7,420.2,5166.3107
2025-06-10 22:00:00+02:00,420.1,428.1,415.5,427.8,2814.2113
2025-06-11 02:00:00+02:00,427.8,428.0,419.8,426.1,1859.093
2025-06-11 06:00:00+02:00,426.2,426.8,417.5,420.8,1914.1274
2025-06-11 10:00:00+02:00,420.8,421.8,414.2,417.3,1767.7885
2025-06-11 14:00:00+02:00,417.4,436.9,414.8,433.2,6980.9194
2025-06-11 18:00:00+02:00,433.6,435.9,412.5,414.5,4961.0281
2025-06-11 22:00:00+02:00,414.2,417.5,400.9,407.8,3317.3794
2025-06-12 02:00:00+02:00,407.9,408.6,393.4,393.6,2882.7244
2025-06-12 06:00:00+02:00,393.6,399.8,389.4,393.5,4914.8405
2025-06-12 10:00:00+02:00,393.4,397.6,390.8,392.7,1797.3161
2025-06-12 14:00:00+02:00,392.8,404.2,390.0,392.9,3878.4108
2025-06-12 18:00:00+02:00,392.8,401.8,386.1,387.9,4016.5015
2025-06-12 22:00:00+02:00,387.7,390.5,378.8,386.1,4819.9006
2025-06-13 02:00:00+02:00,385.9,385.9,353.6,367.9,10662.7392
2025-06-13 06:00:00+02:00,367.8,373.1,357.6,371.8,5763.2816
2025-06-13 10:00:00+02:00,372.0,376.5,363.2,368.1,5116.0476
2025-06-13 14:00:00+02:00,368.0,372.1,362.1,369.0,6246.1927
2025-06-13 18:00:00+02:00,369.0,374.8,362.1,365.9,5019.1173
2025-06-13 22:00:00+02:00,365.9,375.8,364.9,375.7,3108.8657
2025-06-14 02:00:00+02:00,375.5,375.5,369.8,372.6,1310.6744
2025-06-14 06:00:00+02:00,372.3,378.7,371.7,375.5,2193.7807
2025-06-14 10:00:00+02:00,375.3,376.1,370.3,374.8,1452.8071
2025-06-14 14:00:00+02:00,374.4,374.4,363.6,365.4,3473.6087
2025-06-14 18:00:00+02:00,365.1,365.4,353.7,358.7,3628.996
2025-06-14 22:00:00+02:00,358.7,366.0,356.5,363.7,1434.0131
2025-06-15 02:00:00+02:00,363.6,368.6,363.4,366.0,1351.9278
2025-06-15 06:00:00+02:00,365.8,370.4,365.5,366.5,1462.477
2025-06-15 10:00:00+02:00,366.4,366.8,360.9,365.6,1653.4293
2025-06-15 14:00:00+02:00,365.6,374.9,365.3,371.4,2708.9279
2025-06-15 18:00:00+02:00,371.4,375.4,366.4,367.2,2755.0655
2025-06-15 22:00:00+02:00,367.8,368.3,354.9,367.0,5488.1567
2025-06-16 02:00:00+02:00,367.1,375.9,363.8,372.3,1444.4948
2025-06-16 06:00:00+02:00,372.1,385.1,372.0,384.0,3482.0036
2025-06-16 10:00:00+02:00,384.3,384.8,377.3,381.1,2895.9692
2025-06-16 14:00:00+02:00,380.8,389.1,377.6,387.0,3817.5297
2025-06-16 18:00:00+02:00,387.2,392.0,384.8,387.7,2971.8324
2025-06-16 22:00:00+02:00,387.5,390.3,366.3,367.7,4625.7427
2025-06-17 02:00:00+02:00,367.6,372.4,348.0,368.9,7851.1592
2025-06-17 06:00:00+02:00,369.4,370.0,355.2,360.1,4466.8214
2025-06-17 10:00:00+02:00,359.9,360.6,348.9,351.9,5027.7772
2025-06-17 14:00:00+02:00,351.9,358.4,341.2,344.0,6206.2835
2025-06-17 18:00:00+02:00,343.9,352.2,334.5,348.6,10283.0409
2025-06-17 22:00:00+02:00,348.5,353.0,344.9,349.9,3065.343
2025-06-18 02:00:00+02:00,350.1,358.9,350.0,357.9,2422.0331
2025-06-18 06:00:00+02:00,357.8,361.2,354.0,356.6,2269.0069
2025-06-18 10:00:00+02:00,356.6,358.3,342.3,347.6,2520.5125
2025-06-18 14:00:00+02:00,347.5,351.7,337.7,346.4,4857.2845
2025-06-18 18:00:00+02:00,346.2,352.9,340.4,347.9,4445.5809
2025-06-18 22:00:00+02:00,348.2,367.0,346.5,362.6,4411.5877
2025-06-19 02:00:00+02:00,362.4,368.2,357.7,362.0,2107.3921
2025-06-19 06:00:00+02:00,362.1,363.1,356.4,357.3,1442.6008
2025-06-19 10:00:00+02:00,357.2,370.0,354.8,356.6,3475.0306
2025-06-19 14:00:00+02:00,356.7,358.2,348.2,348.7,2406.1211
2025-06-19 18:00:00+02:00,348.8,353.4,345.4,348.4,3084.7658
2025-06-19 22:00:00+02:00,348.5,354.0,346.4,350.7,1495.1759
2025-06-20 02:00:00+02:00,350.6,354.3,347.5,348.5,799.0895
2025-06-20 06:00:00+02:00,348.4,357.1,340.0,356.7,3533.5468
2025-06-20 10:00:00+02:00,357.0,360.9,351.8,354.4,4092.7237
2025-06-20 14:00:00+02:00,354.3,357.1,337.8,341.9,6395.6765
2025-06-20 18:00:00+02:00,341.9,342.7,330.6,342.2,10170.1178
2025-06-20 22:00:00+02:00,342.0,345.4,336.5,340.7,3200.1347
2025-06-21 02:00:00+02:00,340.6,343.2,337.6,341.7,2394.0077
2025-06-21 06:00:00+02:00,341.8,343.6,340.3,343.3,1606.5938
2025-06-21 10:00:00+02:00,343.3,345.3,339.6,341.5,2607.7593
2025-06-21 14:00:00+02:00,341.6,342.5,327.1,330.5,7155.6988
2025-06-21 18:00:00+02:00,330.5,332.8,313.2,313.4,9749.4907
2025-06-21 22:00:00+02:00,313.4,318.2,301.9,316.3,15095.2722
2025-06-22 02:00:00+02:00,316.3,323.4,310.9,313.2,5846.0342
2025-06-22 06:00:00+02:00,313.0,318.0,308.7,313.8,4245.8584
2025-06-22 10:00:00+02:00,314.0,314.8,301.9,303.7,8737.8406
2025-06-22 14:00:00+02:00,303.7,307.8,290.0,297.3,14624.5854
2025-06-22 18:00:00+02:00,297.5,304.1,292.3,292.8,6003.9453
2025-06-22 22:00:00+02:00,292.8,306.1,287.4,305.5,9412.1869
2025-06-23 02:00:00+02:00,305.4,310.1,304.5,305.5,3975.8483
2025-06-23 06:00:00+02:00,305.6,311.1,304.7,309.0,4411.3605
2025-06-23 10:00:00+02:00,308.9,310.8,305.6,307.5,3620.0207
2025-06-23 14:00:00+02:00,307.7,332.8,305.5,307.2,9857.1173
2025-06-23 18:00:00+02:00,307.2,327.2,296.8,326.9,15145.2335
2025-06-23 22:00:00+02:00,326.7,356.0,325.1,350.1,19112.3589
2025-06-24 02:00:00+02:00,350.1,354.6,347.8,351.9,5983.7918
2025-06-24 06:00:00+02:00,351.9,364.3,351.9,354.5,8080.026
2025-06-24 10:00:00+02:00,354.3,358.6,350.2,356.7,5588.1539
2025-06-24 14:00:00+02:00,356.7,361.7,350.2,352.1,6033.2017
2025-06-24 18:00:00+02:00,352.2,359.4,341.2,343.6,7558.7444
2025-06-24 22:00:00+02:00,343.5,346.9,341.9,345.5,2805.3745
2025-06-25 02:00:00+02:00,345.8,347.0,339.4,339.5,2038.2791
2025-06-25 06:00:00+02:00,339.6,340.8,334.5,340.5,4436.1368
2025-06-25 10:00:00+02:00,340.4,341.0,334.6,339.0,4762.2143
2025-06-25 14:00:00+02:00,339.0,346.7,329.9,331.6,11322.6362
2025-06-25 18:00:00+02:00,331.5,333.7,324.6,329.7,7718.8553
2025-06-25 22:00:00+02:00,329.5,330.3,322.5,323.4,3971.944
2025-06-26 02:00:00+02:00,323.2,333.5,321.2,327.4,3602.4613
2025-06-26 06:00:00+02:00,327.6,331.5,323.0,328.6,3244.2299
2025-06-26 10:00:00+02:00,328.6,332.8,322.2,322.7,4907.396
2025-06-26 14:00:00+02:00,322.8,323.3,314.3,319.7,9929.2341
2025-06-26 18:00:00+02:00,319.5,326.8,317.5,325.9,5170.7427
2025-06-26 22:00:00+02:00,325.8,331.1,317.5,319.8,4855.5128
2025-06-27 02:00:00+02:00,319.7,325.8,318.7,323.5,3230.7292
2025-06-27 06:00:00+02:00,323.4,324.5,314.6,314.9,4701.9345
2025-06-27 10:00:00+02:00,314.9,321.8,314.9,318.5,5102.2491
2025-06-27 14:00:00+02:00,318.5,324.4,316.7,323.8,5269.3569
2025-06-27 18:00:00+02:00,323.6,328.4,319.4,324.2,5668.4643
2025-06-27 22:00:00+02:00,324.1,328.1,323.7,326.2,2564.3975
2025-06-28 02:00:00+02:00,326.2,328.4,319.5,319.5,1959.9058
2025-06-28 06:00:00+02:00,319.6,327.4,316.8,327.1,3147.02
2025-06-28 10:00:00+02:00,327.0,328.0,323.3,326.1,2490.2165
2025-06-28 14:00:00+02:00,326.0,328.5,324.2,328.1,1401.5165
2025-06-28 18:00:00+02:00,328.0,333.2,326.9,330.8,3025.8431
2025-06-28 22:00:00+02:00,330.8,333.8,328.2,330.0,1443.958
2025-06-29 02:00:00+02:00,329.8,332.3,328.3,329.3,1174.0847
2025-06-29 06:00:00+02:00,329.3,337.1,329.2,336.7,1679.2832
2025-06-29 10:00:00+02:00,336.8,343.0,335.1,336.6,3930.9421
2025-06-29 14:00:00+02:00,336.5,344.9,334.9,340.4,5003.0654
2025-06-29 18:00:00+02:00,340.3,344.1,338.6,341.7,2925.3529
2025-06-29 22:00:00+02:00,341.9,351.0,337.2,345.7,5150.3306
2025-06-30 02:00:00+02:00,345.8,347.9,338.5,338.5,2066.0419
2025-06-30 06:00:00+02:00,338.6,341.4,333.0,337.4,2768.2953
2025-06-30 10:00:00+02:00,337.3,337.4,329.3,331.1,4175.2843
2025-06-30 14:00:00+02:00,331.1,338.6,328.3,335.3,6450.2948
2025-06-30 18:00:00+02:00,335.5,342.4,333.5,342.2,3382.6238
2025-06-30 22:00:00+02:00,342.2,343.7,333.7,334.7,2693.7056
2025-07-01 02:00:00+02:00,334.8,338.0,332.1,335.3,2256.2294
2025-07-01 06:00:00+02:00,335.3,335.6,328.6,333.0,4024.3005
2025-07-01 10:00:00+02:00,332.9,333.6,324.0,325.3,2732.4506
2025-07-01 14:00:00+02:00,325.2,327.8,320.7,325.8,4563.8402
2025-07-01 18:00:00+02:00,325.6,326.9,318.9,319.1,2153.9398
2025-07-01 22:00:00+02:00,319.1,322.4,316.3,318.3,2057.9839
2025-07-02 02:00:00+02:00,318.2,321.4,316.5,319.7,1191.4765
2025-07-02 06:00:00+02:00,319.7,328.3,318.1,327.7,2468.2655
2025-07-02 10:00:00+02:00,327.8,329.6,322.3,323.3,1977.3823
2025-07-02 14:00:00+02:00,323.2,329.0,320.1,328.4,4141.0409
2025-07-02 18:00:00+02:00,328.4,339.1,328.0,338.0,7487.7874
2025-07-02 22:00:00+02:00,337.9,343.2,334.3,334.8,3721.1258
2025-07-03 02:00:00+02:00,334.9,343.9,331.8,336.4,3522.5479
2025-07-03 06:00:00+02:00,336.2,346.2,336.0,342.9,3201.2337
2025-07-03 10:00:00+02:00,342.9,346.9,337.6,338.8,3630.1193
2025-07-03 14:00:00+02:00,338.7,343.3,329.0,330.2,7579.8957
2025-07-03 18:00:00+02:00,330.1,338.1,330.0,336.4,2617.8818
2025-07-03 22:00:00+02:00,336.4,340.5,335.6,338.1,1241.3683
2025-07-04 02:00:00+02:00,338.1,340.7,333.4,335.0,1302.1212
2025-07-04 06:00:00+02:00,335.0,337.7,323.2,323.6,3488.5601
2025-07-04 10:00:00+02:00,323.5,326.1,320.4,323.5,2969.96
2025-07-04 14:00:00+02:00,323.3,324.4,317.7,318.9,4269.5219
2025-07-04 18:00:00+02:00,318.7,322.8,315.3,320.8,3063.8587
2025-07-04 22:00:00+02:00,320.9,326.7,320.8,324.7,2059.0793
2025-07-05 02:00:00+02:00,324.7,326.0,320.7,324.1,901.5505
2025-07-05 06:00:00+02:00,324.1,325.1,321.0,322.8,900.9019
2025-07-05 10:00:00+02:00,322.8,325.1,320.8,323.4,860.948
2025-07-05 14:00:00+02:00,323.3,323.8,321.1,322.4,853.7689
2025-07-05 18:00:00+02:00,322.3,323.2,318.0,320.3,1772.0719
2025-07-05 22:00:00+02:00,320.0,322.7,318.0,322.4,982.1714
2025-07-06 02:00:00+02:00,322.3,322.3,319.3,320.4,475.5525
2025-07-06 06:00:00+02:00,320.3,322.3,318.7,320.7,867.8257
2025-07-06 10:00:00+02:00,320.9,323.0,319.7,321.6,1211.8222
2025-07-06 14:00:00+02:00,321.4,329.1,320.0,326.5,4486.1368
2025-07-06 18:00:00+02:00,326.4,328.4,323.6,325.5,2354.4968
2025-07-06 22:00:00+02:00,325.7,332.3,325.3,326.6,2812.3605
2025-07-07 02:00:00+02:00,326.8,332.1,325.5,329.3,2113.0117
2025-07-07 06:00:00+02:00,329.2,330.7,326.6,329.2,1503.0782
2025-07-07 10:00:00+02:00,329.1,329.5,323.4,324.8,4560.7589
2025-07-07 14:00:00+02:00,324.7,326.5,320.8,323.3,3167.4126
2025-07-07 18:00:00+02:00,323.3,324.2,318.9,322.1,2431.4204
2025-07-07 22:00:00+02:00,321.9,321.9,317.0,320.4,1673.4606
2025-07-08 02:00:00+02:00,319.8,321.5,315.1,318.3,2283.7495
2025-07-08 06:00:00+02:00,318.0,321.9,316.8,321.4,2072.1593
2025-07-08 10:00:00+02:00,321.4,322.8,318.7,321.5,1594.1273
2025-07-08 14:00:00+02:00,321.5,323.8,317.2,317.7,2269.8932
2025-07-08 18:00:00+02:00,317.8,322.9,315.7,320.4,3326.0185
2025-07-08 22:00:00+02:00,320.3,321.4,318.3,321.0,1080.5992
2025-07-09 02:00:00+02:00,321.2,322.1,317.8,318.5,1236.3391
2025-07-09 06:00:00+02:00,318.4,324.9,318.2,324.8,2588.4787
2025-07-09 10:00:00+02:00,324.9,327.0,323.8,326.1,3209.6214
2025-07-09 14:00:00+02:00,326.3,330.2,324.2,326.2,4226.5409
2025-07-09 18:00:00+02:00,326.1,343.4,325.5,343.0,7015.394
2025-07-09 22:00:00+02:00,343.1,351.6,336.4,347.6,9073.556
2025-07-10 02:00:00+02:00,347.8,351.5,347.4,349.6,1810.7176
2025-07-10 06:00:00+02:00,349.8,356.0,346.7,352.3,3691.9557
2025-07-10 10:00:00+02:00,352.3,353.4,347.1,348.7,3241.6622
2025-07-10 14:00:00+02:00,348.6,351.2,345.7,348.2,3661.7159
2025-07-10 18:00:00+02:00,348.2,368.5,347.9,364.4,10181.2627
2025-07-10 22:00:00+02:00,364.2,381.8,363.4,375.7,9415.4614
2025-07-11 02:00:00+02:00,375.8,381.0,369.4,379.2,2795.5906
2025-07-11 06:00:00+02:00,379.1,389.9,375.2,377.8,9431.0435
2025-07-11 10:00:00+02:00,377.9,393.5,377.3,388.4,7668.7025
2025-07-11 14:00:00+02:00,388.6,399.5,381.7,383.8,10120.2078
2025-07-11 18:00:00+02:00,384.0,400.7,383.2,399.7,6518.7195
2025-07-11 22:00:00+02:00,399.6,402.9,384.0,394.3,6113.2634
2025-07-12 02:00:00+02:00,394.2,401.3,388.1,399.2,2955.7733
2025-07-12 06:00:00+02:00,399.3,400.3,389.0,392.0,3855.3837
2025-07-12 10:00:00+02:00,392.1,395.6,389.6,390.2,3368.6778
2025-07-12 14:00:00+02:00,390.2,391.2,373.6,376.1,6697.9241
2025-07-12 18:00:00+02:00,376.1,386.9,374.4,385.6,2897.7007
2025-07-12 22:00:00+02:00,385.6,386.0,378.8,384.7,1741.4655
2025-07-13 02:00:00+02:00,384.9,388.0,381.4,386.5,1714.9632
2025-07-13 06:00:00+02:00,386.5,392.6,384.8,392.6,4703.9656
2025-07-13 10:00:00+02:00,392.6,394.6,386.6,394.6,2469.1201
2025-07-13 14:00:00+02:00,394.4,400.1,392.5,395.4,3774.7805
2025-07-13 18:00:00+02:00,395.7,405.0,391.0,396.8,3395.7939
2025-07-13 22:00:00+02:00,396.8,398.8,384.7,391.1,4571.5747
2025-07-14 02:00:00+02:00,391.2,408.1,390.5,406.0,3805.8801
2025-07-14 06:00:00+02:00,406.0,432.3,404.3,425.7,15141.4985
2025-07-14 10:00:00+02:00,425.9,426.0,415.2,418.3,6523.4335
2025-07-14 14:00:00+02:00,418.2,423.3,405.4,408.7,6317.4695
2025-07-14 18:00:00+02:00,408.1,416.2,400.7,411.2,5743.2156
2025-07-14 22:00:00+02:00,410.8,410.8,401.6,408.9,2012.5534
2025-07-15 02:00:00+02:00,408.5,412.4,400.2,407.1,4595.1248
2025-07-15 06:00:00+02:00,407.0,420.9,401.2,410.2,7602.2428
2025-07-15 10:00:00+02:00,410.2,427.4,404.6,426.3,6127.7388
2025-07-15 14:00:00+02:00,426.0,437.7,418.8,428.7,10871.2187
2025-07-15 18:00:00+02:00,428.6,437.3,424.4,425.5,6526.9402
2025-07-15 22:00:00+02:00,425.6,436.6,419.9,436.1,3578.4628
2025-07-16 02:00:00+02:00,435.9,446.6,430.1,433.6,3917.0984
2025-07-16 06:00:00+02:00,433.8,445.0,428.6,441.1,5791.631
2025-07-16 10:00:00+02:00,440.9,443.5,436.7,440.0,3584.593
2025-07-16 14:00:00+02:00,440.0,445.0,432.2,437.9,6293.2479
2025-07-16 18:00:00+02:00,437.8,445.3,434.9,438.7,4280.2435
2025-07-16 22:00:00+02:00,438.8,444.9,429.6,431.9,4462.0467
2025-07-17 02:00:00+02:00,431.9,438.0,418.6,422.5,4345.427
2025-07-17 06:00:00+02:00,422.4,433.4,420.6,429.5,3412.3184
2025-07-17 10:00:00+02:00,429.4,434.9,423.9,427.9,4447.5388
2025-07-17 14:00:00+02:00,427.9,435.8,422.6,433.2,4582.0683
2025-07-17 18:00:00+02:00,433.5,434.3,418.7,419.1,5260.9826
2025-07-17 22:00:00+02:00,419.0,431.8,412.8,422.5,6245.6945
2025-07-18 02:00:00+02:00,422.9,431.9,418.8,429.2,4763.9585
2025-07-18 06:00:00+02:00,429.2,439.2,422.0,422.5,8732.8116
2025-07-18 10:00:00+02:00,422.4,426.6,411.4,415.8,8299.1615
2025-07-18 14:00:00+02:00,416.0,420.9,404.7,410.1,10388.4838
2025-07-18 18:00:00+02:00,409.9,416.5,406.7,409.9,3962.4381
2025-07-18 22:00:00+02:00,409.8,413.9,397.4,411.7,6240.8905
2025-07-19 02:00:00+02:00,411.8,414.7,405.3,413.7,1805.2025
2025-07-19 06:00:00+02:00,414.1,415.4,406.1,407.7,2354.758
2025-07-19 10:00:00+02:00,407.8,411.5,403.8,405.1,1954.2927
2025-07-19 14:00:00+02:00,404.9,414.3,404.0,412.4,3751.1425
2025-07-19 18:00:00+02:00,412.4,419.8,408.2,413.1,4711.3563
2025-07-19 22:00:00+02:00,413.1,417.0,409.9,413.9,1876.6734
2025-07-20 02:00:00+02:00,414.0,419.5,413.0,416.4,1607.6027
2025-07-20 06:00:00+02:00,416.0,423.6,414.3,422.4,3297.6826
2025-07-20 10:00:00+02:00,422.5,432.7,422.4,430.1,4343.8714
2025-07-20 14:00:00+02:00,430.2,434.9,426.4,432.5,2900.6082
2025-07-20 18:00:00+02:00,432.5,434.5,424.5,427.9,5265.1014
2025-07-20 22:00:00+02:00,427.8,428.2,406.9,413.4,8139.3128
2025-07-21 02:00:00+02:00,413.7,424.5,408.2,421.6,4290.5859
2025-07-21 06:00:00+02:00,421.3,429.1,417.3,428.8,4591.521
2025-07-21 10:00:00+02:00,428.7,432.6,423.0,427.5,14843.2329
2025-07-21 14:00:00+02:00,427.4,444.1,423.3,437.4,9408.7457
2025-07-21 18:00:00+02:00,437.5,443.6,424.6,432.4,11804.0446
2025-07-21 22:00:00+02:00,432.5,449.6,430.9,446.7,5369.0269
2025-07-22 02:00:00+02:00,446.7,461.5,440.1,446.0,9942.7679
2025-07-22 06:00:00+02:00,446.0,446.0,424.4,427.3,7375.8212
2025-07-22 10:00:00+02:00,427.6,432.5,415.1,431.7,6191.6301
2025-07-22 14:00:00+02:00,431.7,443.8,424.7,440.0,8929.7848
2025-07-22 18:00:00+02:00,440.1,453.3,435.4,437.4,7964.509
2025-07-22 22:00:00+02:00,437.4,454.8,436.0,452.3,4713.1383
2025-07-23 02:00:00+02:00,452.3,452.3,444.9,447.2,3689.284
2025-07-23 06:00:00+02:00,447.4,451.3,441.3,443.3,2285.5204
2025-07-23 10:00:00+02:00,442.8,446.7,438.3,441.9,3004.6865
2025-07-23 14:00:00+02:00,441.9,443.3,421.3,440.8,9834.8372
2025-07-23 18:00:00+02:00,440.6,441.0,420.7,425.6,5218.7968
2025-07-23 22:00:00+02:00,425.6,428.8,409.0,424.8,6046.8775
2025-07-24 02:00:00+02:00,424.8,434.6,422.6,425.6,2120.4823
2025-07-24 06:00:00+02:00,425.6,431.0,402.3,418.0,7240.1313
2025-07-24 10:00:00+02:00,417.9,424.6,411.6,418.9,5302.2432
2025-07-24 14:00:00+02:00,418.6,434.5,412.7,429.4,6674.5044
2025-07-24 18:00:00+02:00,429.7,436.6,418.9,427.8,5367.6817
2025-07-24 22:00:00+02:00,427.8,431.3,414.6,416.5,3271.4126
2025-07-25 02:00:00+02:00,416.5,428.7,405.6,410.2,7529.8808
2025-07-25 06:00:00+02:00,409.4,413.3,403.1,408.4,5243.4004
2025-07-25 10:00:00+02:00,408.1,421.3,407.6,417.9,3402.0888
2025-07-25 14:00:00+02:00,417.8,419.6,404.0,409.5,4264.1889
2025-07-25 18:00:00+02:00,409.5,416.5,406.1,414.3,2035.44
2025-07-25 22:00:00+02:00,414.1,427.9,413.6,427.4,3049.1081
2025-07-26 02:00:00+02:00,427.4,427.9,422.1,424.6,1831.579
2025-07-26 06:00:00+02:00,424.5,430.0,424.0,428.4,1339.2581
2025-07-26 10:00:00+02:00,428.6,430.9,426.4,426.4,2244.1605
2025-07-26 14:00:00+02:00,426.4,431.9,424.2,431.2,1466.1322
2025-07-26 18:00:00+02:00,431.2,434.9,427.5,432.8,1648.6661
2025-07-26 22:00:00+02:00,432.6,433.5,426.6,426.8,1157.5411
2025-07-27 02:00:00+02:00,426.8,431.8,425.8,430.2,739.4599
2025-07-27 06:00:00+02:00,430.1,432.5,428.0,428.7,1117.6101
2025-07-27 10:00:00+02:00,428.7,429.9,421.6,429.3,2951.885
2025-07-27 14:00:00+02:00,429.2,432.4,424.6,426.6,2599.2492
2025-07-27 18:00:00+02:00,426.7,433.8,426.5,429.6,4379.5029
2025-07-27 22:00:00+02:00,429.6,433.9,426.4,429.2,1994.694
2025-07-28 02:00:00+02:00,429.2,434.6,425.6,432.7,2580.6829
2025-07-28 06:00:00+02:00,432.6,439.3,430.0,432.1,4247.677
2025-07-28 10:00:00+02:00,432.1,434.2,427.7,432.5,2808.196
2025-07-28 14:00:00+02:00,432.7,433.2,406.9,410.7,8208.9674
2025-07-28 18:00:00+02:00,410.5,412.7,402.5,407.2,5185.0854
2025-07-28 22:00:00+02:00,407.2,407.5,399.5,402.7,4787.5385
2025-07-29 02:00:00+02:00,402.7,406.3,393.8,402.6,4379.1107
2025-07-29 06:00:00+02:00,402.4,411.3,398.6,409.5,3851.1862
2025-07-29 10:00:00+02:00,409.5,410.1,397.9,400.3,3388.4894
2025-07-29 14:00:00+02:00,400.3,402.3,387.8,391.8,6770.6332
2025-07-29 18:00:00+02:00,391.9,393.5,380.6,380.6,6154.2824
2025-07-29 22:00:00+02:00,380.8,384.6,375.0,383.8,4460.8352
2025-07-30 02:00:00+02:00,383.7,385.0,376.3,383.1,1915.2691
2025-07-30 06:00:00+02:00,383.0,383.8,374.8,377.4,2638.6176
2025-07-30 10:00:00+02:00,377.4,381.4,360.0,363.7,9448.167
2025-07-30 14:00:00+02:00,363.7,376.0,360.3,371.1,8707.5454
2025-07-30 18:00:00+02:00,371.5,375.9,355.3,371.7,9006.1201
2025-07-30 22:00:00+02:00,371.4,375.7,366.0,372.9,3325.8145
2025-07-31 02:00:00+02:00,372.9,378.8,370.9,376.8,2312.0982
2025-07-31 06:00:00+02:00,377.0,381.6,376.0,378.6,3799.2492
2025-07-31 10:00:00+02:00,378.5,382.6,375.8,376.8,3300.1796
2025-07-31 14:00:00+02:00,377.1,377.3,364.1,367.1,5380.9013
2025-07-31 18:00:00+02:00,367.0,374.1,363.3,365.3,3239.7713
2025-07-31 22:00:00+02:00,365.2,365.6,351.7,353.0,4593.6726
2025-08-01 02:00:00+02:00,353.1,357.6,343.6,355.0,4965.8899
2025-08-01 06:00:00+02:00,354.9,354.9,346.1,348.3,5458.3522
2025-08-01 10:00:00+02:00,348.2,349.7,337.7,349.5,6993.0081
2025-08-01 14:00:00+02:00,349.1,354.8,341.1,352.8,7848.1243
2025-08-01 18:00:00+02:00,352.5,355.0,343.3,350.0,4098.6226
2025-08-01 22:00:00+02:00,349.7,351.2,334.3,343.4,6096.758
2025-08-02 02:00:00+02:00,343.4,348.3,342.7,346.6,1944.4449
2025-08-02 06:00:00+02:00,346.5,349.5,338.1,345.9,3519.8871
2025-08-02 10:00:00+02:00,345.6,346.4,335.6,338.7,3490.6899
2025-08-02 14:00:00+02:00,338.6,340.8,332.9,334.1,4217.7209
2025-08-02 18:00:00+02:00,334.0,339.4,327.3,330.7,6695.3055
2025-08-02 22:00:00+02:00,330.5,336.4,330.1,333.8,2280.2214
2025-08-03 02:00:00+02:00,333.7,341.0,328.9,339.1,1967.9457
2025-08-03 06:00:00+02:00,338.9,341.4,337.3,341.3,1982.0019
2025-08-03 10:00:00+02:00,341.2,349.7,340.2,345.8,5052.994
2025-08-03 14:00:00+02:00,345.6,348.2,344.4,346.7,3139.6911
2025-08-03 18:00:00+02:00,346.6,353.8,345.0,349.6,3204.952
2025-08-03 22:00:00+02:00,349.8,352.1,348.3,350.0,2652.2203
2025-08-04 02:00:00+02:00,349.8,358.0,349.3,353.5,3014.5861
2025-08-04 06:00:00+02:00,353.4,357.5,351.5,357.1,3057.2007
2025-08-04 10:00:00+02:00,357.3,359.0,353.0,354.6,3101.9665
2025-08-04 14:00:00+02:00,354.8,367.0,354.4,357.5,4729.26
2025-08-04 18:00:00+02:00,357.6,362.7,352.8,353.7,3912.5304
2025-08-04 22:00:00+02:00,353.8,360.9,352.8,358.1,2867.1039
2025-08-05 02:00:00+02:00,358.0,358.0,350.2,350.3,1547.27
2025-08-05 06:00:00+02:00,350.5,351.6,343.2,343.3,4138.4223
2025-08-05 10:00:00+02:00,343.4,352.2,342.6,351.0,4074.4571
2025-08-05 14:00:00+02:00,351.1,351.6,335.2,337.3,7419.0666
2025-08-05 18:00:00+02:00,337.2,341.7,335.8,337.1,3283.8493
2025-08-05 22:00:00+02:00,337.2,343.3,334.0,342.2,2992.0522
2025-08-06 02:00:00+02:00,342.2,343.0,336.0,336.4,1590.2224
2025-08-06 06:00:00+02:00,336.3,344.7,334.9,343.9,2235.6831
2025-08-06 10:00:00+02:00,343.8,344.2,339.9,340.9,1745.102
2025-08-06 14:00:00+02:00,341.0,348.3,337.2,348.0,3494.1692
2025-08-06 18:00:00+02:00,348.0,350.6,344.3,348.2,2581.6021
2025-08-06 22:00:00+02:00,348.4,348.6,344.3,346.3,1521.292
2025-08-07 02:00:00+02:00,346.2,346.4,341.2,341.8,916.5823
2025-08-07 06:00:00+02:00,341.6,347.5,341.4,347.0,1172.0146
2025-08-07 10:00:00+02:00,347.0,359.2,345.9,358.3,3571.324
2025-08-07 14:00:00+02:00,358.4,360.9,353.7,356.7,4265.945
2025-08-07 18:00:00+02:00,356.7,360.5,348.9,360.4,2509.1837
2025-08-07 22:00:00+02:00,360.4,371.3,358.6,371.1,4252.102
2025-08-08 02:00:00+02:00,371.1,372.6,366.4,372.2,3575.9492
2025-08-08 06:00:00+02:00,372.1,375.7,367.8,375.0,3810.0281
2025-08-08 10:00:00+02:00,375.0,378.2,369.1,373.2,3950.0952
2025-08-08 14:00:00+02:00,373.2,380.3,364.4,368.1,7159.7591
2025-08-08 18:00:00+02:00,367.9,377.9,364.3,377.3,6244.0606
2025-08-08 22:00:00+02:00,377.3,378.0,373.4,374.2,1737.944
2025-08-09 02:00:00+02:00,374.3,376.1,372.1,375.1,678.4346
2025-08-09 06:00:00+02:00,375.1,385.8,374.4,385.5,6184.9929
2025-08-09 10:00:00+02:00,385.4,389.0,383.6,387.1,4482.9367
2025-08-09 14:00:00+02:00,386.9,391.1,380.6,385.6,5027.7359
2025-08-09 18:00:00+02:00,385.8,391.6,385.4,389.6,2306.3853
2025-08-09 22:00:00+02:00,389.6,395.0,387.8,390.1,2859.9537
2025-08-10 02:00:00+02:00,390.4,397.7,389.1,396.1,2839.4579
2025-08-10 06:00:00+02:00,396.1,399.2,383.6,385.1,4729.9198
2025-08-10 10:00:00+02:00,385.2,390.1,380.3,384.9,3978.588
2025-08-10 14:00:00+02:00,384.7,392.5,381.4,390.8,3416.0989
2025-08-10 18:00:00+02:00,390.6,395.7,389.0,393.6,2312.001
2025-08-10 22:00:00+02:00,393.6,393.9,383.0,389.0,3104.1942
2025-08-11 02:00:00+02:00,389.0,397.1,385.8,395.9,3539.5032
2025-08-11 06:00:00+02:00,396.0,398.1,383.8,384.9,4149.8416
2025-08-11 10:00:00+02:00,384.9,387.5,368.1,369.6,7772.2938
2025-08-11 14:00:00+02:00,369.4,376.1,366.9,374.7,5640.917
2025-08-11 18:00:00+02:00,374.5,378.4,361.7,365.6,6906.0682
2025-08-11 22:00:00+02:00,365.5,366.6,358.1,360.2,3726.2049
2025-08-12 02:00:00+02:00,360.2,367.3,359.7,362.9,1517.7507
2025-08-12 06:00:00+02:00,362.8,366.0,358.9,364.5,2183.5989
2025-08-12 10:00:00+02:00,364.5,365.7,357.7,364.4,2935.2022
2025-08-12 14:00:00+02:00,364.4,381.0,362.1,380.2,10297.5059
2025-08-12 18:00:00+02:00,380.3,392.8,379.4,391.9,7314.4782
2025-08-12 22:00:00+02:00,392.0,399.0,389.7,392.2,6051.3459
2025-08-13 02:00:00+02:00,392.2,396.0,385.5,392.8,3028.8561
2025-08-13 06:00:00+02:00,392.4,395.1,387.3,394.9,3280.1695
2025-08-13 10:00:00+02:00,394.8,404.8,394.8,401.5,5755.3308
2025-08-13 14:00:00+02:00,401.3,404.4,389.0,393.2,6758.9295
2025-08-13 18:00:00+02:00,393.3,396.7,385.9,391.9,5213.366
2025-08-13 22:00:00+02:00,392.0,394.9,387.2,390.5,3743.7618
2025-08-14 02:00:00+02:00,390.5,402.3,389.3,401.2,3469.1487
2025-08-14 06:00:00+02:00,401.1,401.6,384.1,386.6,6055.8538
2025-08-14 10:00:00+02:00,386.7,386.7,378.8,380.5,6436.6731
2025-08-14 14:00:00+02:00,380.6,383.9,358.4,369.4,15385.7858
2025-08-14 18:00:00+02:00,369.4,369.4,362.6,364.3,6754.873
2025-08-14 22:00:00+02:00,364.3,367.2,358.3,366.0,3258.8608
2025-08-15 02:00:00+02:00,366.1,379.5,365.3,379.0,3274.1035
2025-08-15 06:00:00+02:00,378.9,384.5,372.5,381.4,4710.2621
2025-08-15 10:00:00+02:00,381.2,383.5,375.1,376.1,3578.8834
2025-08-15 14:00:00+02:00,376.0,383.5,360.4,364.2,8754.3691
2025-08-15 18:00:00+02:00,364.2,368.3,360.6,363.6,5123.564
2025-08-15 22:00:00+02:00,363.6,377.7,361.9,370.8,3510.777
2025-08-16 02:00:00+02:00,370.7,376.8,368.8,371.4,1727.0597
2025-08-16 06:00:00+02:00,371.5,373.1,368.8,371.4,1748.2314
2025-08-16 10:00:00+02:00,371.3,371.7,364.9,365.2,2406.0832
2025-08-16 14:00:00+02:00,365.3,373.1,364.1,371.8,2805.2029
2025-08-16 18:00:00+02:00,371.8,374.0,369.8,372.0,1865.6765
2025-08-16 22:00:00+02:00,372.0,374.5,371.0,374.2,1801.743
2025-08-17 02:00:00+02:00,374.3,375.8,371.3,374.5,1481.7367
2025-08-17 06:00:00+02:00,374.3,378.0,372.8,373.7,1572.1434
2025-08-17 10:00:00+02:00,373.8,383.5,372.8,383.3,3672.8405
2025-08-17 14:00:00+02:00,383.4,385.5,377.8,384.8,3532.9597
2025-08-17 18:00:00+02:00,385.0,386.3,371.9,373.3,4477.1456
2025-08-17 22:00:00+02:00,373.3,378.6,372.4,373.3,2579.5963
2025-08-18 02:00:00+02:00,373.4,373.7,355.0,359.5,7502.3399
2025-08-18 06:00:00+02:00,359.4,363.8,353.7,355.9,4302.2562
2025-08-18 10:00:00+02:00,356.1,357.8,351.7,352.8,4755.8524
2025-08-18 14:00:00+02:00,352.6,358.6,348.5,355.7,5653.9354
2025-08-18 18:00:00+02:00,355.8,359.6,352.7,357.1,3068.9715
2025-08-18 22:00:00+02:00,357.1,360.4,353.9,355.1,2014.859
2025-08-19 02:00:00+02:00,355.2,360.0,347.3,349.1,3138.1053
2025-08-19 06:00:00+02:00,349.1,353.9,347.2,351.5,2769.4259
2025-08-19 10:00:00+02:00,351.6,356.6,348.8,356.5,2535.6675
2025-08-19 14:00:00+02:00,356.5,357.5,345.2,347.8,5104.581
2025-08-19 18:00:00+02:00,347.8,349.3,341.1,342.7,5689.3252
2025-08-19 22:00:00+02:00,342.9,348.3,340.9,342.2,2707.3114
2025-08-20 02:00:00+02:00,342.3,348.1,340.2,346.1,1405.4672
2025-08-20 06:00:00+02:00,346.2,350.3,346.1,347.9,1415.5209
2025-08-20 10:00:00+02:00,348.0,351.6,342.0,345.7,3773.9429
2025-08-20 14:00:00+02:00,345.7,350.4,337.3,346.3,6852.6319
2025-08-20 18:00:00+02:00,346.6,355.1,345.8,354.6,3512.0976
2025-08-20 22:00:00+02:00,354.8,355.4,351.6,353.3,2364.3658
2025-08-21 02:00:00+02:00,353.3,355.7,346.3,346.3,1792.4583
2025-08-21 06:00:00+02:00,346.3,349.6,343.6,346.6,2668.0879
2025-08-21 10:00:00+02:00,346.5,346.9,340.6,341.7,3315.3205
2025-08-21 14:00:00+02:00,341.6,345.2,336.9,337.1,3768.457
2025-08-21 18:00:00+02:00,337.2,340.4,334.8,337.3,3076.7309
2025-08-21 22:00:00+02:00,337.3,341.1,335.5,336.6,1917.601
2025-08-22 02:00:00+02:00,336.6,344.1,336.5,338.8,1019.4686
2025-08-22 06:00:00+02:00,338.8,343.0,337.5,342.0,2422.6113
2025-08-22 10:00:00+02:00,341.9,343.0,333.7,333.9,2773.0921
2025-08-22 14:00:00+02:00,334.2,361.0,329.3,355.7,16169.4065
2025-08-22 18:00:00+02:00,355.8,371.9,355.7,369.9,8033.1784
2025-08-22 22:00:00+02:00,369.9,373.7,369.0,371.2,3399.0074
2025-08-23 02:00:00+02:00,371.0,371.4,356.0,357.4,3058.6028
2025-08-23 06:00:00+02:00,357.1,369.0,357.0,361.2,3220.4259
2025-08-23 10:00:00+02:00,361.3,362.5,358.7,361.0,2394.2819
2025-08-23 14:00:00+02:00,360.9,363.6,359.7,361.1,2249.9515
2025-08-23 18:00:00+02:00,361.3,363.7,359.9,363.7,1540.5041
2025-08-23 22:00:00+02:00,363.5,365.5,361.5,364.5,817.9384
2025-08-24 02:00:00+02:00,364.5,366.0,360.0,362.5,1108.2825
2025-08-24 06:00:00+02:00,362.3,363.0,355.4,355.8,2201.3652
2025-08-24 10:00:00+02:00,355.8,357.2,349.7,351.9,3572.746
2025-08-24 14:00:00+02:00,351.9,358.1,351.3,356.1,2423.8663
2025-08-24 18:00:00+02:00,356.0,378.9,353.9,364.3,10355.287
2025-08-24 22:00:00+02:00,364.4,366.1,356.0,361.0,6285.6232
2025-08-25 02:00:00+02:00,361.2,363.3,351.3,357.1,2802.6458
2025-08-25 06:00:00+02:00,357.0,357.5,340.9,342.5,3348.0308
2025-08-25 10:00:00+02:00,343.1,345.0,337.3,341.9,3039.9093
2025-08-25 14:00:00+02:00,341.9,344.4,337.6,340.0,3914.632
2025-08-25 18:00:00+02:00,340.1,343.3,326.7,326.9,6366.5895
2025-08-25 22:00:00+02:00,327.0,328.1,316.6,320.7,11429.0347
2025-08-26 02:00:00+02:00,320.7,327.1,318.3,322.2,2459.4976
2025-08-26 06:00:00+02:00,322.3,351.0,320.2,327.2,7860.8518
2025-08-26 10:00:00+02:00,327.2,329.0,323.2,324.1,2909.924
2025-08-26 14:00:00+02:00,324.3,332.4,321.7,327.5,6600.919
2025-08-26 18:00:00+02:00,327.6,337.9,325.5,337.6,3126.4617
2025-08-26 22:00:00+02:00,337.5,338.7,332.4,334.7,5290.7656
2025-08-27 02:00:00+02:00,334.9,339.1,331.4,337.1,3741.385
2025-08-27 06:00:00+02:00,336.9,340.7,334.4,335.4,2547.0844
2025-08-27 10:00:00+02:00,335.6,339.5,334.5,336.4,2771.9994
2025-08-27 14:00:00+02:00,336.3,339.3,331.9,336.8,4286.4022
2025-08-27 18:00:00+02:00,336.8,341.9,332.2,335.0,3897.682
2025-08-27 22:00:00+02:00,334.8,338.2,328.7,330.4,5871.7481
2025-08-28 02:00:00+02:00,330.8,333.9,327.8,333.6,2099.8878
2025-08-28 06:00:00+02:00,333.5,338.2,332.5,335.8,2265.6408
2025-08-28 10:00:00+02:00,336.1,338.7,332.6,335.6,2455.3057
2025-08-28 14:00:00+02:00,335.6,337.9,331.9,333.4,5221.7072
2025-08-28 18:00:00+02:00,333.7,335.0,325.0,325.2,3492.6251
2025-08-28 22:00:00+02:00,325.2,337.0,324.7,335.9,1892.592
2025-08-29 02:00:00+02:00,335.8,337.9,330.4,334.0,1652.1879
2025-08-29 06:00:00+02:00,333.7,334.8,320.8,322.2,4013.8129
2025-08-29 10:00:00+02:00,322.1,323.5,315.8,320.8,4916.2593
2025-08-29 14:00:00+02:00,320.8,329.1,315.2,317.4,6429.6235
2025-08-29 18:00:00+02:00,317.4,319.6,314.3,317.2,3588.8567
2025-08-29 22:00:00+02:00,317.5,320.9,315.5,319.5,1907.4569
2025-08-30 02:00:00+02:00,319.6,323.7,314.7,323.1,2215.7595
2025-08-30 06:00:00+02:00,323.0,324.8,321.8,324.2,1206.1749
2025-08-30 10:00:00+02:00,324.1,325.0,322.6,324.6,1023.798
2025-08-30 14:00:00+02:00,324.6,325.1,319.6,323.7,2913.7496
2025-08-30 18:00:00+02:00,323.7,323.9,320.2,321.8,810.4142
2025-08-30 22:00:00+02:00,321.8,323.6,320.3,323.0,850.7575
2025-08-31 02:00:00+02:00,322.9,327.5,322.4,327.1,1475.7208
2025-08-31 06:00:00+02:00,327.1,327.1,323.7,324.6,482.721
2025-08-31 10:00:00+02:00,324.9,329.3,321.3,324.4,2904.305
2025-08-31 14:00:00+02:00,324.3,324.6,320.9,323.7,1660.4504
2025-08-31 18:00:00+02:00,323.7,325.1,322.1,322.4,1401.3691
2025-08-31 22:00:00+02:00,322.4,323.5,315.6,315.6,1711.5961
2025-09-01 02:00:00+02:00,315.5,316.7,310.1,311.4,3340.0315
2025-09-01 06:00:00+02:00,311.2,318.4,307.8,318.2,3536.4425
2025-09-01 10:00:00+02:00,318.3,320.2,310.8,311.9,4401.7284
2025-09-01 14:00:00+02:00,311.9,314.5,309.5,310.3,3328.2046
2025-09-01 18:00:00+02:00,310.3,312.5,307.5,312.1,2709.2251
2025-09-01 22:00:00+02:00,312.2,312.4,301.9,310.1,4489.4677
2025-09-02 02:00:00+02:00,310.3,316.9,309.7,316.6,1727.5297
2025-09-02 06:00:00+02:00,316.5,317.7,314.8,315.4,1460.7994
2025-09-02 10:00:00+02:00,315.3,318.5,313.8,314.3,2209.0787
2025-09-02 14:00:00+02:00,314.3,319.5,309.5,313.4,7560.9432
2025-09-02 18:00:00+02:00,313.6,317.1,312.8,314.5,4526.5151
2025-09-02 22:00:00+02:00,314.6,324.0,314.1,321.2,3187.6014
2025-09-03 02:00:00+02:00,321.2,324.9,318.5,323.8,1740.9147
2025-09-03 06:00:00+02:00,323.7,324.2,319.7,321.5,1797.8981
2025-09-03 10:00:00+02:00,321.4,324.9,320.1,323.4,1913.2776
2025-09-03 14:00:00+02:00,323.4,326.3,321.3,326.3,3138.4883
2025-09-03 18:00:00+02:00,326.1,329.0,324.7,327.1,3729.3153
2025-09-03 22:00:00+02:00,326.9,327.9,323.6,324.7,2252.0321
2025-09-04 02:00:00+02:00,324.8,326.5,320.5,320.7,1453.4095
2025-09-04 06:00:00+02:00,320.6,322.2,316.6,319.2,4037.1499
2025-09-04 10:00:00+02:00,319.1,321.5,318.7,319.0,1679.6698
2025-09-04 14:00:00+02:00,319.1,320.3,312.8,313.5,3986.5552
2025-09-04 18:00:00+02:00,313.5,314.9,310.9,311.9,1637.9783
2025-09-04 22:00:00+02:00,311.9,318.4,311.4,314.6,3577.1266
2025-09-05 02:00:00+02:00,314.5,317.5,314.4,316.7,704.6276
2025-09-05 06:00:00+02:00,316.7,322.0,315.3,321.6,2429.4443
2025-09-05 10:00:00+02:00,321.9,322.3,318.8,321.8,2145.0229
2025-09-05 14:00:00+02:00,321.9,327.4,314.6,318.1,8412.1575
2025-09-05 18:00:00+02:00,318.2,321.3,317.0,320.6,2375.964
2025-09-05 22:00:00+02:00,320.5,321.6,317.5,318.2,1727.0785
2025-09-06 02:00:00+02:00,318.2,320.9,318.1,320.2,352.012
2025-09-06 06:00:00+02:00,320.2,320.2,316.4,317.0,683.9453
2025-09-06 10:00:00+02:00,317.1,317.4,314.7,316.4,1333.3128
2025-09-06 14:00:00+02:00,316.4,317.7,314.7,315.1,932.6753
2025-09-06 18:00:00+02:00,314.9,317.2,314.2,314.5,1159.3807
2025-09-06 22:00:00+02:00,314.5,318.8,314.5,317.0,1822.3933
2025-09-07 02:00:00+02:00,317.1,321.2,317.0,320.8,1221.7483
2025-09-07 06:00:00+02:00,320.8,323.8,320.8,321.4,1943.9585
2025-09-07 10:00:00+02:00,321.3,325.0,321.3,324.9,1710.4988
2025-09-07 14:00:00+02:00,324.9,328.3,323.7,327.0,3830.1115
2025-09-07 18:00:00+02:00,326.9,327.7,322.9,324.2,2966.644
2025-09-07 22:00:00+02:00,324.2,328.3,321.8,326.6,1882.0251
2025-09-08 02:00:00+02:00,326.3,336.0,325.3,331.6,4006.8594
2025-09-08 06:00:00+02:00,331.5,334.9,330.2,333.6,3324.2791
2025-09-08 10:00:00+02:00,333.7,343.4,333.6,338.0,5483.2563
2025-09-08 14:00:00+02:00,338.0,348.1,334.8,346.8,7319.3743
2025-09-08 18:00:00+02:00,346.8,347.4,340.3,341.0,3977.2123
2025-09-08 22:00:00+02:00,341.2,344.7,337.7,344.2,2426.3955
2025-09-09 02:00:00+02:00,344.2,348.2,337.0,342.6,4851.5557
2025-09-09 06:00:00+02:00,342.5,349.3,340.8,346.7,4406.5077
2025-09-09 10:00:00+02:00,346.6,348.7,344.3,344.9,3135.9859
2025-09-09 14:00:00+02:00,344.9,349.2,332.7,334.9,8605.3285
2025-09-09 18:00:00+02:00,334.9,338.2,333.8,335.8,3000.0199
2025-09-09 22:00:00+02:00,335.8,337.1,332.2,335.5,2128.6437
2025-09-10 02:00:00+02:00,335.5,340.2,333.0,339.0,2252.5819
2025-09-10 06:00:00+02:00,339.0,341.3,336.6,340.2,2487.2911
2025-09-10 10:00:00+02:00,340.2,340.8,328.0,334.7,12115.4477
2025-09-10 14:00:00+02:00,334.7,347.0,334.2,344.1,11898.1984
2025-09-10 18:00:00+02:00,344.2,345.3,336.0,338.0,3475.7224
2025-09-10 22:00:00+02:00,338.0,348.8,337.9,348.7,3410.306
2025-09-11 02:00:00+02:00,348.7,355.0,348.7,353.2,3687.5669
2025-09-11 06:00:00+02:00,353.1,359.6,349.7,359.4,4237.5264
2025-09-11 10:00:00+02:00,359.3,361.5,355.5,355.9,4399.5131
2025-09-11 14:00:00+02:00,356.1,364.1,351.1,352.5,11039.4619
2025-09-11 18:00:00+02:00,352.5,359.4,352.3,359.1,3422.0971
2025-09-11 22:00:00+02:00,358.9,359.7,355.7,357.9,2496.1921
2025-09-12 02:00:00+02:00,358.1,363.0,354.3,355.6,3163.2452
2025-09-12 06:00:00+02:00,355.6,358.7,352.4,353.3,3817.9108
2025-09-12 10:00:00+02:00,353.4,353.9,346.3,346.8,4000.8429
2025-09-12 14:00:00+02:00,346.9,353.2,345.4,351.3,3812.3565
2025-09-12 18:00:00+02:00,351.3,358.9,350.7,358.0,3851.7073
2025-09-12 22:00:00+02:00,357.8,362.8,355.5,362.2,4588.925
2025-09-13 02:00:00+02:00,362.3,363.3,357.8,361.2,1857.4269
2025-09-13 06:00:00+02:00,361.0,363.0,359.3,362.0,2681.0325
2025-09-13 10:00:00+02:00,362.0,368.8,361.5,367.1,3955.0781
2025-09-13 14:00:00+02:00,367.0,370.0,359.7,361.7,5451.4642
2025-09-13 18:00:00+02:00,361.7,362.7,354.1,358.1,5135.9329
2025-09-13 22:00:00+02:00,358.1,361.9,357.5,359.4,2320.6147
2025-09-14 02:00:00+02:00,359.3,360.3,354.1,355.5,1498.1286
2025-09-14 06:00:00+02:00,355.5,358.4,352.1,353.7,2878.1978
2025-09-14 10:00:00+02:00,353.7,355.2,348.8,349.3,3005.9373
2025-09-14 14:00:00+02:00,349.3,351.1,344.7,346.7,3543.7742
2025-09-14 18:00:00+02:00,346.6,353.2,346.0,351.1,2715.3558
2025-09-14 22:00:00+02:00,351.0,355.0,349.5,350.5,2699.9555
2025-09-15 02:00:00+02:00,350.5,353.5,347.1,353.1,1652.1614
2025-09-15 06:00:00+02:00,353.0,357.0,346.6,347.0,3707.3337
2025-09-15 10:00:00+02:00,347.0,347.1,338.1,339.4,5290.3306
2025-09-15 14:00:00+02:00,339.3,341.4,335.6,338.1,3982.9443
2025-09-15 18:00:00+02:00,338.0,342.0,335.5,340.7,4859.258
2025-09-15 22:00:00+02:00,340.7,344.1,340.7,343.3,2078.4315
2025-09-16 02:00:00+02:00,343.2,344.5,340.7,341.2,1044.4639
2025-09-16 06:00:00+02:00,341.2,343.4,338.4,341.1,3591.505
2025-09-16 10:00:00+02:00,341.2,345.1,339.7,339.7,3009.2138
2025-09-16 14:00:00+02:00,339.8,342.4,336.8,342.1,3960.1385
2025-09-16 18:00:00+02:00,342.1,345.5,340.4,344.6,2283.1258
2025-09-16 22:00:00+02:00,344.6,347.8,344.1,344.7,1697.0909
2025-09-17 02:00:00+02:00,344.7,347.3,342.6,342.9,1151.234
2025-09-17 06:00:00+02:00,343.0,347.2,340.6,346.0,2338.9944
2025-09-17 10:00:00+02:00,346.2,346.2,341.9,344.7,1619.722
2025-09-17 14:00:00+02:00,344.6,348.9,344.2,344.7,3592.9326
2025-09-17 18:00:00+02:00,344.5,349.2,339.1,347.5,10166.7052
2025-09-17 22:00:00+02:00,347.7,360.3,346.5,359.0,5106.2829
2025-09-18 02:00:00+02:00,359.1,364.6,357.7,363.6,2787.6696
2025-09-18 06:00:00+02:00,363.6,364.0,355.7,359.3,3161.6257
2025-09-18 10:00:00+02:00,359.3,368.0,358.7,367.9,8787.7076
2025-09-18 14:00:00+02:00,367.9,371.5,363.3,370.0,7607.7225
2025-09-18 18:00:00+02:00,369.9,373.2,367.0,369.0,7954.1998
2025-09-18 22:00:00+02:00,368.8,371.2,361.6,361.9,4675.1283
2025-09-19 02:00:00+02:00,362.0,364.4,354.4,354.9,2821.7391
2025-09-19 06:00:00+02:00,354.8,356.8,351.1,354.5,3079.6022
2025-09-19 10:00:00+02:00,354.3,357.6,350.0,350.0,2597.5392
2025-09-19 14:00:00+02:00,350.0,353.1,346.6,349.2,4809.7179
2025-09-19 18:00:00+02:00,349.1,351.0,345.4,346.7,2445.6752
2025-09-19 22:00:00+02:00,346.5,349.7,343.8,346.1,1918.7941
2025-09-20 02:00:00+02:00,346.0,347.5,342.3,344.7,1544.4865
2025-09-20 06:00:00+02:00,344.6,347.4,343.7,347.3,1499.4241
2025-09-20 10:00:00+02:00,347.3,347.3,341.2,343.1,2239.8419
2025-09-20 14:00:00+02:00,343.0,347.7,341.1,347.4,2309.2162
2025-09-20 18:00:00+02:00,347.4,348.7,344.3,345.2,2070.185
2025-09-20 22:00:00+02:00,345.1,348.2,344.8,345.9,1228.732
2025-09-21 02:00:00+02:00,345.9,347.2,343.6,346.2,709.1537
2025-09-21 06:00:00+02:00,346.2,348.9,345.5,346.4,1259.3812
2025-09-21 10:00:00+02:00,346.3,346.9,340.5,342.3,2106.0643
2025-09-21 14:00:00+02:00,342.3,344.8,341.5,341.7,1385.317
2025-09-21 18:00:00+02:00,341.7,342.7,338.1,340.6,3118.2832
2025-09-21 22:00:00+02:00,340.5,340.5,333.6,334.1,3127.9676
2025-09-22 02:00:00+02:00,334.1,334.4,321.1,323.8,6859.1872
2025-09-22 06:00:00+02:00,323.8,324.7,302.0,308.8,13295.1219
2025-09-22 10:00:00+02:00,308.8,312.2,306.0,311.8,7772.7202
2025-09-22 14:00:00+02:00,311.8,318.1,310.5,314.0,5060.9421
2025-09-22 18:00:00+02:00,314.0,316.5,311.5,312.1,4715.8996
2025-09-22 22:00:00+02:00,312.0,319.4,311.3,318.8,2524.2773
2025-09-23 02:00:00+02:00,318.9,319.3,311.7,316.0,2116.862
2025-09-23 06:00:00+02:00,316.0,320.4,313.6,318.6,3472.0967
2025-09-23 10:00:00+02:00,318.8,320.5,315.4,315.4,2807.1141
2025-09-23 14:00:00+02:00,315.4,319.0,311.1,314.7,3994.4347
2025-09-23 18:00:00+02:00,314.5,317.0,307.6,308.5,7363.2262
2025-09-23 22:00:00+02:00,308.3,311.6,306.6,308.7,7192.2262
2025-09-24 02:00:00+02:00,308.7,315.2,307.8,308.1,3131.4688
2025-09-24 06:00:00+02:00,308.0,312.8,305.1,312.1,4146.5789
2025-09-24 10:00:00+02:00,312.1,312.5,308.8,312.0,1896.7945
2025-09-24 14:00:00+02:00,311.9,316.9,310.7,312.9,3319.5887
2025-09-24 18:00:00+02:00,313.0,315.8,312.1,313.6,2072.0765
2025-09-24 22:00:00+02:00,313.7,314.4,309.5,311.7,1980.3812
2025-09-25 02:00:00+02:00,311.6,312.8,305.0,307.7,3223.1348
2025-09-25 06:00:00+02:00,307.7,308.7,299.0,301.2,7013.2621
2025-09-25 10:00:00+02:00,301.2,304.9,297.5,298.5,4708.6578
2025-09-25 14:00:00+02:00,298.5,306.2,293.2,303.0,13311.2262
2025-09-25 18:00:00+02:00,303.1,303.5,290.2,299.6,11234.1247
2025-09-25 22:00:00+02:00,299.8,302.8,295.3,298.2,4226.9791
2025-09-26 02:00:00+02:00,298.2,306.3,298.1,306.1,3140.5676
2025-09-26 06:00:00+02:00,306.1,306.7,298.6,300.1,4825.4026
2025-09-26 10:00:00+02:00,300.0,300.5,292.4,296.2,6000.3146
2025-09-26 14:00:00+02:00,296.0,299.2,291.3,297.7,8514.9067
2025-09-26 18:00:00+02:00,297.5,306.0,297.5,299.5,5719.5747
2025-09-26 22:00:00+02:00,299.5,301.8,297.9,301.4,4159.4769
2025-09-27 02:00:00+02:00,301.4,301.8,299.4,300.1,1176.5663
2025-09-27 06:00:00+02:00,300.0,302.0,299.4,300.4,1055.8157
2025-09-27 10:00:00+02:00,300.3,300.9,296.6,300.2,2443.3435
2025-09-27 14:00:00+02:00,300.1,301.9,299.2,300.9,2630.9325
2025-09-27 18:00:00+02:00,301.0,301.1,296.1,297.6,3835.2435
2025-09-27 22:00:00+02:00,297.5,301.1,297.4,298.9,2409.5257
2025-09-28 02:00:00+02:00,298.9,299.6,296.0,296.8,1897.5276
2025-09-28 06:00:00+02:00,296.8,297.5,294.9,297.1,1176.2921
2025-09-28 10:00:00+02:00,297.0,297.7,293.0,294.1,1529.4059
2025-09-28 14:00:00+02:00,294.1,296.6,291.0,296.2,3367.1422
2025-09-28 18:00:00+02:00,296.1,300.2,295.8,299.6,3423.0982
2025-09-28 22:00:00+02:00,299.7,307.9,299.4,307.6,5140.9893
2025-09-29 02:00:00+02:00,307.6,307.6,304.2,305.9,1973.9235
2025-09-29 06:00:00+02:00,306.0,306.5,302.8,304.3,2341.6639
2025-09-29 10:00:00+02:00,304.2,305.6,298.7,301.8,3845.3441
2025-09-29 14:00:00+02:00,301.6,310.3,298.8,305.7,7338.4908
2025-09-29 18:00:00+02:00,305.8,310.4,303.4,310.0,2917.8982
2025-09-29 22:00:00+02:00,309.9,313.1,309.6,310.8,3609.8277
2025-09-30 02:00:00+02:00,310.7,313.2,308.1,308.7,2285.1486
2025-09-30 06:00:00+02:00,308.7,311.3,305.4,307.0,2585.927
2025-09-30 10:00:00+02:00,306.9,307.4,302.4,303.2,3403.8829
2025-09-30 14:00:00+02:00,303.1,306.0,296.1,298.4,5815.7509
2025-09-30 18:00:00+02:00,298.3,305.7,295.4,305.4,4253.1049
2025-09-30 22:00:00+02:00,305.3,307.1,300.8,303.0,3987.7757
2025-10-01 02:00:00+02:00,303.1,305.1,300.8,301.8,2436.3188
2025-10-01 06:00:00+02:00,301.8,305.2,300.9,302.3,3106.2469
2025-10-01 10:00:00+02:00,302.2,316.2,302.1,313.6,9070.9781
2025-10-01 14:00:00+02:00,313.6,319.0,311.0,318.9,5100.0157
2025-10-01 18:00:00+02:00,318.9,321.2,315.4,319.9,6001.6254
2025-10-01 22:00:00+02:00,319.7,320.2,315.8,319.7,2275.687
2025-10-02 02:00:00+02:00,319.7,322.7,318.1,321.1,2011.1117
2025-10-02 06:00:00+02:00,321.0,323.1,318.6,318.7,2698.6827
2025-10-02 10:00:00+02:00,318.7,319.9,317.6,318.0,1956.5528
2025-10-02 14:00:00+02:00,317.9,319.5,312.5,319.0,4242.8607
2025-10-02 18:00:00+02:00,319.0,328.0,318.5,326.1,5899.9921
2025-10-02 22:00:00+02:00,326.3,327.3,323.1,325.8,3611.2929
2025-10-03 02:00:00+02:00,325.8,328.1,321.7,326.4,3015.4698
2025-10-03 06:00:00+02:00,326.3,329.2,323.6,326.1,4104.8613
2025-10-03 10:00:00+02:00,326.0,326.2,322.1,323.3,2983.1747
2025-10-03 14:00:00+02:00,323.3,328.4,319.5,328.1,5592.1974
2025-10-03 18:00:00+02:00,328.1,330.9,321.2,326.2,8384.5929
2025-10-03 22:00:00+02:00,326.2,326.2,321.6,321.6,1818.2538
2025-10-04 02:00:00+02:00,321.6,321.8,318.1,319.9,2559.5852
2025-10-04 06:00:00+02:00,319.7,322.4,319.1,319.6,2095.5072
2025-10-04 10:00:00+02:00,319.6,320.6,316.0,317.1,3729.2578
2025-10-04 14:00:00+02:00,316.9,321.2,314.9,315.8,3884.0135
2025-10-04 18:00:00+02:00,315.8,318.9,314.9,316.3,2902.4316
2025-10-04 22:00:00+02:00,316.4,320.3,316.4,319.6,2082.0881
2025-10-05 02:00:00+02:00,319.7,323.6,316.5,321.1,3450.1732
2025-10-05 06:00:00+02:00,321.0,327.3,321.0,327.2,4455.0461
2025-10-05 10:00:00+02:00,327.2,327.9,319.6,322.4,6154.6252
2025-10-05 14:00:00+02:00,322.3,323.9,319.5,322.4,2756.7253
2025-10-05 18:00:00+02:00,322.4,324.0,312.4,313.1,6243.2897
2025-10-05 22:00:00+02:00,313.1,317.0,311.8,315.5,2327.2567
2025-10-06 02:00:00+02:00,315.5,318.9,313.1,317.3,2516.2581
2025-10-06 06:00:00+02:00,317.2,322.2,315.9,320.2,3390.4909
2025-10-06 10:00:00+02:00,320.3,325.6,320.0,325.4,3383.1533
2025-10-06 14:00:00+02:00,325.3,340.9,325.3,340.0,11699.2869
2025-10-06 18:00:00+02:00,340.1,355.1,338.9,352.4,13322.4262
2025-10-06 22:00:00+02:00,352.4,353.7,345.0,345.0,5169.6278
2025-10-07 02:00:00+02:00,344.9,346.3,340.7,345.5,2595.0243
2025-10-07 06:00:00+02:00,345.4,353.8,342.8,348.6,5154.5586
2025-10-07 10:00:00+02:00,348.6,349.5,338.6,346.0,6970.5598
2025-10-07 14:00:00+02:00,345.9,351.4,333.0,335.3,12856.6614
2025-10-07 18:00:00+02:00,335.2,340.3,330.9,331.8,7068.2946
2025-10-07 22:00:00+02:00,331.9,339.5,330.1,331.2,3332.2032
2025-10-08 02:00:00+02:00,331.2,333.3,325.7,326.5,2993.0392
2025-10-08 06:00:00+02:00,326.4,332.9,323.9,330.6,4118.9661
2025-10-08 10:00:00+02:00,330.8,336.3,329.5,334.6,3689.2752
2025-10-08 14:00:00+02:00,334.7,339.5,328.5,338.0,5260.8374
2025-10-08 18:00:00+02:00,338.0,345.6,336.8,338.5,6971.9956
2025-10-08 22:00:00+02:00,338.4,339.4,335.6,338.1,1654.1764
2025-10-09 02:00:00+02:00,338.5,339.4,328.8,333.8,2631.07
2025-10-09 06:00:00+02:00,333.7,334.3,325.4,326.7,3817.2455
2025-10-09 10:00:00+02:00,326.7,327.9,321.2,326.6,4264.9054
2025-10-09 14:00:00+02:00,326.6,331.2,321.4,324.3,6473.8002
2025-10-09 18:00:00+02:00,324.2,336.4,323.1,335.2,8036.2604
2025-10-09 22:00:00+02:00,335.3,347.6,335.3,347.3,6871.3555
2025-10-10 02:00:00+02:00,347.3,350.9,340.2,345.1,7094.5574
2025-10-10 06:00:00+02:00,345.2,363.1,344.9,356.4,11590.8716
2025-10-10 10:00:00+02:00,356.4,388.0,356.3,384.3,23275.6553
2025-10-10 14:00:00+02:00,384.4,398.0,364.1,374.2,37005.7205
2025-10-10 18:00:00+02:00,374.3,379.7,364.0,368.8,21794.5753
2025-10-10 22:00:00+02:00,368.8,372.0,139.1,291.1,73077.1311
2025-10-11 02:00:00+02:00,291.3,302.0,275.7,292.5,18022.4969
2025-10-11 06:00:00+02:00,292.5,321.1,292.1,320.4,22646.1675
2025-10-11 10:00:00+02:00,320.3,332.2,316.3,318.8,18432.3239
2025-10-11 14:00:00+02:00,318.7,319.0,303.1,308.2,12607.2408
2025-10-11 18:00:00+02:00,308.2,313.3,290.3,294.1,12040.2776
2025-10-11 22:00:00+02:00,293.8,300.2,284.2,298.0,10103.303
2025-10-12 02:00:00+02:00,297.9,300.1,287.1,298.6,6109.8645
2025-10-12 06:00:00+02:00,298.3,317.0,297.8,315.0,10819.2749
2025-10-12 10:00:00+02:00,315.0,321.6,311.3,313.0,12580.0021
2025-10-12 14:00:00+02:00,313.1,376.4,311.4,367.9,36816.8272
2025-10-12 18:00:00+02:00,367.8,393.1,354.8,391.7,34767.885
2025-10-12 22:00:00+02:00,391.9,397.0,376.1,383.9,18306.7764
2025-10-13 02:00:00+02:00,383.6,416.7,377.3,410.2,15985.0165
2025-10-13 06:00:00+02:00,410.2,424.4,397.7,420.4,16426.3047
2025-10-13 10:00:00+02:00,420.5,430.0,386.1,402.9,25955.6753
2025-10-13 14:00:00+02:00,402.9,421.8,399.7,419.3,24937.1918
2025-10-13 18:00:00+02:00,419.4,435.4,410.2,434.2,17850.2462
2025-10-13 22:00:00+02:00,434.1,450.9,428.6,447.7,20955.3002
2025-10-14 02:00:00+02:00,447.8,449.8,420.8,429.3,19834.4575
2025-10-14 06:00:00+02:00,429.3,430.0,380.4,402.1,41601.2977
2025-10-14 10:00:00+02:00,401.9,456.0,399.8,448.5,47726.3338
2025-10-14 14:00:00+02:00,448.7,475.7,408.4,472.3,61401.5738
2025-10-14 18:00:00+02:00,472.9,479.2,441.7,459.7,42802.5166
2025-10-14 22:00:00+02:00,459.9,464.4,446.8,460.7,26249.1123
2025-10-15 02:00:00+02:00,460.7,461.2,438.1,444.2,14001.6569
2025-10-15 06:00:00+02:00,444.3,468.2,441.6,460.0,15964.8943
2025-10-15 10:00:00+02:00,459.8,463.2,435.0,443.0,19164.3347
2025-10-15 14:00:00+02:00,442.9,448.8,413.2,417.6,27123.2178
2025-10-15 18:00:00+02:00,417.4,430.0,413.5,415.1,19351.4189
2025-10-15 22:00:00+02:00,415.0,420.6,406.2,411.8,13716.3706
2025-10-16 02:00:00+02:00,411.8,413.1,395.3,398.5,12094.4075
2025-10-16 06:00:00+02:00,398.4,406.9,385.3,391.6,18139.8751
2025-10-16 10:00:00+02:00,391.3,411.0,374.5,404.6,24936.4135
2025-10-16 14:00:00+02:00,404.7,416.8,392.9,394.0,31123.4691
2025-10-16 18:00:00+02:00,393.9,413.3,381.3,389.3,36660.3899
2025-10-16 22:00:00+02:00,389.2,391.4,372.2,378.8,15381.7142
2025-10-17 02:00:00+02:00,379.0,385.2,371.9,376.6,9332.3348
2025-10-17 06:00:00+02:00,376.6,379.3,346.0,346.9,24018.6269
2025-10-17 10:00:00+02:00,347.2,376.5,342.2,372.8,42195.6329
2025-10-17 14:00:00+02:00,372.7,377.0,358.7,375.4,26543.7295
2025-10-17 18:00:00+02:00,375.2,378.3,364.8,369.3,17509.9107
2025-10-17 22:00:00+02:00,369.4,387.7,366.1,382.8,14342.921
2025-10-18 02:00:00+02:00,383.0,413.0,379.7,398.7,23656.6284
2025-10-18 06:00:00+02:00,398.6,407.7,390.0,396.3,15677.3541
2025-10-18 10:00:00+02:00,396.4,402.0,393.0,399.1,10114.7524
2025-10-18 14:00:00+02:00,399.1,399.3,384.7,391.2,12074.9711
2025-10-18 18:00:00+02:00,391.2,401.8,383.6,394.0,12660.1384
2025-10-18 22:00:00+02:00,394.0,402.7,391.9,400.2,9707.0859
2025-10-19 02:00:00+02:00,400.1,411.3,396.9,408.9,12918.1998
2025-10-19 06:00:00+02:00,408.8,413.8,397.5,404.7,12778.6966
2025-10-19 10:00:00+02:00,404.7,445.1,394.5,440.6,38916.7949
2025-10-19 14:00:00+02:00,440.6,459.8,434.6,454.0,37132.6081
2025-10-19 18:00:00+02:00,454.2,457.0,434.8,436.6,26267.3238
2025-10-19 22:00:00+02:00,436.5,446.0,435.9,439.0,11426.4034
2025-10-20 02:00:00+02:00,438.8,439.7,426.4,435.0,15205.9087
2025-10-20 06:00:00+02:00,435.2,456.5,434.8,441.5,24129.82
2025-10-20 10:00:00+02:00,441.6,444.8,432.2,438.0,14317.5221
2025-10-20 14:00:00+02:00,438.2,447.7,432.4,435.2,23434.7062
2025-10-20 18:00:00+02:00,435.1,435.4,418.3,422.4,18457.1497
2025-10-20 22:00:00+02:00,422.3,428.5,420.3,422.9,6920.5481
2025-10-21 02:00:00+02:00,423.0,428.4,411.2,415.7,12972.2122
2025-10-21 06:00:00+02:00,415.7,416.2,402.8,413.6,17490.7259
2025-10-21 10:00:00+02:00,413.4,413.5,398.5,403.7,10302.6243
2025-10-21 14:00:00+02:00,403.7,424.8,396.5,423.1,32767.0915
2025-10-21 18:00:00+02:00,422.9,434.6,402.7,405.0,34425.4943
2025-10-21 22:00:00+02:00,405.0,405.9,380.4,382.2,19440.9243
2025-10-22 02:00:00+02:00,382.2,390.9,377.4,390.6,10139.1028
2025-10-22 06:00:00+02:00,390.5,430.0,381.6,399.4,19256.9322
2025-10-22 10:00:00+02:00,399.3,399.3,381.1,390.5,24374.5911
2025-10-22 14:00:00+02:00,390.4,399.3,387.6,394.5,16043.9552
2025-10-22 18:00:00+02:00,394.5,396.9,384.0,388.6,12238.2041
2025-10-22 22:00:00+02:00,388.4,389.0,366.5,380.7,19478.3955
2025-10-23 02:00:00+02:00,380.7,383.5,374.2,382.0,6231.5318
2025-10-23 06:00:00+02:00,382.0,397.1,381.2,387.6,15649.9111
2025-10-23 10:00:00+02:00,387.6,391.4,370.5,375.9,11530.3012
2025-10-23 14:00:00+02:00,375.5,396.4,372.2,390.2,19826.6237
2025-10-23 18:00:00+02:00,390.2,393.8,382.9,386.1,17472.4126
2025-10-23 22:00:00+02:00,386.0,387.4,379.6,386.3,8503.3593
2025-10-24 02:00:00+02:00,386.3,392.4,384.4,389.6,5585.1448
2025-10-24 06:00:00+02:00,389.4,398.3,388.6,395.6,7733.9778
2025-10-24 10:00:00+02:00,395.7,402.5,384.3,389.0,12273.4492
2025-10-24 14:00:00+02:00,389.0,400.0,379.8,381.4,20814.2742
2025-10-24 18:00:00+02:00,381.4,391.9,377.9,388.7,10200.6259
2025-10-24 22:00:00+02:00,388.6,391.8,382.3,385.2,6560.2402
2025-10-25 02:00:00+02:00,385.2,385.2,378.8,379.7,4319.2573
2025-10-25 06:00:00+02:00,379.6,387.6,379.6,384.4,3530.5985
2025-10-25 10:00:00+02:00,384.4,391.5,384.2,386.8,7740.0868
2025-10-25 14:00:00+02:00,386.6,391.8,381.0,386.8,9644.0037
2025-10-25 18:00:00+02:00,386.8,392.0,384.6,390.5,5545.2929
2025-10-25 22:00:00+02:00,390.4,399.0,387.1,396.5,7473.5554
2025-10-26 02:00:00+02:00,396.4,406.2,388.7,389.4,10265.4236
2025-10-26 05:00:00+01:00,389.4,396.3,389.0,393.4,5369.4637
2025-10-26 09:00:00+01:00,393.2,419.8,391.4,419.5,15147.1208
2025-10-26 13:00:00+01:00,419.5,424.1,406.1,412.5,26169.1968
2025-10-26 17:00:00+01:00,412.4,413.1,402.1,404.9,8912.7426
2025-10-26 21:00:00+01:00,404.7,412.4,396.6,404.7,12706.2266
2025-10-27 01:00:00+01:00,404.9,417.4,399.9,409.8,11217.6855
2025-10-27 05:00:00+01:00,410.0,419.9,403.6,406.6,12929.5692
2025-10-27 09:00:00+01:00,406.5,410.2,398.4,402.3,11086.977
2025-10-27 13:00:00+01:00,402.4,417.2,399.7,414.3,17999.7029
2025-10-27 17:00:00+01:00,414.2,423.4,407.8,408.6,15270.7416
2025-10-27 21:00:00+01:00,408.6,416.7,403.7,415.2,13058.6798
2025-10-28 01:00:00+01:00,415.1,423.2,405.0,420.4,18006.7619
2025-10-28 05:00:00+01:00,420.3,427.6,408.7,422.8,13959.5103
2025-10-28 09:00:00+01:00,422.9,449.9,421.3,444.1,26029.2537
2025-10-28 13:00:00+01:00,443.9,459.7,434.0,447.0,32166.6026
2025-10-28 17:00:00+01:00,447.2,452.3,432.2,434.4,18467.1227
2025-10-28 21:00:00+01:00,434.4,437.2,422.0,432.5,18040.9806
2025-10-29 01:00:00+01:00,432.3,435.2,423.1,424.7,6017.9249
2025-10-29 05:00:00+01:00,424.6,439.4,423.9,429.9,10892.3911
2025-10-29 09:00:00+01:00,429.9,429.9,415.4,428.5,14758.2061
2025-10-29 13:00:00+01:00,428.2,431.1,421.7,425.2,10013.2829
2025-10-29 17:00:00+01:00,425.3,436.8,410.7,433.9,30713.4682
2025-10-29 21:00:00+01:00,433.9,451.0,427.9,441.2,20427.4709
2025-10-30 01:00:00+01:00,441.2,455.5,436.0,448.4,13113.9446
2025-10-30 05:00:00+01:00,448.2,454.1,433.0,449.2,19656.4889
2025-10-30 09:00:00+01:00,449.1,450.7,425.2,425.7,21172.7725
2025-10-30 13:00:00+01:00,425.7,429.5,406.6,412.0,21897.6181
2025-10-30 17:00:00+01:00,412.0,415.7,389.0,390.2,32719.9292
2025-10-30 21:00:00+01:00,389.9,416.2,388.7,414.6,21058.5192
2025-10-31 01:00:00+01:00,414.7,425.9,414.0,424.4,13668.5283
2025-10-31 05:00:00+01:00,424.3,441.9,423.1,434.9,15084.2206
2025-10-31 09:00:00+01:00,434.8,443.4,430.5,436.1,12726.59
2025-10-31 13:00:00+01:00,435.9,493.2,435.0,484.9,68180.6682
2025-10-31 17:00:00+01:00,485.0,495.4,473.1,485.5,36322.1722
2025-10-31 21:00:00+01:00,485.3,490.9,472.6,480.7,18219.3104
2025-11-01 01:00:00+01:00,481.0,519.5,480.1,516.2,27195.0591
2025-11-01 05:00:00+01:00,516.1,539.0,513.7,526.0,26664.0358
2025-11-01 09:00:00+01:00,525.5,537.3,517.5,530.1,25639.6568
2025-11-01 13:00:00+01:00,530.0,531.2,486.2,500.9,25795.9048
2025-11-01 17:00:00+01:00,501.3,508.5,492.9,506.0,12950.6151
2025-11-01 21:00:00+01:00,506.0,509.0,494.7,497.1,7849.6783
2025-11-02 01:00:00+01:00,497.2,507.1,488.4,490.6,8461.761
2025-11-02 05:00:00+01:00,490.4,515.9,482.3,515.9,12350.7413
2025-11-02 09:00:00+01:00,515.7,516.6,496.3,505.6,13944.2036
2025-11-02 13:00:00+01:00,505.5,507.2,485.9,486.8,18981.7743
2025-11-02 17:00:00+01:00,486.7,490.0,463.4,480.0,21758.55
2025-11-02 21:00:00+01:00,479.9,492.8,477.2,489.1,9856.7596
2025-11-03 01:00:00+01:00,488.8,495.1,463.7,463.9,13412.8104
2025-11-03 05:00:00+01:00,464.2,477.9,460.1,468.1,16100.3131
2025-11-03 09:00:00+01:00,468.0,478.1,456.8,477.8,15146.3652
2025-11-03 13:00:00+01:00,477.8,484.5,446.0,464.9,32248.4044
2025-11-03 17:00:00+01:00,465.1,504.1,455.2,478.8,37884.1034
2025-11-03 21:00:00+01:00,478.9,481.3,460.2,466.5,22545.895
2025-11-04 01:00:00+01:00,466.7,469.5,443.1,445.8,14521.7901
2025-11-04 05:00:00+01:00,445.4,446.0,424.7,427.9,28096.0315
2025-11-04 09:00:00+01:00,428.0,436.6,420.4,426.2,22300.5202
2025-11-04 13:00:00+01:00,426.3,428.7,402.7,408.3,39772.8181
2025-11-04 17:00:00+01:00,408.2,413.6,388.3,392.0,42172.4992
2025-11-04 21:00:00+01:00,392.1,409.2,372.7,401.3,46229.3494
2025-11-05 01:00:00+01:00,401.3,402.2,375.8,393.6,20957.7
2025-11-05 05:00:00+01:00,393.4,394.8,379.3,382.9,17094.8669
2025-11-05 09:00:00+01:00,383.1,385.0,367.3,381.4,18122.4208
2025-11-05 13:00:00+01:00,381.4,404.5,378.4,404.0,26515.6771
2025-11-05 17:00:00+01:00,404.0,405.9,390.7,397.4,21088.7358
2025-11-05 21:00:00+01:00,397.3,401.2,380.4,384.0,14291.7412
2025-11-06 01:00:00+01:00,384.0,389.8,374.7,388.0,10609.5859
2025-11-06 05:00:00+01:00,388.4,396.8,380.4,381.8,9731.6129
2025-11-06 09:00:00+01:00,381.7,384.9,369.4,379.6,10623.9605
2025-11-06 13:00:00+01:00,379.5,398.7,372.1,391.0,29050.681
2025-11-06 17:00:00+01:00,391.1,411.5,385.2,397.0,26152.6731
2025-11-06 21:00:00+01:00,397.0,399.8,387.0,391.7,14157.2628
2025-11-07 01:00:00+01:00,391.9,398.3,381.1,393.8,12168.7007
2025-11-07 05:00:00+01:00,393.8,395.0,381.6,387.6,10303.4174
2025-11-07 09:00:00+01:00,387.6,388.4,352.2,356.0,25553.6345
2025-11-07 13:00:00+01:00,356.0,377.8,347.5,373.8,25851.2088
2025-11-07 17:00:00+01:00,373.9,417.3,366.5,408.4,55788.1341
2025-11-07 21:00:00+01:00,408.3,413.4,397.9,399.1,23132.6503
2025-11-08 01:00:00+01:00,399.2,404.7,385.4,386.4,15999.2449
2025-11-08 05:00:00+01:00,386.8,396.2,378.1,387.1,13524.0218
2025-11-08 09:00:00+01:00,387.1,388.6,376.2,378.2,12589.6708
2025-11-08 13:00:00+01:00,378.2,381.5,364.4,365.2,13316.5211
2025-11-08 17:00:00+01:00,365.3,375.0,360.6,366.1,15158.4035
2025-11-08 21:00:00+01:00,365.9,372.4,363.2,367.6,7209.826
2025-11-09 01:00:00+01:00,367.6,369.6,356.5,361.5,8391.4682
2025-11-09 05:00:00+01:00,361.4,365.0,358.7,364.1,4071.7718
2025-11-09 09:00:00+01:00,364.0,364.0,354.4,360.4,9141.843
2025-11-09 13:00:00+01:00,360.5,383.9,359.6,378.2,16918.1394
2025-11-09 17:00:00+01:00,377.9,388.3,371.5,388.1,15465.3269
2025-11-09 21:00:00+01:00,387.6,391.7,380.2,381.0,14378.6866
2025-11-10 01:00:00+01:00,381.0,396.4,376.3,391.8,14914.6335
2025-11-10 05:00:00+01:00,391.8,399.0,388.3,397.0,10724.9831
2025-11-10 09:00:00+01:00,397.1,398.1,385.4,388.3,13891.0812
2025-11-10 13:00:00+01:00,388.3,391.8,372.1,374.6,16923.2216
2025-11-10 17:00:00+01:00,374.7,385.1,368.4,383.5,11648.0505
2025-11-10 21:00:00+01:00,383.4,389.7,376.8,387.1,11506.8016
2025-11-11 01:00:00+01:00,387.2,397.5,382.6,395.8,10511.8817
2025-11-11 05:00:00+01:00,395.4,396.7,373.8,374.0,10374.1062
2025-11-11 09:00:00+01:00,374.0,380.4,373.3,375.3,7841.6269
2025-11-11 13:00:00+01:00,375.4,383.6,368.3,376.7,14303.0332
2025-11-11 17:00:00+01:00,376.7,380.5,366.2,368.1,10381.5983
2025-11-11 21:00:00+01:00,368.0,369.4,360.6,363.4,7421.9382
2025-11-12 01:00:00+01:00,363.7,366.1,357.7,363.2,7399.9676
2025-11-12 05:00:00+01:00,363.1,373.2,360.9,361.7,7920.8749
2025-11-12 09:00:00+01:00,361.8,378.7,361.6,376.1,10632.1989
2025-11-12 13:00:00+01:00,376.2,377.1,355.6,359.2,13794.213
2025-11-12 17:00:00+01:00,359.2,360.6,343.9,344.8,17477.8883
2025-11-12 21:00:00+01:00,344.7,352.9,343.5,348.2,5873.6821
2025-11-13 01:00:00+01:00,348.3,357.9,345.2,354.2,6209.4437
2025-11-13 05:00:00+01:00,354.1,360.2,349.4,354.3,6921.681
2025-11-13 09:00:00+01:00,354.3,355.6,346.6,352.7,5818.3443
2025-11-13 13:00:00+01:00,352.7,359.3,345.6,347.2,8476.4309
2025-11-13 17:00:00+01:00,347.1,347.7,329.1,335.7,29308.5973
2025-11-13 21:00:00+01:00,335.6,343.9,331.3,340.2,11738.745
2025-11-14 01:00:00+01:00,340.2,342.6,331.3,336.2,10012.2852
2025-11-14 05:00:00+01:00,336.2,337.2,323.1,333.5,14874.8315
2025-11-14 09:00:00+01:00,333.5,333.6,320.9,324.0,8882.0736
2025-11-14 13:00:00+01:00,323.9,333.6,312.1,330.4,21386.4938
2025-11-14 17:00:00+01:00,330.5,343.9,328.6,343.9,17529.9487
2025-11-14 21:00:00+01:00,343.8,344.0,327.8,336.0,11556.0883
2025-11-15 01:00:00+01:00,336.0,346.6,329.8,342.4,5428.4581
2025-11-15 05:00:00+01:00,342.4,351.0,341.2,345.6,6522.519
2025-11-15 09:00:00+01:00,345.5,345.9,333.6,336.4,7268.8985
2025-11-15 13:00:00+01:00,336.4,347.9,335.5,339.3,5546.752
2025-11-15 17:00:00+01:00,339.3,341.1,335.1,339.5,3838.537
2025-11-15 21:00:00+01:00,339.7,340.1,333.7,335.7,3153.5561
2025-11-16 01:00:00+01:00,335.6,339.8,328.9,339.3,3874.0873
2025-11-16 05:00:00+01:00,339.0,344.8,337.6,342.2,4226.0524
2025-11-16 09:00:00+01:00,342.3,346.3,333.0,334.6,8104.4546
2025-11-16 13:00:00+01:00,334.6,340.3,323.8,324.7,10548.5495
2025-11-16 17:00:00+01:00,324.7,327.6,312.3,317.1,16870.0358
2025-11-16 21:00:00+01:00,317.1,322.9,308.9,320.1,8814.1299
2025-11-17 01:00:00+01:00,320.3,328.9,314.7,328.7,6732.5706
2025-11-17 05:00:00+01:00,328.7,332.0,323.7,331.2,5393.7077
2025-11-17 09:00:00+01:00,331.2,332.9,325.4,327.0,6031.4363
2025-11-17 13:00:00+01:00,326.9,328.8,311.0,318.9,12342.3271
2025-11-17 17:00:00+01:00,318.6,326.6,307.1,310.6,15083.8045
2025-11-17 21:00:00+01:00,310.3,316.0,307.8,312.6,10540.0049
2025-11-18 01:00:00+01:00,312.7,326.6,306.3,324.5,11582.2894
2025-11-18 05:00:00+01:00,324.5,326.7,312.5,319.4,11294.3721
2025-11-18 09:00:00+01:00,319.4,324.0,315.3,318.2,7428.7811
2025-11-18 13:00:00+01:00,318.6,330.2,315.7,327.3,12023.7729
2025-11-18 17:00:00+01:00,327.2,337.8,326.3,336.6,11101.5222
2025-11-18 21:00:00+01:00,336.5,337.5,331.5,332.1,6473.1691
2025-11-19 01:00:00+01:00,332.0,334.4,324.6,326.5,6642.7087
2025-11-19 05:00:00+01:00,326.4,328.8,316.4,327.9,7887.3645
2025-11-19 09:00:00+01:00,327.6,327.8,318.2,320.4,7748.2502
2025-11-19 13:00:00+01:00,320.2,329.7,317.4,318.8,11679.8035
2025-11-19 17:00:00+01:00,318.8,320.7,303.9,306.8,15478.0532
2025-11-19 21:00:00+01:00,306.6,330.4,305.4,325.6,19574.9059
2025-11-20 01:00:00+01:00,325.6,329.5,322.7,327.0,5050.7972
2025-11-20 05:00:00+01:00,326.9,332.5,324.9,332.2,4944.5367
2025-11-20 09:00:00+01:00,332.3,332.6,324.3,327.5,5571.0545
2025-11-20 13:00:00+01:00,327.4,333.0,313.6,313.8,12813.322
2025-11-20 17:00:00+01:00,313.8,314.4,298.5,306.0,31379.3135
2025-11-20 21:00:00+01:00,306.1,315.0,302.8,305.3,12639.6381
2025-11-21 01:00:00+01:00,305.3,311.4,301.0,302.7,7606.905
2025-11-21 05:00:00+01:00,302.6,303.3,272.4,283.4,21774.8899
2025-11-21 09:00:00+01:00,283.4,287.9,266.7,267.5,27060.8478
2025-11-21 13:00:00+01:00,267.6,282.7,260.4,272.9,26670.982
2025-11-21 17:00:00+01:00,272.9,286.2,270.2,282.0,13434.0373
2025-11-21 21:00:00+01:00,282.0,284.3,271.2,280.0,7217.4921
2025-11-22 01:00:00+01:00,280.0,282.2,274.4,275.5,3441.7763
2025-11-22 05:00:00+01:00,275.4,275.9,265.8,271.0,6677.7756
2025-11-22 09:00:00+01:00,270.9,272.8,264.8,270.5,7245.5434
2025-11-22 13:00:00+01:00,270.5,271.5,263.4,267.9,9086.961
2025-11-22 17:00:00+01:00,267.8,272.5,267.7,268.2,5100.3503
2025-11-22 21:00:00+01:00,268.3,275.4,264.6,271.8,6317.7021
2025-11-23 01:00:00+01:00,271.7,277.8,269.1,277.7,6417.3638
2025-11-23 05:00:00+01:00,277.7,281.1,273.4,276.5,5518.1529
2025-11-23 09:00:00+01:00,276.7,286.8,276.5,283.4,9208.0603
2025-11-23 13:00:00+01:00,283.4,294.3,282.6,293.7,13810.7494
2025-11-23 17:00:00+01:00,294.0,305.7,293.3,301.4,21566.9213
2025-11-23 21:00:00+01:00,301.6,305.1,295.5,297.6,11932.7191
2025-11-24 01:00:00+01:00,297.6,302.6,290.6,297.2,12893.2482
2025-11-24 05:00:00+01:00,297.1,297.4,281.7,284.4,10113.7434
2025-11-24 09:00:00+01:00,284.4,286.2,280.2,283.7,7862.8786
2025-11-24 13:00:00+01:00,283.5,287.2,278.4,286.0,13483.8701
2025-11-24 17:00:00+01:00,286.0,297.5,285.9,295.4,20100.8518
2025-11-24 21:00:00+01:00,295.5,302.3,290.8,292.0,14974.4006
2025-11-25 01:00:00+01:00,291.9,293.3,287.6,289.5,5376.573
2025-11-25 05:00:00+01:00,289.4,296.1,289.0,290.4,5825.7817
2025-11-25 09:00:00+01:00,290.5,293.7,288.1,292.6,6806.2773
2025-11-25 13:00:00+01:00,292.7,304.6,291.6,303.1,19468.3337
2025-11-25 17:00:00+01:00,303.1,305.1,294.6,299.7,16709.4926
2025-11-25 21:00:00+01:00,299.8,313.4,298.7,309.9,15939.8297
2025-11-26 01:00:00+01:00,309.9,314.6,305.3,305.7,10209.5613
2025-11-26 05:00:00+01:00,305.7,323.5,305.7,320.5,13023.1855
2025-11-26 09:00:00+01:00,320.4,320.6,309.5,311.3,13385.0132
2025-11-26 13:00:00+01:00,311.3,311.5,302.7,304.0,16506.1643
2025-11-26 17:00:00+01:00,304.0,316.8,303.9,309.9,21397.6906
2025-11-26 21:00:00+01:00,309.8,312.8,307.4,309.7,9672.9855
2025-11-27 01:00:00+01:00,309.6,311.8,303.3,304.6,6190.0489
2025-11-27 05:00:00+01:00,304.5,308.3,304.2,306.8,4177.8198
2025-11-27 09:00:00+01:00,306.7,310.5,304.2,306.2,5768.8961
2025-11-27 13:00:00+01:00,306.2,308.4,304.3,307.4,5084.4245
2025-11-27 17:00:00+01:00,307.4,312.6,306.1,308.5,8557.1585
2025-11-27 21:00:00+01:00,308.5,310.1,295.7,296.7,10298.7424
2025-11-28 01:00:00+01:00,296.6,299.4,295.3,298.6,3660.4629
2025-11-28 05:00:00+01:00,298.8,303.5,298.3,301.1,4381.3527
2025-11-28 09:00:00+01:00,301.2,310.6,301.0,303.2,6578.3477
2025-11-28 13:00:00+01:00,303.3,311.6,303.3,308.2,9009.5654
2025-11-28 17:00:00+01:00,308.5,309.0,297.0,302.4,10678.256
2025-11-28 21:00:00+01:00,302.3,303.1,296.1,298.6,4837.9509
2025-11-29 01:00:00+01:00,298.5,300.7,297.6,299.4,1585.8959
2025-11-29 05:00:00+01:00,299.5,301.6,296.3,298.8,3555.9051
2025-11-29 09:00:00+01:00,298.8,299.7,296.0,299.3,2171.2904
2025-11-29 13:00:00+01:00,299.1,299.6,294.4,297.3,5364.0412
2025-11-29 17:00:00+01:00,297.3,297.3,292.3,294.8,3967.1606
2025-11-29 21:00:00+01:00,294.8,297.4,294.5,296.4,1623.7072
2025-11-30 01:00:00+01:00,296.4,297.6,290.4,295.2,1882.6344
2025-11-30 05:00:00+01:00,295.2,296.4,292.8,294.1,6154.741
2025-11-30 09:00:00+01:00,294.1,296.2,291.5,292.2,4550.5355
2025-11-30 13:00:00+01:00,292.2,296.6,290.9,293.3,4716.8371
2025-11-30 17:00:00+01:00,293.2,297.3,292.5,296.3,6494.0586
2025-11-30 21:00:00+01:00,296.2,299.4,288.2,289.1,5892.6859
2025-12-01 01:00:00+01:00,289.0,289.8,267.6,269.1,19248.2386
2025-12-01 05:00:00+01:00,269.0,271.0,265.1,269.6,9194.9018
2025-12-01 09:00:00+01:00,269.5,273.7,263.6,264.8,6569.8402
2025-12-01 13:00:00+01:00,264.7,267.1,254.0,260.4,16950.133
2025-12-01 17:00:00+01:00,260.6,260.8,255.8,258.1,8683.7529
2025-12-01 21:00:00+01:00,257.9,268.3,257.9,265.0,7787.6907
2025-12-02 01:00:00+01:00,265.0,268.8,262.6,264.0,4926.9515
2025-12-02 05:00:00+01:00,264.0,264.5,260.2,261.0,3510.7478
2025-12-02 09:00:00+01:00,260.9,262.1,257.1,261.3,5774.4293
2025-12-02 13:00:00+01:00,261.5,286.5,261.3,285.4,19254.4752
2025-12-02 17:00:00+01:00,285.5,288.7,280.2,285.8,14831.0266
2025-12-02 21:00:00+01:00,285.7,285.9,275.6,276.2,11618.1108
2025-12-03 01:00:00+01:00,276.1,281.3,273.9,279.4,7720.5857
2025-12-03 05:00:00+01:00,279.4,290.2,279.0,285.5,9638.9693
2025-12-03 09:00:00+01:00,285.7,289.1,281.4,283.8,6508.1932
2025-12-03 13:00:00+01:00,283.8,287.7,276.5,281.6,15314.9217
2025-12-03 17:00:00+01:00,282.0,290.0,278.8,289.0,7989.2594
2025-12-03 21:00:00+01:00,289.0,298.4,287.1,295.2,11299.0506
2025-12-04 01:00:00+01:00,295.3,302.5,291.8,301.1,9290.7858
2025-12-04 05:00:00+01:00,301.2,308.7,297.6,305.0,9319.0989
2025-12-04 09:00:00+01:00,304.7,317.4,302.9,307.3,14079.8486
2025-12-04 13:00:00+01:00,307.5,308.9,294.8,300.9,13485.8779
2025-12-04 17:00:00+01:00,300.8,302.8,286.8,293.5,11929.9902
2025-12-04 21:00:00+01:00,293.3,294.5,289.7,290.3,5805.3313
2025-12-05 01:00:00+01:00,290.2,291.5,284.8,288.3,7628.9746
2025-12-05 05:00:00+01:00,288.3,292.5,285.3,290.7,5472.6479
2025-12-05 09:00:00+01:00,290.6,291.3,280.9,283.0,10505.3996
2025-12-05 13:00:00+01:00,283.0,287.2,277.6,281.8,15458.4494
2025-12-05 17:00:00+01:00,282.0,282.0,271.3,274.4,12866.8894
2025-12-05 21:00:00+01:00,274.3,276.2,271.6,275.8,5496.3801
2025-12-06 01:00:00+01:00,275.8,278.9,275.4,278.0,2180.1051
2025-12-06 05:00:00+01:00,278.3,279.6,276.2,277.8,1765.779
2025-12-06 09:00:00+01:00,278.0,279.0,275.2,277.5,3028.2953
2025-12-06 13:00:00+01:00,277.5,280.9,275.5,280.2,4174.8672
2025-12-06 17:00:00+01:00,280.2,284.5,277.7,278.0,7999.2177
2025-12-06 21:00:00+01:00,278.1,283.7,277.9,283.1,2801.7349
2025-12-07 01:00:00+01:00,283.1,285.1,280.2,282.6,2769.2124
2025-12-07 05:00:00+01:00,282.6,285.6,281.3,283.4,1427.6434
2025-12-07 09:00:00+01:00,283.3,284.9,278.3,279.4,2884.1101
2025-12-07 13:00:00+01:00,279.2,282.8,269.9,279.7,11535.9436
2025-12-07 17:00:00+01:00,279.6,292.0,275.4,288.1,14530.3213
2025-12-07 21:00:00+01:00,288.1,288.7,273.0,277.2,9355.7901
2025-12-08 01:00:00+01:00,277.1,287.2,275.2,285.9,5009.1039
2025-12-08 05:00:00+01:00,285.9,306.3,285.9,300.6,13292.0644
2025-12-08 09:00:00+01:00,300.5,308.0,298.1,299.8,13448.202
2025-12-08 13:00:00+01:00,299.9,300.3,287.3,291.3,13902.7688
2025-12-08 17:00:00+01:00,291.2,295.9,288.4,291.7,6663.379
2025-12-08 21:00:00+01:00,291.8,299.3,291.8,294.4,6783.6338
2025-12-09 01:00:00+01:00,294.3,295.3,288.3,290.3,3409.1535
2025-12-09 05:00:00+01:00,290.4,303.7,286.7,302.4,5452.1674
2025-12-09 09:00:00+01:00,302.4,306.6,299.1,302.0,11091.5191
2025-12-09 13:00:00+01:00,301.8,314.2,299.1,311.5,15448.7398
2025-12-09 17:00:00+01:00,311.5,315.1,303.6,306.0,16054.4181
2025-12-09 21:00:00+01:00,305.7,305.7,298.6,302.1,7424.5396
2025-12-10 01:00:00+01:00,302.1,303.9,297.7,298.3,3795.0406
2025-12-10 05:00:00+01:00,298.3,301.6,297.0,299.8,4906.6779
2025-12-10 09:00:00+01:00,299.8,303.1,295.2,298.9,8422.4563
2025-12-10 13:00:00+01:00,298.7,301.0,294.7,296.4,5798.8903
2025-12-10 17:00:00+01:00,296.4,306.1,295.5,305.8,12611.1286
2025-12-10 21:00:00+01:00,305.9,312.1,292.1,292.4,20652.8637
2025-12-11 01:00:00+01:00,292.2,293.0,279.7,280.9,9427.494
2025-12-11 05:00:00+01:00,280.8,286.8,280.1,284.0,4324.6045
2025-12-11 09:00:00+01:00,284.0,285.2,281.3,284.4,3923.9029
2025-12-11 13:00:00+01:00,284.2,294.6,284.2,290.1,10300.7476
2025-12-11 17:00:00+01:00,290.0,294.9,285.8,290.2,8030.7376
2025-12-11 21:00:00+01:00,290.2,304.4,290.2,297.3,12701.1763
2025-12-12 01:00:00+01:00,297.3,303.0,293.9,301.2,4177.5721
2025-12-12 05:00:00+01:00,301.2,306.1,300.1,301.0,4815.0839
2025-12-12 09:00:00+01:00,300.9,303.3,298.2,301.8,5183.7588
2025-12-12 13:00:00+01:00,301.7,302.7,287.8,289.2,8761.7924
2025-12-12 17:00:00+01:00,289.1,294.0,284.9,288.3,8164.0949
2025-12-12 21:00:00+01:00,288.2,293.0,287.1,291.8,2465.162
2025-12-13 01:00:00+01:00,291.7,297.2,291.6,295.5,3990.0283
2025-12-13 05:00:00+01:00,295.9,296.2,290.8,291.9,1478.4229
2025-12-13 09:00:00+01:00,291.8,298.0,291.8,297.4,2771.4673
2025-12-13 13:00:00+01:00,297.5,301.9,294.3,297.1,4839.5695
2025-12-13 17:00:00+01:00,297.2,299.1,294.2,297.5,2675.4269
2025-12-13 21:00:00+01:00,297.4,298.2,293.2,294.9,1962.0957
2025-12-14 01:00:00+01:00,295.0,297.0,294.0,294.5,2153.682
2025-12-14 05:00:00+01:00,294.6,294.9,291.4,292.8,1988.5814
2025-12-14 09:00:00+01:00,292.8,296.1,288.5,291.9,4503.0928
2025-12-14 13:00:00+01:00,291.8,293.9,286.9,288.0,4943.8935
2025-12-14 17:00:00+01:00,288.0,290.4,283.9,284.6,6166.3299
2025-12-14 21:00:00+01:00,284.5,286.5,276.7,280.0,7986.2788
2025-12-15 01:00:00+01:00,280.0,289.5,279.6,284.8,5737.1392
2025-12-15 05:00:00+01:00,285.0,289.4,284.2,285.2,3977.2289
2025-12-15 09:00:00+01:00,285.2,285.5,279.8,280.2,6484.0133
2025-12-15 13:00:00+01:00,280.1,284.2,268.8,272.2,14462.2768
2025-12-15 17:00:00+01:00,272.2,272.9,258.5,265.9,13864.5443
2025-12-15 21:00:00+01:00,265.8,270.1,263.3,269.5,4462.6125
2025-12-16 01:00:00+01:00,269.5,270.4,265.6,267.0,5223.7672
2025-12-16 05:00:00+01:00,267.0,267.9,261.7,263.3,5398.1219
2025-12-16 09:00:00+01:00,263.2,267.2,261.2,263.5,6065.3932
2025-12-16 13:00:00+01:00,263.3,266.4,255.1,265.3,13620.776
2025-12-16 17:00:00+01:00,265.3,265.3,258.5,262.1,5928.7923
2025-12-16 21:00:00+01:00,262.0,263.6,260.7,262.2,2577.8453
2025-12-17 01:00:00+01:00,262.2,262.2,256.5,257.3,3089.4984
2025-12-17 05:00:00+01:00,257.3,258.5,246.8,250.1,8537.6809
2025-12-17 09:00:00+01:00,250.0,250.1,243.7,248.4,8019.9882
2025-12-17 13:00:00+01:00,248.4,255.8,243.6,244.2,16888.6061
2025-12-17 17:00:00+01:00,243.9,246.5,233.9,237.9,19388.1181
2025-12-17 21:00:00+01:00,237.9,239.1,236.3,238.7,5372.8345
2025-12-18 01:00:00+01:00,238.7,239.4,230.7,231.9,6033.7653
2025-12-18 05:00:00+01:00,231.9,233.3,227.3,227.5,5678.6762
2025-12-18 09:00:00+01:00,227.6,231.8,226.8,231.0,6099.5583
2025-12-18 13:00:00+01:00,231.1,239.0,231.1,235.0,13016.1062
2025-12-18 17:00:00+01:00,234.9,236.0,218.3,218.6,18705.5634
2025-12-18 21:00:00+01:00,218.5,222.9,216.9,219.1,8715.3837
2025-12-19 01:00:00+01:00,219.2,228.6,215.0,225.6,10146.0437
2025-12-19 05:00:00+01:00,225.6,230.2,223.6,229.2,7245.623
2025-12-19 09:00:00+01:00,229.0,230.5,226.0,228.8,5627.411
2025-12-19 13:00:00+01:00,228.9,235.5,227.1,227.7,16695.7926
2025-12-19 17:00:00+01:00,227.5,233.1,224.8,230.8,9453.7375
2025-12-19 21:00:00+01:00,230.7,234.1,228.8,230.6,5620.5162
2025-12-20 01:00:00+01:00,230.5,230.5,227.2,228.4,2903.9
2025-12-20 05:00:00+01:00,228.3,230.1,226.8,230.0,1917.2358
2025-12-20 09:00:00+01:00,230.0,232.7,225.7,228.0,4356.8356
2025-12-20 13:00:00+01:00,228.0,230.8,226.0,229.2,3341.5565
2025-12-20 17:00:00+01:00,229.2,231.7,228.2,229.7,3188.146
2025-12-20 21:00:00+01:00,229.7,229.8,225.0,226.6,2529.0456
2025-12-21 01:00:00+01:00,226.5,227.2,222.2,224.6,2345.9393
2025-12-21 05:00:00+01:00,224.6,224.7,221.9,223.6,1421.105
2025-12-21 09:00:00+01:00,223.6,227.0,221.1,221.8,4069.7318
2025-12-21 13:00:00+01:00,221.9,223.0,216.2,219.7,8149.0101
2025-12-21 17:00:00+01:00,219.6,221.7,218.7,221.0,3380.3675
2025-12-21 21:00:00+01:00,220.9,223.4,218.5,221.1,4487.3155
2025-12-22 01:00:00+01:00,221.1,226.0,221.0,223.6,4967.7574
2025-12-22 05:00:00+01:00,223.6,225.9,222.9,223.3,2588.0177
2025-12-22 09:00:00+01:00,223.2,227.5,222.2,227.0,4524.845
2025-12-22 13:00:00+01:00,227.0,232.7,226.1,228.2,11890.7044
2025-12-22 17:00:00+01:00,228.2,229.7,220.7,221.3,5588.2115
2025-12-22 21:00:00+01:00,221.0,225.0,221.0,222.2,4285.8362
2025-12-23 01:00:00+01:00,222.2,225.7,218.5,221.2,4126.8193
2025-12-23 05:00:00+01:00,221.1,221.4,217.3,218.1,4754.7937
2025-12-23 09:00:00+01:00,218.0,219.5,216.6,217.3,2882.8268
2025-12-23 13:00:00+01:00,217.2,219.9,212.1,214.5,9177.3603
2025-12-23 17:00:00+01:00,214.5,217.6,214.1,214.7,5949.0991
2025-12-23 21:00:00+01:00,215.0,218.6,211.3,214.3,4939.4446
2025-12-24 01:00:00+01:00,214.2,214.6,207.8,210.1,7266.6959
2025-12-24 05:00:00+01:00,210.2,212.0,206.2,207.7,6147.0846
2025-12-24 09:00:00+01:00,207.7,209.6,206.5,209.5,5202.0486
2025-12-24 13:00:00+01:00,209.4,215.3,208.9,215.0,5032.3762
2025-12-24 17:00:00+01:00,214.8,220.0,213.4,218.1,7471.7468
2025-12-24 21:00:00+01:00,218.1,220.0,214.9,218.2,3990.7496
2025-12-25 01:00:00+01:00,218.2,223.9,217.6,223.8,3956.3508
2025-12-25 05:00:00+01:00,223.8,224.4,220.9,221.7,2853.4758
2025-12-25 09:00:00+01:00,221.6,223.4,219.5,221.8,3398.1202
2025-12-25 13:00:00+01:00,221.6,225.7,221.5,224.7,4185.4135
2025-12-25 17:00:00+01:00,224.8,227.7,223.8,226.2,4572.2976
2025-12-25 21:00:00+01:00,226.1,226.4,217.6,218.6,4946.2536
2025-12-26 01:00:00+01:00,218.5,227.9,218.1,226.4,5266.3138
2025-12-26 05:00:00+01:00,226.4,226.4,220.8,221.6,3535.2478
2025-12-26 09:00:00+01:00,221.5,223.5,221.0,222.2,2993.1165
2025-12-26 13:00:00+01:00,222.1,223.6,216.8,218.7,5834.4074
2025-12-26 17:00:00+01:00,218.7,219.0,215.1,217.1,4547.1652
2025-12-26 21:00:00+01:00,217.0,218.2,215.1,215.6,2105.0301
2025-12-27 01:00:00+01:00,215.6,218.1,215.6,217.8,1291.4823
2025-12-27 05:00:00+01:00,217.7,218.0,215.3,216.3,1449.0562
2025-12-27 09:00:00+01:00,216.1,219.7,215.7,219.1,4463.9898
2025-12-27 13:00:00+01:00,219.1,222.4,218.5,220.3,7626.8184
2025-12-27 17:00:00+01:00,220.4,221.8,218.6,221.8,3145.5003
2025-12-27 21:00:00+01:00,221.8,225.0,220.1,223.9,4535.4559
2025-12-28 01:00:00+01:00,224.1,225.6,222.4,224.2,2459.8532
2025-12-28 05:00:00+01:00,224.1,226.2,223.4,225.9,2075.53
2025-12-28 09:00:00+01:00,225.9,227.2,223.1,223.6,4263.505
2025-12-28 13:00:00+01:00,223.8,225.5,222.3,223.6,2318.3661
2025-12-28 17:00:00+01:00,223.6,227.1,220.6,220.9,4453.0014
2025-12-28 21:00:00+01:00,220.8,224.5,219.8,224.0,2980.2823
2025-12-29 01:00:00+01:00,224.0,231.8,223.0,231.8,6484.7975
2025-12-29 05:00:00+01:00,231.8,232.7,226.4,228.0,4303.5697
2025-12-29 09:00:00+01:00,227.9,228.3,221.6,221.7,4207.2209
2025-12-29 13:00:00+01:00,221.7,224.7,218.9,222.1,5968.5933
2025-12-29 17:00:00+01:00,222.1,222.5,219.2,220.5,3289.0682
2025-12-29 21:00:00+01:00,220.3,221.3,217.6,218.4,5281.1842
2025-12-30 01:00:00+01:00,218.4,222.0,217.1,219.6,3759.3373
2025-12-30 05:00:00+01:00,219.3,222.6,218.0,219.0,2642.859
2025-12-30 09:00:00+01:00,219.1,222.2,219.0,220.1,2407.7202
2025-12-30 13:00:00+01:00,220.1,224.0,218.3,223.7,5129.4681
2025-12-30 17:00:00+01:00,223.7,225.0,218.5,221.2,4311.9877
2025-12-30 21:00:00+01:00,221.2,222.0,220.0,221.5,1159.6653
2025-12-31 01:00:00+01:00,221.5,225.4,220.6,222.8,2639.2628
2025-12-31 05:00:00+01:00,222.9,223.2,220.5,221.3,1701.2631
2025-12-31 09:00:00+01:00,221.3,224.1,220.7,223.7,2795.0228
2025-12-31 13:00:00+01:00,223.7,225.6,220.7,222.2,5335.0515
2025-12-31 17:00:00+01:00,222.1,223.2,218.1,219.2,5256.998
2025-12-31 21:00:00+01:00,219.1,221.0,218.1,218.8,2388.5669
2026-01-01 01:00:00+01:00,218.9,221.5,218.9,219.6,1197.957
2026-01-01 05:00:00+01:00,219.6,221.6,218.0,221.1,1351.2614
2026-01-01 09:00:00+01:00,221.1,224.4,220.8,224.1,2690.5886
2026-01-01 13:00:00+01:00,224.0,225.8,222.2,224.8,2939.0272
2026-01-01 17:00:00+01:00,225.0,228.7,224.1,228.2,2568.671
2026-01-01 21:00:00+01:00,228.2,230.2,225.2,230.2,2462.0174
2026-01-02 01:00:00+01:00,230.1,238.1,228.3,236.6,4896.9917
2026-01-02 05:00:00+01:00,236.6,241.7,233.4,237.3,7488.6003
2026-01-02 09:00:00+01:00,237.6,246.6,237.6,240.5,10557.6413
2026-01-02 13:00:00+01:00,240.5,245.5,238.5,239.9,9294.3341
2026-01-02 17:00:00+01:00,239.8,246.5,239.1,245.7,7493.7396
2026-01-02 21:00:00+01:00,245.7,249.9,244.3,249.1,3965.9165
2026-01-03 01:00:00+01:00,249.0,257.9,247.8,256.5,4462.0309
2026-01-03 05:00:00+01:00,256.5,258.5,244.8,245.7,9757.1331
2026-01-03 09:00:00+01:00,245.7,246.8,242.2,244.1,5960.3334
2026-01-03 13:00:00+01:00,244.1,249.0,243.0,246.9,4041.4234
2026-01-03 17:00:00+01:00,246.8,255.0,246.6,252.8,5413.7438
2026-01-03 21:00:00+01:00,252.8,256.4,250.9,254.6,6289.5464
2026-01-04 01:00:00+01:00,254.5,260.7,253.9,257.8,6955.5426
2026-01-04 05:00:00+01:00,257.8,260.1,254.7,256.7,4369.0374
2026-01-04 09:00:00+01:00,256.8,267.9,255.1,266.6,8986.0936
2026-01-04 13:00:00+01:00,266.6,269.5,261.4,267.8,11273.7358
2026-01-04 17:00:00+01:00,267.8,268.6,260.3,262.7,6082.9763
2026-01-04 21:00:00+01:00,262.7,267.9,261.8,267.0,3010.0966
2026-01-05 01:00:00+01:00,266.9,272.0,263.9,266.2,8330.5077
2026-01-05 05:00:00+01:00,266.1,266.7,258.7,264.9,6160.6265
2026-01-05 09:00:00+01:00,264.6,266.2,260.0,261.6,4755.2121
2026-01-05 13:00:00+01:00,261.6,266.8,257.9,265.6,8346.3304
2026-01-05 17:00:00+01:00,265.5,269.9,260.4,268.4,7832.5015
2026-01-05 21:00:00+01:00,268.4,273.3,265.6,267.5,7448.8977
2026-01-06 01:00:00+01:00,267.6,275.1,265.1,274.1,4960.7283
2026-01-06 05:00:00+01:00,274.2,280.1,272.9,274.3,7313.7781
2026-01-06 09:00:00+01:00,274.1,284.5,273.4,283.8,7661.6488
2026-01-06 13:00:00+01:00,283.7,298.4,283.2,290.8,22075.9011
2026-01-06 17:00:00+01:00,290.9,292.2,276.6,281.8,19653.3055
2026-01-06 21:00:00+01:00,281.7,295.6,281.7,294.0,10817.5071
2026-01-07 01:00:00+01:00,294.0,294.0,282.1,282.7,6641.9908
2026-01-07 05:00:00+01:00,282.7,284.9,278.3,284.3,4473.4271
2026-01-07 09:00:00+01:00,284.5,284.5,275.1,279.4,6533.9953
2026-01-07 13:00:00+01:00,279.2,279.8,268.7,271.5,10876.9727
2026-01-07 17:00:00+01:00,271.4,274.3,269.1,273.4,6208.0601
2026-01-07 21:00:00+01:00,273.3,274.3,267.9,270.8,4149.7056
2026-01-08 01:00:00+01:00,270.7,275.8,267.3,267.7,4969.0818
2026-01-08 05:00:00+01:00,267.7,279.2,266.5,277.0,12157.0873
2026-01-08 09:00:00+01:00,277.0,280.5,266.6,268.8,9083.7188
2026-01-08 13:00:00+01:00,268.8,290.0,265.1,288.1,17667.7359
2026-01-08 17:00:00+01:00,288.2,300.6,283.4,284.0,25704.8231
2026-01-08 21:00:00+01:00,283.9,288.7,279.6,283.7,8137.3992
2026-01-09 01:00:00+01:00,283.9,286.1,278.4,284.0,5897.1391
2026-01-09 05:00:00+01:00,283.8,283.8,275.7,278.6,5245.6111
2026-01-09 09:00:00+01:00,278.6,287.8,275.4,285.5,6771.7469
2026-01-09 13:00:00+01:00,285.4,294.2,281.8,289.1,14427.5855
2026-01-09 17:00:00+01:00,289.1,291.7,276.9,279.1,10816.9419
2026-01-09 21:00:00+01:00,279.1,284.9,278.8,280.2,3620.6389
2026-01-10 01:00:00+01:00,280.2,280.3,275.7,277.3,2760.4444
2026-01-10 05:00:00+01:00,277.2,278.7,273.6,277.8,3143.8851
2026-01-10 09:00:00+01:00,277.7,291.2,276.8,286.0,9240.2189
2026-01-10 13:00:00+01:00,286.1,287.1,281.9,283.3,3759.9579
2026-01-10 17:00:00+01:00,283.3,283.3,278.0,281.0,4652.4327
2026-01-10 21:00:00+01:00,281.0,281.2,276.7,279.3,2200.8836
2026-01-11 01:00:00+01:00,279.3,282.5,278.4,279.5,1984.412
2026-01-11 05:00:00+01:00,279.4,282.4,278.1,281.3,1438.2978
2026-01-11 09:00:00+01:00,281.2,284.6,280.7,283.2,3604.3672
2026-01-11 13:00:00+01:00,283.3,289.8,283.0,288.3,6741.2522
2026-01-11 17:00:00+01:00,288.3,294.3,286.3,290.6,8863.4225
2026-01-11 21:00:00+01:00,290.6,290.6,280.9,286.6,9216.8017
2026-01-12 01:00:00+01:00,286.6,293.3,281.6,286.6,10399.9186
2026-01-12 05:00:00+01:00,286.6,291.0,282.9,283.0,5589.5022
2026-01-12 09:00:00+01:00,282.9,286.5,278.1,281.2,6350.7476
2026-01-12 13:00:00+01:00,281.1,288.8,279.7,285.5,12681.5438
2026-01-12 17:00:00+01:00,285.5,288.1,280.0,282.5,6354.6155
2026-01-12 21:00:00+01:00,282.4,286.0,278.5,280.8,5190.1329
2026-01-13 01:00:00+01:00,280.7,285.0,277.7,279.2,5619.5904
2026-01-13 05:00:00+01:00,279.2,288.1,279.1,283.5,5687.2049
2026-01-13 09:00:00+01:00,283.6,288.8,283.4,286.5,5732.9592
2026-01-13 13:00:00+01:00,286.6,289.6,280.9,286.0,10761.3805
2026-01-13 17:00:00+01:00,286.3,292.3,283.4,289.6,11696.4618
2026-01-13 21:00:00+01:00,289.7,298.1,284.6,293.3,14332.5545
2026-01-14 01:00:00+01:00,293.2,299.5,292.2,298.1,5324.9833
2026-01-14 05:00:00+01:00,298.0,298.0,292.3,295.2,5953.3862
2026-01-14 09:00:00+01:00,295.2,302.4,290.4,290.7,11659.4569
2026-01-14 13:00:00+01:00,290.7,297.7,289.2,296.4,12888.2164
2026-01-14 17:00:00+01:00,296.6,299.3,289.3,293.6,14486.2888
2026-01-14 21:00:00+01:00,293.6,296.6,289.9,290.3,5735.6387
2026-01-15 01:00:00+01:00,290.3,293.4,279.5,281.5,7868.0714
2026-01-15 05:00:00+01:00,281.4,287.2,281.1,286.5,4955.4956
2026-01-15 09:00:00+01:00,286.3,286.8,281.2,285.1,4517.6819
2026-01-15 13:00:00+01:00,284.9,288.7,277.5,284.0,10151.5786
2026-01-15 17:00:00+01:00,283.9,285.1,277.6,279.8,5736.9659
2026-01-15 21:00:00+01:00,279.7,280.6,276.2,279.2,6006.8081
2026-01-16 01:00:00+01:00,279.3,281.4,277.3,278.3,2393.6688
2026-01-16 05:00:00+01:00,278.3,279.5,273.1,276.9,7456.3545
2026-01-16 09:00:00+01:00,276.9,277.7,273.8,274.4,2511.3746
2026-01-16 13:00:00+01:00,274.4,274.5,267.1,269.1,8937.4428
2026-01-16 17:00:00+01:00,268.9,274.9,268.3,274.2,6991.4233
2026-01-16 21:00:00+01:00,274.1,280.1,272.4,277.5,4354.1603
2026-01-17 01:00:00+01:00,277.5,278.4,274.5,274.9,1625.5837
2026-01-17 05:00:00+01:00,274.8,277.4,274.4,276.8,1092.7949
2026-01-17 09:00:00+01:00,276.8,278.0,274.8,275.5,886.6993
2026-01-17 13:00:00+01:00,275.3,278.6,274.3,278.5,2633.366
2026-01-17 17:00:00+01:00,278.4,278.7,274.7,276.0,1935.668
2026-01-17 21:00:00+01:00,276.0,276.9,273.3,273.9,2106.4062
2026-01-18 01:00:00+01:00,273.9,275.2,271.3,272.5,2174.2625
2026-01-18 05:00:00+01:00,272.4,273.8,271.6,272.2,1509.6488
2026-01-18 09:00:00+01:00,272.0,274.0,271.9,273.0,1095.5987
2026-01-18 13:00:00+01:00,272.9,274.8,270.7,272.8,3181.8514
2026-01-18 17:00:00+01:00,273.0,274.8,269.6,272.1,3619.2498
2026-01-18 21:00:00+01:00,271.9,275.6,261.4,262.0,7605.798
2026-01-19 01:00:00+01:00,261.9,262.0,236.2,252.6,20569.6466
2026-01-19 05:00:00+01:00,252.6,253.6,245.8,247.8,6130.3634
2026-01-19 09:00:00+01:00,247.8,252.7,247.3,250.8,4998.1704
2026-01-19 13:00:00+01:00,250.6,251.3,247.8,249.5,4049.9718
2026-01-19 17:00:00+01:00,249.4,256.8,249.2,255.8,5049.4513
2026-01-19 21:00:00+01:00,256.0,256.2,250.1,253.5,3613.6021
2026-01-20 01:00:00+01:00,253.4,253.6,248.2,249.4,2182.6781
2026-01-20 05:00:00+01:00,249.5,250.5,243.1,243.3,7261.7195
2026-01-20 09:00:00+01:00,243.2,244.0,239.3,240.6,6945.8164
2026-01-20 13:00:00+01:00,240.7,243.1,237.2,239.3,8353.8569
2026-01-20 17:00:00+01:00,239.3,240.1,233.9,236.2,8564.8706
2026-01-20 21:00:00+01:00,235.9,239.3,231.8,233.9,6475.9769
2026-01-21 01:00:00+01:00,234.0,240.2,234.0,237.8,4629.3314
2026-01-21 05:00:00+01:00,237.8,241.7,237.4,239.2,3191.365
2026-01-21 09:00:00+01:00,239.1,239.5,233.4,233.8,4018.234
2026-01-21 13:00:00+01:00,233.7,243.8,229.0,240.9,16930.7963
2026-01-21 17:00:00+01:00,240.9,246.0,228.5,245.7,23109.2711
2026-01-21 21:00:00+01:00,245.7,249.5,240.7,241.5,12024.1208
2026-01-22 01:00:00+01:00,241.7,248.8,241.7,246.2,4254.2896
2026-01-22 05:00:00+01:00,246.0,247.7,243.6,244.2,2386.9893
2026-01-22 09:00:00+01:00,244.1,246.3,241.6,241.7,2694.2336
2026-01-22 13:00:00+01:00,241.7,242.9,235.0,237.4,7758.4492
2026-01-22 17:00:00+01:00,237.3,240.5,236.3,239.8,4626.1744
2026-01-22 21:00:00+01:00,239.7,239.7,236.6,238.9,2983.54
2026-01-23 01:00:00+01:00,238.9,241.3,237.9,241.3,1277.7144
2026-01-23 05:00:00+01:00,241.2,242.9,239.1,239.7,2832.9313
2026-01-23 09:00:00+01:00,239.6,240.3,236.9,238.3,1851.696
2026-01-23 13:00:00+01:00,238.3,241.9,234.8,241.6,4525.9913
2026-01-23 17:00:00+01:00,241.6,245.0,237.8,238.5,8116.7962
2026-01-23 21:00:00+01:00,238.7,239.3,235.7,236.8,6224.7569
2026-01-24 01:00:00+01:00,236.7,239.8,235.1,238.5,1439.4356
2026-01-24 05:00:00+01:00,238.5,238.6,236.8,237.1,1025.2579
2026-01-24 09:00:00+01:00,237.0,239.0,235.8,238.2,1962.5338
2026-01-24 13:00:00+01:00,238.2,239.1,236.5,237.0,1114.5123
2026-01-24 17:00:00+01:00,236.9,238.7,235.8,238.4,1689.9524
2026-01-24 21:00:00+01:00,238.3,239.5,237.5,237.7,1254.4304
2026-01-25 01:00:00+01:00,237.7,238.9,236.0,236.2,1240.7734
2026-01-25 05:00:00+01:00,236.2,237.6,233.6,234.4,2062.8023
2026-01-25 09:00:00+01:00,234.4,237.8,233.3,235.0,3202.4924
2026-01-25 13:00:00+01:00,234.9,235.1,231.9,232.9,2228.1686
2026-01-25 17:00:00+01:00,232.8,232.9,220.8,222.2,12836.05
2026-01-25 21:00:00+01:00,222.2,224.6,220.3,224.2,7222.1151
2026-01-26 01:00:00+01:00,224.1,231.8,223.9,230.5,4539.9753
2026-01-26 05:00:00+01:00,230.5,235.1,230.5,234.1,5179.0193
2026-01-26 09:00:00+01:00,233.9,234.8,229.1,230.3,3707.7701
2026-01-26 13:00:00+01:00,230.3,237.3,229.3,232.7,7030.8243
2026-01-26 17:00:00+01:00,232.8,236.4,229.8,233.8,6321.0005
2026-01-26 21:00:00+01:00,233.9,235.9,231.8,234.0,4014.6417
2026-01-27 01:00:00+01:00,233.9,235.7,232.6,234.2,2224.2552
2026-01-27 05:00:00+01:00,234.0,235.5,230.4,231.9,2004.4271
2026-01-27 09:00:00+01:00,232.1,233.2,230.4,231.0,2330.6508
2026-01-27 13:00:00+01:00,230.8,232.6,227.9,230.4,4525.0777
2026-01-27 17:00:00+01:00,230.3,235.9,228.5,233.2,6478.4418
2026-01-27 21:00:00+01:00,233.1,239.2,233.0,237.9,6852.6149
2026-01-28 01:00:00+01:00,237.9,238.2,235.8,237.2,2350.5072
2026-01-28 05:00:00+01:00,237.1,238.2,234.3,236.8,2628.2798
2026-01-28 09:00:00+01:00,236.7,241.1,235.4,241.0,4112.2369
2026-01-28 13:00:00+01:00,240.9,242.3,236.4,238.2,7156.7151
2026-01-28 17:00:00+01:00,238.3,239.8,235.4,237.0,4935.1762
2026-01-28 21:00:00+01:00,236.7,240.5,235.7,237.8,6470.6625
2026-01-29 01:00:00+01:00,237.9,238.4,228.9,229.6,4423.6995
2026-01-29 05:00:00+01:00,229.2,230.7,225.5,229.0,4332.5935
2026-01-29 09:00:00+01:00,229.0,229.6,225.4,226.0,3727.7656
2026-01-29 13:00:00+01:00,226.0,228.0,214.1,219.2,12749.2727
2026-01-29 17:00:00+01:00,219.1,224.4,214.9,218.3,13199.9271
2026-01-29 21:00:00+01:00,218.2,222.0,217.8,220.8,3829.907
2026-01-30 01:00:00+01:00,220.7,222.5,211.2,214.0,9884.7227
2026-01-30 05:00:00+01:00,213.9,218.1,211.9,215.5,6769.697
2026-01-30 09:00:00+01:00,215.4,217.2,210.7,216.1,4334.9307
2026-01-30 13:00:00+01:00,216.0,217.0,211.2,213.8,6586.2006
2026-01-30 17:00:00+01:00,213.8,218.2,207.1,216.8,10441.8776
2026-01-30 21:00:00+01:00,216.8,216.8,212.2,215.0,3108.6641
2026-01-31 01:00:00+01:00,215.2,217.6,214.4,216.5,1388.1972
2026-01-31 05:00:00+01:00,216.4,218.5,210.9,211.6,3349.6284
2026-01-31 09:00:00+01:00,211.8,212.4,207.0,208.3,4347.9693
2026-01-31 13:00:00+01:00,208.2,208.7,192.7,198.1,18755.0749
2026-01-31 17:00:00+01:00,198.1,202.0,178.6,190.5,32137.2096
2026-01-31 21:00:00+01:00,190.5,199.3,187.5,197.9,7026.8632
2026-02-01 01:00:00+01:00,197.7,201.2,196.4,201.1,3082.237
2026-02-01 05:00:00+01:00,201.0,201.3,195.1,196.2,3369.6148
2026-02-01 09:00:00+01:00,196.2,197.9,193.0,194.6,3694.9157
2026-02-01 13:00:00+01:00,194.7,194.9,186.1,188.9,6035.8515
2026-02-01 17:00:00+01:00,188.9,193.5,187.1,189.5,7044.5265
2026-02-01 21:00:00+01:00,189.4,192.7,183.7,188.3,6494.7901
2026-02-02 01:00:00+01:00,188.5,194.9,182.5,190.5,7197.1868
2026-02-02 05:00:00+01:00,190.4,192.9,183.1,189.6,11346.7811
2026-02-02 09:00:00+01:00,189.5,194.0,188.5,193.0,5687.8573
2026-02-02 13:00:00+01:00,193.0,202.8,193.0,201.4,9468.1593
2026-02-02 17:00:00+01:00,201.6,207.1,197.8,197.9,10089.3593
2026-02-02 21:00:00+01:00,197.8,201.2,195.8,199.3,3447.3967
2026-02-03 01:00:00+01:00,199.5,200.2,193.6,197.9,3196.0783
2026-02-03 05:00:00+01:00,197.9,199.5,195.9,197.3,1824.3726
2026-02-03 09:00:00+01:00,197.3,198.8,193.6,194.9,3428.9257
2026-02-03 13:00:00+01:00,194.9,197.1,191.5,197.0,5538.0326
2026-02-03 17:00:00+01:00,196.9,196.9,184.2,195.9,15895.3597
2026-02-03 21:00:00+01:00,195.7,204.1,191.9,193.2,13854.9386
2026-02-04 01:00:00+01:00,193.1,198.3,191.8,197.5,3584.128
2026-02-04 05:00:00+01:00,197.4,197.7,194.3,195.3,1634.2905
2026-02-04 09:00:00+01:00,195.3,196.5,190.4,192.2,2936.473
2026-02-04 13:00:00+01:00,192.2,193.0,184.7,185.9,7509.2841
2026-02-04 17:00:00+01:00,185.9,191.7,183.0,191.3,13602.002
2026-02-04 21:00:00+01:00,191.3,191.6,184.1,187.3,7028.3513
2026-02-05 01:00:00+01:00,187.4,190.9,185.2,185.4,3733.5725
2026-02-05 05:00:00+01:00,185.4,187.5,181.2,182.5,5659.5224
2026-02-05 09:00:00+01:00,182.6,186.3,175.9,178.3,6730.282
2026-02-05 13:00:00+01:00,178.3,181.9,168.5,171.4,22089.8745
2026-02-05 17:00:00+01:00,171.4,174.2,163.2,165.5,23677.5262
2026-02-05 21:00:00+01:00,165.5,166.7,156.8,160.4,23530.4972
2026-02-06 01:00:00+01:00,160.3,165.4,142.8,161.1,29844.3436
2026-02-06 05:00:00+01:00,161.1,168.3,160.0,164.0,13770.6199
2026-02-06 09:00:00+01:00,164.0,168.7,160.9,168.3,8293.5582
2026-02-06 13:00:00+01:00,168.1,174.1,166.3,173.1,12723.8901
2026-02-06 17:00:00+01:00,173.2,181.8,172.2,175.0,16971.1053
2026-02-06 21:00:00+01:00,174.9,177.4,171.4,173.6,6342.1021
2026-02-07 01:00:00+01:00,173.5,173.6,165.8,167.5,5855.8263
2026-02-07 05:00:00+01:00,167.4,169.7,160.8,162.5,6275.1748
2026-02-07 09:00:00+01:00,162.5,166.0,162.1,163.7,4427.5684
2026-02-07 13:00:00+01:00,163.4,169.2,163.3,167.4,6359.435
2026-02-07 17:00:00+01:00,167.5,172.9,167.0,168.4,10195.8968
2026-02-07 21:00:00+01:00,168.3,170.2,166.5,167.3,2894.1799
2026-02-08 01:00:00+01:00,167.4,167.5,164.0,164.4,2282.8713
2026-02-08 05:00:00+01:00,164.4,165.3,163.4,165.1,1273.2797
2026-02-08 09:00:00+01:00,165.0,168.5,163.5,168.4,4867.9756
2026-02-08 13:00:00+01:00,168.5,170.7,166.7,167.4,6090.9051
2026-02-08 17:00:00+01:00,167.3,168.3,163.7,167.4,2777.1105
2026-02-08 21:00:00+01:00,167.3,168.2,161.9,163.2,3850.1465
2026-02-09 01:00:00+01:00,163.0,166.9,162.3,166.7,2652.4528
2026-02-09 05:00:00+01:00,166.5,166.7,162.1,162.4,1865.7657
2026-02-09 09:00:00+01:00,162.4,163.0,155.9,156.7,5403.8205
2026-02-09 13:00:00+01:00,156.7,160.7,155.3,157.9,7166.8258
2026-02-09 17:00:00+01:00,158.0,162.6,155.2,162.3,12710.3264
2026-02-09 21:00:00+01:00,162.3,163.3,158.9,159.2,3737.3145
2026-02-10 01:00:00+01:00,159.1,161.8,156.9,158.0,2221.9392
2026-02-10 05:00:00+01:00,158.1,159.8,154.9,157.0,5073.0072
2026-02-10 09:00:00+01:00,157.0,159.2,156.2,157.2,3682.0656
2026-02-10 13:00:00+01:00,157.1,158.7,154.5,157.2,5699.6044
2026-02-10 17:00:00+01:00,157.5,158.4,152.7,154.2,4577.694
2026-02-10 21:00:00+01:00,154.0,154.7,152.4,154.4,1737.6891
2026-02-11 01:00:00+01:00,154.4,154.7,150.3,151.4,2969.3073
2026-02-11 05:00:00+01:00,151.3,151.7,146.3,148.0,8635.1009
2026-02-11 09:00:00+01:00,148.1,148.1,145.0,147.1,4963.3823
2026-02-11 13:00:00+01:00,147.1,154.2,144.1,145.9,15217.1946
2026-02-11 17:00:00+01:00,146.0,149.0,143.8,146.6,6045.0617
2026-02-11 21:00:00+01:00,146.6,149.1,144.3,145.8,7081.6348
2026-02-12 01:00:00+01:00,146.0,152.6,145.9,152.3,3087.6162
2026-02-12 05:00:00+01:00,152.3,152.7,149.9,150.9,3146.3833
2026-02-12 09:00:00+01:00,150.8,160.2,150.6,159.0,10722.8795
2026-02-12 13:00:00+01:00,158.9,159.1,155.3,156.4,5405.7705
