timestamp,open,high,low,close,volume
2025-11-05 09:00:00+01:00,370.32,599.99,370.32,433.89,148.299
2025-11-05 10:00:00+01:00,435.52,441.72,429.34,440.05,20.826
2025-11-05 11:00:00+01:00,447.21,461.44,442.09,445.0,61.504
2025-11-05 12:00:00+01:00,441.92,498.0,440.73,460.86,82.276
2025-11-05 13:00:00+01:00,452.91,466.6,450.24,457.27,50.994
2025-11-05 14:00:00+01:00,455.0,581.53,449.23,460.54,94.455
2025-11-05 15:00:00+01:00,460.54,470.49,451.95,468.3,569.65
2025-11-05 16:00:00+01:00,465.66,496.52,465.66,482.64,1001.089
2025-11-05 17:00:00+01:00,482.05,492.19,473.45,480.67,1034.642
2025-11-05 18:00:00+01:00,480.87,482.84,470.71,481.81,550.803
2025-11-05 19:00:00+01:00,480.85,498.6,462.19,491.27,2230.598
2025-11-05 20:00:00+01:00,489.41,498.18,477.44,490.49,2826.658
2025-11-05 21:00:00+01:00,490.5,508.03,482.95,495.51,3126.41
2025-11-05 22:00:00+01:00,496.05,504.62,485.12,494.42,1032.801
2025-11-05 23:00:00+01:00,497.31,498.63,482.94,487.71,899.349
2025-11-06 00:00:00+01:00,487.75,496.1,467.61,478.35,507.159
2025-11-06 01:00:00+01:00,477.09,489.88,471.54,481.05,322.729
2025-11-06 02:00:00+01:00,479.71,482.4,469.67,479.66,142.157
2025-11-06 03:00:00+01:00,479.52,483.58,472.19,477.99,385.032
2025-11-06 04:00:00+01:00,479.11,495.28,479.11,490.1,390.911
2025-11-06 05:00:00+01:00,491.19,505.99,490.42,502.82,757.974
2025-11-06 06:00:00+01:00,503.14,509.95,488.82,490.56,629.998
2025-11-06 07:00:00+01:00,490.36,520.6,489.96,508.74,1268.989
2025-11-06 08:00:00+01:00,508.11,523.62,508.01,522.47,1149.558
2025-11-06 09:00:00+01:00,521.95,525.88,512.46,522.86,478.817
2025-11-06 10:00:00+01:00,522.82,525.18,515.31,517.51,785.563
2025-11-06 11:00:00+01:00,517.14,521.56,508.74,514.53,637.876
2025-11-06 12:00:00+01:00,514.22,536.25,509.31,534.65,1351.057
2025-11-06 13:00:00+01:00,533.94,540.2,526.42,539.01,1664.553
2025-11-06 14:00:00+01:00,538.62,551.91,531.38,533.94,1923.019
2025-11-06 15:00:00+01:00,533.98,549.0,532.93,535.97,2336.347
2025-11-06 16:00:00+01:00,536.17,536.17,508.88,516.59,2459.856
2025-11-06 17:00:00+01:00,514.95,543.96,502.48,533.72,3498.404
2025-11-06 18:00:00+01:00,532.97,545.95,519.94,541.59,1097.185
2025-11-06 19:00:00+01:00,541.47,541.47,530.0,534.14,722.598
2025-11-06 20:00:00+01:00,533.86,547.91,533.86,536.9,334.28
2025-11-06 21:00:00+01:00,537.51,538.62,519.41,521.41,237.82
2025-11-06 22:00:00+01:00,521.73,530.52,519.03,521.72,152.0
2025-11-06 23:00:00+01:00,521.38,528.1,511.74,522.13,312.037
2025-11-07 00:00:00+01:00,520.9,536.47,515.9,535.87,204.599
2025-11-07 01:00:00+01:00,532.05,558.0,525.34,552.02,727.828
2025-11-07 02:00:00+01:00,553.31,566.76,544.82,550.89,1282.494
2025-11-07 03:00:00+01:00,552.12,560.0,542.13,559.25,241.046
2025-11-07 04:00:00+01:00,559.32,593.1,558.91,584.54,817.141
2025-11-07 05:00:00+01:00,583.24,592.44,576.88,585.69,411.893
2025-11-07 06:00:00+01:00,584.91,604.49,584.41,601.87,956.303
2025-11-07 07:00:00+01:00,599.69,613.38,588.13,608.25,718.52
2025-11-07 08:00:00+01:00,607.76,632.58,607.0,624.0,1592.141
2025-11-07 09:00:00+01:00,623.81,631.24,616.99,628.8,591.06
2025-11-07 10:00:00+01:00,628.8,666.6,617.7,637.28,2166.215
2025-11-07 11:00:00+01:00,639.44,646.18,611.2,617.28,2544.078
2025-11-07 12:00:00+01:00,617.47,653.71,593.58,627.95,11008.375
2025-11-07 13:00:00+01:00,628.22,649.31,591.1,629.67,5054.187
2025-11-07 14:00:00+01:00,630.06,637.82,616.12,630.14,1293.601
2025-11-07 15:00:00+01:00,630.08,699.99,625.44,698.12,5738.681
2025-11-07 16:00:00+01:00,697.45,749.0,664.82,671.22,7522.443
2025-11-07 17:00:00+01:00,670.68,721.0,669.61,706.2,5694.574
2025-11-07 18:00:00+01:00,706.31,745.65,692.97,723.74,4037.582
2025-11-07 19:00:00+01:00,721.69,731.22,699.3,712.4,3212.328
2025-11-07 20:00:00+01:00,712.6,723.59,681.4,681.61,4312.627
2025-11-07 21:00:00+01:00,682.07,699.73,661.24,688.61,9606.092
2025-11-07 22:00:00+01:00,689.14,712.48,688.01,693.46,1336.641
2025-11-07 23:00:00+01:00,693.42,700.38,678.17,688.24,601.292
2025-11-08 00:00:00+01:00,688.48,690.2,625.78,645.0,3193.502
2025-11-08 01:00:00+01:00,645.0,658.67,618.72,635.81,4864.034
2025-11-08 02:00:00+01:00,636.58,657.78,628.26,631.15,1354.163
2025-11-08 03:00:00+01:00,631.15,634.44,600.5,614.88,1609.054
2025-11-08 04:00:00+01:00,615.3,628.32,592.53,594.32,902.59
2025-11-08 05:00:00+01:00,595.04,607.91,563.26,563.69,3712.07
2025-11-08 06:00:00+01:00,563.69,577.09,542.66,559.44,2472.491
2025-11-08 07:00:00+01:00,559.86,575.08,531.75,564.9,2904.736
2025-11-08 08:00:00+01:00,563.69,590.22,551.88,583.93,1414.842
2025-11-08 09:00:00+01:00,583.89,588.96,546.77,553.31,1375.958
2025-11-08 10:00:00+01:00,553.1,570.72,535.8,551.5,2146.905
2025-11-08 11:00:00+01:00,551.24,559.8,533.67,549.77,1693.728
2025-11-08 12:00:00+01:00,549.36,567.92,524.22,538.08,2559.6
2025-11-08 13:00:00+01:00,537.9,554.4,534.79,549.9,1094.667
2025-11-08 14:00:00+01:00,550.08,564.15,530.0,531.55,1061.617
2025-11-08 15:00:00+01:00,532.45,544.12,508.35,532.51,2720.416
2025-11-08 16:00:00+01:00,531.6,534.52,506.54,511.6,1631.269
2025-11-08 17:00:00+01:00,511.98,526.55,489.23,519.76,10637.271
2025-11-08 18:00:00+01:00,519.1,597.92,502.43,586.03,10462.039
2025-11-08 19:00:00+01:00,586.09,626.65,567.28,618.24,5139.956
2025-11-08 20:00:00+01:00,617.8,619.92,558.95,588.47,4853.308
2025-11-08 21:00:00+01:00,587.72,587.72,568.44,577.64,798.751
2025-11-08 22:00:00+01:00,577.08,598.86,568.0,591.44,947.738
2025-11-08 23:00:00+01:00,591.37,619.17,585.12,606.06,1256.541
2025-11-09 00:00:00+01:00,606.56,615.0,590.1,600.5,1334.122
2025-11-09 01:00:00+01:00,600.18,603.4,575.0,577.16,2184.324
2025-11-09 02:00:00+01:00,577.78,585.97,570.0,580.56,3018.1
2025-11-09 03:00:00+01:00,580.3,581.28,535.82,545.17,6039.35
2025-11-09 04:00:00+01:00,545.17,552.4,534.55,540.96,1026.171
2025-11-09 05:00:00+01:00,540.96,564.68,531.08,547.75,959.58
2025-11-09 06:00:00+01:00,547.47,556.47,543.57,552.56,1015.01
2025-11-09 07:00:00+01:00,552.96,581.2,549.41,579.82,1499.924
2025-11-09 08:00:00+01:00,578.0,612.45,575.0,588.45,2126.623
2025-11-09 09:00:00+01:00,588.12,589.14,571.2,583.79,495.228
2025-11-09 10:00:00+01:00,583.2,597.12,582.17,595.56,869.944
2025-11-09 11:00:00+01:00,596.54,610.74,585.79,607.5,1215.093
2025-11-09 12:00:00+01:00,608.05,619.38,603.54,606.76,2090.781
2025-11-09 13:00:00+01:00,606.9,619.84,593.23,607.97,1287.636
2025-11-09 14:00:00+01:00,607.3,615.05,594.3,595.59,1148.898
2025-11-09 15:00:00+01:00,595.49,650.0,595.0,628.81,5369.096
2025-11-09 16:00:00+01:00,628.75,656.63,628.0,646.81,2961.471
2025-11-09 17:00:00+01:00,645.24,653.51,626.2,630.45,2801.271
2025-11-09 18:00:00+01:00,630.18,656.71,627.69,653.41,1444.234
2025-11-09 19:00:00+01:00,652.37,669.4,643.05,662.79,1685.266
2025-11-09 20:00:00+01:00,662.13,664.25,633.5,643.11,2994.705
2025-11-09 21:00:00+01:00,642.88,646.2,630.83,643.68,457.324
2025-11-09 22:00:00+01:00,643.68,645.48,626.0,637.83,734.127
2025-11-09 23:00:00+01:00,637.68,639.88,615.21,616.33,1798.526
2025-11-10 00:00:00+01:00,616.99,629.26,607.82,615.62,905.939
2025-11-10 01:00:00+01:00,616.0,659.73,607.74,652.55,1075.468
2025-11-10 02:00:00+01:00,652.65,654.08,628.32,644.82,920.477
2025-11-10 03:00:00+01:00,644.57,652.54,629.54,643.66,499.052
2025-11-10 04:00:00+01:00,643.44,669.13,640.08,661.36,911.256
2025-11-10 05:00:00+01:00,660.79,661.77,642.71,647.24,640.428
2025-11-10 06:00:00+01:00,646.81,655.2,638.96,654.62,471.001
2025-11-10 07:00:00+01:00,655.21,669.82,654.03,666.36,1003.395
2025-11-10 08:00:00+01:00,666.54,684.17,664.56,680.28,887.556
2025-11-10 09:00:00+01:00,680.26,680.28,654.71,657.6,1381.317
2025-11-10 10:00:00+01:00,657.7,665.19,650.25,656.95,958.179
2025-11-10 11:00:00+01:00,656.53,660.43,625.0,630.87,1758.976
2025-11-10 12:00:00+01:00,631.26,643.13,629.16,636.36,608.398
2025-11-10 13:00:00+01:00,636.99,636.99,619.38,626.03,1292.733
2025-11-10 14:00:00+01:00,626.03,639.36,623.94,627.31,1570.135
2025-11-10 15:00:00+01:00,627.05,631.68,596.96,605.65,6664.045
2025-11-10 16:00:00+01:00,605.89,622.16,597.08,613.71,11471.424
2025-11-10 17:00:00+01:00,612.67,614.75,526.06,570.53,9102.813
2025-11-10 18:00:00+01:00,571.71,612.03,562.97,593.94,17515.744
2025-11-10 19:00:00+01:00,595.0,602.82,572.2,586.42,6390.449
2025-11-10 20:00:00+01:00,586.42,596.0,569.86,587.0,4450.276
2025-11-10 21:00:00+01:00,588.45,597.98,558.1,569.66,2279.431
2025-11-10 22:00:00+01:00,569.18,570.57,512.81,533.68,7969.44
2025-11-10 23:00:00+01:00,533.57,555.05,518.16,524.64,7303.716
2025-11-11 00:00:00+01:00,524.29,543.4,517.04,521.27,2512.176
2025-11-11 01:00:00+01:00,522.07,536.1,503.37,523.87,1230.153
2025-11-11 02:00:00+01:00,525.41,586.61,522.98,570.0,8841.327
2025-11-11 03:00:00+01:00,570.0,578.13,549.17,565.29,6683.588
2025-11-11 04:00:00+01:00,565.2,571.16,530.38,538.06,705.854
2025-11-11 05:00:00+01:00,538.1,548.81,522.32,530.98,826.452
2025-11-11 06:00:00+01:00,530.51,530.51,510.0,515.82,1071.37
2025-11-11 07:00:00+01:00,515.82,531.09,507.08,514.42,1338.878
2025-11-11 08:00:00+01:00,514.13,522.96,471.81,474.52,3976.605
2025-11-11 09:00:00+01:00,472.95,492.14,472.48,485.39,2212.454
2025-11-11 10:00:00+01:00,485.39,490.75,467.53,484.73,1955.132
2025-11-11 11:00:00+01:00,484.67,496.4,480.35,490.1,701.169
2025-11-11 12:00:00+01:00,489.96,496.4,475.6,479.46,1529.113
2025-11-11 13:00:00+01:00,479.12,496.0,460.61,493.24,2580.028
2025-11-11 14:00:00+01:00,493.2,512.17,486.76,491.57,2963.106
2025-11-11 15:00:00+01:00,491.8,517.74,476.0,499.63,3491.561
2025-11-11 16:00:00+01:00,499.6,508.3,493.46,506.5,797.229
2025-11-11 17:00:00+01:00,506.4,517.19,487.16,494.15,2217.694
2025-11-11 18:00:00+01:00,494.6,497.5,484.71,489.7,856.164
2025-11-11 19:00:00+01:00,489.8,499.7,487.8,499.7,589.499
2025-11-11 20:00:00+01:00,499.43,506.62,481.5,483.11,1021.356
2025-11-11 21:00:00+01:00,483.3,484.7,464.6,469.2,1361.211
2025-11-11 22:00:00+01:00,469.7,488.18,468.6,475.4,949.159
2025-11-11 23:00:00+01:00,475.2,475.2,461.1,470.48,1430.112
2025-11-12 00:00:00+01:00,470.4,474.88,440.5,443.11,4896.889
2025-11-12 01:00:00+01:00,443.27,452.21,424.65,425.72,3339.691
2025-11-12 02:00:00+01:00,426.03,469.09,424.79,461.7,7665.773
2025-11-12 03:00:00+01:00,461.7,481.18,460.68,476.96,2580.106
2025-11-12 04:00:00+01:00,477.2,482.48,466.08,467.5,903.427
2025-11-12 05:00:00+01:00,467.4,471.61,457.5,466.5,633.276
2025-11-12 06:00:00+01:00,466.17,470.3,458.23,464.7,275.316
2025-11-12 07:00:00+01:00,464.9,473.9,460.0,460.5,979.127
2025-11-12 08:00:00+01:00,460.11,460.11,446.72,457.66,760.576
2025-11-12 09:00:00+01:00,458.26,486.8,457.09,471.7,2368.641
2025-11-12 10:00:00+01:00,471.08,487.46,468.36,473.9,1869.098
2025-11-12 11:00:00+01:00,473.9,485.67,473.43,477.4,540.468
2025-11-12 12:00:00+01:00,477.3,483.98,468.28,475.78,1798.408
2025-11-12 13:00:00+01:00,475.5,482.0,464.46,466.7,903.871
2025-11-12 14:00:00+01:00,466.82,478.44,463.59,476.73,434.31
2025-11-12 15:00:00+01:00,476.3,483.19,459.48,467.28,1055.501
2025-11-12 16:00:00+01:00,466.4,468.44,448.83,454.9,1251.763
2025-11-12 17:00:00+01:00,454.95,459.64,446.0,453.72,3046.488
2025-11-12 18:00:00+01:00,453.92,470.17,449.02,467.21,1944.861
2025-11-12 19:00:00+01:00,467.52,484.12,466.11,474.89,1398.699
2025-11-12 20:00:00+01:00,474.94,493.2,468.3,492.37,1418.839
2025-11-12 21:00:00+01:00,491.8,537.82,491.42,532.91,5122.96
2025-11-12 22:00:00+01:00,532.34,548.3,517.1,531.1,2712.201
2025-11-12 23:00:00+01:00,531.78,537.6,503.67,521.95,4480.919
2025-11-13 00:00:00+01:00,521.7,522.8,503.51,504.99,1749.302
2025-11-13 01:00:00+01:00,504.9,520.57,500.67,515.9,2593.745
2025-11-13 02:00:00+01:00,516.8,528.58,502.35,508.46,1945.842
2025-11-13 03:00:00+01:00,509.0,511.57,501.06,504.33,516.358
2025-11-13 04:00:00+01:00,504.52,516.88,489.48,513.2,907.688
2025-11-13 05:00:00+01:00,513.1,520.21,509.6,517.24,366.17
2025-11-13 06:00:00+01:00,517.05,523.0,505.63,518.3,722.266
2025-11-13 07:00:00+01:00,518.01,522.7,513.2,514.11,622.104
2025-11-13 08:00:00+01:00,513.87,513.88,491.5,495.8,1875.045
2025-11-13 09:00:00+01:00,496.06,504.73,492.0,500.62,617.494
2025-11-13 10:00:00+01:00,500.69,505.63,488.0,497.5,711.637
2025-11-13 11:00:00+01:00,497.76,505.69,489.9,497.42,677.1
2025-11-13 12:00:00+01:00,496.5,508.8,494.5,506.6,220.663
2025-11-13 13:00:00+01:00,506.94,513.2,501.91,503.77,718.43
2025-11-13 14:00:00+01:00,503.79,505.06,497.7,500.31,715.562
2025-11-13 15:00:00+01:00,499.82,506.72,475.64,497.6,1656.727
2025-11-13 16:00:00+01:00,497.56,498.3,485.12,496.23,980.048
2025-11-13 17:00:00+01:00,496.96,506.87,483.67,488.43,2035.436
2025-11-13 18:00:00+01:00,488.52,498.07,472.5,477.2,998.287
2025-11-13 19:00:00+01:00,477.9,503.26,470.0,501.0,2096.349
2025-11-13 20:00:00+01:00,501.6,525.96,497.4,504.84,3567.856
2025-11-13 21:00:00+01:00,505.6,519.92,504.4,507.3,1058.452
2025-11-13 22:00:00+01:00,507.4,510.9,485.85,500.71,2000.401
2025-11-13 23:00:00+01:00,501.78,527.34,501.78,524.6,1636.899
2025-11-14 00:00:00+01:00,524.7,536.63,517.67,519.79,3493.322
2025-11-14 01:00:00+01:00,518.9,521.28,509.59,510.96,620.998
2025-11-14 02:00:00+01:00,511.32,516.24,505.18,507.9,311.689
2025-11-14 03:00:00+01:00,507.9,515.86,507.0,514.61,223.144
2025-11-14 04:00:00+01:00,514.74,521.21,504.4,511.4,416.536
2025-11-14 05:00:00+01:00,511.5,511.6,484.9,490.14,1306.306
2025-11-14 06:00:00+01:00,489.16,492.35,483.6,490.09,2120.343
2025-11-14 07:00:00+01:00,490.6,502.87,483.43,500.88,3489.755
2025-11-14 08:00:00+01:00,500.19,509.6,498.2,507.5,654.619
2025-11-14 09:00:00+01:00,507.6,527.84,504.35,517.3,1040.003
2025-11-14 10:00:00+01:00,518.56,530.42,517.44,525.2,1016.321
2025-11-14 11:00:00+01:00,525.14,535.0,520.93,522.22,710.334
2025-11-14 12:00:00+01:00,522.53,535.5,516.55,528.87,937.083
2025-11-14 13:00:00+01:00,528.7,550.0,520.41,547.79,3863.764
2025-11-14 14:00:00+01:00,548.29,579.0,533.32,538.81,6079.165
2025-11-14 15:00:00+01:00,539.37,576.38,534.83,570.0,6413.211
2025-11-14 16:00:00+01:00,570.05,593.87,556.87,588.72,6645.436
2025-11-14 17:00:00+01:00,588.72,588.83,564.12,568.79,11216.462
2025-11-14 18:00:00+01:00,569.1,578.11,562.74,570.25,9893.343
2025-11-14 19:00:00+01:00,571.05,601.98,570.12,585.08,6108.326
2025-11-14 20:00:00+01:00,585.09,601.45,576.12,585.25,2147.893
2025-11-14 21:00:00+01:00,585.25,590.84,571.77,579.7,1533.981
2025-11-14 22:00:00+01:00,579.9,589.42,571.5,576.6,1147.798
2025-11-14 23:00:00+01:00,576.89,597.39,576.6,595.18,1975.553
2025-11-15 00:00:00+01:00,595.17,613.89,585.97,607.98,1635.462
2025-11-15 01:00:00+01:00,607.53,650.0,598.6,646.51,4581.696
2025-11-15 02:00:00+01:00,646.23,666.0,635.93,654.08,3285.867
2025-11-15 03:00:00+01:00,653.88,664.0,641.73,661.44,1696.684
2025-11-15 04:00:00+01:00,661.64,742.12,657.34,688.5,6381.456
2025-11-15 05:00:00+01:00,688.34,723.39,678.75,683.42,3604.655
2025-11-15 06:00:00+01:00,683.12,711.96,671.39,707.77,4229.434
2025-11-15 07:00:00+01:00,708.36,735.07,694.92,699.44,3874.433
2025-11-15 08:00:00+01:00,699.72,701.82,677.71,682.45,2021.976
2025-11-15 09:00:00+01:00,682.44,688.0,656.51,673.3,2486.326
2025-11-15 10:00:00+01:00,673.4,679.19,655.42,659.82,1544.336
2025-11-15 11:00:00+01:00,659.87,660.11,624.85,638.8,4504.3
2025-11-15 12:00:00+01:00,638.9,653.53,632.5,647.0,1989.204
2025-11-15 13:00:00+01:00,646.82,651.25,628.4,645.6,1808.513
2025-11-15 14:00:00+01:00,645.6,690.0,636.9,686.23,3422.547
2025-11-15 15:00:00+01:00,687.47,710.0,666.47,685.4,6117.034
2025-11-15 16:00:00+01:00,685.53,691.55,668.0,671.61,2024.792
2025-11-15 17:00:00+01:00,670.56,674.99,636.93,656.35,3662.861
2025-11-15 18:00:00+01:00,656.37,670.75,632.71,655.12,2780.214
2025-11-15 19:00:00+01:00,655.34,666.89,649.2,664.93,800.906
2025-11-15 20:00:00+01:00,665.0,679.1,661.78,672.49,1791.326
2025-11-15 21:00:00+01:00,672.51,673.56,653.71,659.79,1594.034
2025-11-15 22:00:00+01:00,659.74,694.11,659.74,683.88,2608.569
2025-11-15 23:00:00+01:00,683.94,690.39,673.92,678.36,1149.923
2025-11-16 00:00:00+01:00,678.48,689.75,668.55,670.56,1215.936
2025-11-16 01:00:00+01:00,670.62,671.52,648.45,661.97,1325.937
2025-11-16 02:00:00+01:00,662.0,690.98,655.68,680.91,1421.839
2025-11-16 03:00:00+01:00,681.43,712.67,681.11,702.24,2460.509
2025-11-16 04:00:00+01:00,702.0,706.08,677.7,689.85,1379.88
2025-11-16 05:00:00+01:00,689.59,689.82,667.2,670.72,974.656
2025-11-16 06:00:00+01:00,671.03,684.96,670.02,670.53,714.023
2025-11-16 07:00:00+01:00,670.0,702.83,666.94,687.36,997.221
2025-11-16 08:00:00+01:00,687.48,699.84,657.67,680.0,6462.12
2025-11-16 09:00:00+01:00,681.15,697.67,666.59,690.49,4312.898
2025-11-16 10:00:00+01:00,689.69,714.44,687.36,701.8,3525.075
2025-11-16 11:00:00+01:00,702.77,728.12,693.09,707.23,5327.942
2025-11-16 12:00:00+01:00,707.56,711.48,690.28,698.68,2333.923
2025-11-16 13:00:00+01:00,698.64,722.54,695.0,716.13,3424.431
2025-11-16 14:00:00+01:00,716.01,726.83,695.0,706.31,3977.455
2025-11-16 15:00:00+01:00,707.1,718.27,696.01,714.78,1813.73
2025-11-16 16:00:00+01:00,715.28,735.24,701.34,702.06,3887.796
2025-11-16 17:00:00+01:00,702.36,738.8,701.0,718.56,5078.906
2025-11-16 18:00:00+01:00,718.48,734.28,706.0,710.2,3755.536
2025-11-16 19:00:00+01:00,708.96,715.47,667.19,686.02,6865.381
2025-11-16 20:00:00+01:00,686.0,698.2,666.73,669.68,3978.629
2025-11-16 21:00:00+01:00,669.6,688.94,662.03,682.52,3701.32
2025-11-16 22:00:00+01:00,683.0,683.82,654.28,672.24,2291.705
2025-11-16 23:00:00+01:00,672.57,693.12,666.66,685.97,1652.655
2025-11-17 00:00:00+01:00,686.34,711.5,678.81,698.78,3205.155
2025-11-17 01:00:00+01:00,698.37,728.0,690.66,703.61,3751.795
2025-11-17 02:00:00+01:00,703.43,717.61,690.76,703.56,5494.747
2025-11-17 03:00:00+01:00,703.68,722.02,702.71,707.61,1326.478
2025-11-17 04:00:00+01:00,707.28,716.94,690.76,695.52,1189.144
2025-11-17 05:00:00+01:00,695.66,701.32,681.68,682.23,1026.166
2025-11-17 06:00:00+01:00,682.2,692.91,679.0,687.22,1191.57
2025-11-17 07:00:00+01:00,688.43,693.32,677.39,693.01,680.341
2025-11-17 08:00:00+01:00,693.21,696.21,677.96,679.89,1150.753
2025-11-17 09:00:00+01:00,680.4,687.55,666.6,679.26,1852.61
2025-11-17 10:00:00+01:00,679.12,684.0,666.23,672.47,2112.81
2025-11-17 11:00:00+01:00,672.09,680.59,668.16,678.35,1376.681
2025-11-17 12:00:00+01:00,678.47,690.18,672.09,683.76,1840.173
2025-11-17 13:00:00+01:00,683.5,690.14,681.27,685.42,2789.773
2025-11-17 14:00:00+01:00,685.35,685.5,640.27,652.68,8548.566
2025-11-17 15:00:00+01:00,652.42,699.91,650.94,688.23,4192.859
2025-11-17 16:00:00+01:00,688.92,695.67,661.78,674.26,3285.422
2025-11-17 17:00:00+01:00,673.81,694.16,667.51,689.16,1636.953
2025-11-17 18:00:00+01:00,689.64,690.0,670.46,676.5,1172.404
2025-11-17 19:00:00+01:00,676.55,686.46,635.17,650.44,6376.892
2025-11-17 20:00:00+01:00,650.7,655.17,622.63,628.58,4831.215
2025-11-17 21:00:00+01:00,629.78,648.46,628.01,639.09,1980.386
2025-11-17 22:00:00+01:00,639.5,651.91,626.72,651.91,1131.112
2025-11-17 23:00:00+01:00,650.86,657.5,642.37,643.25,1284.843
2025-11-18 00:00:00+01:00,643.0,643.14,605.44,609.82,2776.648
2025-11-18 01:00:00+01:00,610.37,618.73,595.53,610.92,2941.468
2025-11-18 02:00:00+01:00,610.71,628.77,605.21,609.8,1841.485
2025-11-18 03:00:00+01:00,609.6,626.8,602.01,602.89,2014.516
2025-11-18 04:00:00+01:00,602.92,633.84,597.63,632.58,1404.403
2025-11-18 05:00:00+01:00,632.59,635.39,610.24,620.59,1339.73
2025-11-18 06:00:00+01:00,620.66,628.4,608.16,614.73,1019.423
2025-11-18 07:00:00+01:00,615.09,616.27,577.17,579.71,3896.344
2025-11-18 08:00:00+01:00,579.71,595.45,578.83,589.0,1572.597
2025-11-18 09:00:00+01:00,588.76,607.35,588.71,600.3,1331.134
2025-11-18 10:00:00+01:00,600.23,606.24,585.91,592.8,1097.809
2025-11-18 11:00:00+01:00,593.59,595.22,575.8,583.24,2119.793
2025-11-18 12:00:00+01:00,583.5,583.99,565.17,568.39,2385.161
2025-11-18 13:00:00+01:00,569.02,578.58,565.98,570.18,874.106
2025-11-18 14:00:00+01:00,569.33,569.33,549.0,557.17,3465.86
2025-11-18 15:00:00+01:00,556.68,566.5,545.48,558.74,2001.421
2025-11-18 16:00:00+01:00,558.55,599.0,549.67,579.18,4678.637
2025-11-18 17:00:00+01:00,579.06,612.17,574.02,609.7,10682.249
2025-11-18 18:00:00+01:00,609.71,621.81,596.41,621.47,12381.913
2025-11-18 19:00:00+01:00,621.38,654.39,618.15,637.85,7654.687
2025-11-18 20:00:00+01:00,637.9,654.0,631.89,637.65,6439.346
2025-11-18 21:00:00+01:00,637.99,638.59,625.11,631.78,5680.462
2025-11-18 22:00:00+01:00,632.6,633.78,615.16,616.5,4365.006
2025-11-18 23:00:00+01:00,616.5,630.29,616.5,623.66,1885.501
2025-11-19 00:00:00+01:00,623.56,629.19,620.0,625.1,1131.6
2025-11-19 01:00:00+01:00,624.8,625.02,603.44,608.18,2371.543
2025-11-19 02:00:00+01:00,608.4,613.65,597.63,605.7,941.166
2025-11-19 03:00:00+01:00,606.09,616.98,604.0,612.53,846.785
2025-11-19 04:00:00+01:00,612.5,616.8,596.17,600.1,742.312
2025-11-19 05:00:00+01:00,600.08,607.87,592.07,597.89,547.414
2025-11-19 06:00:00+01:00,598.38,607.36,583.86,586.2,1998.453
2025-11-19 07:00:00+01:00,586.78,595.99,580.52,588.49,1285.441
2025-11-19 08:00:00+01:00,588.09,605.3,586.96,602.49,1145.699
2025-11-19 09:00:00+01:00,602.5,604.24,596.26,600.84,905.648
2025-11-19 10:00:00+01:00,600.85,621.93,597.59,618.74,2065.833
2025-11-19 11:00:00+01:00,618.5,627.36,613.3,622.85,1624.931
2025-11-19 12:00:00+01:00,623.7,626.0,613.78,621.29,1733.083
2025-11-19 13:00:00+01:00,621.23,636.17,616.59,626.51,2129.931
2025-11-19 14:00:00+01:00,626.67,630.89,614.5,616.92,1565.173
2025-11-19 15:00:00+01:00,615.96,638.54,610.0,637.55,1461.107
2025-11-19 16:00:00+01:00,637.38,649.51,620.24,624.7,3921.771
2025-11-19 17:00:00+01:00,623.74,629.98,592.76,603.29,5715.232
2025-11-19 18:00:00+01:00,603.3,634.42,599.03,630.42,4198.468
2025-11-19 19:00:00+01:00,629.82,640.0,619.17,632.17,6421.7
2025-11-19 20:00:00+01:00,631.33,634.86,617.4,622.02,2835.486
2025-11-19 21:00:00+01:00,622.02,664.13,620.82,652.5,5373.615
2025-11-19 22:00:00+01:00,652.27,674.48,641.3,664.0,3581.092
2025-11-19 23:00:00+01:00,663.51,681.34,655.12,675.4,4537.227
2025-11-20 00:00:00+01:00,675.0,685.12,666.72,674.32,2821.957
2025-11-20 01:00:00+01:00,673.74,676.47,658.7,674.51,980.272
2025-11-20 02:00:00+01:00,674.52,684.09,668.09,678.8,1869.368
2025-11-20 03:00:00+01:00,679.02,683.0,668.4,675.5,1179.084
2025-11-20 04:00:00+01:00,675.3,706.71,674.0,692.89,3110.405
2025-11-20 05:00:00+01:00,692.16,697.02,683.57,687.2,734.772
2025-11-20 06:00:00+01:00,687.1,694.14,684.5,685.62,787.353
2025-11-20 07:00:00+01:00,685.89,702.59,676.67,682.8,1177.312
2025-11-20 08:00:00+01:00,682.4,682.4,666.56,670.89,1109.285
2025-11-20 09:00:00+01:00,671.73,674.4,665.01,674.01,1087.715
2025-11-20 10:00:00+01:00,673.49,677.78,666.83,671.4,762.404
2025-11-20 11:00:00+01:00,671.34,673.86,667.76,672.52,279.902
2025-11-20 12:00:00+01:00,672.4,682.48,668.91,671.92,1519.146
2025-11-20 13:00:00+01:00,673.1,694.65,670.29,688.59,1453.41
2025-11-20 14:00:00+01:00,688.07,716.91,684.86,703.14,7188.991
2025-11-20 15:00:00+01:00,703.29,711.83,689.81,702.04,5414.645
2025-11-20 16:00:00+01:00,702.6,714.0,684.85,686.63,2058.724
2025-11-20 17:00:00+01:00,686.95,697.23,676.12,687.77,4580.532
2025-11-20 18:00:00+01:00,687.97,713.7,680.9,690.0,5836.208
2025-11-20 19:00:00+01:00,689.94,697.95,679.53,696.96,3014.217
2025-11-20 20:00:00+01:00,697.06,710.0,687.12,689.67,3535.775
2025-11-20 21:00:00+01:00,690.0,693.3,673.2,681.5,2224.333
2025-11-20 22:00:00+01:00,681.2,704.0,679.19,697.62,2185.997
2025-11-20 23:00:00+01:00,697.5,705.71,691.28,697.61,2092.473
2025-11-21 00:00:00+01:00,697.66,700.67,653.01,655.34,6140.282
2025-11-21 01:00:00+01:00,655.83,673.65,654.35,671.11,1883.929
2025-11-21 02:00:00+01:00,670.9,687.87,670.3,675.53,659.559
2025-11-21 03:00:00+01:00,674.5,675.0,654.87,659.64,1414.51
2025-11-21 04:00:00+01:00,660.0,670.58,647.03,647.03,958.623
2025-11-21 05:00:00+01:00,647.48,662.0,636.69,658.0,1570.603
2025-11-21 06:00:00+01:00,657.5,664.0,651.1,660.06,1328.604
2025-11-21 07:00:00+01:00,660.06,664.41,652.0,659.58,1397.317
2025-11-21 08:00:00+01:00,659.7,687.18,638.19,683.7,4335.571
2025-11-21 09:00:00+01:00,682.83,698.64,666.04,671.4,3282.175
2025-11-21 10:00:00+01:00,671.51,680.7,656.78,659.8,3237.041
2025-11-21 11:00:00+01:00,660.78,663.03,626.93,629.98,4063.432
2025-11-21 12:00:00+01:00,629.99,639.25,603.62,618.15,4566.576
2025-11-21 13:00:00+01:00,617.4,643.6,597.84,631.26,7126.972
2025-11-21 14:00:00+01:00,630.7,644.1,613.08,636.65,3013.181
2025-11-21 15:00:00+01:00,637.25,645.0,623.85,639.36,1878.982
2025-11-21 16:00:00+01:00,639.23,641.85,612.81,616.27,2494.219
2025-11-21 17:00:00+01:00,615.8,619.17,585.88,615.24,5830.327
2025-11-21 18:00:00+01:00,615.45,626.68,600.5,601.09,2631.176
2025-11-21 19:00:00+01:00,601.79,605.14,577.08,592.1,4556.718
2025-11-21 20:00:00+01:00,592.1,597.61,581.36,590.55,3148.896
2025-11-21 21:00:00+01:00,590.0,590.8,564.8,580.83,4712.133
2025-11-21 22:00:00+01:00,580.29,583.32,558.0,568.43,3649.139
2025-11-21 23:00:00+01:00,567.9,572.81,518.99,519.52,6275.877
2025-11-22 00:00:00+01:00,520.58,551.46,512.35,550.37,4048.996
2025-11-22 01:00:00+01:00,550.37,550.37,516.64,527.33,3550.03
2025-11-22 02:00:00+01:00,527.72,548.01,525.72,542.76,5145.311
2025-11-22 03:00:00+01:00,542.76,548.14,524.23,532.01,2568.5
2025-11-22 04:00:00+01:00,532.36,539.16,518.19,519.34,1940.909
2025-11-22 05:00:00+01:00,519.52,523.35,476.87,509.12,6666.825
2025-11-22 06:00:00+01:00,508.88,510.28,470.0,482.8,4569.761
2025-11-22 07:00:00+01:00,483.9,510.34,481.1,508.25,3505.856
2025-11-22 08:00:00+01:00,507.72,520.18,500.8,515.05,5725.163
2025-11-22 09:00:00+01:00,515.05,515.65,490.71,493.12,2614.544
2025-11-22 10:00:00+01:00,493.8,515.19,491.07,508.69,4295.251
2025-11-22 11:00:00+01:00,508.81,521.86,502.7,510.24,2150.629
2025-11-22 12:00:00+01:00,510.4,529.79,508.5,513.16,3693.967
2025-11-22 13:00:00+01:00,513.39,520.17,497.06,502.07,4311.765
2025-11-22 14:00:00+01:00,502.7,516.25,498.34,500.27,2734.288
2025-11-22 15:00:00+01:00,500.0,526.02,499.6,516.22,3954.055
2025-11-22 16:00:00+01:00,516.41,522.32,511.33,522.25,2136.838
2025-11-22 17:00:00+01:00,522.16,524.27,512.5,517.33,1578.064
2025-11-22 18:00:00+01:00,517.49,521.82,515.03,520.96,670.216
2025-11-22 19:00:00+01:00,520.66,522.61,503.92,507.68,1923.891
2025-11-22 20:00:00+01:00,507.37,509.0,498.51,501.99,2644.383
2025-11-22 21:00:00+01:00,502.36,507.17,484.23,493.9,3236.941
2025-11-22 22:00:00+01:00,493.88,519.79,487.58,511.92,3499.759
2025-11-22 23:00:00+01:00,512.29,522.0,504.56,519.61,2952.179
2025-11-23 00:00:00+01:00,519.62,523.26,512.03,518.4,1315.076
2025-11-23 01:00:00+01:00,518.1,522.22,513.83,518.1,693.374
2025-11-23 02:00:00+01:00,518.18,579.46,515.9,574.63,5676.599
2025-11-23 03:00:00+01:00,574.67,604.64,569.6,594.88,3399.517
2025-11-23 04:00:00+01:00,594.66,603.77,575.92,582.2,3201.825
2025-11-23 05:00:00+01:00,582.27,584.8,566.03,580.44,2601.81
2025-11-23 06:00:00+01:00,580.44,597.05,570.92,591.78,1803.821
2025-11-23 07:00:00+01:00,592.06,594.49,566.11,568.9,1196.831
2025-11-23 08:00:00+01:00,569.13,572.93,552.62,570.93,2313.268
2025-11-23 09:00:00+01:00,570.76,576.88,561.0,571.67,2253.621
2025-11-23 10:00:00+01:00,571.5,582.0,567.2,580.68,1296.297
2025-11-23 11:00:00+01:00,580.6,580.6,569.2,570.04,1181.631
2025-11-23 12:00:00+01:00,570.16,573.42,563.0,568.33,1436.099
2025-11-23 13:00:00+01:00,567.7,580.0,565.67,574.11,766.058
2025-11-23 14:00:00+01:00,574.1,575.7,563.6,571.33,1059.727
2025-11-23 15:00:00+01:00,570.8,584.39,565.72,574.16,1751.749
2025-11-23 16:00:00+01:00,573.4,588.06,571.66,577.8,1347.309
2025-11-23 17:00:00+01:00,577.34,584.0,570.77,571.4,916.36
2025-11-23 18:00:00+01:00,571.6,577.07,567.68,575.4,703.677
2025-11-23 19:00:00+01:00,575.71,590.0,575.47,587.81,3274.118
2025-11-23 20:00:00+01:00,587.7,611.43,584.56,605.81,3264.423
2025-11-23 21:00:00+01:00,604.7,606.19,590.85,595.34,1464.025
2025-11-23 22:00:00+01:00,595.9,599.91,583.23,595.9,1435.304
2025-11-23 23:00:00+01:00,595.8,598.4,585.0,592.8,1628.402
2025-11-24 00:00:00+01:00,592.77,595.38,570.0,572.8,1251.885
2025-11-24 01:00:00+01:00,572.8,582.73,561.38,577.25,3076.105
2025-11-24 02:00:00+01:00,576.6,578.33,563.93,570.7,589.844
2025-11-24 03:00:00+01:00,570.2,587.97,568.89,581.55,1252.338
2025-11-24 04:00:00+01:00,581.24,590.12,579.81,583.1,597.216
2025-11-24 05:00:00+01:00,583.5,584.42,568.22,569.45,979.23
2025-11-24 06:00:00+01:00,569.45,579.15,554.79,558.8,2650.533
2025-11-24 07:00:00+01:00,559.1,559.7,528.08,538.71,2227.943
2025-11-24 08:00:00+01:00,537.9,546.0,533.86,544.74,940.477
2025-11-24 09:00:00+01:00,544.16,549.74,538.16,543.7,1030.892
2025-11-24 10:00:00+01:00,543.71,544.3,531.91,534.75,1941.086
2025-11-24 11:00:00+01:00,534.8,548.81,534.15,546.79,906.711
2025-11-24 12:00:00+01:00,546.73,548.55,540.7,546.05,1012.966
2025-11-24 13:00:00+01:00,546.0,547.22,535.72,537.77,914.038
2025-11-24 14:00:00+01:00,538.15,546.11,536.25,542.9,451.78
2025-11-24 15:00:00+01:00,542.3,569.33,534.76,564.69,2946.218
2025-11-24 16:00:00+01:00,564.7,572.42,557.2,564.6,2280.938
2025-11-24 17:00:00+01:00,564.54,573.33,557.76,560.16,1371.222
2025-11-24 18:00:00+01:00,560.2,585.61,556.7,585.58,2583.343
2025-11-24 19:00:00+01:00,585.6,595.0,565.67,573.28,4088.07
2025-11-24 20:00:00+01:00,572.48,577.0,561.29,561.78,2701.319
2025-11-24 21:00:00+01:00,562.7,565.99,545.49,551.06,3577.079
2025-11-24 22:00:00+01:00,551.58,553.94,529.73,539.14,3770.464
2025-11-24 23:00:00+01:00,538.54,542.31,525.0,531.07,1941.807
2025-11-25 00:00:00+01:00,531.91,536.53,515.74,520.13,1234.225
2025-11-25 01:00:00+01:00,519.84,531.46,518.0,524.48,1007.752
2025-11-25 02:00:00+01:00,524.38,534.0,522.44,526.48,799.84
2025-11-25 03:00:00+01:00,526.48,528.89,502.68,506.7,1794.984
2025-11-25 04:00:00+01:00,506.74,513.2,500.35,510.72,1095.599
2025-11-25 05:00:00+01:00,510.67,514.87,508.0,513.9,1536.656
2025-11-25 06:00:00+01:00,513.9,532.99,511.7,524.61,4808.441
2025-11-25 07:00:00+01:00,525.1,525.99,520.44,522.0,1072.825
2025-11-25 08:00:00+01:00,521.8,524.86,507.91,509.32,1570.56
2025-11-25 09:00:00+01:00,508.9,513.28,502.0,505.66,1174.543
2025-11-25 10:00:00+01:00,505.8,518.27,495.48,511.84,2811.885
2025-11-25 11:00:00+01:00,511.44,511.49,498.56,502.9,1288.882
2025-11-25 12:00:00+01:00,502.98,503.27,482.57,497.2,2447.469
2025-11-25 13:00:00+01:00,497.84,510.4,495.86,506.13,1108.07
2025-11-25 14:00:00+01:00,505.52,512.61,501.84,502.57,699.333
2025-11-25 15:00:00+01:00,502.24,507.74,496.2,503.52,2075.27
2025-11-25 16:00:00+01:00,503.44,507.21,492.08,498.56,1904.468
2025-11-25 17:00:00+01:00,498.13,507.99,488.67,492.22,2468.705
2025-11-25 18:00:00+01:00,492.16,505.3,485.0,498.0,1524.346
2025-11-25 19:00:00+01:00,498.4,500.8,492.74,494.24,1805.193
2025-11-25 20:00:00+01:00,494.18,495.12,481.31,491.36,1997.51
2025-11-25 21:00:00+01:00,491.76,504.5,484.62,499.31,1725.374
2025-11-25 22:00:00+01:00,499.22,504.5,495.68,498.94,885.715
2025-11-25 23:00:00+01:00,499.11,509.4,490.81,500.06,2233.527
2025-11-26 00:00:00+01:00,500.24,514.04,495.39,511.36,2012.012
2025-11-26 01:00:00+01:00,511.2,528.0,510.66,516.7,2056.243
2025-11-26 02:00:00+01:00,516.51,523.84,507.6,516.58,1065.913
2025-11-26 03:00:00+01:00,517.18,529.3,516.42,525.6,527.896
2025-11-26 04:00:00+01:00,525.3,526.48,514.96,517.68,390.523
2025-11-26 05:00:00+01:00,517.98,520.08,507.08,508.99,660.944
2025-11-26 06:00:00+01:00,508.88,514.68,506.72,511.92,407.882
2025-11-26 07:00:00+01:00,511.92,516.0,497.43,503.12,1194.837
2025-11-26 08:00:00+01:00,502.96,508.91,501.2,504.56,319.457
2025-11-26 09:00:00+01:00,504.64,507.44,497.64,499.83,895.718
2025-11-26 10:00:00+01:00,501.04,503.36,496.06,501.22,607.186
2025-11-26 11:00:00+01:00,501.08,507.21,497.81,498.39,832.333
2025-11-26 12:00:00+01:00,498.08,501.6,491.96,494.92,1076.149
2025-11-26 13:00:00+01:00,494.71,501.33,492.69,495.88,493.73
2025-11-26 14:00:00+01:00,496.3,510.91,493.14,505.76,745.298
2025-11-26 15:00:00+01:00,505.31,509.92,497.22,498.88,1647.761
2025-11-26 16:00:00+01:00,498.88,510.34,498.27,503.04,2124.823
2025-11-26 17:00:00+01:00,502.9,520.83,500.48,513.55,2877.466
2025-11-26 18:00:00+01:00,513.99,525.59,507.33,523.68,2931.1
2025-11-26 19:00:00+01:00,524.1,526.02,514.14,517.22,1929.877
2025-11-26 20:00:00+01:00,516.82,519.5,510.72,513.8,1008.219
2025-11-26 21:00:00+01:00,513.6,524.17,511.33,520.93,1960.102
2025-11-26 22:00:00+01:00,520.96,528.6,515.84,525.42,1365.715
2025-11-26 23:00:00+01:00,525.28,535.66,519.2,530.4,2670.968
2025-11-27 00:00:00+01:00,530.24,534.26,524.4,527.29,2145.574
2025-11-27 01:00:00+01:00,527.12,535.29,520.88,527.99,1153.554
2025-11-27 02:00:00+01:00,527.2,532.3,515.7,529.6,2113.063
2025-11-27 03:00:00+01:00,529.76,549.92,527.97,530.98,5476.563
2025-11-27 04:00:00+01:00,530.81,531.91,517.67,518.5,989.555
2025-11-27 05:00:00+01:00,518.49,528.09,516.79,521.68,485.771
2025-11-27 06:00:00+01:00,521.5,521.66,502.8,508.35,1553.803
2025-11-27 07:00:00+01:00,508.3,514.7,507.45,511.62,821.973
2025-11-27 08:00:00+01:00,511.97,514.3,508.48,510.39,518.028
2025-11-27 09:00:00+01:00,510.3,512.0,505.8,511.22,463.662
2025-11-27 10:00:00+01:00,511.32,518.83,507.4,513.2,885.991
2025-11-27 11:00:00+01:00,513.1,517.93,511.3,515.0,832.552
2025-11-27 12:00:00+01:00,514.26,515.0,504.01,505.89,1149.051
2025-11-27 13:00:00+01:00,505.9,507.54,497.0,500.06,1601.777
2025-11-27 14:00:00+01:00,499.87,504.22,498.82,499.78,889.234
2025-11-27 15:00:00+01:00,500.15,500.58,493.36,498.4,1787.517
2025-11-27 16:00:00+01:00,498.44,503.37,496.08,501.86,1035.637
2025-11-27 17:00:00+01:00,501.68,509.13,500.24,506.98,681.203
2025-11-27 18:00:00+01:00,507.17,508.32,499.23,503.46,1076.533
2025-11-27 19:00:00+01:00,503.24,504.19,499.68,500.48,760.362
2025-11-27 20:00:00+01:00,500.42,500.92,498.37,499.55,691.264
2025-11-27 21:00:00+01:00,499.44,504.31,495.46,500.06,1049.688
2025-11-27 22:00:00+01:00,500.1,500.55,493.9,494.48,840.107
2025-11-27 23:00:00+01:00,494.32,496.8,484.1,487.84,2148.666
2025-11-28 00:00:00+01:00,487.6,490.87,482.81,490.05,894.074
2025-11-28 01:00:00+01:00,490.07,490.4,483.1,487.04,698.138
2025-11-28 02:00:00+01:00,487.08,489.24,456.41,467.15,2613.312
2025-11-28 03:00:00+01:00,467.2,468.21,447.6,463.84,3116.48
2025-11-28 04:00:00+01:00,463.76,478.63,462.08,472.67,1777.899
2025-11-28 05:00:00+01:00,472.64,478.9,467.21,470.75,1657.169
2025-11-28 06:00:00+01:00,470.88,478.04,467.21,475.47,828.521
2025-11-28 07:00:00+01:00,475.52,475.56,470.28,473.02,996.112
2025-11-28 08:00:00+01:00,473.05,475.42,468.88,473.8,1250.897
2025-11-28 09:00:00+01:00,473.84,485.0,473.6,479.92,2344.885
2025-11-28 10:00:00+01:00,479.96,484.51,477.76,480.72,965.073
2025-11-28 11:00:00+01:00,480.76,481.3,477.17,478.8,465.91
2025-11-28 12:00:00+01:00,478.74,481.28,469.13,470.28,1347.952
2025-11-28 13:00:00+01:00,470.31,473.79,467.08,471.2,873.335
2025-11-28 14:00:00+01:00,471.4,483.78,461.6,479.52,2277.676
2025-11-28 15:00:00+01:00,479.28,482.1,472.61,473.9,1361.372
2025-11-28 16:00:00+01:00,474.01,476.02,469.7,470.4,882.384
2025-11-28 17:00:00+01:00,470.53,470.83,461.43,465.32,1600.418
2025-11-28 18:00:00+01:00,465.6,467.14,456.82,457.28,1753.702
2025-11-28 19:00:00+01:00,458.18,461.76,455.72,457.95,1102.283
2025-11-28 20:00:00+01:00,457.93,461.68,457.14,460.87,969.918
2025-11-28 21:00:00+01:00,460.81,465.46,457.54,463.85,1061.648
2025-11-28 22:00:00+01:00,464.0,464.88,453.81,455.47,1067.225
2025-11-28 23:00:00+01:00,455.57,459.17,453.62,458.76,931.427
2025-11-29 00:00:00+01:00,458.63,459.84,450.58,452.19,534.334
2025-11-29 01:00:00+01:00,452.24,467.35,438.4,459.86,4349.899
2025-11-29 02:00:00+01:00,459.52,467.28,457.89,458.08,907.907
2025-11-29 03:00:00+01:00,458.1,463.39,455.6,461.68,738.578
2025-11-29 04:00:00+01:00,461.59,463.08,459.53,462.06,528.355
2025-11-29 05:00:00+01:00,462.2,472.67,461.56,470.67,1224.304
2025-11-29 06:00:00+01:00,470.72,470.97,464.37,465.01,463.071
2025-11-29 07:00:00+01:00,464.99,470.76,464.48,468.0,1034.856
2025-11-29 08:00:00+01:00,467.92,470.07,465.28,465.85,437.869
2025-11-29 09:00:00+01:00,465.86,469.44,463.03,468.43,764.343
2025-11-29 10:00:00+01:00,468.44,471.93,465.23,469.43,746.504
2025-11-29 11:00:00+01:00,469.44,474.44,466.32,468.99,872.032
2025-11-29 12:00:00+01:00,468.92,470.8,463.07,464.2,985.298
2025-11-29 13:00:00+01:00,464.19,465.27,458.94,459.14,631.296
2025-11-29 14:00:00+01:00,459.06,464.04,456.47,463.95,912.081
2025-11-29 15:00:00+01:00,464.04,464.08,455.3,456.18,474.361
2025-11-29 16:00:00+01:00,456.12,461.44,455.28,460.07,500.529
2025-11-29 17:00:00+01:00,460.12,462.6,458.09,460.08,1133.761
2025-11-29 18:00:00+01:00,460.34,462.5,455.35,456.8,772.163
2025-11-29 19:00:00+01:00,456.64,459.88,448.66,459.2,1608.755
2025-11-29 20:00:00+01:00,459.29,460.7,454.38,455.71,324.078
2025-11-29 21:00:00+01:00,455.57,458.66,452.26,457.99,564.815
2025-11-29 22:00:00+01:00,458.12,464.0,458.12,462.48,800.426
2025-11-29 23:00:00+01:00,462.4,463.74,455.68,456.16,337.098
2025-11-30 00:00:00+01:00,455.64,461.94,450.55,460.64,1170.398
2025-11-30 01:00:00+01:00,460.74,466.9,459.36,466.13,715.359
2025-11-30 02:00:00+01:00,466.15,468.8,463.42,467.16,429.819
2025-11-30 03:00:00+01:00,467.36,470.45,461.12,462.83,655.732
2025-11-30 04:00:00+01:00,462.85,464.44,454.99,456.96,2138.362
2025-11-30 05:00:00+01:00,456.65,460.08,455.13,455.99,547.876
2025-11-30 06:00:00+01:00,455.88,458.94,454.19,456.34,366.332
2025-11-30 07:00:00+01:00,456.31,458.96,455.63,457.47,238.53
2025-11-30 08:00:00+01:00,457.28,461.76,456.6,461.33,280.614
2025-11-30 09:00:00+01:00,461.2,461.37,457.01,459.34,263.288
2025-11-30 10:00:00+01:00,459.44,459.84,455.6,456.72,578.681
2025-11-30 11:00:00+01:00,456.64,456.72,445.59,446.96,1542.468
2025-11-30 12:00:00+01:00,447.44,450.57,446.32,448.96,1478.057
2025-11-30 13:00:00+01:00,449.0,449.0,433.94,446.4,2232.806
2025-11-30 14:00:00+01:00,446.4,457.3,445.98,449.04,1973.925
2025-11-30 15:00:00+01:00,449.01,449.44,441.07,442.92,1351.764
2025-11-30 16:00:00+01:00,442.8,444.96,437.62,442.02,1845.445
2025-11-30 17:00:00+01:00,441.96,447.12,440.96,445.23,945.583
2025-11-30 18:00:00+01:00,445.16,445.27,438.08,443.26,1183.563
2025-11-30 19:00:00+01:00,443.49,444.77,435.49,436.96,1052.94
2025-11-30 20:00:00+01:00,437.04,438.92,433.21,435.28,917.939
2025-11-30 21:00:00+01:00,435.44,438.97,430.06,434.48,1836.565
2025-11-30 22:00:00+01:00,434.48,441.54,430.58,440.32,1216.965
2025-11-30 23:00:00+01:00,440.4,441.6,432.26,435.37,912.211
2025-12-01 00:00:00+01:00,435.21,435.6,425.74,427.92,1529.072
2025-12-01 01:00:00+01:00,428.0,430.15,387.41,392.71,8144.461
2025-12-01 02:00:00+01:00,392.91,394.96,377.72,382.96,5083.384
2025-12-01 03:00:00+01:00,383.6,391.85,380.14,383.73,1825.685
2025-12-01 04:00:00+01:00,383.83,384.32,371.76,373.92,1966.765
2025-12-01 05:00:00+01:00,374.25,377.76,351.47,366.66,4935.476
2025-12-01 06:00:00+01:00,366.8,370.8,356.77,358.95,1672.095
2025-12-01 07:00:00+01:00,358.99,362.91,354.75,359.0,2342.073
2025-12-01 08:00:00+01:00,359.0,361.62,355.71,358.55,1989.188
2025-12-01 09:00:00+01:00,358.11,367.36,356.4,365.95,1474.41
2025-12-01 10:00:00+01:00,365.82,368.81,363.35,364.81,2241.942
2025-12-01 11:00:00+01:00,364.72,367.68,363.25,363.7,1139.174
2025-12-01 12:00:00+01:00,363.64,365.68,363.36,363.56,490.537
2025-12-01 13:00:00+01:00,363.68,364.4,343.3,347.36,3399.741
2025-12-01 14:00:00+01:00,347.04,350.19,327.59,340.63,9463.626
2025-12-01 15:00:00+01:00,341.28,361.14,338.33,355.55,6406.074
2025-12-01 16:00:00+01:00,356.16,366.42,341.2,361.1,4844.253
2025-12-01 17:00:00+01:00,360.98,363.46,351.78,355.35,2191.205
2025-12-01 18:00:00+01:00,355.36,356.86,342.0,342.0,2973.724
2025-12-01 19:00:00+01:00,342.0,343.68,331.84,336.05,4101.658
2025-12-01 20:00:00+01:00,336.21,337.73,321.49,336.64,4618.483
2025-12-01 21:00:00+01:00,336.6,347.57,335.12,335.6,2464.579
2025-12-01 22:00:00+01:00,335.57,344.88,335.57,343.0,3634.995
2025-12-01 23:00:00+01:00,342.72,347.65,338.37,340.8,1300.001
2025-12-02 00:00:00+01:00,340.96,355.55,340.96,343.82,1869.249
2025-12-02 01:00:00+01:00,343.88,354.72,343.42,349.27,2318.424
2025-12-02 02:00:00+01:00,348.96,356.0,336.56,340.95,1660.391
2025-12-02 03:00:00+01:00,340.96,340.96,332.09,333.73,1765.787
2025-12-02 04:00:00+01:00,333.36,339.2,330.2,337.28,1443.987
2025-12-02 05:00:00+01:00,337.28,338.16,322.56,326.71,4022.106
2025-12-02 06:00:00+01:00,326.23,328.58,322.13,326.86,2977.726
2025-12-02 07:00:00+01:00,326.86,336.56,326.32,336.56,1539.976
2025-12-02 08:00:00+01:00,336.38,337.52,324.95,327.02,1717.065
2025-12-02 09:00:00+01:00,327.04,328.2,314.7,316.88,3132.093
2025-12-02 10:00:00+01:00,316.94,326.96,315.52,326.08,1820.058
2025-12-02 11:00:00+01:00,326.0,336.87,325.45,335.61,2377.543
2025-12-02 12:00:00+01:00,335.41,337.5,324.66,328.32,1554.541
2025-12-02 13:00:00+01:00,328.34,331.06,322.71,327.82,1294.149
2025-12-02 14:00:00+01:00,327.82,335.0,326.48,332.37,962.853
2025-12-02 15:00:00+01:00,332.37,346.54,326.62,344.29,3173.447
2025-12-02 16:00:00+01:00,344.17,385.2,343.2,373.09,10820.102
2025-12-02 17:00:00+01:00,372.98,374.7,350.63,353.66,7001.253
2025-12-02 18:00:00+01:00,353.28,356.64,341.36,342.24,3898.5
2025-12-02 19:00:00+01:00,342.35,346.9,334.85,338.81,2505.163
2025-12-02 20:00:00+01:00,338.73,344.04,328.82,330.03,2562.544
2025-12-02 21:00:00+01:00,330.16,334.96,305.65,313.18,13463.943
2025-12-02 22:00:00+01:00,313.25,317.61,306.4,309.04,4877.933
2025-12-02 23:00:00+01:00,309.07,321.53,306.64,316.23,3102.58
2025-12-03 00:00:00+01:00,316.14,323.59,309.6,313.04,3663.917
2025-12-03 01:00:00+01:00,312.97,314.2,303.86,304.81,2475.294
2025-12-03 02:00:00+01:00,305.42,309.2,301.23,307.95,2840.867
2025-12-03 03:00:00+01:00,307.85,321.22,307.04,315.36,3476.967
2025-12-03 04:00:00+01:00,315.38,318.13,309.16,309.51,1457.851
2025-12-03 05:00:00+01:00,309.57,338.99,309.14,327.42,2811.546
2025-12-03 06:00:00+01:00,327.49,340.8,323.46,330.01,4051.178
2025-12-03 07:00:00+01:00,330.49,338.28,328.46,333.99,2651.22
2025-12-03 08:00:00+01:00,333.8,335.87,326.47,328.2,1043.083
2025-12-03 09:00:00+01:00,328.4,336.3,328.06,333.55,2531.106
2025-12-03 10:00:00+01:00,333.18,339.05,331.53,337.17,2060.997
2025-12-03 11:00:00+01:00,337.28,352.45,328.15,328.59,4949.496
2025-12-03 12:00:00+01:00,328.47,338.51,318.86,335.15,4280.893
2025-12-03 13:00:00+01:00,335.04,345.68,332.5,342.26,3316.517
2025-12-03 14:00:00+01:00,342.56,346.33,337.0,344.12,2515.955
2025-12-03 15:00:00+01:00,344.27,348.52,330.6,333.57,5548.347
2025-12-03 16:00:00+01:00,333.85,338.07,327.72,331.76,2734.41
2025-12-03 17:00:00+01:00,331.77,348.0,331.77,343.31,3662.457
2025-12-03 18:00:00+01:00,343.36,359.57,341.55,358.56,4781.326
2025-12-03 19:00:00+01:00,358.63,380.14,355.88,362.61,9988.308
2025-12-03 20:00:00+01:00,362.88,378.59,362.16,374.69,4127.872
2025-12-03 21:00:00+01:00,374.61,374.62,338.26,344.56,9277.857
2025-12-03 22:00:00+01:00,344.8,350.04,343.92,349.36,2298.09
2025-12-03 23:00:00+01:00,349.27,349.27,339.03,343.2,3649.833
2025-12-04 00:00:00+01:00,343.28,347.1,335.39,338.87,3557.974
2025-12-04 01:00:00+01:00,338.98,344.83,335.48,343.86,1273.309
2025-12-04 02:00:00+01:00,344.0,353.44,343.4,345.52,3433.129
2025-12-04 03:00:00+01:00,345.44,352.26,344.24,351.96,995.186
2025-12-04 04:00:00+01:00,351.78,357.42,349.8,356.0,1530.383
2025-12-04 05:00:00+01:00,356.0,358.91,352.0,358.24,2072.72
2025-12-04 06:00:00+01:00,358.29,361.62,353.46,355.09,1680.911
2025-12-04 07:00:00+01:00,354.97,363.68,352.73,363.68,2095.529
2025-12-04 08:00:00+01:00,363.74,365.28,359.59,361.2,1671.549
2025-12-04 09:00:00+01:00,361.2,366.48,357.12,364.16,1989.615
2025-12-04 10:00:00+01:00,364.2,365.51,360.88,363.78,2039.51
2025-12-04 11:00:00+01:00,363.79,363.89,358.31,359.7,1667.089
2025-12-04 12:00:00+01:00,359.73,369.56,359.28,368.97,2389.866
2025-12-04 13:00:00+01:00,368.99,369.64,360.0,364.52,2004.595
2025-12-04 14:00:00+01:00,364.4,366.16,350.5,354.08,3168.614
2025-12-04 15:00:00+01:00,354.14,356.8,346.36,347.49,2970.031
2025-12-04 16:00:00+01:00,347.59,357.4,346.84,353.37,2680.911
2025-12-04 17:00:00+01:00,353.26,361.36,349.92,356.96,2544.755
2025-12-04 18:00:00+01:00,356.86,364.64,355.91,362.64,2090.54
2025-12-04 19:00:00+01:00,362.56,363.84,357.55,361.42,2557.107
2025-12-04 20:00:00+01:00,361.47,362.48,346.68,353.58,4453.483
2025-12-04 21:00:00+01:00,353.92,368.0,349.6,364.46,2931.525
2025-12-04 22:00:00+01:00,364.28,367.06,358.32,358.81,3940.291
2025-12-04 23:00:00+01:00,358.93,367.8,358.86,364.36,1869.24
2025-12-05 00:00:00+01:00,364.31,369.21,363.32,367.71,2354.941
2025-12-05 01:00:00+01:00,367.56,399.81,367.04,386.36,8641.676
2025-12-05 02:00:00+01:00,386.35,391.81,381.67,385.81,3090.388
2025-12-05 03:00:00+01:00,385.52,399.33,384.74,394.6,3185.715
2025-12-05 04:00:00+01:00,394.39,398.16,385.4,386.91,2274.408
2025-12-05 05:00:00+01:00,386.89,394.83,383.44,387.32,1778.107
2025-12-05 06:00:00+01:00,387.12,390.0,380.37,385.73,1268.289
2025-12-05 07:00:00+01:00,385.69,409.26,385.69,392.74,4720.073
2025-12-05 08:00:00+01:00,392.77,405.68,392.49,399.91,2991.683
2025-12-05 09:00:00+01:00,400.2,400.64,387.94,393.76,2922.261
2025-12-05 10:00:00+01:00,393.99,394.8,384.5,386.81,2192.941
2025-12-05 11:00:00+01:00,386.53,391.14,376.28,380.08,2720.816
2025-12-05 12:00:00+01:00,380.21,381.18,369.14,379.04,3019.844
2025-12-05 13:00:00+01:00,378.69,388.84,378.39,388.15,2847.92
2025-12-05 14:00:00+01:00,388.4,389.66,380.42,382.96,2390.701
2025-12-05 15:00:00+01:00,382.99,384.8,373.94,379.29,2745.644
2025-12-05 16:00:00+01:00,379.68,387.94,374.7,377.83,2742.74
2025-12-05 17:00:00+01:00,377.96,378.31,362.02,367.44,3532.535
2025-12-05 18:00:00+01:00,367.43,374.56,366.9,373.49,1630.278
2025-12-05 19:00:00+01:00,373.29,378.83,360.88,363.34,2864.37
2025-12-05 20:00:00+01:00,363.52,371.81,361.35,369.18,1782.67
2025-12-05 21:00:00+01:00,369.05,369.32,354.68,357.46,2775.476
2025-12-05 22:00:00+01:00,357.4,359.91,353.32,356.42,1172.261
2025-12-05 23:00:00+01:00,356.4,360.85,353.51,358.22,962.546
2025-12-06 00:00:00+01:00,358.4,361.0,352.04,360.4,1114.126
2025-12-06 01:00:00+01:00,360.14,362.24,353.36,358.72,1204.046
2025-12-06 02:00:00+01:00,358.68,360.24,353.1,354.35,1332.646
2025-12-06 03:00:00+01:00,354.26,354.51,347.28,352.01,2278.551
2025-12-06 04:00:00+01:00,351.91,357.6,350.4,353.25,1156.719
2025-12-06 05:00:00+01:00,353.12,354.89,351.38,352.95,1021.339
2025-12-06 06:00:00+01:00,352.91,356.37,350.23,350.42,1009.861
2025-12-06 07:00:00+01:00,350.22,355.59,348.51,351.68,1379.688
2025-12-06 08:00:00+01:00,351.7,355.2,348.64,353.46,1360.846
2025-12-06 09:00:00+01:00,353.76,355.77,342.06,346.22,2211.709
2025-12-06 10:00:00+01:00,346.32,351.03,345.6,345.99,888.375
2025-12-06 11:00:00+01:00,345.96,347.95,338.0,339.12,2253.617
2025-12-06 12:00:00+01:00,339.72,343.67,336.78,341.86,2397.887
2025-12-06 13:00:00+01:00,341.8,341.98,337.82,339.78,1185.172
2025-12-06 14:00:00+01:00,339.79,340.72,335.88,337.95,2281.445
2025-12-06 15:00:00+01:00,337.94,345.08,337.64,342.45,2955.133
2025-12-06 16:00:00+01:00,342.39,342.73,328.0,330.68,2917.345
2025-12-06 17:00:00+01:00,330.64,335.86,330.4,330.52,1228.848
2025-12-06 18:00:00+01:00,330.47,333.61,328.76,333.12,1351.713
2025-12-06 19:00:00+01:00,333.16,340.93,330.66,331.06,3199.646
2025-12-06 20:00:00+01:00,330.92,333.6,329.16,330.76,2177.905
2025-12-06 21:00:00+01:00,330.88,334.65,326.62,334.21,1671.872
2025-12-06 22:00:00+01:00,334.05,335.04,331.52,332.97,906.236
2025-12-06 23:00:00+01:00,332.94,336.0,332.04,335.09,1222.773
2025-12-07 00:00:00+01:00,335.14,345.5,334.1,341.76,2554.765
2025-12-07 01:00:00+01:00,341.53,342.64,335.51,336.83,1480.174
2025-12-07 02:00:00+01:00,336.81,339.41,332.96,333.86,1175.313
2025-12-07 03:00:00+01:00,333.96,340.05,332.47,337.68,1950.236
2025-12-07 04:00:00+01:00,338.0,343.47,336.47,339.44,1644.542
2025-12-07 05:00:00+01:00,339.39,344.58,338.57,342.96,1047.963
2025-12-07 06:00:00+01:00,342.94,349.54,341.08,343.0,1152.192
2025-12-07 07:00:00+01:00,342.95,344.95,340.83,343.19,999.467
2025-12-07 08:00:00+01:00,343.25,343.46,338.4,340.4,876.86
2025-12-07 09:00:00+01:00,340.38,341.36,337.73,338.9,1050.494
2025-12-07 10:00:00+01:00,338.86,339.54,335.18,336.01,1098.243
2025-12-07 11:00:00+01:00,335.92,343.0,334.4,341.39,1395.137
2025-12-07 12:00:00+01:00,341.52,346.66,340.4,343.72,1273.212
2025-12-07 13:00:00+01:00,343.97,353.0,341.43,346.69,2357.166
2025-12-07 14:00:00+01:00,346.55,350.93,342.72,347.6,2612.931
2025-12-07 15:00:00+01:00,347.44,349.61,338.64,339.66,4248.79
2025-12-07 16:00:00+01:00,339.66,343.35,331.42,341.85,3031.411
2025-12-07 17:00:00+01:00,341.91,345.0,334.48,339.03,2309.511
2025-12-07 18:00:00+01:00,339.12,348.05,334.97,346.73,2893.066
2025-12-07 19:00:00+01:00,346.93,350.0,344.07,347.57,1248.989
2025-12-07 20:00:00+01:00,347.66,349.68,344.07,347.5,1766.77
2025-12-07 21:00:00+01:00,347.52,354.0,344.84,346.91,1285.353
2025-12-07 22:00:00+01:00,346.8,349.73,338.54,339.92,1719.282
2025-12-07 23:00:00+01:00,340.03,340.72,332.58,335.39,2685.7
2025-12-08 00:00:00+01:00,335.25,344.56,333.46,342.76,1514.541
2025-12-08 01:00:00+01:00,342.96,349.23,341.36,344.18,1207.91
2025-12-08 02:00:00+01:00,344.18,352.03,342.85,350.88,1843.894
2025-12-08 03:00:00+01:00,351.22,351.84,348.32,350.35,866.389
2025-12-08 04:00:00+01:00,350.4,351.98,349.2,350.48,732.642
2025-12-08 05:00:00+01:00,350.74,359.89,349.5,354.14,1617.204
2025-12-08 06:00:00+01:00,354.08,358.0,351.2,355.68,1169.452
2025-12-08 07:00:00+01:00,355.82,369.22,354.61,368.14,3521.932
2025-12-08 08:00:00+01:00,368.26,376.0,365.32,368.95,5299.108
2025-12-08 09:00:00+01:00,369.06,374.46,368.5,373.5,1760.875
2025-12-08 10:00:00+01:00,373.46,394.68,373.2,390.23,5900.305
2025-12-08 11:00:00+01:00,390.32,398.23,387.7,395.57,3812.927
2025-12-08 12:00:00+01:00,395.8,399.77,384.6,386.13,3745.518
2025-12-08 13:00:00+01:00,386.45,390.1,379.73,383.04,2160.876
2025-12-08 14:00:00+01:00,383.0,389.12,381.78,384.41,1334.929
2025-12-08 15:00:00+01:00,384.46,411.78,384.27,407.69,8229.572
2025-12-08 16:00:00+01:00,407.94,407.97,393.76,402.18,8717.109
2025-12-08 17:00:00+01:00,402.19,426.66,399.45,419.55,7672.689
2025-12-08 18:00:00+01:00,419.47,422.26,412.15,419.49,4527.338
2025-12-08 19:00:00+01:00,419.36,420.91,401.42,410.81,4659.261
2025-12-08 20:00:00+01:00,410.5,413.76,403.95,405.12,2952.203
2025-12-08 21:00:00+01:00,405.38,412.58,404.36,409.6,2774.913
2025-12-08 22:00:00+01:00,409.57,417.48,407.57,416.16,3158.118
2025-12-08 23:00:00+01:00,416.22,419.27,411.55,414.03,2083.637
2025-12-09 00:00:00+01:00,413.89,414.4,403.2,405.44,2182.77
2025-12-09 01:00:00+01:00,405.43,419.14,404.72,414.69,2355.14
2025-12-09 02:00:00+01:00,415.12,417.5,400.24,403.64,1802.846
2025-12-09 03:00:00+01:00,403.55,410.09,401.67,403.01,1600.513
2025-12-09 04:00:00+01:00,403.07,404.16,390.7,401.54,2693.898
2025-12-09 05:00:00+01:00,401.67,401.86,395.0,396.99,2095.486
2025-12-09 06:00:00+01:00,396.92,415.0,392.65,408.29,2029.666
2025-12-09 07:00:00+01:00,408.56,422.2,407.0,417.12,2521.106
2025-12-09 08:00:00+01:00,416.92,421.87,413.26,418.61,2506.119
2025-12-09 09:00:00+01:00,418.6,425.92,410.5,411.33,2792.73
2025-12-09 10:00:00+01:00,411.29,413.97,403.45,407.53,1660.057
2025-12-09 11:00:00+01:00,407.69,412.93,406.19,410.88,1321.278
2025-12-09 12:00:00+01:00,411.03,419.26,407.79,415.87,1875.86
2025-12-09 13:00:00+01:00,416.33,438.22,414.68,434.46,6063.583
2025-12-09 14:00:00+01:00,434.72,439.0,426.17,427.22,3873.405
2025-12-09 15:00:00+01:00,427.35,429.19,421.2,425.76,2218.83
2025-12-09 16:00:00+01:00,425.44,446.2,424.8,443.2,5516.776
2025-12-09 17:00:00+01:00,443.52,449.91,435.6,435.88,4955.779
2025-12-09 18:00:00+01:00,436.26,450.0,435.73,440.28,4262.193
2025-12-09 19:00:00+01:00,440.17,448.95,439.37,445.49,2895.606
2025-12-09 20:00:00+01:00,445.64,446.81,432.55,432.56,3120.062
2025-12-09 21:00:00+01:00,433.1,433.79,425.9,427.52,3668.344
2025-12-09 22:00:00+01:00,427.5,430.88,421.2,425.19,1938.301
2025-12-09 23:00:00+01:00,425.11,437.97,424.4,433.52,2410.516
2025-12-10 00:00:00+01:00,433.44,435.22,428.18,433.21,1524.03
2025-12-10 01:00:00+01:00,433.08,442.36,431.71,437.43,1398.148
2025-12-10 02:00:00+01:00,437.68,445.18,434.24,440.98,1570.896
2025-12-10 03:00:00+01:00,440.99,444.31,437.96,441.21,867.662
2025-12-10 04:00:00+01:00,441.28,447.0,440.96,443.26,900.907
2025-12-10 05:00:00+01:00,443.28,443.84,437.32,440.64,795.021
2025-12-10 06:00:00+01:00,440.56,448.2,435.44,446.93,1586.955
2025-12-10 07:00:00+01:00,446.68,446.72,437.64,439.16,813.095
2025-12-10 08:00:00+01:00,439.08,443.28,438.36,440.72,579.706
2025-12-10 09:00:00+01:00,440.9,442.38,432.88,437.32,1722.322
2025-12-10 10:00:00+01:00,437.42,438.5,433.21,434.74,1654.204
2025-12-10 11:00:00+01:00,434.72,436.16,426.6,427.75,1343.481
2025-12-10 12:00:00+01:00,427.68,433.01,426.4,427.72,850.268
2025-12-10 13:00:00+01:00,427.61,432.5,427.02,429.4,869.021
2025-12-10 14:00:00+01:00,429.52,437.0,424.23,432.62,2860.29
2025-12-10 15:00:00+01:00,432.53,434.87,427.46,430.75,963.18
2025-12-10 16:00:00+01:00,430.26,436.89,421.53,428.4,2854.265
2025-12-10 17:00:00+01:00,428.35,439.77,425.92,437.21,1625.831
2025-12-10 18:00:00+01:00,437.36,439.43,431.68,434.27,1587.095
2025-12-10 19:00:00+01:00,434.16,436.92,426.42,433.54,1974.629
2025-12-10 20:00:00+01:00,433.8,438.84,418.1,427.56,3427.997
2025-12-10 21:00:00+01:00,428.2,429.04,401.01,403.59,7283.754
2025-12-10 22:00:00+01:00,403.44,410.96,402.61,405.4,1547.062
2025-12-10 23:00:00+01:00,405.62,408.03,395.69,400.4,2235.465
2025-12-11 00:00:00+01:00,399.84,406.15,399.84,404.55,908.697
2025-12-11 01:00:00+01:00,404.46,405.76,392.71,394.74,1461.256
2025-12-11 02:00:00+01:00,394.63,398.68,390.5,394.74,772.001
2025-12-11 03:00:00+01:00,394.24,403.2,390.89,401.64,1185.366
2025-12-11 04:00:00+01:00,401.47,404.78,395.0,397.55,1433.907
2025-12-11 05:00:00+01:00,397.32,409.43,396.4,409.36,1549.06
2025-12-11 06:00:00+01:00,409.44,410.12,404.88,406.76,805.988
2025-12-11 07:00:00+01:00,406.83,421.26,406.46,415.83,2807.845
2025-12-11 08:00:00+01:00,416.06,422.53,415.72,420.26,1427.641
2025-12-11 09:00:00+01:00,420.18,423.08,411.26,412.67,1836.931
2025-12-11 10:00:00+01:00,412.69,421.28,411.83,416.87,3269.65
2025-12-11 11:00:00+01:00,417.04,421.84,415.13,419.43,802.2
2025-12-11 12:00:00+01:00,419.61,437.81,419.4,433.25,3217.916
2025-12-11 13:00:00+01:00,433.4,460.28,431.45,447.83,8938.091
2025-12-11 14:00:00+01:00,447.76,452.82,439.27,443.23,3492.3
2025-12-11 15:00:00+01:00,443.44,450.69,437.82,446.0,2530.962
2025-12-11 16:00:00+01:00,446.06,455.1,441.44,449.44,2148.283
2025-12-11 17:00:00+01:00,449.43,450.21,441.23,445.87,1718.71
2025-12-11 18:00:00+01:00,445.92,455.0,443.84,448.88,1605.633
2025-12-11 19:00:00+01:00,448.76,468.98,447.0,464.11,2470.862
2025-12-11 20:00:00+01:00,464.0,467.2,457.2,458.17,3431.794
2025-12-11 21:00:00+01:00,458.33,465.0,455.68,464.1,1562.072
2025-12-11 22:00:00+01:00,463.93,470.09,459.01,459.75,3080.793
2025-12-11 23:00:00+01:00,459.75,462.37,450.79,450.93,1559.255
2025-12-12 00:00:00+01:00,451.12,460.35,449.28,451.37,1522.052
2025-12-12 01:00:00+01:00,451.04,457.44,446.15,454.86,1164.521
2025-12-12 02:00:00+01:00,455.01,463.44,455.01,459.96,1830.343
2025-12-12 03:00:00+01:00,460.01,462.22,457.24,461.49,798.407
2025-12-12 04:00:00+01:00,461.53,462.35,454.89,461.62,719.716
2025-12-12 05:00:00+01:00,461.52,461.52,455.13,458.64,923.215
2025-12-12 06:00:00+01:00,458.88,459.15,453.42,455.32,1010.192
2025-12-12 07:00:00+01:00,454.93,459.01,449.84,451.68,2006.495
2025-12-12 08:00:00+01:00,451.67,461.04,449.01,458.04,980.13
2025-12-12 09:00:00+01:00,457.88,458.2,452.69,454.59,1133.577
2025-12-12 10:00:00+01:00,454.46,454.8,450.72,454.4,759.192
2025-12-12 11:00:00+01:00,454.29,465.28,453.92,462.04,1215.571
2025-12-12 12:00:00+01:00,462.21,463.85,451.0,454.52,1776.046
2025-12-12 13:00:00+01:00,454.39,461.0,451.36,459.1,989.211
2025-12-12 14:00:00+01:00,459.14,463.31,456.22,458.53,1176.692
2025-12-12 15:00:00+01:00,458.56,469.56,455.04,457.82,4424.474
2025-12-12 16:00:00+01:00,457.64,462.04,452.3,456.86,3890.052
2025-12-12 17:00:00+01:00,457.08,460.38,445.74,454.47,2745.241
2025-12-12 18:00:00+01:00,454.63,456.91,450.1,455.13,1166.005
2025-12-12 19:00:00+01:00,455.2,464.12,455.2,459.48,1740.725
2025-12-12 20:00:00+01:00,459.14,460.17,454.16,455.09,559.75
2025-12-12 21:00:00+01:00,455.02,457.32,452.63,455.6,693.364
2025-12-12 22:00:00+01:00,455.52,461.68,455.2,457.2,792.485
2025-12-12 23:00:00+01:00,457.41,462.48,456.0,460.02,1070.348
2025-12-13 00:00:00+01:00,460.16,465.11,454.87,455.16,1344.39
2025-12-13 01:00:00+01:00,455.12,460.81,454.8,459.85,735.137
2025-12-13 02:00:00+01:00,459.84,461.2,456.37,456.67,762.403
2025-12-13 03:00:00+01:00,456.6,462.45,456.0,461.09,589.046
2025-12-13 04:00:00+01:00,461.08,465.52,460.0,464.25,721.279
2025-12-13 05:00:00+01:00,464.33,476.8,457.65,457.85,2677.153
2025-12-13 06:00:00+01:00,458.55,469.84,456.72,468.4,1355.534
2025-12-13 07:00:00+01:00,468.78,469.84,462.48,466.35,992.842
2025-12-13 08:00:00+01:00,466.4,468.4,463.8,465.26,607.392
2025-12-13 09:00:00+01:00,465.37,468.57,461.69,462.35,1159.386
2025-12-13 10:00:00+01:00,462.31,465.06,446.07,451.26,3672.936
2025-12-13 11:00:00+01:00,451.04,458.78,448.96,450.99,2064.104
2025-12-13 12:00:00+01:00,450.59,450.74,443.19,445.35,1547.735
2025-12-13 13:00:00+01:00,445.39,447.41,427.41,436.64,3510.075
2025-12-13 14:00:00+01:00,436.56,439.0,429.87,430.7,2033.661
2025-12-13 15:00:00+01:00,430.8,433.33,422.91,424.16,2244.332
2025-12-13 16:00:00+01:00,424.12,443.57,424.09,441.13,4047.869
2025-12-13 17:00:00+01:00,441.54,443.88,432.08,435.06,3950.577
2025-12-13 18:00:00+01:00,435.29,435.68,427.42,433.7,2389.915
2025-12-13 19:00:00+01:00,433.73,440.0,431.61,436.41,905.439
2025-12-13 20:00:00+01:00,436.52,439.08,433.35,434.43,858.936
2025-12-13 21:00:00+01:00,434.32,437.73,429.45,431.06,794.975
2025-12-13 22:00:00+01:00,431.22,435.57,428.67,435.07,746.919
2025-12-13 23:00:00+01:00,435.28,437.84,430.28,436.2,580.569
2025-12-14 00:00:00+01:00,436.16,445.18,435.0,443.13,1391.715
2025-12-14 01:00:00+01:00,443.12,444.85,440.82,442.24,723.84
2025-12-14 02:00:00+01:00,442.1,443.09,438.54,438.96,1063.343
2025-12-14 03:00:00+01:00,439.04,440.85,434.84,440.26,589.885
2025-12-14 04:00:00+01:00,440.14,443.04,436.96,438.4,689.096
2025-12-14 05:00:00+01:00,438.48,438.68,431.49,433.39,627.319
2025-12-14 06:00:00+01:00,433.15,435.21,426.2,427.98,1483.029
2025-12-14 07:00:00+01:00,428.04,428.25,419.88,426.03,2720.122
2025-12-14 08:00:00+01:00,426.0,426.96,420.25,423.68,1050.45
2025-12-14 09:00:00+01:00,423.48,426.48,419.32,422.56,1535.697
2025-12-14 10:00:00+01:00,422.57,425.16,421.34,423.16,760.33
2025-12-14 11:00:00+01:00,423.2,431.74,421.89,430.43,2314.279
2025-12-14 12:00:00+01:00,430.53,431.63,424.11,427.25,1062.623
2025-12-14 13:00:00+01:00,427.1,429.87,424.27,425.49,1675.657
2025-12-14 14:00:00+01:00,425.62,425.66,412.13,414.0,3056.259
2025-12-14 15:00:00+01:00,414.1,415.52,398.08,402.57,4282.389
2025-12-14 16:00:00+01:00,402.68,406.11,400.8,403.49,2722.763
2025-12-14 17:00:00+01:00,403.47,409.85,402.14,407.63,1774.709
2025-12-14 18:00:00+01:00,407.6,409.96,405.23,407.08,898.715
2025-12-14 19:00:00+01:00,407.08,409.42,400.71,405.32,1542.41
2025-12-14 20:00:00+01:00,405.28,409.67,402.64,407.28,1539.663
2025-12-14 21:00:00+01:00,407.31,408.22,403.92,403.99,657.631
2025-12-14 22:00:00+01:00,404.24,407.84,403.71,405.54,505.081
2025-12-14 23:00:00+01:00,405.48,406.72,395.61,401.08,1263.532
2025-12-15 00:00:00+01:00,401.11,408.23,396.16,404.32,1353.023
2025-12-15 01:00:00+01:00,404.0,407.2,400.4,405.36,822.466
2025-12-15 02:00:00+01:00,405.25,418.55,403.19,415.94,1989.863
2025-12-15 03:00:00+01:00,415.89,415.89,401.34,401.53,2167.425
2025-12-15 04:00:00+01:00,401.48,405.55,391.4,401.27,2615.13
2025-12-15 05:00:00+01:00,401.31,404.44,398.08,402.7,957.358
2025-12-15 06:00:00+01:00,402.72,409.05,401.8,407.6,1535.712
2025-12-15 07:00:00+01:00,407.39,412.8,404.84,408.56,1606.946
2025-12-15 08:00:00+01:00,408.69,409.68,400.89,402.73,1132.965
2025-12-15 09:00:00+01:00,402.64,405.02,401.17,404.09,852.767
2025-12-15 10:00:00+01:00,404.04,410.78,403.44,409.98,693.982
2025-12-15 11:00:00+01:00,409.81,411.8,406.8,407.99,701.855
2025-12-15 12:00:00+01:00,408.04,412.6,407.47,410.89,734.515
2025-12-15 13:00:00+01:00,410.88,415.56,409.16,411.78,1664.573
2025-12-15 14:00:00+01:00,411.85,412.08,404.02,408.4,1037.541
2025-12-15 15:00:00+01:00,408.27,414.72,405.99,407.88,1636.756
2025-12-15 16:00:00+01:00,407.64,417.77,405.09,414.12,3843.266
2025-12-15 17:00:00+01:00,413.96,417.19,408.56,411.9,2152.622
2025-12-15 18:00:00+01:00,411.62,416.72,406.7,407.27,1924.863
2025-12-15 19:00:00+01:00,407.44,414.83,386.66,412.57,6965.96
2025-12-15 20:00:00+01:00,412.3,414.97,406.8,408.8,2219.399
2025-12-15 21:00:00+01:00,408.79,410.73,396.62,397.04,2046.976
2025-12-15 22:00:00+01:00,397.3,410.12,395.44,410.12,1913.681
2025-12-15 23:00:00+01:00,410.09,415.0,407.04,412.77,2274.69
2025-12-16 00:00:00+01:00,412.8,415.0,410.88,413.6,1087.002
2025-12-16 01:00:00+01:00,413.52,416.85,403.61,404.82,1512.696
2025-12-16 02:00:00+01:00,404.96,407.5,401.07,403.24,1008.546
2025-12-16 03:00:00+01:00,403.2,409.24,401.17,401.38,449.658
2025-12-16 04:00:00+01:00,401.49,403.61,396.8,402.44,2586.308
2025-12-16 05:00:00+01:00,402.74,405.21,392.8,398.06,971.25
2025-12-16 06:00:00+01:00,397.77,401.26,395.34,398.07,713.649
2025-12-16 07:00:00+01:00,398.0,402.0,395.6,399.26,509.725
2025-12-16 08:00:00+01:00,399.4,399.53,379.17,381.82,3658.049
2025-12-16 09:00:00+01:00,381.74,387.49,374.21,380.88,4047.844
2025-12-16 10:00:00+01:00,380.91,383.76,377.44,382.76,1141.208
2025-12-16 11:00:00+01:00,382.8,398.0,380.6,391.69,3056.964
2025-12-16 12:00:00+01:00,391.91,397.96,390.46,395.0,2094.817
2025-12-16 13:00:00+01:00,395.04,397.26,390.52,391.81,1461.169
2025-12-16 14:00:00+01:00,391.76,399.6,391.64,391.64,1390.762
2025-12-16 15:00:00+01:00,392.22,398.0,388.27,397.38,1726.527
2025-12-16 16:00:00+01:00,397.37,409.38,393.84,407.25,2301.409
2025-12-16 17:00:00+01:00,407.12,413.75,404.0,406.84,2749.326
2025-12-16 18:00:00+01:00,406.89,409.92,402.68,404.76,1264.594
2025-12-16 19:00:00+01:00,404.87,406.88,401.44,401.8,651.867
2025-12-16 20:00:00+01:00,401.76,407.51,396.16,404.0,1953.673
2025-12-16 21:00:00+01:00,403.88,411.13,403.19,407.04,1105.023
2025-12-16 22:00:00+01:00,407.36,411.66,406.33,409.95,1066.688
2025-12-16 23:00:00+01:00,409.84,410.28,405.6,405.96,737.815
2025-12-17 00:00:00+01:00,405.84,406.56,401.36,404.56,952.512
2025-12-17 01:00:00+01:00,404.51,404.51,399.35,400.57,482.319
2025-12-17 02:00:00+01:00,400.66,405.68,400.12,402.6,503.451
2025-12-17 03:00:00+01:00,402.64,404.4,396.32,397.39,964.21
2025-12-17 04:00:00+01:00,397.76,401.91,393.12,394.44,753.653
2025-12-17 05:00:00+01:00,394.64,397.05,393.44,394.48,429.638
2025-12-17 06:00:00+01:00,394.57,395.79,390.05,393.42,2870.564
2025-12-17 07:00:00+01:00,393.6,395.97,390.0,390.67,1130.591
2025-12-17 08:00:00+01:00,390.64,392.99,387.02,392.77,2018.245
2025-12-17 09:00:00+01:00,392.7,393.62,384.11,386.96,1127.636
2025-12-17 10:00:00+01:00,386.96,389.94,385.16,389.85,1035.162
2025-12-17 11:00:00+01:00,389.89,390.32,385.43,386.66,900.979
2025-12-17 12:00:00+01:00,386.56,394.16,385.83,391.58,2662.584
2025-12-17 13:00:00+01:00,391.68,395.82,390.44,393.7,1511.642
2025-12-17 14:00:00+01:00,393.65,398.14,391.92,396.69,1909.868
2025-12-17 15:00:00+01:00,396.72,406.12,393.74,405.56,3067.166
2025-12-17 16:00:00+01:00,405.76,411.3,392.26,393.74,4343.383
2025-12-17 17:00:00+01:00,393.0,401.75,386.02,400.26,3281.261
2025-12-17 18:00:00+01:00,400.21,400.21,392.47,392.65,2222.731
2025-12-17 19:00:00+01:00,392.81,396.72,386.8,387.74,1593.539
2025-12-17 20:00:00+01:00,387.84,388.0,375.56,378.34,3224.216
2025-12-17 21:00:00+01:00,378.35,390.0,378.16,383.76,1774.269
2025-12-17 22:00:00+01:00,383.53,383.84,377.34,378.32,1352.602
2025-12-17 23:00:00+01:00,378.34,380.94,371.45,375.28,2065.811
2025-12-18 00:00:00+01:00,375.29,377.72,372.37,376.6,931.645
2025-12-18 01:00:00+01:00,376.55,378.32,374.16,378.32,651.659
2025-12-18 02:00:00+01:00,378.28,379.32,372.83,373.23,668.817
2025-12-18 03:00:00+01:00,373.28,383.42,372.0,378.86,1216.203
2025-12-18 04:00:00+01:00,378.64,386.56,375.92,385.22,1951.694
2025-12-18 05:00:00+01:00,385.35,395.67,384.84,392.75,1820.692
2025-12-18 06:00:00+01:00,392.85,400.25,392.16,394.24,2410.461
2025-12-18 07:00:00+01:00,394.38,398.44,390.72,394.68,2780.262
2025-12-18 08:00:00+01:00,394.68,397.19,391.17,393.99,1313.236
2025-12-18 09:00:00+01:00,393.89,398.0,392.64,395.25,856.586
2025-12-18 10:00:00+01:00,395.17,399.51,393.72,397.04,1683.262
2025-12-18 11:00:00+01:00,396.54,403.15,395.24,397.32,1595.542
2025-12-18 12:00:00+01:00,397.28,397.28,390.3,394.01,2100.804
2025-12-18 13:00:00+01:00,394.56,399.29,392.6,397.37,914.312
2025-12-18 14:00:00+01:00,397.17,404.79,396.8,402.02,3056.399
2025-12-18 15:00:00+01:00,402.08,403.52,394.79,398.73,2905.428
2025-12-18 16:00:00+01:00,398.78,402.49,395.6,399.81,1052.031
2025-12-18 17:00:00+01:00,400.08,401.76,395.24,401.63,1073.912
2025-12-18 18:00:00+01:00,401.7,401.7,384.37,393.53,3072.057
2025-12-18 19:00:00+01:00,393.57,393.57,387.52,391.44,1551.832
2025-12-18 20:00:00+01:00,391.28,391.9,382.32,382.8,1927.634
2025-12-18 21:00:00+01:00,382.64,388.0,382.4,384.5,2015.835
2025-12-18 22:00:00+01:00,384.61,400.04,384.61,395.3,2467.302
2025-12-18 23:00:00+01:00,395.36,397.92,392.91,394.54,1304.127
2025-12-19 00:00:00+01:00,394.37,394.37,385.34,388.3,1762.316
2025-12-19 01:00:00+01:00,388.34,391.28,385.75,389.24,579.581
2025-12-19 02:00:00+01:00,389.31,390.88,385.66,386.85,862.972
2025-12-19 03:00:00+01:00,386.7,391.02,384.52,389.34,1012.393
2025-12-19 04:00:00+01:00,389.36,402.65,389.36,396.48,3011.074
2025-12-19 05:00:00+01:00,396.44,401.15,394.92,399.88,1083.352
2025-12-19 06:00:00+01:00,399.86,400.14,396.72,397.72,523.806
2025-12-19 07:00:00+01:00,397.75,399.36,395.56,399.12,747.965
2025-12-19 08:00:00+01:00,398.92,415.43,398.72,409.84,3123.979
2025-12-19 09:00:00+01:00,409.41,413.93,407.18,410.82,1157.583
2025-12-19 10:00:00+01:00,410.85,419.0,406.76,409.92,1491.942
2025-12-19 11:00:00+01:00,409.81,414.4,408.38,414.04,1136.727
2025-12-19 12:00:00+01:00,413.93,431.04,412.84,428.27,4469.15
2025-12-19 13:00:00+01:00,428.57,432.97,425.22,428.42,4412.904
2025-12-19 14:00:00+01:00,428.62,436.52,426.24,433.87,2037.505
2025-12-19 15:00:00+01:00,434.01,435.6,427.2,433.59,3050.698
2025-12-19 16:00:00+01:00,433.67,439.73,428.77,432.16,3427.976
2025-12-19 17:00:00+01:00,432.0,439.44,431.04,432.82,2770.752
2025-12-19 18:00:00+01:00,433.48,437.55,429.11,429.23,2200.156
2025-12-19 19:00:00+01:00,429.22,438.92,429.22,436.59,1724.942
2025-12-19 20:00:00+01:00,436.8,446.0,435.96,440.78,2421.667
2025-12-19 21:00:00+01:00,440.73,457.48,438.89,450.96,3041.949
2025-12-19 22:00:00+01:00,450.94,453.92,447.17,447.8,1358.673
2025-12-19 23:00:00+01:00,447.66,450.11,445.98,448.92,1211.723
2025-12-20 00:00:00+01:00,448.88,449.84,443.47,443.88,1195.116
2025-12-20 01:00:00+01:00,443.92,451.84,442.24,449.92,1147.62
2025-12-20 02:00:00+01:00,450.05,451.15,445.6,449.7,1249.305
2025-12-20 03:00:00+01:00,449.49,451.21,446.58,446.68,501.78
2025-12-20 04:00:00+01:00,446.73,447.79,442.64,446.26,634.616
2025-12-20 05:00:00+01:00,446.15,447.97,434.69,439.15,1854.061
2025-12-20 06:00:00+01:00,439.28,444.11,437.69,442.77,699.885
2025-12-20 07:00:00+01:00,442.86,450.13,442.64,447.41,1174.182
2025-12-20 08:00:00+01:00,447.4,491.21,445.87,449.72,7045.503
2025-12-20 09:00:00+01:00,449.72,456.0,449.63,452.34,1709.87
2025-12-20 10:00:00+01:00,452.43,453.44,447.95,449.3,1100.486
2025-12-20 11:00:00+01:00,449.28,450.92,444.88,446.48,928.66
2025-12-20 12:00:00+01:00,446.56,449.0,442.73,446.96,861.479
2025-12-20 13:00:00+01:00,446.72,451.7,446.32,449.59,562.789
2025-12-20 14:00:00+01:00,449.63,451.36,446.32,449.08,446.448
2025-12-20 15:00:00+01:00,449.04,451.09,447.08,449.76,367.241
2025-12-20 16:00:00+01:00,449.68,450.16,447.2,449.12,449.779
2025-12-20 17:00:00+01:00,449.35,450.72,447.51,449.25,489.746
2025-12-20 18:00:00+01:00,449.24,453.86,447.96,448.15,874.104
2025-12-20 19:00:00+01:00,448.29,451.09,448.23,450.51,369.671
2025-12-20 20:00:00+01:00,450.48,451.33,448.07,451.04,294.486
2025-12-20 21:00:00+01:00,451.08,453.38,448.92,450.08,724.418
2025-12-20 22:00:00+01:00,450.19,452.26,447.97,448.58,482.004
2025-12-20 23:00:00+01:00,448.48,449.99,443.04,444.56,1045.685
2025-12-21 00:00:00+01:00,444.49,447.92,443.92,447.06,552.225
2025-12-21 01:00:00+01:00,446.94,450.89,446.03,450.5,533.874
2025-12-21 02:00:00+01:00,450.42,451.72,446.16,447.06,688.241
2025-12-21 03:00:00+01:00,447.09,448.72,441.35,443.64,760.993
2025-12-21 04:00:00+01:00,443.54,448.59,442.14,447.33,613.12
2025-12-21 05:00:00+01:00,447.35,447.52,445.02,445.63,367.518
2025-12-21 06:00:00+01:00,445.58,448.24,445.16,446.76,370.309
2025-12-21 07:00:00+01:00,446.7,446.96,442.64,444.31,406.779
2025-12-21 08:00:00+01:00,444.32,446.04,441.59,441.8,410.283
2025-12-21 09:00:00+01:00,441.93,444.64,437.38,439.39,848.237
2025-12-21 10:00:00+01:00,439.68,445.4,437.84,443.08,988.747
2025-12-21 11:00:00+01:00,443.28,443.8,436.32,438.88,810.645
2025-12-21 12:00:00+01:00,438.92,440.0,436.85,438.53,459.534
2025-12-21 13:00:00+01:00,438.58,440.08,435.0,436.69,643.168
2025-12-21 14:00:00+01:00,436.65,436.67,431.36,432.86,1364.23
2025-12-21 15:00:00+01:00,432.85,434.64,430.96,432.0,1547.361
2025-12-21 16:00:00+01:00,431.89,436.43,431.36,435.13,1141.9
2025-12-21 17:00:00+01:00,434.99,434.99,428.0,432.2,1324.456
2025-12-21 18:00:00+01:00,432.24,438.4,431.58,435.28,1872.333
2025-12-21 19:00:00+01:00,435.24,438.23,433.64,437.56,1044.424
2025-12-21 20:00:00+01:00,437.76,448.65,437.44,446.43,953.71
2025-12-21 21:00:00+01:00,446.68,449.44,444.23,448.48,866.602
2025-12-21 22:00:00+01:00,448.52,450.67,442.8,443.2,501.339
2025-12-21 23:00:00+01:00,443.16,444.94,434.74,438.88,804.743
2025-12-22 00:00:00+01:00,439.12,443.13,439.05,441.3,773.588
2025-12-22 01:00:00+01:00,441.2,449.0,441.14,446.4,1088.152
2025-12-22 02:00:00+01:00,446.32,457.96,446.32,449.56,4069.62
2025-12-22 03:00:00+01:00,449.68,450.64,444.11,447.96,636.483
2025-12-22 04:00:00+01:00,448.32,451.38,445.0,447.36,382.82
2025-12-22 05:00:00+01:00,447.28,447.64,437.92,439.44,568.125
2025-12-22 06:00:00+01:00,439.52,447.05,438.5,444.44,515.478
2025-12-22 07:00:00+01:00,444.22,446.02,442.5,442.64,934.708
2025-12-22 08:00:00+01:00,442.88,444.85,442.69,444.01,1339.402
2025-12-22 09:00:00+01:00,443.94,446.87,441.76,444.05,2771.408
2025-12-22 10:00:00+01:00,444.25,446.08,443.36,444.44,435.618
2025-12-22 11:00:00+01:00,444.88,450.21,443.59,446.5,560.218
2025-12-22 12:00:00+01:00,446.59,450.07,446.24,448.04,513.381
2025-12-22 13:00:00+01:00,447.96,457.6,447.66,454.57,1967.099
2025-12-22 14:00:00+01:00,454.71,454.75,446.52,448.65,939.402
2025-12-22 15:00:00+01:00,448.42,452.29,445.71,448.6,848.484
2025-12-22 16:00:00+01:00,448.56,448.56,442.89,445.32,844.809
2025-12-22 17:00:00+01:00,445.28,448.0,443.63,445.16,429.417
2025-12-22 18:00:00+01:00,445.16,446.15,440.88,440.96,722.488
2025-12-22 19:00:00+01:00,440.93,443.1,439.0,440.08,755.958
2025-12-22 20:00:00+01:00,440.0,440.07,430.66,433.62,1952.722
2025-12-22 21:00:00+01:00,433.59,434.75,426.5,429.24,1245.124
2025-12-22 22:00:00+01:00,428.96,435.77,428.81,433.87,1282.318
2025-12-22 23:00:00+01:00,433.68,435.83,431.02,434.28,791.018
2025-12-23 00:00:00+01:00,434.28,434.51,429.12,431.53,875.539
2025-12-23 01:00:00+01:00,431.45,437.92,430.16,435.94,688.32
2025-12-23 02:00:00+01:00,435.99,437.3,429.51,430.33,662.633
2025-12-23 03:00:00+01:00,430.48,431.95,418.07,419.5,2099.72
2025-12-23 04:00:00+01:00,419.76,423.72,417.66,422.93,648.316
2025-12-23 05:00:00+01:00,422.96,423.36,415.35,416.3,562.415
2025-12-23 06:00:00+01:00,416.04,418.08,413.73,415.23,1123.433
2025-12-23 07:00:00+01:00,415.12,418.25,413.25,416.41,965.048
2025-12-23 08:00:00+01:00,416.65,419.3,415.09,417.01,419.996
2025-12-23 09:00:00+01:00,417.04,417.04,412.11,415.85,669.606
2025-12-23 10:00:00+01:00,415.93,419.0,414.92,417.48,648.504
2025-12-23 11:00:00+01:00,417.51,421.69,416.57,420.7,413.315
2025-12-23 12:00:00+01:00,420.54,421.52,417.28,418.0,611.902
2025-12-23 13:00:00+01:00,417.99,419.2,415.23,416.84,519.399
2025-12-23 14:00:00+01:00,416.79,417.42,413.15,413.15,796.475
2025-12-23 15:00:00+01:00,413.23,415.95,410.37,413.4,825.893
2025-12-23 16:00:00+01:00,413.28,418.17,411.98,415.7,533.447
2025-12-23 17:00:00+01:00,415.83,421.5,415.12,419.27,832.995
2025-12-23 18:00:00+01:00,419.36,422.65,414.72,414.99,567.497
2025-12-23 19:00:00+01:00,415.03,420.0,415.03,418.08,367.939
2025-12-23 20:00:00+01:00,418.24,418.48,413.1,415.83,369.404
2025-12-23 21:00:00+01:00,415.92,421.0,414.56,417.32,593.204
2025-12-23 22:00:00+01:00,417.32,420.32,416.91,419.55,296.276
2025-12-23 23:00:00+01:00,419.41,419.76,416.29,417.68,135.667
2025-12-24 00:00:00+01:00,417.6,418.08,415.45,417.47,227.075
2025-12-24 01:00:00+01:00,417.34,419.16,416.32,418.57,202.713
2025-12-24 02:00:00+01:00,418.8,420.52,416.52,416.96,231.934
2025-12-24 03:00:00+01:00,416.92,416.92,406.66,409.43,513.454
2025-12-24 04:00:00+01:00,409.4,414.04,405.21,410.88,459.526
2025-12-24 05:00:00+01:00,410.84,412.5,409.39,410.16,388.099
2025-12-24 06:00:00+01:00,410.11,410.39,405.15,406.52,551.566
2025-12-24 07:00:00+01:00,406.56,410.12,406.43,407.67,457.099
2025-12-24 08:00:00+01:00,407.68,409.07,405.43,405.62,466.517
2025-12-24 09:00:00+01:00,405.66,407.59,404.39,406.48,631.991
2025-12-24 10:00:00+01:00,406.52,410.43,406.52,408.76,435.447
2025-12-24 11:00:00+01:00,408.88,416.19,408.88,414.04,905.2
2025-12-24 12:00:00+01:00,414.2,415.99,412.26,412.56,593.915
2025-12-24 13:00:00+01:00,412.52,429.68,410.7,426.32,3828.939
2025-12-24 14:00:00+01:00,426.01,427.82,422.46,424.56,1674.192
2025-12-24 15:00:00+01:00,424.64,437.0,421.62,435.66,3698.323
2025-12-24 16:00:00+01:00,435.79,446.13,435.59,439.69,4045.827
2025-12-24 17:00:00+01:00,439.71,445.24,438.33,441.8,1334.228
2025-12-24 18:00:00+01:00,441.84,444.02,435.56,436.56,1678.566
2025-12-24 19:00:00+01:00,437.03,443.36,434.35,442.46,1486.753
2025-12-24 20:00:00+01:00,442.4,444.24,439.93,443.55,530.147
2025-12-24 21:00:00+01:00,443.63,449.42,443.15,447.77,1130.69
2025-12-24 22:00:00+01:00,447.28,450.47,444.19,446.17,876.483
2025-12-24 23:00:00+01:00,446.08,451.9,445.27,447.12,902.679
2025-12-25 00:00:00+01:00,447.12,450.66,445.0,448.52,1111.214
2025-12-25 01:00:00+01:00,448.48,451.22,445.34,445.4,658.739
2025-12-25 02:00:00+01:00,445.39,446.17,438.95,441.42,1091.453
2025-12-25 03:00:00+01:00,441.43,449.53,440.92,448.11,421.559
2025-12-25 04:00:00+01:00,448.12,455.2,443.85,447.25,1229.317
2025-12-25 05:00:00+01:00,447.07,448.97,443.75,445.75,550.494
2025-12-25 06:00:00+01:00,445.91,446.66,443.84,445.08,464.607
2025-12-25 07:00:00+01:00,445.16,448.48,442.16,448.17,390.764
2025-12-25 08:00:00+01:00,448.02,449.33,445.2,446.44,244.464
2025-12-25 09:00:00+01:00,446.32,448.78,444.75,447.75,746.587
2025-12-25 10:00:00+01:00,447.74,448.89,445.86,446.13,349.693
2025-12-25 11:00:00+01:00,446.05,447.72,438.97,441.6,1019.977
2025-12-25 12:00:00+01:00,441.57,445.55,441.03,444.5,358.257
2025-12-25 13:00:00+01:00,444.4,444.82,441.88,444.48,292.429
2025-12-25 14:00:00+01:00,444.48,444.48,438.1,441.68,848.511
2025-12-25 15:00:00+01:00,441.73,442.4,437.02,439.72,434.103
2025-12-25 16:00:00+01:00,439.53,447.04,437.0,445.36,819.717
2025-12-25 17:00:00+01:00,445.47,448.34,442.88,443.76,673.936
2025-12-25 18:00:00+01:00,443.76,446.42,442.04,445.09,493.719
2025-12-25 19:00:00+01:00,445.28,446.74,441.76,442.74,546.028
2025-12-25 20:00:00+01:00,442.74,442.74,438.78,440.4,427.371
2025-12-25 21:00:00+01:00,440.39,441.56,437.81,440.03,420.75
2025-12-25 22:00:00+01:00,439.96,440.76,438.09,440.76,320.299
2025-12-25 23:00:00+01:00,440.77,441.57,435.7,437.73,1110.721
2025-12-26 00:00:00+01:00,437.94,440.92,435.85,437.81,695.562
2025-12-26 01:00:00+01:00,437.88,440.33,435.52,440.32,656.331
2025-12-26 02:00:00+01:00,440.32,443.99,435.98,437.22,1786.061
2025-12-26 03:00:00+01:00,437.21,447.71,436.81,442.85,2018.705
2025-12-26 04:00:00+01:00,442.85,445.25,440.1,441.04,632.304
2025-12-26 05:00:00+01:00,440.88,444.64,438.52,444.15,397.536
2025-12-26 06:00:00+01:00,444.29,444.29,439.79,443.12,907.288
2025-12-26 07:00:00+01:00,443.16,448.13,442.67,446.72,743.019
2025-12-26 08:00:00+01:00,446.89,448.82,442.0,443.86,599.808
2025-12-26 09:00:00+01:00,443.92,446.25,442.11,443.6,382.623
2025-12-26 10:00:00+01:00,443.6,447.84,442.63,446.95,762.83
2025-12-26 11:00:00+01:00,446.86,447.09,444.77,445.2,513.616
2025-12-26 12:00:00+01:00,445.26,448.53,444.94,447.79,542.145
2025-12-26 13:00:00+01:00,447.76,447.99,446.18,446.76,184.881
2025-12-26 14:00:00+01:00,446.8,449.38,445.82,446.24,542.424
2025-12-26 15:00:00+01:00,446.2,447.55,440.17,443.72,1318.491
2025-12-26 16:00:00+01:00,443.52,446.25,441.01,444.79,556.228
2025-12-26 17:00:00+01:00,444.87,445.11,437.82,439.05,639.803
2025-12-26 18:00:00+01:00,439.2,442.7,438.49,442.27,356.583
2025-12-26 19:00:00+01:00,442.24,442.31,440.12,440.48,146.854
2025-12-26 20:00:00+01:00,440.4,443.24,439.81,442.52,175.288
2025-12-26 21:00:00+01:00,442.86,447.8,442.69,446.08,546.291
2025-12-26 22:00:00+01:00,446.24,447.92,443.8,446.63,354.562
2025-12-26 23:00:00+01:00,446.6,447.32,445.24,445.76,189.412
2025-12-27 00:00:00+01:00,445.84,448.57,445.84,447.9,298.522
2025-12-27 01:00:00+01:00,447.88,447.88,444.53,446.68,336.372
2025-12-27 02:00:00+01:00,446.72,469.38,446.38,464.07,1259.348
2025-12-27 03:00:00+01:00,464.12,473.63,460.62,461.69,1389.269
2025-12-27 04:00:00+01:00,461.71,471.0,460.85,470.37,1064.348
2025-12-27 05:00:00+01:00,470.48,471.87,465.78,468.52,586.813
2025-12-27 06:00:00+01:00,468.6,469.42,465.43,467.45,314.583
2025-12-27 07:00:00+01:00,467.84,469.78,466.72,468.33,346.735
2025-12-27 08:00:00+01:00,468.33,470.71,467.73,469.28,1155.546
2025-12-27 09:00:00+01:00,469.35,470.64,467.84,468.03,432.408
2025-12-27 10:00:00+01:00,468.12,497.05,467.3,485.82,2578.127
2025-12-27 11:00:00+01:00,485.93,518.11,483.41,509.23,2703.59
2025-12-27 12:00:00+01:00,508.64,517.52,503.93,510.82,3400.035
2025-12-27 13:00:00+01:00,510.96,517.92,507.82,512.85,1478.738
2025-12-27 14:00:00+01:00,512.87,513.25,501.44,507.11,2502.093
2025-12-27 15:00:00+01:00,507.14,512.68,504.64,510.46,1353.463
2025-12-27 16:00:00+01:00,510.53,522.07,507.88,519.67,3212.248
2025-12-27 17:00:00+01:00,519.17,521.11,514.5,517.28,2402.729
2025-12-27 18:00:00+01:00,517.1,527.94,511.18,522.26,2377.236
2025-12-27 19:00:00+01:00,522.03,522.03,513.17,517.22,1282.059
2025-12-27 20:00:00+01:00,517.12,519.43,515.66,516.08,537.743
2025-12-27 21:00:00+01:00,516.12,517.17,507.49,507.49,1175.259
2025-12-27 22:00:00+01:00,507.56,515.59,507.52,515.18,1016.307
2025-12-27 23:00:00+01:00,515.22,517.2,511.05,512.14,529.235
2025-12-28 00:00:00+01:00,512.24,516.84,511.98,515.66,582.398
2025-12-28 01:00:00+01:00,515.86,519.76,514.11,516.68,790.114
2025-12-28 02:00:00+01:00,516.67,518.96,511.76,515.27,476.443
2025-12-28 03:00:00+01:00,515.2,518.16,513.44,517.22,219.814
2025-12-28 04:00:00+01:00,517.26,518.66,516.04,517.56,284.082
2025-12-28 05:00:00+01:00,517.53,518.55,516.01,517.64,230.985
2025-12-28 06:00:00+01:00,517.64,522.41,510.34,513.54,554.842
2025-12-28 07:00:00+01:00,513.58,517.96,511.22,515.79,664.499
2025-12-28 08:00:00+01:00,515.76,518.93,513.64,518.93,439.815
2025-12-28 09:00:00+01:00,518.56,519.67,515.24,515.48,527.886
2025-12-28 10:00:00+01:00,515.52,517.69,512.12,517.41,878.238
2025-12-28 11:00:00+01:00,517.53,518.6,515.9,517.08,475.842
2025-12-28 12:00:00+01:00,517.12,526.05,516.03,517.04,987.514
2025-12-28 13:00:00+01:00,517.03,519.83,515.52,517.18,542.967
2025-12-28 14:00:00+01:00,517.2,519.8,516.89,518.73,639.421
2025-12-28 15:00:00+01:00,518.76,539.5,518.19,535.1,4262.595
2025-12-28 16:00:00+01:00,535.28,543.77,533.0,535.03,2026.239
2025-12-28 17:00:00+01:00,535.02,536.97,533.46,534.75,1012.119
2025-12-28 18:00:00+01:00,534.74,538.79,533.49,535.24,537.91
2025-12-28 19:00:00+01:00,535.2,535.2,523.37,531.13,2425.533
2025-12-28 20:00:00+01:00,531.04,533.67,526.51,527.16,603.144
2025-12-28 21:00:00+01:00,527.12,529.47,525.11,525.52,596.23
2025-12-28 22:00:00+01:00,525.46,528.43,520.33,527.6,885.322
2025-12-28 23:00:00+01:00,527.48,532.27,526.51,530.88,722.142
2025-12-29 00:00:00+01:00,530.96,532.08,528.6,529.58,513.727
2025-12-29 01:00:00+01:00,529.68,540.0,527.2,534.99,1096.09
2025-12-29 02:00:00+01:00,535.05,537.44,531.07,537.0,505.373
2025-12-29 03:00:00+01:00,537.04,546.21,535.83,537.85,1894.315
2025-12-29 04:00:00+01:00,537.83,547.08,537.49,546.38,1592.184
2025-12-29 05:00:00+01:00,546.88,547.69,533.84,534.73,1014.552
2025-12-29 06:00:00+01:00,534.56,538.19,533.68,535.32,736.433
2025-12-29 07:00:00+01:00,535.28,537.57,533.91,536.22,570.149
2025-12-29 08:00:00+01:00,536.17,537.28,520.68,527.28,1139.666
2025-12-29 09:00:00+01:00,527.44,527.75,522.69,523.96,551.0
2025-12-29 10:00:00+01:00,524.05,525.12,507.57,520.05,3746.298
2025-12-29 11:00:00+01:00,519.9,524.8,516.73,523.0,823.051
2025-12-29 12:00:00+01:00,522.8,524.89,518.46,522.24,469.78
2025-12-29 13:00:00+01:00,522.11,530.47,520.13,526.75,1113.17
2025-12-29 14:00:00+01:00,526.75,528.45,521.08,523.48,1038.604
2025-12-29 15:00:00+01:00,523.36,529.67,521.4,526.1,998.658
2025-12-29 16:00:00+01:00,526.16,528.78,523.19,524.69,481.987
2025-12-29 17:00:00+01:00,525.01,529.0,524.85,527.63,523.647
2025-12-29 18:00:00+01:00,527.7,557.67,527.7,549.36,7279.335
2025-12-29 19:00:00+01:00,549.35,552.19,540.87,542.64,1714.316
2025-12-29 20:00:00+01:00,542.63,551.53,538.32,548.1,1088.022
2025-12-29 21:00:00+01:00,548.06,552.98,544.72,545.36,1284.026
2025-12-29 22:00:00+01:00,545.32,549.41,541.96,542.83,532.778
2025-12-29 23:00:00+01:00,542.81,543.8,540.3,542.4,574.72
2025-12-30 00:00:00+01:00,542.33,545.45,539.44,540.06,339.305
2025-12-30 01:00:00+01:00,540.04,544.28,533.38,539.24,644.372
2025-12-30 02:00:00+01:00,539.2,539.81,535.41,537.43,220.322
2025-12-30 03:00:00+01:00,537.2,540.39,534.25,538.73,298.342
2025-12-30 04:00:00+01:00,538.6,539.65,535.0,538.08,155.514
2025-12-30 05:00:00+01:00,538.15,543.78,537.24,537.68,463.852
2025-12-30 06:00:00+01:00,537.52,537.52,526.24,526.7,1174.778
2025-12-30 07:00:00+01:00,526.71,532.93,525.33,532.83,928.151
2025-12-30 08:00:00+01:00,532.84,533.26,528.29,531.19,469.709
2025-12-30 09:00:00+01:00,530.83,536.59,530.81,533.29,911.871
2025-12-30 10:00:00+01:00,533.32,537.76,533.32,535.12,603.154
2025-12-30 11:00:00+01:00,535.34,537.04,534.17,534.71,233.822
2025-12-30 12:00:00+01:00,534.58,539.66,531.76,538.35,1016.912
2025-12-30 13:00:00+01:00,538.35,541.2,534.48,535.29,490.552
2025-12-30 14:00:00+01:00,535.32,542.47,534.92,541.19,936.985
2025-12-30 15:00:00+01:00,541.2,542.3,536.85,539.47,575.663
2025-12-30 16:00:00+01:00,539.52,539.84,535.22,537.68,343.26
2025-12-30 17:00:00+01:00,537.82,538.07,528.44,531.37,1372.419
2025-12-30 18:00:00+01:00,531.36,535.15,525.34,533.26,800.029
2025-12-30 19:00:00+01:00,533.16,539.07,533.04,537.83,778.877
2025-12-30 20:00:00+01:00,537.79,537.79,533.06,534.63,488.652
2025-12-30 21:00:00+01:00,534.73,535.3,530.39,531.52,442.135
2025-12-30 22:00:00+01:00,531.36,531.36,526.4,527.52,1014.595
2025-12-30 23:00:00+01:00,527.45,531.23,522.09,523.95,764.136
2025-12-31 00:00:00+01:00,523.94,529.76,523.76,529.17,455.447
2025-12-31 01:00:00+01:00,529.12,529.12,524.29,528.87,687.83
2025-12-31 02:00:00+01:00,528.85,532.16,526.08,529.55,703.244
2025-12-31 03:00:00+01:00,529.67,530.1,525.88,526.36,97.743
2025-12-31 04:00:00+01:00,526.28,527.04,522.43,524.8,135.499
2025-12-31 05:00:00+01:00,524.76,527.47,524.18,526.36,152.258
2025-12-31 06:00:00+01:00,526.72,528.79,523.92,523.93,221.935
2025-12-31 07:00:00+01:00,523.92,524.6,520.4,524.38,1346.449
2025-12-31 08:00:00+01:00,524.41,531.63,521.49,525.99,1730.296
2025-12-31 09:00:00+01:00,525.99,528.63,523.24,524.92,1336.591
2025-12-31 10:00:00+01:00,524.88,525.77,522.72,524.0,684.824
2025-12-31 11:00:00+01:00,524.42,526.76,522.78,523.53,296.323
2025-12-31 12:00:00+01:00,523.6,528.03,523.28,525.1,339.594
2025-12-31 13:00:00+01:00,525.1,525.1,506.57,506.73,3156.105
2025-12-31 14:00:00+01:00,507.25,514.93,498.69,508.31,3906.984
2025-12-31 15:00:00+01:00,508.36,511.2,505.31,507.98,1097.328
2025-12-31 16:00:00+01:00,508.31,508.87,503.1,504.71,466.388
2025-12-31 17:00:00+01:00,504.57,510.18,502.42,507.16,1022.909
2025-12-31 18:00:00+01:00,506.96,513.12,506.81,509.77,411.531
2025-12-31 19:00:00+01:00,509.84,514.09,509.12,511.93,970.49
2025-12-31 20:00:00+01:00,511.84,512.32,505.44,509.13,877.486
2025-12-31 21:00:00+01:00,508.85,511.92,506.51,509.54,295.787
2025-12-31 22:00:00+01:00,509.38,512.39,508.24,511.46,306.278
2025-12-31 23:00:00+01:00,511.35,514.1,510.97,511.4,251.291
2026-01-01 00:00:00+01:00,511.54,514.82,511.2,511.7,417.962
2026-01-01 01:00:00+01:00,511.77,513.4,509.22,509.94,215.935
2026-01-01 02:00:00+01:00,509.95,512.17,507.1,511.12,190.825
2026-01-01 03:00:00+01:00,511.16,512.91,507.65,508.46,125.754
2026-01-01 04:00:00+01:00,508.41,512.63,506.32,509.12,138.309
2026-01-01 05:00:00+01:00,509.16,510.9,506.8,508.56,79.479
2026-01-01 06:00:00+01:00,508.48,510.18,507.08,507.73,53.02
2026-01-01 07:00:00+01:00,507.48,513.23,506.97,512.56,168.562
2026-01-01 08:00:00+01:00,512.6,519.68,512.34,519.04,452.094
2026-01-01 09:00:00+01:00,518.96,527.27,515.5,524.33,557.578
2026-01-01 10:00:00+01:00,523.84,524.59,520.26,522.72,600.963
2026-01-01 11:00:00+01:00,522.76,525.24,521.64,524.28,609.15
2026-01-01 12:00:00+01:00,524.31,526.47,521.8,524.5,372.979
2026-01-01 13:00:00+01:00,524.48,536.55,524.45,533.79,883.085
2026-01-01 14:00:00+01:00,533.56,533.79,523.52,524.72,1287.628
2026-01-01 15:00:00+01:00,524.64,530.1,523.53,527.44,629.161
2026-01-01 16:00:00+01:00,527.39,531.07,520.72,524.07,809.683
2026-01-01 17:00:00+01:00,524.07,524.17,516.67,519.92,1007.083
2026-01-01 18:00:00+01:00,520.06,523.42,517.59,518.12,425.167
2026-01-01 19:00:00+01:00,518.2,521.63,518.2,521.4,305.935
2026-01-01 20:00:00+01:00,521.43,527.6,518.96,524.0,484.925
2026-01-01 21:00:00+01:00,523.93,527.12,521.32,521.48,727.514
2026-01-01 22:00:00+01:00,521.68,522.64,519.2,522.16,316.191
2026-01-01 23:00:00+01:00,522.12,524.91,520.0,524.44,172.338
2026-01-02 00:00:00+01:00,524.48,526.22,522.45,525.52,131.805
2026-01-02 01:00:00+01:00,525.53,529.8,523.92,527.36,423.796
2026-01-02 02:00:00+01:00,527.24,528.88,524.76,525.16,173.173
2026-01-02 03:00:00+01:00,525.12,531.79,524.52,530.44,1278.084
2026-01-02 04:00:00+01:00,530.64,533.61,525.9,529.45,454.837
2026-01-02 05:00:00+01:00,529.42,530.67,525.66,526.36,270.248
2026-01-02 06:00:00+01:00,526.33,530.24,526.33,528.95,123.76
2026-01-02 07:00:00+01:00,529.03,529.73,523.68,525.06,379.529
2026-01-02 08:00:00+01:00,524.97,525.88,520.69,521.1,229.808
2026-01-02 09:00:00+01:00,521.04,524.1,508.67,510.88,2054.153
2026-01-02 10:00:00+01:00,510.8,515.81,509.59,510.51,1539.828
2026-01-02 11:00:00+01:00,510.58,511.58,503.5,509.51,1464.339
2026-01-02 12:00:00+01:00,509.41,509.57,493.68,500.59,1481.489
2026-01-02 13:00:00+01:00,500.63,502.85,495.29,495.72,1004.413
2026-01-02 14:00:00+01:00,495.67,498.22,483.0,485.5,2083.609
2026-01-02 15:00:00+01:00,485.43,494.4,482.4,490.0,1302.355
2026-01-02 16:00:00+01:00,490.88,491.08,481.47,485.59,1605.155
2026-01-02 17:00:00+01:00,485.54,493.15,482.72,489.06,1280.682
2026-01-02 18:00:00+01:00,489.14,491.52,484.88,487.47,788.087
2026-01-02 19:00:00+01:00,487.32,491.09,486.81,488.64,660.439
2026-01-02 20:00:00+01:00,488.72,489.49,482.85,484.85,782.597
2026-01-02 21:00:00+01:00,484.96,486.36,480.95,485.44,1312.085
2026-01-02 22:00:00+01:00,485.52,485.86,481.81,484.14,681.395
2026-01-02 23:00:00+01:00,484.21,488.56,483.92,488.56,852.527
2026-01-03 00:00:00+01:00,488.32,489.78,487.38,488.41,555.949
2026-01-03 01:00:00+01:00,488.39,494.29,488.27,492.87,1066.478
2026-01-03 02:00:00+01:00,492.68,494.56,489.97,493.76,336.143
2026-01-03 03:00:00+01:00,493.72,497.42,492.83,494.12,406.044
2026-01-03 04:00:00+01:00,493.93,499.3,492.36,497.13,310.518
2026-01-03 05:00:00+01:00,497.16,520.26,496.01,513.46,2260.268
2026-01-03 06:00:00+01:00,513.68,518.87,511.15,515.27,1000.973
2026-01-03 07:00:00+01:00,515.28,517.06,510.26,511.93,964.057
2026-01-03 08:00:00+01:00,511.92,511.92,500.06,508.11,2505.986
2026-01-03 09:00:00+01:00,508.07,517.75,502.61,512.07,2052.499
2026-01-03 10:00:00+01:00,512.36,514.68,505.86,509.52,795.748
2026-01-03 11:00:00+01:00,509.79,509.79,505.0,507.89,446.594
2026-01-03 12:00:00+01:00,507.98,510.0,505.85,509.2,248.631
2026-01-03 13:00:00+01:00,509.28,518.29,503.28,512.78,828.077
2026-01-03 14:00:00+01:00,513.0,516.72,508.42,508.42,491.758
2026-01-03 15:00:00+01:00,508.42,510.58,506.05,506.29,525.741
2026-01-03 16:00:00+01:00,506.14,509.0,505.35,505.68,595.208
2026-01-03 17:00:00+01:00,505.64,507.02,501.94,505.51,931.637
2026-01-03 18:00:00+01:00,505.45,505.91,502.32,503.4,455.376
2026-01-03 19:00:00+01:00,503.36,508.06,502.14,506.88,658.199
2026-01-03 20:00:00+01:00,506.87,513.1,506.24,509.29,580.436
2026-01-03 21:00:00+01:00,509.55,509.68,503.55,506.64,779.799
2026-01-03 22:00:00+01:00,506.56,510.89,506.32,509.8,874.756
2026-01-03 23:00:00+01:00,509.84,512.22,508.64,510.08,432.726
2026-01-04 00:00:00+01:00,510.19,512.47,509.66,511.6,458.334
2026-01-04 01:00:00+01:00,511.6,515.33,505.1,507.6,2059.06
2026-01-04 02:00:00+01:00,507.71,511.63,505.44,509.4,425.199
2026-01-04 03:00:00+01:00,509.44,512.61,508.4,511.91,117.418
2026-01-04 04:00:00+01:00,511.9,514.19,509.44,512.16,327.998
2026-01-04 05:00:00+01:00,512.34,515.99,510.28,513.27,235.986
2026-01-04 06:00:00+01:00,513.28,517.67,511.76,512.84,253.834
2026-01-04 07:00:00+01:00,512.97,513.51,508.05,509.12,623.496
2026-01-04 08:00:00+01:00,509.09,509.47,502.66,506.16,904.333
2026-01-04 09:00:00+01:00,506.08,508.62,504.0,505.56,470.919
2026-01-04 10:00:00+01:00,505.52,509.44,504.84,507.31,333.882
2026-01-04 11:00:00+01:00,507.32,510.66,506.16,507.69,270.343
2026-01-04 12:00:00+01:00,507.67,510.0,504.85,508.76,274.108
2026-01-04 13:00:00+01:00,508.53,509.05,494.04,496.0,1733.901
2026-01-04 14:00:00+01:00,495.92,503.81,494.58,500.79,1309.143
2026-01-04 15:00:00+01:00,500.97,510.02,500.0,508.98,792.945
2026-01-04 16:00:00+01:00,508.83,509.9,505.59,507.25,754.093
2026-01-04 17:00:00+01:00,507.04,508.72,503.76,506.56,557.339
2026-01-04 18:00:00+01:00,506.51,507.44,503.74,505.57,219.145
2026-01-04 19:00:00+01:00,505.4,508.12,504.44,507.68,222.697
2026-01-04 20:00:00+01:00,507.84,508.02,505.28,506.74,221.031
2026-01-04 21:00:00+01:00,506.76,507.46,504.93,505.25,250.75
2026-01-04 22:00:00+01:00,505.43,505.74,501.24,501.38,660.871
2026-01-04 23:00:00+01:00,501.39,502.81,499.3,499.68,434.201
2026-01-05 00:00:00+01:00,499.6,503.06,498.0,502.08,411.394
2026-01-05 01:00:00+01:00,502.2,506.75,500.56,505.44,621.848
2026-01-05 02:00:00+01:00,505.6,509.26,504.32,508.44,680.335
2026-01-05 03:00:00+01:00,508.68,509.52,504.58,506.08,555.427
2026-01-05 04:00:00+01:00,506.08,508.36,505.58,506.56,225.725
2026-01-05 05:00:00+01:00,506.67,507.13,495.36,498.35,657.046
2026-01-05 06:00:00+01:00,498.3,502.64,496.96,501.47,277.159
2026-01-05 07:00:00+01:00,501.48,501.61,487.14,493.12,1754.79
2026-01-05 08:00:00+01:00,493.12,495.4,491.79,493.02,695.193
2026-01-05 09:00:00+01:00,492.94,495.86,490.56,491.81,398.867
2026-01-05 10:00:00+01:00,491.48,492.88,486.62,488.21,579.739
2026-01-05 11:00:00+01:00,489.2,493.98,488.22,492.22,775.101
2026-01-05 12:00:00+01:00,492.2,496.6,491.46,495.7,695.676
2026-01-05 13:00:00+01:00,495.55,498.52,492.35,493.78,461.081
2026-01-05 14:00:00+01:00,493.8,494.75,489.02,489.9,885.24
2026-01-05 15:00:00+01:00,489.75,494.8,488.85,490.42,551.732
2026-01-05 16:00:00+01:00,491.0,492.9,488.64,489.91,748.835
2026-01-05 17:00:00+01:00,489.92,491.3,485.59,488.4,584.012
2026-01-05 18:00:00+01:00,488.36,491.42,485.99,490.83,247.956
2026-01-05 19:00:00+01:00,491.0,496.32,488.91,494.56,546.687
2026-01-05 20:00:00+01:00,494.63,495.8,492.85,494.45,275.182
2026-01-05 21:00:00+01:00,494.63,500.71,494.4,494.5,1366.394
2026-01-05 22:00:00+01:00,494.68,495.16,489.17,489.88,1222.702
2026-01-05 23:00:00+01:00,489.91,498.58,489.75,498.58,1435.989
2026-01-06 00:00:00+01:00,498.32,505.44,496.96,503.5,793.063
2026-01-06 01:00:00+01:00,503.48,504.51,500.95,502.16,653.807
2026-01-06 02:00:00+01:00,502.04,505.19,498.0,498.64,470.169
2026-01-06 03:00:00+01:00,498.8,504.1,496.49,502.11,591.941
2026-01-06 04:00:00+01:00,502.12,510.55,500.56,508.61,996.058
2026-01-06 05:00:00+01:00,508.58,515.0,507.36,510.59,1107.464
2026-01-06 06:00:00+01:00,510.53,511.24,506.4,507.98,525.205
2026-01-06 07:00:00+01:00,508.08,510.62,504.71,506.52,597.159
2026-01-06 08:00:00+01:00,506.56,508.8,502.5,503.35,432.094
2026-01-06 09:00:00+01:00,503.24,510.14,503.05,509.28,557.481
2026-01-06 10:00:00+01:00,509.31,513.5,508.7,512.46,606.092
2026-01-06 11:00:00+01:00,512.4,515.22,508.54,510.34,1002.237
2026-01-06 12:00:00+01:00,510.56,511.0,507.97,510.6,419.87
2026-01-06 13:00:00+01:00,510.19,526.69,508.8,521.48,2253.256
2026-01-06 14:00:00+01:00,521.68,529.52,517.24,519.93,1555.69
2026-01-06 15:00:00+01:00,520.4,523.73,512.11,513.88,1374.193
2026-01-06 16:00:00+01:00,513.72,516.78,508.59,512.77,658.936
2026-01-06 17:00:00+01:00,512.8,515.43,505.38,509.92,498.811
2026-01-06 18:00:00+01:00,509.88,509.91,492.0,494.88,1347.979
2026-01-06 19:00:00+01:00,494.88,499.88,494.12,496.93,836.261
2026-01-06 20:00:00+01:00,497.0,498.46,495.83,497.01,268.284
2026-01-06 21:00:00+01:00,497.15,500.42,495.88,496.47,383.966
2026-01-06 22:00:00+01:00,496.48,503.29,495.15,500.64,860.933
2026-01-06 23:00:00+01:00,500.61,502.31,496.8,500.59,837.644
2026-01-07 00:00:00+01:00,500.53,504.39,500.25,501.74,367.693
2026-01-07 01:00:00+01:00,501.72,507.27,498.38,498.6,845.753
2026-01-07 02:00:00+01:00,498.41,501.63,493.2,494.16,852.335
2026-01-07 03:00:00+01:00,494.22,498.52,493.4,497.76,129.824
2026-01-07 04:00:00+01:00,497.76,500.39,495.18,495.68,169.713
2026-01-07 05:00:00+01:00,495.64,497.68,494.32,496.28,179.594
2026-01-07 06:00:00+01:00,496.3,498.08,492.69,492.83,281.149
2026-01-07 07:00:00+01:00,492.89,494.84,488.3,492.0,599.345
2026-01-07 08:00:00+01:00,492.0,495.6,491.69,493.98,380.362
2026-01-07 09:00:00+01:00,494.0,496.63,491.85,493.23,249.689
2026-01-07 10:00:00+01:00,493.2,493.2,477.6,483.04,2040.248
2026-01-07 11:00:00+01:00,483.0,488.44,482.64,487.78,536.511
2026-01-07 12:00:00+01:00,488.2,491.06,487.4,490.2,215.101
2026-01-07 13:00:00+01:00,490.28,490.28,485.2,486.01,310.927
2026-01-07 14:00:00+01:00,485.98,488.46,479.0,480.6,787.341
2026-01-07 15:00:00+01:00,480.94,484.62,477.82,483.67,820.759
2026-01-07 16:00:00+01:00,483.85,484.2,477.16,482.34,1142.226
2026-01-07 17:00:00+01:00,482.05,483.3,477.55,480.37,667.743
2026-01-07 18:00:00+01:00,480.4,483.4,479.48,482.34,355.472
2026-01-07 19:00:00+01:00,482.49,486.46,481.49,484.33,406.561
2026-01-07 20:00:00+01:00,484.35,484.45,470.77,477.6,1352.486
2026-01-07 21:00:00+01:00,477.8,478.77,474.6,476.33,562.387
2026-01-07 22:00:00+01:00,476.31,477.5,474.6,475.66,393.297
2026-01-07 23:00:00+01:00,475.64,484.27,471.91,475.17,1326.011
2026-01-08 00:00:00+01:00,475.16,477.41,467.31,469.0,2898.683
2026-01-08 01:00:00+01:00,469.16,479.8,464.61,477.9,2121.635
2026-01-08 02:00:00+01:00,477.91,482.9,472.05,479.92,1807.037
2026-01-08 03:00:00+01:00,479.94,479.98,474.27,476.05,723.581
2026-01-08 04:00:00+01:00,476.1,482.12,456.31,461.29,3030.496
2026-01-08 05:00:00+01:00,461.33,463.52,448.5,452.8,1777.036
2026-01-08 06:00:00+01:00,452.96,465.52,452.72,459.29,1323.878
2026-01-08 07:00:00+01:00,459.29,461.26,454.11,454.51,359.767
2026-01-08 08:00:00+01:00,454.8,456.26,438.19,444.05,2459.215
2026-01-08 09:00:00+01:00,444.05,446.16,420.72,421.8,6282.73
2026-01-08 10:00:00+01:00,421.95,426.67,382.15,386.94,6376.398
2026-01-08 11:00:00+01:00,387.21,417.52,380.61,391.98,6339.347
2026-01-08 12:00:00+01:00,391.97,400.77,386.35,395.58,3790.879
2026-01-08 13:00:00+01:00,395.58,404.26,390.26,398.21,3869.292
2026-01-08 14:00:00+01:00,398.18,414.66,397.2,404.47,3239.051
2026-01-08 15:00:00+01:00,404.67,413.78,400.1,413.39,3168.901
2026-01-08 16:00:00+01:00,413.29,435.0,409.72,425.59,6046.679
2026-01-08 17:00:00+01:00,425.81,426.26,416.35,426.08,1924.134
2026-01-08 18:00:00+01:00,426.16,428.11,418.86,425.9,1776.597
2026-01-08 19:00:00+01:00,425.95,436.53,423.0,433.52,3233.771
2026-01-08 20:00:00+01:00,433.44,438.19,431.22,432.65,1781.454
2026-01-08 21:00:00+01:00,432.66,433.36,426.4,430.87,2311.048
2026-01-08 22:00:00+01:00,431.0,435.44,425.41,425.82,1348.323
2026-01-08 23:00:00+01:00,425.54,428.92,421.25,421.81,1352.818
2026-01-09 00:00:00+01:00,421.68,424.54,418.94,421.64,1526.89
2026-01-09 01:00:00+01:00,421.68,436.45,421.56,435.68,852.332
2026-01-09 02:00:00+01:00,435.72,436.68,427.6,427.6,518.224
2026-01-09 03:00:00+01:00,427.92,434.56,426.65,427.26,450.394
2026-01-09 04:00:00+01:00,427.15,439.0,427.02,437.64,593.934
2026-01-09 05:00:00+01:00,437.75,443.06,431.44,432.93,1658.743
2026-01-09 06:00:00+01:00,432.8,436.97,431.5,434.15,778.633
2026-01-09 07:00:00+01:00,434.32,449.0,432.76,442.85,1637.113
2026-01-09 08:00:00+01:00,443.03,448.13,440.64,441.21,814.594
2026-01-09 09:00:00+01:00,441.19,443.74,430.0,433.21,1382.965
2026-01-09 10:00:00+01:00,433.2,436.43,430.2,431.35,732.277
2026-01-09 11:00:00+01:00,431.5,437.11,428.7,432.73,647.555
2026-01-09 12:00:00+01:00,432.71,437.75,432.4,437.28,727.081
2026-01-09 13:00:00+01:00,437.44,437.51,433.2,434.0,280.325
2026-01-09 14:00:00+01:00,434.1,437.24,430.08,431.97,549.562
2026-01-09 15:00:00+01:00,431.75,432.24,422.01,425.12,1943.915
2026-01-09 16:00:00+01:00,425.36,436.0,423.2,430.28,1121.568
2026-01-09 17:00:00+01:00,430.22,433.14,422.0,422.56,948.528
2026-01-09 18:00:00+01:00,422.72,425.65,417.43,423.37,1349.74
2026-01-09 19:00:00+01:00,423.6,426.26,421.23,425.95,511.621
2026-01-09 20:00:00+01:00,425.96,426.1,421.65,425.2,758.245
2026-01-09 21:00:00+01:00,425.1,425.83,412.73,415.23,2165.091
2026-01-09 22:00:00+01:00,415.07,419.66,414.22,416.49,455.552
2026-01-09 23:00:00+01:00,416.32,419.25,414.9,418.64,614.455
2026-01-10 00:00:00+01:00,418.6,419.51,416.55,417.93,149.472
2026-01-10 01:00:00+01:00,417.96,418.99,395.39,399.36,4049.211
2026-01-10 02:00:00+01:00,399.43,404.72,396.6,400.87,938.45
2026-01-10 03:00:00+01:00,400.8,401.24,396.53,398.24,523.639
2026-01-10 04:00:00+01:00,398.28,399.37,390.74,391.0,1099.431
2026-01-10 05:00:00+01:00,391.26,392.2,371.0,379.7,5021.867
2026-01-10 06:00:00+01:00,379.83,384.07,378.46,382.8,905.115
2026-01-10 07:00:00+01:00,382.87,383.72,379.75,381.62,597.286
2026-01-10 08:00:00+01:00,381.81,386.16,379.99,382.9,972.052
2026-01-10 09:00:00+01:00,382.9,384.83,380.27,380.64,828.508
2026-01-10 10:00:00+01:00,380.72,381.71,374.49,379.99,1479.387
2026-01-10 11:00:00+01:00,380.0,383.16,378.88,382.4,681.618
2026-01-10 12:00:00+01:00,382.4,383.99,378.95,382.4,676.773
2026-01-10 13:00:00+01:00,382.48,392.14,381.4,387.64,4532.464
2026-01-10 14:00:00+01:00,387.49,388.46,383.88,386.61,901.502
2026-01-10 15:00:00+01:00,386.8,386.88,376.36,378.02,1741.421
2026-01-10 16:00:00+01:00,377.8,380.32,375.16,380.16,698.038
2026-01-10 17:00:00+01:00,379.92,384.61,379.74,380.77,616.733
2026-01-10 18:00:00+01:00,380.8,383.2,363.04,366.79,2051.98
2026-01-10 19:00:00+01:00,366.71,378.6,360.83,376.27,2471.55
2026-01-10 20:00:00+01:00,376.24,380.44,375.22,377.04,824.121
2026-01-10 21:00:00+01:00,377.04,379.96,374.88,375.27,441.652
2026-01-10 22:00:00+01:00,375.24,376.04,368.33,371.99,937.85
2026-01-10 23:00:00+01:00,372.3,374.4,367.19,368.24,460.944
2026-01-11 00:00:00+01:00,368.56,378.72,368.56,375.38,666.884
2026-01-11 01:00:00+01:00,375.38,378.45,371.63,378.24,440.022
2026-01-11 02:00:00+01:00,378.28,380.78,376.43,377.48,611.944
2026-01-11 03:00:00+01:00,377.52,380.08,375.85,378.4,372.216
2026-01-11 04:00:00+01:00,378.44,381.19,376.58,377.19,506.621
2026-01-11 05:00:00+01:00,377.36,378.13,372.03,376.88,300.336
2026-01-11 06:00:00+01:00,377.2,379.79,374.2,377.74,443.576
2026-01-11 07:00:00+01:00,377.8,379.15,375.56,376.72,333.933
2026-01-11 08:00:00+01:00,376.88,380.47,375.54,379.32,610.05
2026-01-11 09:00:00+01:00,379.28,380.74,376.76,378.85,463.478
2026-01-11 10:00:00+01:00,378.48,384.0,377.44,381.62,634.715
2026-01-11 11:00:00+01:00,381.68,386.88,381.21,382.27,1117.623
2026-01-11 12:00:00+01:00,382.47,388.5,382.47,387.54,1253.584
2026-01-11 13:00:00+01:00,387.48,399.36,387.28,397.05,4034.433
2026-01-11 14:00:00+01:00,397.2,397.36,389.18,391.6,750.837
2026-01-11 15:00:00+01:00,391.35,394.5,389.04,392.58,1026.337
2026-01-11 16:00:00+01:00,392.64,395.71,385.9,393.9,1425.818
2026-01-11 17:00:00+01:00,393.96,394.52,389.65,392.97,959.771
2026-01-11 18:00:00+01:00,392.93,394.26,387.24,388.13,666.831
2026-01-11 19:00:00+01:00,388.36,389.64,385.76,387.52,1254.007
2026-01-11 20:00:00+01:00,387.56,389.87,385.96,387.44,292.938
2026-01-11 21:00:00+01:00,387.4,387.44,383.04,384.48,1362.012
2026-01-11 22:00:00+01:00,384.44,384.66,380.57,382.04,736.611
2026-01-11 23:00:00+01:00,382.0,382.0,377.07,378.34,1002.874
2026-01-12 00:00:00+01:00,378.54,381.51,375.65,381.08,755.174
2026-01-12 01:00:00+01:00,381.1,386.73,379.08,386.41,663.393
2026-01-12 02:00:00+01:00,386.55,413.68,384.72,410.07,4016.96
2026-01-12 03:00:00+01:00,410.35,415.74,408.53,412.2,1306.814
2026-01-12 04:00:00+01:00,412.56,414.36,410.54,410.86,926.428
2026-01-12 05:00:00+01:00,410.79,417.92,402.48,412.33,1884.752
2026-01-12 06:00:00+01:00,412.16,418.24,411.66,414.77,982.859
2026-01-12 07:00:00+01:00,414.8,416.16,406.41,409.52,1013.8
2026-01-12 08:00:00+01:00,409.84,412.4,402.0,403.89,993.581
2026-01-12 09:00:00+01:00,403.91,407.28,398.78,402.9,981.723
2026-01-12 10:00:00+01:00,402.7,404.02,395.38,396.39,945.493
2026-01-12 11:00:00+01:00,396.36,399.04,393.29,398.97,863.597
2026-01-12 12:00:00+01:00,398.99,406.13,397.11,402.35,1039.745
2026-01-12 13:00:00+01:00,402.3,407.75,401.29,404.0,784.636
2026-01-12 14:00:00+01:00,403.92,404.32,396.89,397.22,854.961
2026-01-12 15:00:00+01:00,397.68,402.5,392.11,400.16,2126.423
2026-01-12 16:00:00+01:00,400.08,404.36,396.97,399.92,2755.191
2026-01-12 17:00:00+01:00,399.92,403.68,398.02,401.05,656.923
2026-01-12 18:00:00+01:00,401.12,406.82,394.57,399.48,1644.622
2026-01-12 19:00:00+01:00,399.51,405.52,399.51,404.49,742.805
2026-01-12 20:00:00+01:00,404.48,410.64,403.32,410.48,1459.919
2026-01-12 21:00:00+01:00,410.51,414.54,406.72,409.84,1020.098
2026-01-12 22:00:00+01:00,409.78,409.84,404.22,405.87,522.357
2026-01-12 23:00:00+01:00,405.88,407.36,402.64,404.22,301.127
2026-01-13 00:00:00+01:00,404.22,408.48,402.56,406.75,757.109
2026-01-13 01:00:00+01:00,406.66,413.12,401.08,401.39,1716.124
2026-01-13 02:00:00+01:00,401.35,403.52,395.6,396.72,897.662
2026-01-13 03:00:00+01:00,396.76,401.44,396.28,396.28,393.233
2026-01-13 04:00:00+01:00,396.33,400.4,395.81,397.02,256.06
2026-01-13 05:00:00+01:00,396.92,400.05,396.51,398.08,505.88
2026-01-13 06:00:00+01:00,398.24,402.5,396.12,396.64,356.436
2026-01-13 07:00:00+01:00,396.68,401.53,396.17,399.51,311.58
2026-01-13 08:00:00+01:00,399.6,404.99,397.85,401.69,370.637
2026-01-13 09:00:00+01:00,401.93,404.81,400.29,404.57,297.512
2026-01-13 10:00:00+01:00,404.32,410.32,402.83,407.64,966.544
2026-01-13 11:00:00+01:00,407.75,411.76,403.12,404.69,758.025
2026-01-13 12:00:00+01:00,404.77,410.2,403.92,408.59,522.419
2026-01-13 13:00:00+01:00,408.8,410.12,406.24,407.44,574.852
2026-01-13 14:00:00+01:00,407.42,412.33,404.48,407.88,983.418
2026-01-13 15:00:00+01:00,407.76,411.53,393.1,395.97,2072.81
2026-01-13 16:00:00+01:00,395.24,395.27,383.15,392.4,4228.274
2026-01-13 17:00:00+01:00,392.47,394.73,386.87,389.68,1953.245
2026-01-13 18:00:00+01:00,389.72,392.02,387.52,389.24,1155.365
2026-01-13 19:00:00+01:00,389.36,391.32,388.27,389.0,655.187
2026-01-13 20:00:00+01:00,388.92,400.18,386.0,398.8,3182.023
2026-01-13 21:00:00+01:00,398.96,399.84,387.36,389.02,1503.868
2026-01-13 22:00:00+01:00,388.92,392.12,388.46,390.24,956.021
2026-01-13 23:00:00+01:00,390.24,408.84,389.28,405.68,3552.542
2026-01-14 00:00:00+01:00,405.75,408.98,403.89,404.0,965.208
2026-01-14 01:00:00+01:00,404.24,415.21,403.55,412.52,1601.2
2026-01-14 02:00:00+01:00,412.64,418.52,410.76,415.16,978.867
2026-01-14 03:00:00+01:00,415.06,417.95,410.45,414.85,544.268
2026-01-14 04:00:00+01:00,414.65,418.31,413.28,416.08,1082.459
2026-01-14 05:00:00+01:00,415.92,425.46,413.46,419.28,1043.54
2026-01-14 06:00:00+01:00,419.24,419.76,413.09,414.32,400.371
2026-01-14 07:00:00+01:00,414.35,417.9,412.55,416.05,653.189
2026-01-14 08:00:00+01:00,416.16,418.27,409.98,413.65,1325.923
2026-01-14 09:00:00+01:00,413.7,415.86,410.35,410.79,802.822
2026-01-14 10:00:00+01:00,410.77,413.0,408.21,411.76,1443.981
2026-01-14 11:00:00+01:00,412.0,420.86,411.73,419.83,1548.251
2026-01-14 12:00:00+01:00,419.91,420.48,409.69,410.62,679.429
2026-01-14 13:00:00+01:00,410.62,416.44,409.41,415.02,806.774
2026-01-14 14:00:00+01:00,414.96,419.21,413.46,414.46,835.741
2026-01-14 15:00:00+01:00,414.56,425.27,414.24,421.15,1506.228
2026-01-14 16:00:00+01:00,420.95,422.44,418.0,421.87,874.698
2026-01-14 17:00:00+01:00,421.79,435.3,419.66,419.97,3583.454
2026-01-14 18:00:00+01:00,419.84,441.28,418.85,437.58,3984.51
2026-01-14 19:00:00+01:00,437.59,445.11,435.64,438.45,3838.813
2026-01-14 20:00:00+01:00,438.37,441.44,433.1,437.93,1208.162
2026-01-14 21:00:00+01:00,438.08,444.85,436.19,441.76,2285.03
2026-01-14 22:00:00+01:00,442.0,447.92,439.97,445.07,1318.373
2026-01-14 23:00:00+01:00,444.85,448.75,440.11,444.04,1227.811
2026-01-15 00:00:00+01:00,444.28,449.2,443.56,447.41,733.282
2026-01-15 01:00:00+01:00,447.37,449.15,440.8,442.64,787.365
2026-01-15 02:00:00+01:00,442.65,444.47,427.84,429.83,1611.911
2026-01-15 03:00:00+01:00,429.81,434.02,427.26,429.46,357.46
2026-01-15 04:00:00+01:00,429.54,430.37,422.68,425.83,515.649
2026-01-15 05:00:00+01:00,425.8,431.31,425.32,431.31,420.293
2026-01-15 06:00:00+01:00,431.15,434.16,431.02,431.68,315.748
2026-01-15 07:00:00+01:00,431.65,433.68,428.98,431.17,279.168
2026-01-15 08:00:00+01:00,431.04,441.11,430.6,439.25,632.057
2026-01-15 09:00:00+01:00,439.42,447.01,433.12,436.64,2292.099
2026-01-15 10:00:00+01:00,436.4,438.69,430.32,437.19,1310.961
2026-01-15 11:00:00+01:00,437.4,444.1,436.28,443.38,1229.291
2026-01-15 12:00:00+01:00,443.38,444.47,438.16,439.72,516.631
2026-01-15 13:00:00+01:00,439.7,444.88,439.47,443.39,473.267
2026-01-15 14:00:00+01:00,443.32,444.79,436.75,438.16,612.012
2026-01-15 15:00:00+01:00,438.12,439.84,431.44,434.6,842.47
2026-01-15 16:00:00+01:00,434.51,436.87,408.0,416.4,4518.539
2026-01-15 17:00:00+01:00,416.45,419.99,411.97,419.41,1504.951
2026-01-15 18:00:00+01:00,419.38,423.8,412.96,417.03,3429.889
2026-01-15 19:00:00+01:00,417.1,418.61,411.74,412.25,1691.379
2026-01-15 20:00:00+01:00,412.15,417.39,410.4,417.06,886.819
2026-01-15 21:00:00+01:00,417.04,417.79,402.77,407.52,2361.734
2026-01-15 22:00:00+01:00,407.44,412.18,406.73,409.95,1022.002
2026-01-15 23:00:00+01:00,409.9,412.09,409.69,410.81,610.232
2026-01-16 00:00:00+01:00,410.68,415.25,410.36,414.4,520.905
2026-01-16 01:00:00+01:00,414.47,416.8,409.02,409.02,850.231
2026-01-16 02:00:00+01:00,409.15,410.42,406.06,408.33,606.529
2026-01-16 03:00:00+01:00,408.2,409.67,402.41,409.13,529.591
2026-01-16 04:00:00+01:00,409.65,411.45,404.0,404.52,435.826
2026-01-16 05:00:00+01:00,404.36,406.63,398.52,402.14,1053.673
2026-01-16 06:00:00+01:00,402.15,407.95,401.88,407.31,590.473
2026-01-16 07:00:00+01:00,407.24,409.64,404.44,407.62,467.855
2026-01-16 08:00:00+01:00,407.65,409.04,405.64,408.74,1204.33
2026-01-16 09:00:00+01:00,408.78,410.99,407.04,408.44,323.35
2026-01-16 10:00:00+01:00,408.4,413.85,408.0,411.02,656.229
2026-01-16 11:00:00+01:00,411.03,412.86,409.2,411.1,409.002
2026-01-16 12:00:00+01:00,411.28,415.43,410.17,414.15,770.766
2026-01-16 13:00:00+01:00,414.28,414.4,408.77,409.97,579.422
2026-01-16 14:00:00+01:00,410.02,410.02,405.75,408.8,590.267
2026-01-16 15:00:00+01:00,408.78,409.76,403.52,404.33,1163.829
2026-01-16 16:00:00+01:00,404.33,410.43,401.01,407.61,1087.108
2026-01-16 17:00:00+01:00,407.36,410.07,405.44,408.18,856.186
2026-01-16 18:00:00+01:00,408.0,412.24,405.18,410.8,735.979
2026-01-16 19:00:00+01:00,410.98,412.92,409.52,411.34,357.656
2026-01-16 20:00:00+01:00,411.32,415.94,409.33,413.58,846.403
2026-01-16 21:00:00+01:00,413.61,414.75,409.52,413.86,426.489
2026-01-16 22:00:00+01:00,413.88,417.6,413.28,414.01,227.604
2026-01-16 23:00:00+01:00,414.07,416.03,412.75,412.88,224.947
2026-01-17 00:00:00+01:00,412.8,414.38,410.69,411.07,306.519
2026-01-17 01:00:00+01:00,411.01,412.11,405.52,406.58,725.49
2026-01-17 02:00:00+01:00,406.52,409.35,404.96,408.95,489.157
2026-01-17 03:00:00+01:00,409.04,411.2,408.1,411.15,299.832
2026-01-17 04:00:00+01:00,411.2,411.76,403.88,405.06,668.899
2026-01-17 05:00:00+01:00,405.04,407.37,403.23,406.83,401.434
2026-01-17 06:00:00+01:00,406.8,407.18,404.04,405.39,609.901
2026-01-17 07:00:00+01:00,405.09,405.76,402.71,405.64,215.486
2026-01-17 08:00:00+01:00,405.45,407.03,403.76,406.6,330.454
2026-01-17 09:00:00+01:00,406.68,408.07,403.29,404.3,535.592
2026-01-17 10:00:00+01:00,404.3,406.3,403.8,404.86,130.659
2026-01-17 11:00:00+01:00,404.8,408.0,404.8,405.68,431.634
2026-01-17 12:00:00+01:00,405.6,406.55,403.8,405.17,266.147
2026-01-17 13:00:00+01:00,405.18,405.68,398.5,401.65,1009.642
2026-01-17 14:00:00+01:00,401.54,403.59,396.18,402.29,1623.993
2026-01-17 15:00:00+01:00,402.28,405.62,400.96,404.47,256.95
2026-01-17 16:00:00+01:00,404.52,405.76,403.44,405.56,570.942
2026-01-17 17:00:00+01:00,405.53,405.9,398.74,399.74,1144.437
2026-01-17 18:00:00+01:00,399.7,402.09,398.73,401.48,462.889
2026-01-17 19:00:00+01:00,401.41,403.74,400.37,402.46,690.096
2026-01-17 20:00:00+01:00,402.45,403.19,400.68,402.58,687.861
2026-01-17 21:00:00+01:00,402.64,403.79,401.75,402.92,188.163
2026-01-17 22:00:00+01:00,402.92,405.01,402.64,404.36,487.694
2026-01-17 23:00:00+01:00,404.28,404.9,399.52,399.77,456.136
2026-01-18 00:00:00+01:00,399.59,402.01,398.36,400.2,390.119
2026-01-18 01:00:00+01:00,400.08,401.56,398.49,400.4,308.997
2026-01-18 02:00:00+01:00,400.4,400.4,391.44,394.52,660.994
2026-01-18 03:00:00+01:00,394.4,396.33,391.5,392.71,168.468
2026-01-18 04:00:00+01:00,392.75,396.4,392.24,394.14,226.93
2026-01-18 05:00:00+01:00,394.19,395.52,393.26,395.11,364.325
2026-01-18 06:00:00+01:00,395.07,396.64,394.12,395.44,254.831
2026-01-18 07:00:00+01:00,395.4,396.68,394.67,396.65,188.248
2026-01-18 08:00:00+01:00,396.61,397.56,394.96,395.59,172.902
2026-01-18 09:00:00+01:00,395.56,398.99,394.93,398.25,164.548
2026-01-18 10:00:00+01:00,398.25,401.19,398.09,400.19,3068.482
2026-01-18 11:00:00+01:00,400.2,400.68,397.23,398.03,501.221
2026-01-18 12:00:00+01:00,398.07,399.0,396.44,397.12,300.67
2026-01-18 13:00:00+01:00,397.16,398.28,386.51,389.47,1076.528
2026-01-18 14:00:00+01:00,389.52,394.84,388.8,393.04,624.257
2026-01-18 15:00:00+01:00,393.08,395.92,390.06,390.15,485.213
2026-01-18 16:00:00+01:00,390.09,394.4,390.0,394.37,458.213
2026-01-18 17:00:00+01:00,394.33,394.46,389.68,390.25,286.372
2026-01-18 18:00:00+01:00,390.28,390.95,385.58,388.33,1097.009
2026-01-18 19:00:00+01:00,388.24,391.28,387.52,390.64,582.343
2026-01-18 20:00:00+01:00,390.69,391.53,385.38,386.94,851.328
2026-01-18 21:00:00+01:00,386.95,389.89,385.62,388.35,481.922
2026-01-18 22:00:00+01:00,388.44,389.16,386.28,387.45,227.264
2026-01-18 23:00:00+01:00,387.52,391.5,387.29,390.64,266.036
2026-01-19 00:00:00+01:00,390.61,390.87,375.0,376.76,2040.576
2026-01-19 01:00:00+01:00,376.5,376.53,335.48,360.54,5735.084
2026-01-19 02:00:00+01:00,360.5,363.77,354.81,358.25,1205.232
2026-01-19 03:00:00+01:00,358.38,365.67,355.3,363.49,604.662
2026-01-19 04:00:00+01:00,363.64,367.65,362.96,367.0,402.635
2026-01-19 05:00:00+01:00,367.02,367.44,363.91,364.56,479.351
2026-01-19 06:00:00+01:00,364.64,370.22,363.72,369.43,611.06
2026-01-19 07:00:00+01:00,369.55,372.43,367.46,369.87,1121.431
2026-01-19 08:00:00+01:00,369.92,372.91,368.2,371.04,630.341
2026-01-19 09:00:00+01:00,371.1,372.25,368.52,368.83,490.304
2026-01-19 10:00:00+01:00,368.77,375.25,368.0,373.39,729.126
2026-01-19 11:00:00+01:00,373.3,377.64,372.56,373.68,1185.96
2026-01-19 12:00:00+01:00,373.92,375.11,372.54,373.45,652.875
2026-01-19 13:00:00+01:00,373.44,373.74,369.49,370.48,466.265
2026-01-19 14:00:00+01:00,370.51,371.88,368.45,369.76,403.32
2026-01-19 15:00:00+01:00,369.74,381.42,368.68,377.84,1132.969
2026-01-19 16:00:00+01:00,377.91,378.62,371.44,372.22,722.684
2026-01-19 17:00:00+01:00,372.24,377.15,371.14,374.92,485.56
2026-01-19 18:00:00+01:00,374.84,377.02,373.53,374.76,194.089
2026-01-19 19:00:00+01:00,374.8,375.32,372.41,373.6,246.565
2026-01-19 20:00:00+01:00,373.6,375.96,373.52,374.48,272.362
2026-01-19 21:00:00+01:00,374.47,374.92,369.28,369.5,433.3
2026-01-19 22:00:00+01:00,369.54,370.96,366.64,367.0,753.143
2026-01-19 23:00:00+01:00,366.88,368.69,363.53,367.94,678.248
2026-01-20 00:00:00+01:00,368.2,370.68,366.48,369.09,932.083
2026-01-20 01:00:00+01:00,369.08,371.33,367.88,368.41,361.332
2026-01-20 02:00:00+01:00,368.16,369.15,366.0,366.49,630.708
2026-01-20 03:00:00+01:00,366.51,366.51,362.24,363.34,1159.722
2026-01-20 04:00:00+01:00,363.45,365.59,362.11,364.93,260.96
2026-01-20 05:00:00+01:00,364.93,366.31,362.78,363.05,458.263
2026-01-20 06:00:00+01:00,363.18,364.67,360.61,362.0,656.847
2026-01-20 07:00:00+01:00,361.94,363.23,358.08,360.59,527.401
2026-01-20 08:00:00+01:00,360.58,362.23,354.18,355.78,501.576
2026-01-20 09:00:00+01:00,355.94,356.71,346.3,350.48,999.072
2026-01-20 10:00:00+01:00,350.51,354.56,348.88,353.66,1294.877
2026-01-20 11:00:00+01:00,353.6,369.94,353.55,366.0,2271.796
2026-01-20 12:00:00+01:00,366.04,369.47,365.18,368.13,2074.236
2026-01-20 13:00:00+01:00,368.13,368.6,362.4,363.8,397.367
2026-01-20 14:00:00+01:00,363.76,364.44,349.82,352.32,1991.417
2026-01-20 15:00:00+01:00,352.18,359.99,350.48,356.64,1153.931
2026-01-20 16:00:00+01:00,356.73,358.34,353.83,357.44,456.264
2026-01-20 17:00:00+01:00,357.48,359.35,352.09,353.92,447.257
2026-01-20 18:00:00+01:00,353.88,358.17,345.46,347.2,1324.552
2026-01-20 19:00:00+01:00,347.42,347.91,342.0,343.16,776.752
2026-01-20 20:00:00+01:00,343.06,350.29,342.8,350.22,1471.273
2026-01-20 21:00:00+01:00,350.31,356.33,349.54,353.49,863.769
2026-01-20 22:00:00+01:00,353.59,355.99,352.17,352.54,530.5
2026-01-20 23:00:00+01:00,352.47,353.12,346.87,351.82,576.384
2026-01-21 00:00:00+01:00,351.86,352.6,346.56,349.42,612.195
2026-01-21 01:00:00+01:00,349.36,354.88,348.96,353.84,257.05
2026-01-21 02:00:00+01:00,353.65,354.88,350.73,352.6,176.304
2026-01-21 03:00:00+01:00,352.64,354.73,350.92,351.6,300.931
2026-01-21 04:00:00+01:00,351.64,354.32,350.1,352.16,345.82
2026-01-21 05:00:00+01:00,352.24,358.36,352.06,356.58,455.72
2026-01-21 06:00:00+01:00,356.57,360.15,355.48,359.27,320.109
2026-01-21 07:00:00+01:00,359.17,361.23,355.95,357.0,320.29
2026-01-21 08:00:00+01:00,357.12,358.76,352.92,354.0,256.06
2026-01-21 09:00:00+01:00,353.68,355.21,351.25,352.8,553.785
2026-01-21 10:00:00+01:00,352.86,359.63,352.17,358.46,709.709
2026-01-21 11:00:00+01:00,358.32,362.21,357.52,358.42,755.077
2026-01-21 12:00:00+01:00,358.47,366.29,357.69,359.87,582.809
2026-01-21 13:00:00+01:00,359.95,362.58,357.95,360.15,438.949
2026-01-21 14:00:00+01:00,359.92,363.2,356.28,357.92,625.477
2026-01-21 15:00:00+01:00,357.88,374.79,357.05,372.96,2020.503
2026-01-21 16:00:00+01:00,372.99,375.6,366.88,369.6,1253.924
2026-01-21 17:00:00+01:00,369.68,370.94,358.71,359.74,1197.2
2026-01-21 18:00:00+01:00,359.92,361.49,352.69,357.81,2106.831
2026-01-21 19:00:00+01:00,357.84,360.48,355.84,358.44,663.154
2026-01-21 20:00:00+01:00,358.29,372.86,357.19,372.11,1560.309
2026-01-21 21:00:00+01:00,372.05,372.41,365.34,368.1,548.612
2026-01-21 22:00:00+01:00,368.04,370.8,366.48,368.39,319.986
2026-01-21 23:00:00+01:00,368.44,370.2,363.0,364.32,661.185
2026-01-22 00:00:00+01:00,364.28,364.82,354.08,355.6,1126.276
2026-01-22 01:00:00+01:00,355.6,358.83,354.64,358.01,366.503
2026-01-22 02:00:00+01:00,358.03,359.13,352.9,356.6,503.153
2026-01-22 03:00:00+01:00,356.4,360.04,355.2,356.0,304.712
2026-01-22 04:00:00+01:00,356.24,358.99,353.32,353.48,139.249
2026-01-22 05:00:00+01:00,353.44,357.45,353.0,356.24,126.576
2026-01-22 06:00:00+01:00,356.2,356.4,354.28,355.08,389.7
2026-01-22 07:00:00+01:00,355.12,357.2,352.85,356.45,333.287
2026-01-22 08:00:00+01:00,356.44,359.48,355.06,359.33,332.159
2026-01-22 09:00:00+01:00,359.24,360.93,356.16,359.0,566.15
2026-01-22 10:00:00+01:00,358.92,364.84,358.4,362.8,1047.024
2026-01-22 11:00:00+01:00,362.92,368.47,361.7,366.72,687.505
2026-01-22 12:00:00+01:00,366.24,366.41,362.9,365.28,452.814
2026-01-22 13:00:00+01:00,365.29,367.26,363.24,363.3,392.116
2026-01-22 14:00:00+01:00,363.33,364.73,359.58,361.48,766.338
2026-01-22 15:00:00+01:00,360.92,364.35,355.9,358.32,945.927
2026-01-22 16:00:00+01:00,358.28,362.37,355.91,359.6,815.853
2026-01-22 17:00:00+01:00,359.43,367.45,359.43,363.97,705.274
2026-01-22 18:00:00+01:00,363.97,366.07,362.32,366.07,796.022
2026-01-22 19:00:00+01:00,365.62,366.43,361.41,362.16,359.183
2026-01-22 20:00:00+01:00,362.18,365.78,361.42,365.28,377.366
2026-01-22 21:00:00+01:00,365.24,367.3,363.55,365.71,350.778
2026-01-22 22:00:00+01:00,365.84,367.47,364.93,366.66,210.617
2026-01-22 23:00:00+01:00,366.72,366.99,362.53,365.48,366.812
2026-01-23 00:00:00+01:00,365.44,367.46,362.96,365.25,269.802
2026-01-23 01:00:00+01:00,365.29,371.96,364.92,370.69,349.933
2026-01-23 02:00:00+01:00,370.65,371.35,367.57,367.84,140.413
2026-01-23 03:00:00+01:00,367.77,369.65,365.71,366.45,69.229
2026-01-23 04:00:00+01:00,366.28,368.13,365.4,366.13,173.108
2026-01-23 05:00:00+01:00,366.12,366.2,363.96,364.17,180.196
2026-01-23 06:00:00+01:00,364.12,365.72,363.44,364.2,131.459
2026-01-23 07:00:00+01:00,364.04,366.77,360.44,360.48,657.804
2026-01-23 08:00:00+01:00,360.57,361.16,357.58,358.3,613.673
2026-01-23 09:00:00+01:00,357.91,359.19,354.79,356.42,527.445
2026-01-23 10:00:00+01:00,356.22,364.02,356.1,363.36,822.359
2026-01-23 11:00:00+01:00,363.77,365.84,360.54,365.48,773.729
2026-01-23 12:00:00+01:00,365.52,367.12,362.75,364.94,892.963
2026-01-23 13:00:00+01:00,364.89,366.0,363.11,364.44,284.051
2026-01-23 14:00:00+01:00,364.4,365.22,361.2,363.32,1454.007
2026-01-23 15:00:00+01:00,363.24,363.84,359.41,361.4,636.482
2026-01-23 16:00:00+01:00,361.6,368.52,359.52,366.86,444.736
2026-01-23 17:00:00+01:00,367.45,371.81,365.48,367.84,951.617
2026-01-23 18:00:00+01:00,367.89,374.0,366.9,370.77,545.991
2026-01-23 19:00:00+01:00,370.71,374.44,369.84,373.56,1111.184
2026-01-23 20:00:00+01:00,373.56,374.7,369.28,370.0,382.866
2026-01-23 21:00:00+01:00,369.92,370.69,365.04,367.08,503.26
2026-01-23 22:00:00+01:00,367.0,369.85,365.78,366.7,238.553
2026-01-23 23:00:00+01:00,366.69,369.45,365.75,368.71,543.67
2026-01-24 00:00:00+01:00,368.5,369.5,366.54,367.4,268.361
2026-01-24 01:00:00+01:00,367.5,368.6,367.05,367.65,363.894
2026-01-24 02:00:00+01:00,367.62,368.73,366.01,366.12,227.861
2026-01-24 03:00:00+01:00,366.08,371.94,366.08,371.88,483.332
2026-01-24 04:00:00+01:00,371.86,386.98,371.29,381.99,1443.121
2026-01-24 05:00:00+01:00,381.69,381.69,372.6,374.15,440.735
2026-01-24 06:00:00+01:00,374.1,377.4,373.72,375.41,239.776
2026-01-24 07:00:00+01:00,375.41,377.81,373.28,374.64,290.104
2026-01-24 08:00:00+01:00,374.67,374.84,371.12,372.78,142.101
2026-01-24 09:00:00+01:00,372.87,375.6,371.6,374.99,812.603
2026-01-24 10:00:00+01:00,374.95,375.16,371.45,371.78,176.982
2026-01-24 11:00:00+01:00,371.81,372.75,370.08,371.53,218.306
2026-01-24 12:00:00+01:00,371.5,372.89,371.08,371.7,183.378
2026-01-24 13:00:00+01:00,371.64,373.75,370.85,372.39,127.612
2026-01-24 14:00:00+01:00,372.4,372.88,367.89,368.02,502.551
2026-01-24 15:00:00+01:00,368.33,370.32,367.87,368.52,284.701
2026-01-24 16:00:00+01:00,368.44,370.72,366.51,367.32,368.99
2026-01-24 17:00:00+01:00,367.4,369.0,362.04,362.72,888.075
2026-01-24 18:00:00+01:00,362.62,364.16,362.0,363.08,365.844
2026-01-24 19:00:00+01:00,363.12,366.74,362.61,363.6,649.735
2026-01-24 20:00:00+01:00,363.8,366.65,362.2,362.49,337.814
2026-01-24 21:00:00+01:00,362.52,363.92,362.27,363.73,90.851
2026-01-24 22:00:00+01:00,363.78,364.01,360.46,361.18,232.557
2026-01-24 23:00:00+01:00,361.2,362.67,357.33,359.34,274.968
2026-01-25 00:00:00+01:00,359.14,359.92,357.49,359.39,323.623
2026-01-25 01:00:00+01:00,359.37,362.79,359.33,362.55,1334.606
2026-01-25 02:00:00+01:00,362.55,363.67,360.72,361.9,183.856
2026-01-25 03:00:00+01:00,361.92,364.5,360.84,361.81,410.149
2026-01-25 04:00:00+01:00,361.84,362.96,360.0,360.51,131.05
2026-01-25 05:00:00+01:00,360.72,361.92,359.36,359.83,126.004
2026-01-25 06:00:00+01:00,359.76,360.16,358.36,358.82,97.395
2026-01-25 07:00:00+01:00,358.69,359.08,356.2,357.28,219.852
2026-01-25 08:00:00+01:00,357.28,357.51,355.28,357.25,188.457
2026-01-25 09:00:00+01:00,357.27,358.27,354.93,355.1,121.083
2026-01-25 10:00:00+01:00,355.04,358.16,354.96,356.45,399.345
2026-01-25 11:00:00+01:00,356.52,361.23,356.51,360.1,201.323
2026-01-25 12:00:00+01:00,360.08,361.84,359.31,360.3,171.148
2026-01-25 13:00:00+01:00,360.2,361.79,358.49,360.51,173.203
2026-01-25 14:00:00+01:00,360.45,361.0,357.1,359.73,296.215
2026-01-25 15:00:00+01:00,359.8,360.48,355.98,357.49,224.198
2026-01-25 16:00:00+01:00,357.48,361.26,356.76,359.98,197.203
2026-01-25 17:00:00+01:00,360.04,360.08,342.03,345.14,3945.784
2026-01-25 18:00:00+01:00,344.88,346.15,342.72,344.63,525.85
2026-01-25 19:00:00+01:00,344.48,344.48,336.23,339.21,1684.141
2026-01-25 20:00:00+01:00,339.16,339.88,329.05,331.28,988.96
2026-01-25 21:00:00+01:00,331.36,332.65,325.55,328.24,1182.171
2026-01-25 22:00:00+01:00,328.18,330.08,326.16,329.5,526.534
2026-01-25 23:00:00+01:00,329.34,329.49,324.49,326.52,863.378
2026-01-26 00:00:00+01:00,326.4,331.93,325.2,329.17,1237.751
2026-01-26 01:00:00+01:00,329.1,331.89,327.76,331.6,451.812
2026-01-26 02:00:00+01:00,331.58,346.19,331.0,342.83,1517.065
2026-01-26 03:00:00+01:00,342.88,344.56,338.46,343.03,936.064
2026-01-26 04:00:00+01:00,343.08,346.07,341.68,344.88,336.574
2026-01-26 05:00:00+01:00,344.88,354.96,344.52,350.85,877.747
2026-01-26 06:00:00+01:00,351.15,352.78,348.64,349.69,496.28
2026-01-26 07:00:00+01:00,349.73,353.25,346.72,351.26,533.758
2026-01-26 08:00:00+01:00,351.18,354.28,349.56,351.77,346.992
2026-01-26 09:00:00+01:00,351.68,354.29,349.03,350.2,420.889
2026-01-26 10:00:00+01:00,350.11,350.28,344.6,346.36,547.26
2026-01-26 11:00:00+01:00,346.4,351.18,345.84,351.18,527.95
2026-01-26 12:00:00+01:00,351.08,353.2,349.71,352.93,738.106
2026-01-26 13:00:00+01:00,352.81,355.1,350.93,352.2,618.165
2026-01-26 14:00:00+01:00,352.16,359.23,351.58,356.92,583.212
2026-01-26 15:00:00+01:00,356.93,361.92,353.14,359.44,1148.302
2026-01-26 16:00:00+01:00,359.48,366.9,357.99,359.87,1639.73
2026-01-26 17:00:00+01:00,359.76,366.4,357.32,363.13,594.206
2026-01-26 18:00:00+01:00,363.2,365.19,357.0,360.21,777.018
2026-01-26 19:00:00+01:00,360.16,365.79,357.91,365.41,460.695
2026-01-26 20:00:00+01:00,365.37,365.8,360.72,362.69,367.639
2026-01-26 21:00:00+01:00,362.58,367.47,362.19,364.61,1201.872
2026-01-26 22:00:00+01:00,364.67,370.8,362.45,370.69,1265.323
2026-01-26 23:00:00+01:00,370.67,372.5,367.43,368.56,1083.906
2026-01-27 00:00:00+01:00,368.53,370.8,366.45,367.43,421.071
2026-01-27 01:00:00+01:00,367.28,368.53,359.15,367.39,1004.042
2026-01-27 02:00:00+01:00,367.36,370.33,364.8,368.57,486.394
2026-01-27 03:00:00+01:00,368.6,371.76,368.6,371.02,288.468
2026-01-27 04:00:00+01:00,370.96,372.34,366.36,367.22,242.716
2026-01-27 05:00:00+01:00,367.15,370.25,366.64,369.67,123.376
2026-01-27 06:00:00+01:00,369.81,371.42,368.13,371.39,271.459
2026-01-27 07:00:00+01:00,371.39,373.06,370.8,372.16,401.772
2026-01-27 08:00:00+01:00,372.16,385.0,371.84,382.39,29548.825
2026-01-27 09:00:00+01:00,382.42,384.99,377.56,377.56,999.587
2026-01-27 10:00:00+01:00,377.61,380.57,375.6,378.32,1314.774
2026-01-27 11:00:00+01:00,378.33,382.72,376.95,382.55,877.649
2026-01-27 12:00:00+01:00,382.56,383.44,378.89,379.19,608.049
2026-01-27 13:00:00+01:00,379.16,383.44,378.57,382.2,773.276
2026-01-27 14:00:00+01:00,382.28,382.96,377.44,378.73,773.938
2026-01-27 15:00:00+01:00,378.74,384.29,378.11,379.79,779.374
2026-01-27 16:00:00+01:00,379.58,383.4,378.32,382.71,545.522
2026-01-27 17:00:00+01:00,383.24,399.05,383.16,398.18,1950.498
2026-01-27 18:00:00+01:00,398.15,399.43,384.11,385.1,1569.518
2026-01-27 19:00:00+01:00,385.04,396.64,382.51,393.87,1583.263
2026-01-27 20:00:00+01:00,393.88,396.46,390.27,391.28,720.18
2026-01-27 21:00:00+01:00,391.2,401.01,391.19,398.08,1605.018
2026-01-27 22:00:00+01:00,398.24,402.61,395.99,398.84,741.118
2026-01-27 23:00:00+01:00,398.84,404.56,398.57,402.12,767.288
2026-01-28 00:00:00+01:00,402.12,402.8,396.57,399.21,746.76
2026-01-28 01:00:00+01:00,399.24,401.9,395.59,401.46,284.733
2026-01-28 02:00:00+01:00,401.19,401.36,395.51,397.95,207.195
2026-01-28 03:00:00+01:00,397.68,400.24,391.28,391.77,473.851
2026-01-28 04:00:00+01:00,391.73,397.89,390.1,394.72,578.648
2026-01-28 05:00:00+01:00,394.57,395.0,391.12,392.56,375.421
2026-01-28 06:00:00+01:00,392.56,393.4,389.24,390.29,173.969
2026-01-28 07:00:00+01:00,390.56,394.0,390.28,392.67,107.238
2026-01-28 08:00:00+01:00,392.71,393.42,388.56,390.36,163.469
2026-01-28 09:00:00+01:00,390.24,392.89,388.93,389.7,200.9
2026-01-28 10:00:00+01:00,389.82,395.51,387.35,394.6,625.042
2026-01-28 11:00:00+01:00,394.6,395.94,392.34,395.12,394.396
2026-01-28 12:00:00+01:00,395.01,397.17,392.88,397.1,553.5
2026-01-28 13:00:00+01:00,396.87,399.37,383.71,387.21,28692.493
2026-01-28 14:00:00+01:00,387.24,387.98,384.32,385.0,273.107
2026-01-28 15:00:00+01:00,384.84,384.85,377.85,379.64,1019.689
2026-01-28 16:00:00+01:00,379.52,381.36,376.8,378.87,680.5
2026-01-28 17:00:00+01:00,378.96,379.16,373.0,377.57,497.504
2026-01-28 18:00:00+01:00,377.62,380.77,376.19,376.85,420.442
2026-01-28 19:00:00+01:00,377.03,377.54,374.28,377.13,381.56
2026-01-28 20:00:00+01:00,377.0,379.64,375.19,378.24,594.586
2026-01-28 21:00:00+01:00,378.16,381.08,375.37,375.37,387.754
2026-01-28 22:00:00+01:00,375.62,377.2,373.84,374.6,533.252
2026-01-28 23:00:00+01:00,374.66,375.2,370.0,372.63,887.655
2026-01-29 00:00:00+01:00,372.54,373.06,370.04,370.66,226.744
2026-01-29 01:00:00+01:00,370.72,371.52,367.6,370.24,344.963
2026-01-29 02:00:00+01:00,370.16,372.91,368.16,368.24,297.763
2026-01-29 03:00:00+01:00,368.16,368.48,362.43,363.95,371.781
2026-01-29 04:00:00+01:00,363.88,367.11,361.82,363.75,348.246
2026-01-29 05:00:00+01:00,363.76,366.76,362.53,365.54,203.693
2026-01-29 06:00:00+01:00,365.4,366.26,362.56,363.26,122.695
2026-01-29 07:00:00+01:00,363.13,365.56,363.05,365.12,337.514
2026-01-29 08:00:00+01:00,365.06,366.87,364.62,365.2,235.652
2026-01-29 09:00:00+01:00,365.12,365.76,363.09,364.65,159.014
2026-01-29 10:00:00+01:00,364.55,366.84,364.17,365.15,154.599
2026-01-29 11:00:00+01:00,365.03,369.35,364.64,368.01,309.174
2026-01-29 12:00:00+01:00,367.93,369.49,361.3,361.3,467.357
2026-01-29 13:00:00+01:00,361.3,363.46,360.46,361.35,311.557
2026-01-29 14:00:00+01:00,361.36,364.63,361.22,364.09,266.247
2026-01-29 15:00:00+01:00,364.09,364.67,354.14,356.34,1106.556
2026-01-29 16:00:00+01:00,356.46,358.2,349.5,354.3,1817.767
2026-01-29 17:00:00+01:00,354.15,358.55,351.26,358.5,1124.518
2026-01-29 18:00:00+01:00,358.44,365.19,357.11,358.29,658.461
2026-01-29 19:00:00+01:00,358.23,359.96,352.46,355.07,1018.541
2026-01-29 20:00:00+01:00,355.05,355.68,345.84,346.7,936.184
2026-01-29 21:00:00+01:00,346.8,350.24,346.48,347.95,611.355
2026-01-29 22:00:00+01:00,348.04,352.16,347.72,350.98,376.853
2026-01-29 23:00:00+01:00,351.0,354.71,350.4,351.9,273.281
2026-01-30 00:00:00+01:00,351.68,353.13,349.18,353.01,324.751
2026-01-30 01:00:00+01:00,353.12,355.75,352.36,353.13,143.282
2026-01-30 02:00:00+01:00,353.12,355.78,327.39,340.58,2403.3
2026-01-30 03:00:00+01:00,340.48,340.8,332.8,334.34,633.146
2026-01-30 04:00:00+01:00,334.56,338.09,333.8,334.49,147.873
2026-01-30 05:00:00+01:00,334.44,340.51,333.7,337.1,262.571
2026-01-30 06:00:00+01:00,337.1,339.51,336.03,337.87,551.343
2026-01-30 07:00:00+01:00,337.92,338.05,330.24,331.53,354.613
2026-01-30 08:00:00+01:00,331.53,337.49,331.53,335.8,240.753
2026-01-30 09:00:00+01:00,335.7,337.09,332.76,334.15,450.88
2026-01-30 10:00:00+01:00,334.19,334.96,331.12,333.13,153.231
2026-01-30 11:00:00+01:00,333.13,334.87,331.68,333.41,272.883
2026-01-30 12:00:00+01:00,333.29,340.08,332.77,338.64,540.314
2026-01-30 13:00:00+01:00,338.72,340.0,333.33,333.95,306.407
2026-01-30 14:00:00+01:00,333.87,334.72,327.47,330.75,746.643
2026-01-30 15:00:00+01:00,330.68,337.76,330.0,332.36,349.676
2026-01-30 16:00:00+01:00,332.4,338.43,331.84,335.96,762.334
2026-01-30 17:00:00+01:00,335.92,337.64,332.6,333.48,395.91
2026-01-30 18:00:00+01:00,333.52,336.52,331.92,333.86,235.628
2026-01-30 19:00:00+01:00,333.85,339.81,320.37,338.44,2345.873
2026-01-30 20:00:00+01:00,338.09,344.82,338.07,340.85,1420.327
2026-01-30 21:00:00+01:00,340.88,341.6,335.0,337.2,871.867
2026-01-30 22:00:00+01:00,337.4,341.18,336.4,337.25,310.373
2026-01-30 23:00:00+01:00,337.37,339.91,335.2,339.73,129.256
2026-01-31 00:00:00+01:00,339.62,340.5,336.7,340.2,234.242
2026-01-31 01:00:00+01:00,340.03,340.91,338.49,339.63,204.627
2026-01-31 02:00:00+01:00,339.64,341.18,337.95,338.13,69.086
2026-01-31 03:00:00+01:00,338.13,339.6,335.46,337.85,195.075
2026-01-31 04:00:00+01:00,337.88,339.12,333.49,334.14,225.126
2026-01-31 05:00:00+01:00,334.14,335.62,331.35,331.86,145.017
2026-01-31 06:00:00+01:00,331.74,333.55,330.03,332.27,327.218
2026-01-31 07:00:00+01:00,332.22,333.76,328.23,328.45,276.586
2026-01-31 08:00:00+01:00,328.32,328.78,322.0,324.12,417.53
2026-01-31 09:00:00+01:00,324.18,326.57,320.5,325.16,626.405
2026-01-31 10:00:00+01:00,325.4,327.33,323.38,323.93,281.794
2026-01-31 11:00:00+01:00,323.92,324.78,320.89,321.57,362.273
2026-01-31 12:00:00+01:00,321.52,322.03,316.32,317.28,1035.745
2026-01-31 13:00:00+01:00,317.23,318.59,315.18,315.92,3230.557
2026-01-31 14:00:00+01:00,315.98,316.01,310.67,313.4,847.784
2026-01-31 15:00:00+01:00,313.68,315.06,299.99,305.37,2595.963
2026-01-31 16:00:00+01:00,305.36,315.13,304.83,311.8,849.791
2026-01-31 17:00:00+01:00,311.88,315.47,306.24,307.36,1015.0
2026-01-31 18:00:00+01:00,307.28,307.68,291.82,298.21,3812.461
2026-01-31 19:00:00+01:00,298.24,299.65,274.84,290.56,5006.492
2026-01-31 20:00:00+01:00,290.56,294.8,285.29,288.48,2101.091
2026-01-31 21:00:00+01:00,288.56,291.76,285.84,289.36,1082.369
2026-01-31 22:00:00+01:00,289.64,296.72,288.8,295.04,662.259
2026-01-31 23:00:00+01:00,295.76,296.73,292.32,293.36,301.441
2026-02-01 00:00:00+01:00,293.2,303.6,292.68,302.88,427.922
2026-02-01 01:00:00+01:00,302.64,308.59,302.48,306.25,676.461
2026-02-01 02:00:00+01:00,306.21,306.89,302.48,306.08,344.826
2026-02-01 03:00:00+01:00,306.12,310.01,304.65,308.57,706.013
2026-02-01 04:00:00+01:00,308.64,309.11,304.16,305.05,310.396
2026-02-01 05:00:00+01:00,305.2,307.12,303.33,304.16,115.774
2026-02-01 06:00:00+01:00,304.32,305.75,301.17,303.66,516.257
2026-02-01 07:00:00+01:00,303.74,305.04,300.2,300.44,420.272
2026-02-01 08:00:00+01:00,300.44,303.4,296.72,300.43,983.721
2026-02-01 09:00:00+01:00,300.88,302.52,298.97,299.05,461.673
2026-02-01 10:00:00+01:00,299.05,300.37,296.46,299.92,240.556
2026-02-01 11:00:00+01:00,299.92,301.08,292.4,292.74,494.177
2026-02-01 12:00:00+01:00,292.98,302.75,292.58,299.74,561.057
2026-02-01 13:00:00+01:00,300.09,300.24,295.69,298.14,388.715
2026-02-01 14:00:00+01:00,298.17,301.64,294.13,295.08,423.905
2026-02-01 15:00:00+01:00,295.2,299.34,290.67,297.12,423.651
2026-02-01 16:00:00+01:00,297.06,297.06,286.7,290.88,736.113
2026-02-01 17:00:00+01:00,290.7,296.71,289.14,293.69,491.566
2026-02-01 18:00:00+01:00,293.79,295.9,290.46,293.58,266.333
2026-02-01 19:00:00+01:00,293.59,299.88,293.59,295.82,343.139
2026-02-01 20:00:00+01:00,295.84,296.64,290.69,292.39,242.749
2026-02-01 21:00:00+01:00,292.72,296.11,288.99,291.83,252.67
2026-02-01 22:00:00+01:00,291.8,295.35,288.72,292.91,289.123
2026-02-01 23:00:00+01:00,293.52,300.48,292.92,299.6,267.232
2026-02-02 00:00:00+01:00,299.52,306.96,295.12,305.79,1004.787
2026-02-02 01:00:00+01:00,305.8,320.4,304.56,313.81,1394.119
2026-02-02 02:00:00+01:00,313.68,316.51,309.28,311.16,637.912
2026-02-02 03:00:00+01:00,311.12,311.28,306.8,308.84,323.994
2026-02-02 04:00:00+01:00,308.76,309.24,293.49,302.8,1136.904
2026-02-02 05:00:00+01:00,302.88,304.28,295.88,298.83,416.739
2026-02-02 06:00:00+01:00,299.0,299.18,292.51,294.8,464.127
2026-02-02 07:00:00+01:00,294.72,307.42,291.46,302.72,548.974
2026-02-02 08:00:00+01:00,302.76,303.68,298.08,298.96,204.986
2026-02-02 09:00:00+01:00,298.96,300.24,296.88,297.68,210.467
2026-02-02 10:00:00+01:00,297.6,301.23,294.12,298.52,641.708
2026-02-02 11:00:00+01:00,298.63,299.99,295.3,296.05,627.368
2026-02-02 12:00:00+01:00,295.89,298.72,295.12,295.12,459.421
2026-02-02 13:00:00+01:00,295.44,301.14,295.28,299.56,639.369
2026-02-02 14:00:00+01:00,299.52,301.44,296.64,300.0,374.426
2026-02-02 15:00:00+01:00,299.65,306.52,297.42,301.5,827.428
2026-02-02 16:00:00+01:00,301.49,304.41,297.5,300.38,1275.124
2026-02-02 17:00:00+01:00,300.17,302.46,297.3,298.2,595.594
2026-02-02 18:00:00+01:00,298.23,300.73,293.46,294.96,351.94
2026-02-02 19:00:00+01:00,294.93,296.23,290.39,295.68,484.897
2026-02-02 20:00:00+01:00,295.62,296.16,292.65,294.12,125.669
2026-02-02 21:00:00+01:00,294.06,295.44,290.49,290.49,222.706
2026-02-02 22:00:00+01:00,290.6,294.47,290.6,294.32,394.211
2026-02-02 23:00:00+01:00,294.45,297.4,294.31,296.81,342.028
2026-02-03 00:00:00+01:00,296.91,296.94,294.27,295.5,141.149
2026-02-03 01:00:00+01:00,295.53,295.93,291.12,293.46,177.865
2026-02-03 02:00:00+01:00,293.4,294.13,286.64,289.08,316.379
2026-02-03 03:00:00+01:00,289.08,290.05,281.51,281.56,408.227
2026-02-03 04:00:00+01:00,281.93,288.72,278.8,288.24,440.409
2026-02-03 05:00:00+01:00,288.08,293.6,286.0,291.55,428.217
2026-02-03 06:00:00+01:00,291.56,291.56,288.35,288.68,155.459
2026-02-03 07:00:00+01:00,288.88,289.6,285.31,288.24,377.395
2026-02-03 08:00:00+01:00,288.2,291.41,286.98,290.07,222.48
2026-02-03 09:00:00+01:00,290.16,292.55,289.02,290.67,111.408
2026-02-03 10:00:00+01:00,290.76,291.03,282.66,284.24,354.451
2026-02-03 11:00:00+01:00,284.37,286.26,281.65,282.99,498.997
2026-02-03 12:00:00+01:00,283.14,284.49,281.44,282.7,377.468
2026-02-03 13:00:00+01:00,282.6,288.64,281.8,287.76,182.417
2026-02-03 14:00:00+01:00,287.72,288.82,285.04,286.58,516.714
2026-02-03 15:00:00+01:00,286.57,287.61,276.19,276.22,1054.887
2026-02-03 16:00:00+01:00,276.48,283.11,272.71,282.77,1747.36
2026-02-03 17:00:00+01:00,282.85,283.04,275.84,278.21,642.152
2026-02-03 18:00:00+01:00,278.16,279.52,268.7,268.97,838.708
2026-02-03 19:00:00+01:00,269.36,272.22,266.91,268.29,1831.738
2026-02-03 20:00:00+01:00,267.92,281.18,266.08,278.72,1829.606
2026-02-03 21:00:00+01:00,278.75,289.29,275.74,284.88,1644.594
2026-02-03 22:00:00+01:00,284.78,288.03,280.52,281.33,678.116
2026-02-03 23:00:00+01:00,281.48,281.7,274.92,275.94,763.343
2026-02-04 00:00:00+01:00,275.62,275.62,269.67,270.44,605.051
2026-02-04 01:00:00+01:00,270.43,277.0,270.22,275.56,381.164
2026-02-04 02:00:00+01:00,275.54,281.52,275.54,278.04,351.92
2026-02-04 03:00:00+01:00,277.88,279.08,273.67,274.76,126.428
2026-02-04 04:00:00+01:00,274.72,281.84,274.12,280.28,297.601
2026-02-04 05:00:00+01:00,280.32,280.76,277.68,279.34,217.388
2026-02-04 06:00:00+01:00,279.36,280.64,276.19,276.86,303.169
2026-02-04 07:00:00+01:00,277.04,281.75,276.4,280.08,113.411
2026-02-04 08:00:00+01:00,280.24,281.66,278.92,279.03,122.353
2026-02-04 09:00:00+01:00,279.28,282.78,278.0,281.31,132.77
2026-02-04 10:00:00+01:00,281.13,281.68,278.34,279.41,637.046
2026-02-04 11:00:00+01:00,279.63,280.48,278.84,279.6,96.259
2026-02-04 12:00:00+01:00,279.78,281.0,275.52,278.11,591.413
2026-02-04 13:00:00+01:00,278.22,279.92,278.07,279.5,477.696
2026-02-04 14:00:00+01:00,279.44,279.81,272.24,272.85,270.831
2026-02-04 15:00:00+01:00,272.8,276.0,269.12,271.04,484.242
2026-02-04 16:00:00+01:00,271.05,274.48,263.36,265.84,712.945
2026-02-04 17:00:00+01:00,265.76,267.84,263.4,265.96,1045.781
2026-02-04 18:00:00+01:00,265.95,267.3,257.28,261.12,1136.788
2026-02-04 19:00:00+01:00,261.3,266.25,257.91,263.15,834.475
2026-02-04 20:00:00+01:00,263.52,269.57,261.92,269.24,951.885
2026-02-04 21:00:00+01:00,269.1,269.48,260.64,261.4,676.55
2026-02-04 22:00:00+01:00,261.44,262.8,255.62,256.71,487.48
2026-02-04 23:00:00+01:00,256.69,261.42,252.8,253.91,451.483
2026-02-05 00:00:00+01:00,253.71,255.23,251.04,251.2,295.073
2026-02-05 01:00:00+01:00,251.44,255.52,250.33,250.56,184.484
2026-02-05 02:00:00+01:00,250.64,253.6,245.92,250.35,959.79
2026-02-05 03:00:00+01:00,250.45,253.71,246.0,246.56,330.186
2026-02-05 04:00:00+01:00,246.49,248.16,242.57,243.8,501.476
2026-02-05 05:00:00+01:00,243.84,246.63,241.6,242.37,342.692
2026-02-05 06:00:00+01:00,242.32,244.72,236.88,242.18,989.158
2026-02-05 07:00:00+01:00,242.19,245.29,239.49,244.76,229.556
2026-02-05 08:00:00+01:00,244.76,248.16,244.4,245.36,672.203
2026-02-05 09:00:00+01:00,245.4,250.0,244.8,246.8,579.098
2026-02-05 10:00:00+01:00,246.89,250.78,245.49,246.62,581.266
2026-02-05 11:00:00+01:00,246.56,246.67,241.2,241.64,684.087
2026-02-05 12:00:00+01:00,241.67,243.52,236.93,239.44,1243.969
2026-02-05 13:00:00+01:00,239.48,240.56,228.08,229.4,1131.025
2026-02-05 14:00:00+01:00,229.32,229.84,216.0,216.76,3872.641
2026-02-05 15:00:00+01:00,216.72,231.12,216.72,225.34,2526.961
2026-02-05 16:00:00+01:00,224.97,234.1,219.13,227.57,2007.65
2026-02-05 17:00:00+01:00,227.6,232.8,219.39,224.0,1148.466
2026-02-05 18:00:00+01:00,224.64,225.44,217.44,219.12,554.405
2026-02-05 19:00:00+01:00,219.44,220.48,211.35,217.6,1155.528
2026-02-05 20:00:00+01:00,217.44,217.88,208.69,210.56,623.468
2026-02-05 21:00:00+01:00,210.56,217.92,205.13,214.48,1900.058
2026-02-05 22:00:00+01:00,214.16,222.08,209.55,212.67,830.45
2026-02-05 23:00:00+01:00,212.8,220.0,207.92,216.04,616.764
2026-02-06 00:00:00+01:00,216.0,219.52,202.88,204.91,1187.304
2026-02-06 01:00:00+01:00,204.96,207.54,185.0,202.17,6669.586
2026-02-06 02:00:00+01:00,202.03,211.53,201.65,209.73,747.134
2026-02-06 03:00:00+01:00,209.76,212.84,203.63,204.59,695.391
2026-02-06 04:00:00+01:00,204.52,206.72,202.24,205.65,456.114
2026-02-06 05:00:00+01:00,205.68,209.6,203.8,208.64,243.866
2026-02-06 06:00:00+01:00,208.6,217.56,208.24,216.24,579.146
2026-02-06 07:00:00+01:00,216.13,217.36,213.52,213.52,404.908
2026-02-06 08:00:00+01:00,213.79,217.62,212.0,213.96,412.635
2026-02-06 09:00:00+01:00,214.0,217.28,211.81,213.96,550.153
2026-02-06 10:00:00+01:00,213.88,219.12,212.8,218.44,713.956
2026-02-06 11:00:00+01:00,218.24,223.85,216.56,223.16,1280.225
2026-02-06 12:00:00+01:00,223.2,228.84,222.36,227.53,1132.159
2026-02-06 13:00:00+01:00,227.61,232.88,224.12,232.88,578.992
2026-02-06 14:00:00+01:00,232.68,236.54,230.11,235.52,1178.424
2026-02-06 15:00:00+01:00,235.47,248.8,235.2,246.15,1918.574
2026-02-06 16:00:00+01:00,246.16,246.24,238.32,239.56,658.398
2026-02-06 17:00:00+01:00,239.28,254.52,237.75,246.64,1977.614
2026-02-06 18:00:00+01:00,246.82,254.9,245.43,245.6,3874.611
2026-02-06 19:00:00+01:00,245.57,246.56,239.85,243.82,1492.404
2026-02-06 20:00:00+01:00,243.84,246.0,241.52,244.71,1310.201
2026-02-06 21:00:00+01:00,244.55,244.55,240.4,240.93,835.902
2026-02-06 22:00:00+01:00,241.0,243.2,238.16,242.9,533.109
2026-02-06 23:00:00+01:00,242.92,248.42,242.68,246.69,591.52
2026-02-07 00:00:00+01:00,246.48,247.84,240.14,240.48,581.059
2026-02-07 01:00:00+01:00,240.5,241.28,234.29,236.94,1712.268
2026-02-07 02:00:00+01:00,236.86,239.68,234.8,238.44,530.814
2026-02-07 03:00:00+01:00,238.41,239.52,235.76,237.36,94.688
2026-02-07 04:00:00+01:00,237.08,238.64,235.04,236.98,204.682
2026-02-07 05:00:00+01:00,236.96,242.32,235.84,236.47,566.223
2026-02-07 06:00:00+01:00,236.41,239.6,235.34,235.6,333.609
2026-02-07 07:00:00+01:00,235.56,237.84,232.16,232.16,711.871
2026-02-07 08:00:00+01:00,232.16,233.68,227.28,228.83,786.167
2026-02-07 09:00:00+01:00,228.85,236.49,227.48,234.76,766.943
2026-02-07 10:00:00+01:00,234.96,236.16,230.86,231.14,385.043
2026-02-07 11:00:00+01:00,231.02,231.12,227.53,228.27,319.277
2026-02-07 12:00:00+01:00,228.36,229.65,225.85,227.3,667.458
2026-02-07 13:00:00+01:00,227.24,234.4,226.8,231.36,963.366
2026-02-07 14:00:00+01:00,231.56,233.02,229.19,231.64,966.312
2026-02-07 15:00:00+01:00,231.76,233.36,229.76,232.06,510.364
2026-02-07 16:00:00+01:00,231.88,240.32,231.36,238.88,912.514
2026-02-07 17:00:00+01:00,239.03,247.34,238.76,240.08,2490.032
2026-02-07 18:00:00+01:00,240.04,242.16,238.37,239.68,279.069
2026-02-07 19:00:00+01:00,239.6,244.0,239.16,242.12,587.889
2026-02-07 20:00:00+01:00,242.08,242.44,239.35,239.84,218.84
2026-02-07 21:00:00+01:00,239.71,242.63,239.02,242.08,196.145
2026-02-07 22:00:00+01:00,242.1,243.4,240.88,242.47,163.808
2026-02-07 23:00:00+01:00,242.4,244.45,241.01,241.01,195.878
2026-02-08 00:00:00+01:00,241.28,241.92,239.8,240.32,108.976
2026-02-08 01:00:00+01:00,240.62,241.88,239.19,240.72,212.933
2026-02-08 02:00:00+01:00,240.76,243.15,240.58,241.68,498.364
2026-02-08 03:00:00+01:00,241.64,242.4,239.17,240.07,149.768
2026-02-08 04:00:00+01:00,240.12,242.04,240.11,241.28,359.214
2026-02-08 05:00:00+01:00,241.08,242.28,240.0,241.76,241.606
2026-02-08 06:00:00+01:00,241.75,243.45,240.76,241.84,142.364
2026-02-08 07:00:00+01:00,241.88,242.39,240.28,240.6,97.377
2026-02-08 08:00:00+01:00,240.55,241.2,238.6,240.75,151.01
2026-02-08 09:00:00+01:00,240.7,244.21,240.0,242.88,246.688
2026-02-08 10:00:00+01:00,243.08,244.44,239.14,239.76,481.164
2026-02-08 11:00:00+01:00,239.72,241.08,232.72,233.44,504.21
2026-02-08 12:00:00+01:00,233.25,239.76,232.64,239.72,797.922
2026-02-08 13:00:00+01:00,239.76,241.66,236.48,239.76,599.914
2026-02-08 14:00:00+01:00,239.57,243.44,237.8,243.26,880.37
2026-02-08 15:00:00+01:00,243.2,247.48,242.95,244.79,655.723
2026-02-08 16:00:00+01:00,244.8,245.84,240.98,243.52,862.581
2026-02-08 17:00:00+01:00,243.33,245.17,234.07,236.65,645.57
2026-02-08 18:00:00+01:00,236.4,238.32,236.4,237.12,246.087
2026-02-08 19:00:00+01:00,237.39,240.48,236.64,238.96,769.148
2026-02-08 20:00:00+01:00,238.99,243.68,238.88,242.43,269.434
2026-02-08 21:00:00+01:00,242.58,242.58,239.0,239.17,302.864
2026-02-08 22:00:00+01:00,239.08,239.84,235.66,236.76,211.213
2026-02-08 23:00:00+01:00,236.91,238.88,236.89,238.19,198.394
2026-02-09 00:00:00+01:00,238.6,245.5,235.6,239.81,488.552
2026-02-09 01:00:00+01:00,239.52,242.32,237.92,240.16,219.621
2026-02-09 02:00:00+01:00,240.21,243.7,237.96,239.77,425.868
2026-02-09 03:00:00+01:00,239.84,242.73,237.9,239.93,272.15
2026-02-09 04:00:00+01:00,240.0,243.6,239.68,242.84,238.129
2026-02-09 05:00:00+01:00,242.56,245.2,241.72,242.48,244.544
2026-02-09 06:00:00+01:00,242.46,242.55,239.43,240.92,532.402
2026-02-09 07:00:00+01:00,240.89,240.97,235.92,237.13,350.319
2026-02-09 08:00:00+01:00,237.1,237.56,231.8,233.48,492.168
2026-02-09 09:00:00+01:00,233.15,233.54,228.8,232.62,596.731
2026-02-09 10:00:00+01:00,232.62,233.44,230.32,231.5,280.359
2026-02-09 11:00:00+01:00,231.4,231.79,227.88,229.68,736.653
2026-02-09 12:00:00+01:00,229.68,232.71,229.2,229.86,701.342
2026-02-09 13:00:00+01:00,230.0,235.12,229.8,233.71,434.878
2026-02-09 14:00:00+01:00,233.62,236.04,232.82,232.82,231.369
2026-02-09 15:00:00+01:00,233.04,237.43,230.0,235.76,511.616
2026-02-09 16:00:00+01:00,236.0,238.35,233.95,237.06,371.665
2026-02-09 17:00:00+01:00,237.16,243.54,236.76,242.72,433.514
2026-02-09 18:00:00+01:00,242.8,245.04,240.88,243.72,1683.165
2026-02-09 19:00:00+01:00,243.57,244.77,239.64,241.21,362.066
2026-02-09 20:00:00+01:00,241.2,243.24,240.39,242.72,229.151
2026-02-09 21:00:00+01:00,242.48,243.16,239.84,240.86,294.702
2026-02-09 22:00:00+01:00,241.28,242.23,238.38,241.52,268.599
2026-02-09 23:00:00+01:00,241.48,241.84,240.28,241.4,93.467
2026-02-10 00:00:00+01:00,241.4,242.24,239.76,240.38,439.428
2026-02-10 01:00:00+01:00,240.42,240.81,236.9,237.48,241.963
2026-02-10 02:00:00+01:00,237.56,241.39,237.48,240.76,184.613
2026-02-10 03:00:00+01:00,240.63,240.66,238.1,239.12,204.356
2026-02-10 04:00:00+01:00,239.1,239.31,234.0,235.35,420.905
2026-02-10 05:00:00+01:00,235.24,237.68,235.04,237.23,133.47
2026-02-10 06:00:00+01:00,237.16,237.65,234.32,235.28,72.016
2026-02-10 07:00:00+01:00,235.18,236.02,233.28,234.0,327.835
2026-02-10 08:00:00+01:00,234.08,238.13,234.08,236.16,361.841
2026-02-10 09:00:00+01:00,236.24,241.64,236.0,241.6,411.492
2026-02-10 10:00:00+01:00,241.64,242.12,239.2,240.23,243.6
2026-02-10 11:00:00+01:00,240.0,244.75,239.5,243.72,801.883
2026-02-10 12:00:00+01:00,243.84,244.17,237.77,238.55,998.304
2026-02-10 13:00:00+01:00,238.61,239.7,238.09,238.89,509.82
2026-02-10 14:00:00+01:00,238.82,239.52,235.15,237.4,553.548
2026-02-10 15:00:00+01:00,237.29,239.84,232.0,233.94,547.27
2026-02-10 16:00:00+01:00,233.92,236.27,232.89,233.74,316.941
2026-02-10 17:00:00+01:00,233.84,236.65,232.5,235.38,252.468
2026-02-10 18:00:00+01:00,235.44,235.62,233.3,234.5,177.901
2026-02-10 19:00:00+01:00,234.52,234.88,229.94,231.84,359.835
2026-02-10 20:00:00+01:00,231.72,232.86,230.18,230.37,141.135
2026-02-10 21:00:00+01:00,230.5,231.51,229.0,230.75,177.198
2026-02-10 22:00:00+01:00,230.6,231.4,228.32,229.84,153.714
2026-02-10 23:00:00+01:00,229.92,232.02,229.08,231.64,136.527
2026-02-11 00:00:00+01:00,231.62,233.91,231.16,233.8,308.618
2026-02-11 01:00:00+01:00,233.68,235.4,233.31,234.8,160.542
2026-02-11 02:00:00+01:00,234.86,236.82,234.68,236.28,81.471
2026-02-11 03:00:00+01:00,236.4,237.27,233.0,233.04,358.725
2026-02-11 04:00:00+01:00,233.0,234.8,231.16,233.57,167.084
2026-02-11 05:00:00+01:00,233.57,237.18,232.14,235.2,987.957
2026-02-11 06:00:00+01:00,235.2,236.93,234.36,235.17,828.666
2026-02-11 07:00:00+01:00,235.42,239.72,232.5,235.78,2348.738
2026-02-11 08:00:00+01:00,235.84,235.84,226.2,226.55,2885.673
2026-02-11 09:00:00+01:00,226.61,229.7,225.56,229.49,1891.239
2026-02-11 10:00:00+01:00,229.56,231.44,226.8,228.58,1860.328
2026-02-11 11:00:00+01:00,228.6,228.89,222.67,224.07,2238.265
2026-02-11 12:00:00+01:00,224.18,225.43,222.37,224.64,2560.795
2026-02-11 13:00:00+01:00,224.6,228.22,223.68,227.53,1622.971
2026-02-11 14:00:00+01:00,227.28,228.58,224.32,226.68,2467.375
2026-02-11 15:00:00+01:00,226.69,232.41,223.28,223.99,3989.897
2026-02-11 16:00:00+01:00,224.0,227.99,220.52,226.12,2929.872
2026-02-11 17:00:00+01:00,226.23,230.23,225.76,228.74,1419.578
2026-02-11 18:00:00+01:00,228.72,236.96,227.44,234.62,2304.989
2026-02-11 19:00:00+01:00,234.55,242.83,234.02,242.32,1497.444
2026-02-11 20:00:00+01:00,242.37,248.75,241.62,244.98,1929.488
2026-02-11 21:00:00+01:00,244.98,252.88,244.48,248.24,2231.083
2026-02-11 22:00:00+01:00,248.38,250.09,241.99,242.75,1388.952
2026-02-11 23:00:00+01:00,242.77,242.84,235.48,237.32,2427.441
2026-02-12 00:00:00+01:00,237.29,242.46,236.0,240.36,1857.298
2026-02-12 01:00:00+01:00,240.32,244.16,240.24,242.66,271.575
2026-02-12 02:00:00+01:00,242.64,244.89,241.45,242.2,1133.816
2026-02-12 03:00:00+01:00,242.29,243.6,239.6,239.87,480.72
2026-02-12 04:00:00+01:00,239.78,240.41,236.24,238.88,451.342
2026-02-12 05:00:00+01:00,238.78,240.99,237.92,238.31,218.5
2026-02-12 06:00:00+01:00,238.15,239.88,236.66,239.01,402.501
2026-02-12 07:00:00+01:00,238.85,240.96,238.7,239.56,116.396
2026-02-12 08:00:00+01:00,239.6,241.4,238.7,239.59,267.942
2026-02-12 09:00:00+01:00,239.84,240.39,233.56,235.86,1745.395
2026-02-12 10:00:00+01:00,235.81,237.24,235.31,236.08,215.13
2026-02-12 11:00:00+01:00,236.04,239.97,235.39,238.99,639.593
2026-02-12 12:00:00+01:00,238.79,242.1,238.33,238.81,1564.782
2026-02-12 13:00:00+01:00,238.97,239.8,237.27,238.96,466.651
2026-02-12 14:00:00+01:00,238.9,239.48,236.72,239.19,468.208
2026-02-12 15:00:00+01:00,239.2,239.23,235.17,235.7,783.978
2026-02-12 16:00:00+01:00,235.7,237.99,233.73,235.44,666.073
2026-02-12 17:00:00+01:00,235.62,235.72,229.05,230.64,973.912
2026-02-12 18:00:00+01:00,230.38,232.1,228.9,229.87,428.928
2026-02-12 19:00:00+01:00,229.87,231.8,228.25,229.64,425.259
2026-02-12 20:00:00+01:00,229.62,232.87,228.19,230.68,363.774
2026-02-12 21:00:00+01:00,230.7,232.03,228.53,229.62,620.945
2026-02-12 22:00:00+01:00,229.74,231.1,228.97,229.52,299.302
2026-02-12 23:00:00+01:00,229.52,233.0,229.38,232.34,437.982
2026-02-13 00:00:00+01:00,232.34,233.33,231.43,232.93,276.332
2026-02-13 01:00:00+01:00,232.9,233.82,231.28,232.46,389.574
2026-02-13 02:00:00+01:00,232.44,234.44,232.22,233.32,251.205
2026-02-13 03:00:00+01:00,233.46,234.12,232.84,233.3,137.453
2026-02-13 04:00:00+01:00,233.24,233.4,230.96,231.06,387.938
2026-02-13 05:00:00+01:00,231.08,231.51,229.12,229.13,336.285
2026-02-13 06:00:00+01:00,229.15,230.68,228.76,229.46,146.842
2026-02-13 07:00:00+01:00,229.46,231.0,228.8,230.67,578.435
2026-02-13 08:00:00+01:00,230.62,231.57,229.76,230.72,1117.011
2026-02-13 09:00:00+01:00,230.69,233.95,230.21,233.07,1634.703
2026-02-13 10:00:00+01:00,233.06,233.61,232.17,233.51,621.03
