symbol,direction,indicator,htf,param_desc,entry_time,entry_price,exit_time,exit_price,stake,fees,pnl,equity_after,reason,size_units,Zeit,ExitZeit,Entry,ExitPreis
TNSR/USDC,Long,jma,12h,"ParamA=30.0, ParamB=50.0, ATR=None",2026-02-12T05:00:00+01:00,0.055,2026-02-13T08:00:00+01:00,0.0547,57341.23258198861,12.567939826277389,-312.7703595381214,62792.85499203445,"Time-based exit (2 bars, optimal=2)",114253.99842070353,2026-02-12T05:00:00+01:00,2026-02-13T08:00:00+01:00,0.055,0.0547
ETH/USDC,Long,jma,12h,"ParamA=30.0, ParamB=0.0, ATR=2.0",2026-02-12T01:00:00+01:00,1957.51,2026-02-12T17:00:00+01:00,1901.552090745019,57546.86385497735,26.526874028953696,-1645.0501839099486,132228.69108001495,ATR stop x2.00,6.7756675646494005,2026-02-12T01:00:00+01:00,2026-02-12T17:00:00+01:00,1957.51,1901.552090745019
ETH/USDC,Long,jma,12h,"ParamA=30.0, ParamB=0.0, ATR=2.0",2026-02-09T15:00:00+01:00,2042.66,2026-02-10T15:00:00+01:00,1987.4521346037598,57741.940942161,26.604098910677074,-1560.6166974692228,132634.37014476847,ATR stop x2.00,6.512121182839305,2026-02-09T15:00:00+01:00,2026-02-10T15:00:00+01:00,2042.66,1987.4521346037598
SUI/USDC,Long,jma,12h,"ParamA=20.0, ParamB=0.0, ATR=None",2026-02-09T15:00:00+01:00,0.9476,2026-02-12T10:00:00+01:00,0.9404,57796.83451652241,4.667008924749386,-439.1485948912626,23312.647314981423,"Time-based exit (5 bars, optimal=5)",2462.5416445490637,2026-02-09T15:00:00+01:00,2026-02-12T10:00:00+01:00,0.9476,0.9404
ICP/USDC,Long,jma,12h,"ParamA=20.0, ParamB=50.0, ATR=None",2026-02-09T15:00:00+01:00,2.396,2026-02-12T03:00:00+01:00,2.347,57944.96176644707,8.19630003265903,-1185.0179993972883,40889.493616684806,Trend flip,1710.4131954630698,2026-02-09T15:00:00+01:00,2026-02-12T03:00:00+01:00,2.396,2.347
XRP/USDC,Long,jma,12h,"ParamA=30.0, ParamB=-50.0, ATR=None",2026-02-09T15:00:00+01:00,1.4301,2026-02-12T04:00:00+01:00,1.3745,58227.93789986717,6.5195460898999045,-2263.809067360749,32464.476142694137,Trend flip,2279.402171141845,2026-02-09T15:00:00+01:00,2026-02-12T04:00:00+01:00,1.4301,1.3745
TNSR/USDC,Long,jma,12h,"ParamA=30.0, ParamB=50.0, ATR=None",2026-02-08T12:00:00+01:00,0.0452,2026-02-09T19:00:00+01:00,0.0448,58292.42066609072,12.581590295039973,-515.8621297884105,62839.699131386944,"Time-based exit (2 bars, optimal=2)",139176.88379468996,2026-02-08T12:00:00+01:00,2026-02-09T19:00:00+01:00,0.0452,0.0448
SOL/USDC,Long,jma,12h,"ParamA=20.0, ParamB=0.0, ATR=None",2026-02-07T13:00:00+01:00,86.17,2026-02-10T01:00:00+01:00,86.37,58275.513530912904,16.703000424014423,135.2570814225687,83517.6828963964,"Time-based exit (5 bars, optimal=5)",96.91888374152502,2026-02-07T13:00:00+01:00,2026-02-10T01:00:00+01:00,86.17,86.37
ETH/USDC,Long,jma,12h,"ParamA=30.0, ParamB=0.0, ATR=2.0",2026-02-07T02:00:00+01:00,2061.0,2026-02-09T15:00:00+01:00,2042.66,58340.406972438526,26.633125269716782,-519.1475322050062,133020.49455338536,"Time-based exit (5 bars, optimal=5)",6.46121428183328,2026-02-07T02:00:00+01:00,2026-02-09T15:00:00+01:00,2061.0,2042.66
TNSR/USDC,Long,jma,12h,"ParamA=30.0, ParamB=50.0, ATR=None",2026-02-06T23:00:00+01:00,0.0468,2026-02-08T10:00:00+01:00,0.0446,59993.88919767307,12.643554518638153,-2820.225560574376,62907.95147519986,Trend flip,135080.71066921102,2026-02-06T23:00:00+01:00,2026-02-08T10:00:00+01:00,0.0468,0.0446
ICP/USDC,Long,jma,12h,"ParamA=20.0, ParamB=50.0, ATR=None",2026-02-06T23:00:00+01:00,2.529,2026-02-09T14:00:00+01:00,2.354,60839.08906485604,8.255073939475722,-4209.901378548752,40981.50016329515,Trend flip,1632.082629394172,2026-02-06T23:00:00+01:00,2026-02-09T14:00:00+01:00,2.529,2.354
LUNC/USDT,Long,jma,12h,"ParamA=20.0, ParamB=0.0, ATR=None",2026-02-06T23:00:00+01:00,3.64e-05,2026-02-09T00:00:00+01:00,3.486e-05,60312.85139253744,34.41293955412348,-2551.6975589150384,171302.31880203378,Trend flip,472705213.65554243,2026-02-06T23:00:00+01:00,2026-02-09T00:00:00+01:00,3.64e-05,3.486e-05
TAO/USDC,Long,jma,12h,"ParamA=20.0, ParamB=0.0, ATR=None",2026-02-06T23:00:00+01:00,176.2,2026-02-09T14:00:00+01:00,156.4,59641.36100260127,20.49614006440801,-6702.037161472782,101308.60493885624,Trend flip,58.16157793532353,2026-02-06T23:00:00+01:00,2026-02-09T14:00:00+01:00,176.2,156.4
XRP/USDC,Long,jma,12h,"ParamA=30.0, ParamB=-50.0, ATR=None",2026-02-06T23:00:00+01:00,1.4885,2026-02-09T14:00:00+01:00,1.3947,58803.60635741717,6.5622112642039605,-3705.595079829173,32597.730449499522,Trend flip,2204.3034142438564,2026-02-06T23:00:00+01:00,2026-02-09T14:00:00+01:00,1.4885,1.3947
SUI/USDC,Long,jma,12h,"ParamA=20.0, ParamB=0.0, ATR=None",2026-02-06T20:00:00+01:00,1.0078,2026-02-09T14:00:00+01:00,0.9281,61446.512041852424,4.705159843553901,-4859.383815971064,23335.044623746926,Trend flip,2334.3718215687145,2026-02-06T20:00:00+01:00,2026-02-09T14:00:00+01:00,1.0078,0.9281
TNSR/USDC,Long,jma,12h,"ParamA=30.0, ParamB=50.0, ATR=None",2026-02-04T02:00:00+01:00,0.0493,2026-02-05T02:00:00+01:00,0.049,61493.28685436842,12.653785347927572,-374.198500127996,63217.77259319076,"Time-based exit (2 bars, optimal=2)",128334.53699723705,2026-02-04T02:00:00+01:00,2026-02-05T02:00:00+01:00,0.0493,0.049
ICP/USDC,Long,jma,12h,"ParamA=20.0, ParamB=50.0, ATR=None",2026-02-04T01:00:00+01:00,2.659,2026-02-06T19:00:00+01:00,2.491,61982.80884979744,8.309234901289248,-3916.1759634320993,41275.369697378606,Trend flip,1562.4736557520212,2026-02-04T01:00:00+01:00,2026-02-06T19:00:00+01:00,2.659,2.491
LUNC/USDT,Long,jma,12h,"ParamA=20.0, ParamB=0.0, ATR=None",2026-02-03T20:00:00+01:00,3.689e-05,2026-02-06T00:00:00+01:00,3.263e-05,62890.62280049584,34.82202328431898,-7262.511605587218,172064.69777061744,Trend flip,471971039.3645836,2026-02-03T20:00:00+01:00,2026-02-06T00:00:00+01:00,3.689e-05,3.263e-05
TAO/USDC,Long,jma,12h,"ParamA=20.0, ParamB=0.0, ATR=None",2026-02-02T23:00:00+01:00,199.2,2026-02-05T11:00:00+01:00,179.4,63681.850613083094,20.706094877040748,-6329.822500698013,102480.70032204005,Trend flip,51.97312971144766,2026-02-02T23:00:00+01:00,2026-02-05T11:00:00+01:00,199.2,179.4
SUI/USDC,Long,jma,12h,"ParamA=20.0, ParamB=0.0, ATR=None",2026-02-02T19:00:00+01:00,1.1506,2026-02-06T09:00:00+01:00,0.9121,65375.76241295822,4.805735799347916,-13551.294399000988,23525.799217769505,Trend flip,2088.360768011436,2026-02-02T19:00:00+01:00,2026-02-06T09:00:00+01:00,1.1506,0.9121
LUNC/USDT,Long,jma,12h,"ParamA=20.0, ParamB=0.0, ATR=None",2026-02-01T17:00:00+01:00,3.803e-05,2026-02-03T17:00:00+01:00,3.676e-05,65649.80676805759,34.94571254497713,-2192.3548407949806,174110.1164215949,Trend flip,459449284.0517634,2026-02-01T17:00:00+01:00,2026-02-03T17:00:00+01:00,3.803e-05,3.676e-05
LUNC/USDT,Long,jma,12h,"ParamA=20.0, ParamB=0.0, ATR=None",2026-01-30T15:00:00+01:00,3.673e-05,2026-02-01T15:00:00+01:00,3.817e-05,65329.65057141033,34.816178918135876,2561.249573178079,174728.56272488562,"Time-based exit (4 bars, optimal=4)",473947439.6696961,2026-01-30T15:00:00+01:00,2026-02-01T15:00:00+01:00,3.673e-05,3.817e-05
TNSR/USDC,Long,jma,12h,"ParamA=30.0, ParamB=50.0, ATR=None",2026-01-28T18:00:00+01:00,0.0587,2026-01-29T19:00:00+01:00,0.0542,65961.73706371596,12.754110440857069,-5056.691938445009,63268.926739637864,Trend flip,108638.0787125815,2026-01-28T18:00:00+01:00,2026-01-29T19:00:00+01:00,0.0587,0.0542
LUNC/USDT,Long,jma,12h,"ParamA=20.0, ParamB=0.0, ATR=None",2026-01-28T12:00:00+01:00,3.786e-05,2026-01-30T13:00:00+01:00,3.656e-05,66246.07375110514,34.94315195831574,-2274.693499113485,174080.89459067938,Trend flip,461478499.18536365,2026-01-28T12:00:00+01:00,2026-01-30T13:00:00+01:00,3.786e-05,3.656e-05
TNSR/USDC,Long,jma,12h,"ParamA=30.0, ParamB=50.0, ATR=None",2026-01-27T16:00:00+01:00,0.0586,2026-01-28T16:00:00+01:00,0.0583,66288.49386236518,12.763197140254533,-339.3608900803697,63770.55220428534,"Time-based exit (2 bars, optimal=2)",108900.9994902264,2026-01-27T16:00:00+01:00,2026-01-28T16:00:00+01:00,0.0586,0.0583
ICP/USDC,Long,jma,12h,"ParamA=20.0, ParamB=50.0, ATR=None",2026-01-27T13:00:00+01:00,3.257,2026-01-30T02:00:00+01:00,3.046,66829.67676834154,8.365100002979394,-4329.463247810895,41546.17450644624,Trend flip,1284.1725518850774,2026-01-27T13:00:00+01:00,2026-01-30T02:00:00+01:00,3.257,3.046
SUI/USDC,Long,jma,12h,"ParamA=20.0, ParamB=0.0, ATR=None",2026-01-27T09:00:00+01:00,1.4387,2026-01-30T02:00:00+01:00,1.2988,67651.99149783229,4.853906238815622,-6578.517835926007,24028.67899673958,Trend flip,1686.90701286426,2026-01-27T09:00:00+01:00,2026-01-30T02:00:00+01:00,1.4387,1.2988
TAO/USDC,Long,jma,12h,"ParamA=20.0, ParamB=0.0, ATR=None",2026-01-27T09:00:00+01:00,232.1,2026-01-30T02:00:00+01:00,217.8,68177.05173035277,20.838652409095193,-4200.48186016391,103530.47438520375,Trend flip,44.89153901140714,2026-01-27T09:00:00+01:00,2026-01-30T02:00:00+01:00,232.1,217.8
XRP/USDC,Long,jma,12h,"ParamA=30.0, ParamB=-50.0, ATR=None",2026-01-27T02:00:00+01:00,1.9048,2026-01-29T15:00:00+01:00,1.8242,68539.57599967065,6.591420586713212,-2900.1941545429727,32811.0563210198,Trend flip,1730.2132997462231,2026-01-27T02:00:00+01:00,2026-01-29T15:00:00+01:00,1.9048,1.8242
SOL/USDC,Long,jma,12h,"ParamA=20.0, ParamB=0.0, ATR=None",2026-01-26T22:00:00+01:00,124.44,2026-01-29T12:00:00+01:00,122.61,68665.79989653929,16.730950953843195,-1009.7911749491062,83515.00212007211,Trend flip,67.22497168853744,2026-01-26T22:00:00+01:00,2026-01-29T12:00:00+01:00,124.44,122.61
ETH/USDC,Long,jma,12h,"ParamA=30.0, ParamB=0.0, ATR=2.0",2026-01-26T18:00:00+01:00,2907.47,2026-01-29T06:00:00+01:00,2947.71,68547.21140779094,26.60162837884467,948.7079099868695,133165.6263485839,"Time-based exit (5 bars, optimal=5)",4.5747038454127935,2026-01-26T18:00:00+01:00,2026-01-29T06:00:00+01:00,2907.47,2947.71
LUNC/USDT,Long,jma,12h,"ParamA=20.0, ParamB=0.0, ATR=None",2026-01-26T11:00:00+01:00,3.789e-05,2026-01-28T11:00:00+01:00,3.774e-05,68581.14903102482,34.96398639708251,-271.5009858710348,174715.75979157866,"Time-based exit (4 bars, optimal=4)",461388049.57881385,2026-01-26T11:00:00+01:00,2026-01-28T11:00:00+01:00,3.789e-05,3.774e-05
TAO/USDC,Long,jma,12h,"ParamA=20.0, ParamB=0.0, ATR=None",2026-01-24T15:00:00+01:00,237.7,2026-01-27T04:00:00+01:00,234.2,68707.60918676402,20.87356227846069,-1011.6812459136479,104193.26204547596,Trend flip,43.90736701401071,2026-01-24T15:00:00+01:00,2026-01-27T04:00:00+01:00,237.7,234.2
SUI/USDC,Long,jma,12h,"ParamA=20.0, ParamB=0.0, ATR=None",2026-01-24T15:00:00+01:00,1.4896,2026-01-27T04:00:00+01:00,1.446,68959.91284210066,4.8691318205082785,-2018.4292426930683,24269.531194078107,Trend flip,1634.3756110728646,2026-01-24T15:00:00+01:00,2026-01-27T04:00:00+01:00,1.4896,1.446
XRP/USDC,Long,jma,12h,"ParamA=30.0, ParamB=-50.0, ATR=None",2026-01-24T13:00:00+01:00,1.9174,2026-01-27T01:00:00+01:00,1.9024,69027.41383351499,6.597901767489801,-540.0079313146543,32957.10293356606,"Time-based exit (5 bars, optimal=5)",1720.5334743636697,2026-01-24T13:00:00+01:00,2026-01-27T01:00:00+01:00,1.9174,1.9024
LUNC/USDT,Long,jma,12h,"ParamA=20.0, ParamB=0.0, ATR=None",2026-01-24T04:00:00+01:00,3.803e-05,2026-01-26T09:00:00+01:00,3.738e-05,69175.20466651932,35.03086652052688,-1182.3266640346494,174819.93198541255,Trend flip,460568847.23280144,2026-01-24T04:00:00+01:00,2026-01-26T09:00:00+01:00,3.803e-05,3.738e-05
TNSR/USDC,Long,jma,12h,"ParamA=30.0, ParamB=50.0, ATR=None",2026-01-24T03:00:00+01:00,0.0612,2026-01-25T03:00:00+01:00,0.0628,68949.87826695411,12.732456164390966,1802.611196521673,63815.985701272664,"Time-based exit (2 bars, optimal=2)",104023.33467639679,2026-01-24T03:00:00+01:00,2026-01-25T03:00:00+01:00,0.0612,0.0628
ETH/USDC,Long,jma,12h,"ParamA=30.0, ParamB=0.0, ATR=2.0",2026-01-24T02:00:00+01:00,2952.86,2026-01-25T17:00:00+01:00,2901.14050356168,69101.1670837653,26.65364310194768,-1210.3105344894675,133008.14189422334,ATR stop x2.00,4.513191126898613,2026-01-24T02:00:00+01:00,2026-01-25T17:00:00+01:00,2952.86,2901.14050356168
SOL/USDC,Long,jma,12h,"ParamA=20.0, ParamB=0.0, ATR=None",2026-01-22T05:00:00+01:00,130.25,2026-01-24T22:00:00+01:00,126.99,69318.03540951868,16.776295251295927,-1734.9466060271113,83654.75476921597,Trend flip,64.40036564796901,2026-01-22T05:00:00+01:00,2026-01-24T22:00:00+01:00,130.25,126.99
LUNC/USDT,Long,jma,12h,"ParamA=20.0, ParamB=0.0, ATR=None",2026-01-22T01:00:00+01:00,3.874e-05,2026-01-24T03:00:00+01:00,3.783e-05,69522.16929587402,35.12038815422469,-1633.0710908426718,175154.3326026344,Trend flip,453283275.09324586,2026-01-22T01:00:00+01:00,2026-01-24T03:00:00+01:00,3.874e-05,3.783e-05
TAO/USDC,Long,jma,12h,"ParamA=20.0, ParamB=0.0, ATR=None",2026-01-22T01:00:00+01:00,247.0,2026-01-24T14:00:00+01:00,236.8,69882.90086918662,20.964328484457774,-2885.8525865008205,104367.81139230345,Trend flip,42.43791191185784,2026-01-22T01:00:00+01:00,2026-01-24T14:00:00+01:00,247.0,236.8
SUI/USDC,Long,jma,12h,"ParamA=20.0, ParamB=0.0, ATR=None",2026-01-22T01:00:00+01:00,1.5277,2026-01-24T14:00:00+01:00,1.4837,70135.40116795192,4.8841757981118965,-2020.0023901223324,24345.65910254139,Trend flip,1598.5389140904288,2026-01-22T01:00:00+01:00,2026-01-24T14:00:00+01:00,1.5277,1.4837
XRP/USDC,Long,jma,12h,"ParamA=30.0, ParamB=-50.0, ATR=None",2026-01-21T15:00:00+01:00,1.9411,2026-01-24T05:00:00+01:00,1.9233,70215.88663895891,6.605279903594366,-643.8837680559843,32989.508837449,"Time-based exit (5 bars, optimal=5)",1701.4270010804094,2026-01-21T15:00:00+01:00,2026-01-24T05:00:00+01:00,1.9411,1.9233
ICP/USDC,Long,jma,12h,"ParamA=20.0, ParamB=50.0, ATR=None",2026-01-19T04:00:00+01:00,3.873,2026-01-21T17:00:00+01:00,3.544,70969.46767644766,8.438470026932126,-6028.648299909964,41825.50001489697,Trend flip,1089.397111661777,2026-01-19T04:00:00+01:00,2026-01-21T17:00:00+01:00,3.873,3.544
TNSR/USDC,Long,jma,12h,"ParamA=30.0, ParamB=50.0, ATR=None",2026-01-18T01:00:00+01:00,0.0723,2026-01-19T22:00:00+01:00,0.0661,71738.44827692647,12.845177482587403,-6151.844803830483,63662.280821954824,Trend flip,88832.48604832227,2026-01-18T01:00:00+01:00,2026-01-19T22:00:00+01:00,0.0723,0.0661
TNSR/USDC,Long,jma,12h,"ParamA=30.0, ParamB=50.0, ATR=None",2026-01-16T18:00:00+01:00,0.0717,2026-01-17T21:00:00+01:00,0.0715,71721.77170299453,12.851332500133491,-200.06072999441167,64225.88741293701,"Time-based exit (2 bars, optimal=2)",89618.77615155852,2026-01-16T18:00:00+01:00,2026-01-17T21:00:00+01:00,0.0717,0.0715
LUNC/USDT,Long,jma,12h,"ParamA=20.0, ParamB=0.0, ATR=None",2026-01-16T18:00:00+01:00,4.085e-05,2026-01-18T18:00:00+01:00,4.104e-05,71696.76411174523,35.11107963543762,333.4733214499836,175601.94077112345,"Time-based exit (4 bars, optimal=4)",429756176.688343,2026-01-16T18:00:00+01:00,2026-01-18T18:00:00+01:00,4.085e-05,4.104e-05
ICP/USDC,Long,jma,12h,"ParamA=20.0, ParamB=50.0, ATR=None",2026-01-16T09:00:00+01:00,4.367,2026-01-19T00:00:00+01:00,3.894,72706.14329036407,8.532595082102299,-7874.972698956307,42192.35013466063,Trend flip,976.9401284751887,2026-01-16T09:00:00+01:00,2026-01-19T00:00:00+01:00,4.367,3.894
ETH/USDC,Long,jma,12h,"ParamA=30.0, ParamB=0.0, ATR=2.0",2026-01-15T23:00:00+01:00,3309.06,2026-01-18T11:00:00+01:00,3325.02,72662.33587675594,26.6461205770948,350.4593088650636,133268.2155097384,"Time-based exit (5 bars, optimal=5)",4.026237145457441,2026-01-15T23:00:00+01:00,2026-01-18T11:00:00+01:00,3309.06,3325.02
SOL/USDC,Long,jma,12h,"ParamA=20.0, ParamB=0.0, ATR=None",2026-01-14T13:00:00+01:00,144.54,2026-01-17T01:00:00+01:00,144.29,72678.04909824702,16.782554514813185,-125.70577192861323,83881.47625647964,"Time-based exit (5 bars, optimal=5)",58.05505228591804,2026-01-14T13:00:00+01:00,2026-01-17T01:00:00+01:00,144.54,144.29
TNSR/USDC,Long,jma,12h,"ParamA=30.0, ParamB=50.0, ATR=None",2026-01-14T10:00:00+01:00,0.0739,2026-01-15T12:00:00+01:00,0.072,72912.37506683123,12.887043036982114,-1874.6077486736028,64256.66250066745,Trend flip,87192.44274006844,2026-01-14T10:00:00+01:00,2026-01-15T12:00:00+01:00,0.0739,0.072
LUNC/USDT,Long,jma,12h,"ParamA=20.0, ParamB=0.0, ATR=None",2026-01-13T16:00:00+01:00,4.311e-05,2026-01-15T17:00:00+01:00,4.27e-05,72999.1578745573,35.15154100792417,-694.2624618085904,175555.3981771881,"Time-based exit (4 bars, optimal=4)",407695905.9142214,2026-01-13T16:00:00+01:00,2026-01-15T17:00:00+01:00,4.311e-05,4.27e-05
ICP/USDC,Long,jma,12h,"ParamA=20.0, ParamB=50.0, ATR=None",2026-01-13T15:00:00+01:00,3.495,2026-01-16T03:00:00+01:00,4.672,70050.32962119032,8.256204749651934,23590.626026935905,42662.97541051149,"Time-based exit (5 bars, optimal=5)",1181.145171624025,2026-01-13T15:00:00+01:00,2026-01-16T03:00:00+01:00,3.495,4.672
SUI/USDC,Long,jma,12h,"ParamA=20.0, ParamB=0.0, ATR=None",2026-01-13T14:00:00+01:00,1.8014,2026-01-16T02:00:00+01:00,1.784,70135.01022918882,4.889876980983897,-677.4448639879403,24420.878990559482,"Time-based exit (5 bars, optimal=5)",1357.2435275296705,2026-01-13T14:00:00+01:00,2026-01-16T02:00:00+01:00,1.8014,1.784
XRP/USDC,Long,jma,12h,"ParamA=30.0, ParamB=-50.0, ATR=None",2026-01-13T13:00:00+01:00,2.062,2026-01-16T01:00:00+01:00,2.0821,70049.65631963349,6.600166215163064,682.8312764426039,33026.399517971826,"Time-based exit (5 bars, optimal=5)",1600.428277197639,2026-01-13T13:00:00+01:00,2026-01-16T01:00:00+01:00,2.062,2.0821
TNSR/USDC,Long,jma,12h,"ParamA=30.0, ParamB=50.0, ATR=None",2026-01-13T03:00:00+01:00,0.0688,2026-01-14T03:00:00+01:00,0.0739,69406.53616260356,12.794757131763129,5144.961256239501,64435.215184910565,"Time-based exit (2 bars, optimal=2)",92985.15357385995,2026-01-13T03:00:00+01:00,2026-01-14T03:00:00+01:00,0.0688,0.0739
TAO/USDC,Long,jma,12h,"ParamA=20.0, ParamB=0.0, ATR=None",2026-01-13T01:00:00+01:00,284.0,2026-01-15T13:00:00+01:00,286.5,69330.2484772193,20.950076530986692,610.3014830741135,104821.64242228886,"Time-based exit (5 bars, optimal=5)",36.88393755455403,2026-01-13T01:00:00+01:00,2026-01-15T13:00:00+01:00,284.0,286.5
ETH/USDC,Long,jma,12h,"ParamA=30.0, ParamB=0.0, ATR=2.0",2026-01-13T01:00:00+01:00,3105.77,2026-01-15T13:00:00+01:00,3369.09,68603.19076718224,26.42734411434548,5816.461680296493,133230.60288547399,"Time-based exit (5 bars, optimal=5)",4.2545558934411565,2026-01-13T01:00:00+01:00,2026-01-15T13:00:00+01:00,3105.77,3369.09
SOL/USDC,Long,jma,12h,"ParamA=20.0, ParamB=0.0, ATR=None",2026-01-12T00:00:00+01:00,139.54,2026-01-14T12:00:00+01:00,143.73,68346.65814425652,16.73564912219103,2052.260983405724,83912.77257406594,"Time-based exit (5 bars, optimal=5)",59.96721055679744,2026-01-12T00:00:00+01:00,2026-01-14T12:00:00+01:00,139.54,143.73
ETH/USDC,Long,jma,12h,"ParamA=30.0, ParamB=0.0, ATR=2.0",2026-01-12T00:00:00+01:00,3119.63,2026-01-12T15:00:00+01:00,3089.39908102293,68429.54810734793,26.458275283587252,-663.1197047312477,132136.7205717274,ATR stop x2.00,4.240611111507976,2026-01-12T00:00:00+01:00,2026-01-12T15:00:00+01:00,3119.63,3089.39908102293
ICP/USDC,Long,jma,12h,"ParamA=20.0, ParamB=50.0, ATR=None",2026-01-11T02:00:00+01:00,3.194,2026-01-13T14:00:00+01:00,3.369,67964.07716558302,8.212848929872232,3723.7675341193008,41281.023748259664,"Time-based exit (5 bars, optimal=5)",1285.6682733049831,2026-01-11T02:00:00+01:00,2026-01-13T14:00:00+01:00,3.194,3.369
TAO/USDC,Long,jma,12h,"ParamA=20.0, ParamB=0.0, ATR=None",2026-01-10T07:00:00+01:00,277.2,2026-01-12T19:00:00+01:00,282.1,67814.23510569039,20.917284989266147,1198.736479141,104750.38265493346,"Time-based exit (5 bars, optimal=5)",37.729590528979344,2026-01-10T07:00:00+01:00,2026-01-12T19:00:00+01:00,277.2,282.1
LUNC/USDT,Long,jma,12h,"ParamA=20.0, ParamB=0.0, ATR=None",2026-01-10T06:00:00+01:00,4.284e-05,2026-01-12T06:00:00+01:00,4.357e-05,67670.09653638728,35.098751960624284,1153.1085544248915,175757.70503962084,"Time-based exit (4 bars, optimal=4)",409649299.2603208,2026-01-10T06:00:00+01:00,2026-01-12T06:00:00+01:00,4.284e-05,4.357e-05
SOL/USDC,Long,jma,12h,"ParamA=20.0, ParamB=0.0, ATR=None",2026-01-08T14:00:00+01:00,134.35,2026-01-11T02:00:00+01:00,136.16,67556.32936468085,16.716471528170658,910.1373736514513,83678.24561095514,"Time-based exit (5 bars, optimal=5)",62.21239869062396,2026-01-08T14:00:00+01:00,2026-01-11T02:00:00+01:00,134.35,136.16
TAO/USDC,Long,jma,12h,"ParamA=20.0, ParamB=0.0, ATR=None",2026-01-06T21:00:00+01:00,287.9,2026-01-09T12:00:00+01:00,285.5,67626.79841478309,20.938927942295212,-563.7524008179155,104586.42494633074,"Time-based exit (5 bars, optimal=5)",36.36493216793195,2026-01-06T21:00:00+01:00,2026-01-09T12:00:00+01:00,287.9,285.5
TNSR/USDC,Long,jma,12h,"ParamA=30.0, ParamB=50.0, ATR=None",2026-01-06T21:00:00+01:00,0.0806,2026-01-07T21:00:00+01:00,0.077,68006.48723932024,12.854743809699906,-3037.510596297187,63973.78565881564,Trend flip,79744.06829838651,2026-01-06T21:00:00+01:00,2026-01-07T21:00:00+01:00,0.0806,0.077
LUNC/USDT,Long,jma,12h,"ParamA=20.0, ParamB=0.0, ATR=None",2026-01-06T15:00:00+01:00,4.671e-05,2026-01-08T20:00:00+01:00,4.268e-05,68747.90789013712,35.41135286110499,-5931.36520653506,175493.75980312141,Trend flip,379055372.0948939,2026-01-06T15:00:00+01:00,2026-01-08T20:00:00+01:00,4.671e-05,4.268e-05
ICP/USDC,Long,jma,12h,"ParamA=20.0, ParamB=50.0, ATR=None",2026-01-06T12:00:00+01:00,3.408,2026-01-09T00:00:00+01:00,3.174,69343.06180971878,8.27129553508281,-4761.231356653226,41064.244649361164,Trend flip,1213.5116688795204,2026-01-06T12:00:00+01:00,2026-01-09T00:00:00+01:00,3.408,3.174
XRP/USDC,Long,jma,12h,"ParamA=30.0, ParamB=-50.0, ATR=None",2026-01-06T11:00:00+01:00,2.3607,2026-01-09T00:00:00+01:00,2.1214,70232.9860676716,6.669103563761961,-7119.394063622578,33000.83107581532,Trend flip,1412.5267005045032,2026-01-06T11:00:00+01:00,2026-01-09T00:00:00+01:00,2.3607,2.1214
ETH/USDC,Long,jma,12h,"ParamA=30.0, ParamB=0.0, ATR=2.0",2026-01-06T04:00:00+01:00,3225.69,2026-01-07T15:00:00+01:00,3174.356311579377,70372.97566703343,26.505757745474877,-1119.916794894611,132291.37641793626,ATR stop x2.00,4.108540768870362,2026-01-06T04:00:00+01:00,2026-01-07T15:00:00+01:00,3225.69,3174.356311579377
SUI/USDC,Long,jma,12h,"ParamA=20.0, ParamB=0.0, ATR=None",2026-01-05T15:00:00+01:00,1.6875,2026-01-08T03:00:00+01:00,1.8077,69546.48625596732,4.8562572916154245,4953.770458054683,24449.384904919483,"Time-based exit (5 bars, optimal=5)",1438.891049367533,2026-01-05T15:00:00+01:00,2026-01-08T03:00:00+01:00,1.6875,1.8077
TNSR/USDC,Long,jma,12h,"ParamA=30.0, ParamB=50.0, ATR=None",2026-01-05T15:00:00+01:00,0.0804,2026-01-06T15:00:00+01:00,0.0823,70165.70756322416,12.826996654747251,1658.1448304742019,64273.71904849954,"Time-based exit (2 bars, optimal=2)",79769.8796937018,2026-01-05T15:00:00+01:00,2026-01-06T15:00:00+01:00,0.0804,0.0823
SOL/USDC,Long,jma,12h,"ParamA=20.0, ParamB=0.0, ATR=None",2026-01-05T11:00:00+01:00,135.77,2026-01-07T23:00:00+01:00,136.38,69507.45006927084,16.71230533029035,312.28949357188026,83582.35764085328,"Time-based exit (5 bars, optimal=5)",61.54638480625451,2026-01-05T11:00:00+01:00,2026-01-07T23:00:00+01:00,135.77,136.38
TAO/USDC,Long,jma,12h,"ParamA=20.0, ParamB=0.0, ATR=None",2026-01-04T09:00:00+01:00,258.1,2026-01-06T21:00:00+01:00,287.9,68518.56340257349,20.704021922468332,7911.093333578794,104694.63971147606,"Time-based exit (5 bars, optimal=5)",40.108527552243956,2026-01-04T09:00:00+01:00,2026-01-06T21:00:00+01:00,258.1,287.9
LUNC/USDT,Long,jma,12h,"ParamA=20.0, ParamB=0.0, ATR=None",2026-01-04T08:00:00+01:00,4.353e-05,2026-01-06T08:00:00+01:00,4.523e-05,68185.70188978736,35.280625701859506,2662.892102288963,177056.76430552494,"Time-based exit (4 bars, optimal=4)",405244954.07603383,2026-01-04T08:00:00+01:00,2026-01-06T08:00:00+01:00,4.353e-05,4.523e-05
ICP/USDC,Long,jma,12h,"ParamA=20.0, ParamB=50.0, ATR=None",2026-01-03T23:00:00+01:00,3.135,2026-01-06T11:00:00+01:00,3.385,67512.7281245901,8.20748658119336,5383.790121578158,41356.477675414055,"Time-based exit (5 bars, optimal=5)",1309.0090241137736,2026-01-03T23:00:00+01:00,2026-01-06T11:00:00+01:00,3.135,3.385
TNSR/USDC,Long,jma,12h,"ParamA=30.0, ParamB=50.0, ATR=None",2026-01-03T22:00:00+01:00,0.0802,2026-01-04T22:00:00+01:00,0.0827,67250.68524256638,12.789686492008219,2096.343056189727,64134.98327373625,"Time-based exit (2 bars, optimal=2)",79736.20007486422,2026-01-03T22:00:00+01:00,2026-01-04T22:00:00+01:00,0.0802,0.0827
XRP/USDC,Long,jma,12h,"ParamA=30.0, ParamB=-50.0, ATR=None",2026-01-03T15:00:00+01:00,2.0105,2026-01-06T03:00:00+01:00,2.3934,65686.92476674041,6.5457488373874035,12510.08380660777,33345.51781880981,"Time-based exit (5 bars, optimal=5)",1627.890782737479,2026-01-03T15:00:00+01:00,2026-01-06T03:00:00+01:00,2.0105,2.3934
ETH/USDC,Long,jma,12h,"ParamA=30.0, ParamB=0.0, ATR=2.0",2026-01-03T13:00:00+01:00,3104.01,2026-01-06T01:00:00+01:00,3216.66,65390.28366960393,26.415175447843236,2373.128777091845,132528.78872737437,"Time-based exit (5 bars, optimal=5)",4.255008110129032,2026-01-03T13:00:00+01:00,2026-01-06T01:00:00+01:00,3104.01,3216.66
ETH/USDC,Long,jma,12h,"ParamA=30.0, ParamB=0.0, ATR=2.0",2026-01-03T01:00:00+01:00,3130.33,2026-01-03T08:00:00+01:00,3083.0311985933567,65514.02201014663,26.460448865976137,-989.9067243416432,132075.87723921618,ATR stop x2.00,4.226463162985394,2026-01-03T01:00:00+01:00,2026-01-03T08:00:00+01:00,3130.33,3083.0311985933567
SUI/USDC,Long,jma,12h,"ParamA=20.0, ParamB=0.0, ATR=None",2026-01-03T01:00:00+01:00,1.6403,2026-01-05T13:00:00+01:00,1.6817,65307.98116242637,4.844997862759138,1648.3267817621434,24281.28645807712,"Time-based exit (5 bars, optimal=5)",1476.8633368161732,2026-01-03T01:00:00+01:00,2026-01-05T13:00:00+01:00,1.6403,1.6817
SOL/USDC,Long,jma,12h,"ParamA=20.0, ParamB=0.0, ATR=None",2026-01-02T22:00:00+01:00,131.88,2026-01-05T10:00:00+01:00,135.39,65091.42926229873,16.671268827622033,1732.4152010211399,83561.52665145176,"Time-based exit (5 bars, optimal=5)",63.20620574621638,2026-01-02T22:00:00+01:00,2026-01-05T10:00:00+01:00,131.88,135.39
TNSR/USDC,Long,jma,12h,"ParamA=30.0, ParamB=50.0, ATR=None",2026-01-02T22:00:00+01:00,0.0809,2026-01-03T22:00:00+01:00,0.0802,65161.90722128343,12.803325436212086,-563.8236718776119,63948.4324600411,"Time-based exit (2 bars, optimal=2)",79130.56511873972,2026-01-02T22:00:00+01:00,2026-01-03T22:00:00+01:00,0.0809,0.0802
LUNC/USDT,Long,jma,12h,"ParamA=20.0, ParamB=0.0, ATR=None",2026-01-02T07:00:00+01:00,4.037e-05,2026-01-04T07:00:00+01:00,4.308e-05,64619.674996731956,35.05233316409624,4337.85779641178,176403.12850929753,"Time-based exit (4 bars, optimal=4)",434138384.4946277,2026-01-02T07:00:00+01:00,2026-01-04T07:00:00+01:00,4.037e-05,4.308e-05
TNSR/USDC,Long,jma,12h,"ParamA=30.0, ParamB=50.0, ATR=None",2026-01-01T15:00:00+01:00,0.0782,2026-01-02T15:00:00+01:00,0.0795,64485.67343747888,12.784629142238858,1072.0124740245813,64016.62718106043,"Time-based exit (2 bars, optimal=2)",81743.15308336864,2026-01-01T15:00:00+01:00,2026-01-02T15:00:00+01:00,0.0782,0.0795
TAO/USDC,Long,jma,12h,"ParamA=20.0, ParamB=0.0, ATR=None",2026-01-01T14:00:00+01:00,224.1,2026-01-04T02:00:00+01:00,256.7,63334.01738726423,20.411181131084835,9213.248401717152,103520.10961234166,"Time-based exit (5 bars, optimal=5)",45.54034165793136,2026-01-01T14:00:00+01:00,2026-01-04T02:00:00+01:00,224.1,256.7
ICP/USDC,Long,jma,12h,"ParamA=20.0, ParamB=50.0, ATR=None",2026-01-01T06:00:00+01:00,2.877,2026-01-03T18:00:00+01:00,3.114,62688.50230874612,8.14204289501675,5164.120628144887,41037.4329059668,"Time-based exit (5 bars, optimal=5)",1415.0230961099671,2026-01-01T06:00:00+01:00,2026-01-03T18:00:00+01:00,2.877,3.114
XRP/USDC,Long,jma,12h,"ParamA=30.0, ParamB=-50.0, ATR=None",2025-12-31T11:00:00+01:00,1.8703,2026-01-02T23:00:00+01:00,2.015,62088.05442105917,6.496784349135066,4803.583101495623,32728.744186937016,"Time-based exit (5 bars, optimal=5)",1736.8294789967026,2025-12-31T11:00:00+01:00,2026-01-02T23:00:00+01:00,1.8703,2.015
SOL/USDC,Long,jma,12h,"ParamA=20.0, ParamB=0.0, ATR=None",2025-12-31T10:00:00+01:00,126.16,2026-01-02T22:00:00+01:00,131.88,61738.15917841044,16.599328579613015,2799.1619411898196,83356.34413811016,"Time-based exit (5 bars, optimal=5)",65.78681269662736,2025-12-31T10:00:00+01:00,2026-01-02T22:00:00+01:00,126.16,131.88
SUI/USDC,Long,jma,12h,"ParamA=20.0, ParamB=0.0, ATR=None",2025-12-31T08:00:00+01:00,1.4445,2026-01-02T20:00:00+01:00,1.5878,60981.95340453796,4.798355982396091,6049.646190979788,24224.98931379569,"Time-based exit (5 bars, optimal=5)",1660.905497541049,2025-12-31T08:00:00+01:00,2026-01-02T20:00:00+01:00,1.4445,1.5878
LUNC/USDT,Long,jma,12h,"ParamA=20.0, ParamB=0.0, ATR=None",2025-12-31T02:00:00+01:00,3.735e-05,2026-01-02T02:00:00+01:00,4.038e-05,60369.769993956674,34.7771606264806,4897.467284650305,175261.6658204812,"Time-based exit (4 bars, optimal=4)",465557705.84311384,2025-12-31T02:00:00+01:00,2026-01-02T02:00:00+01:00,3.735e-05,4.038e-05
ETH/USDC,Long,jma,12h,"ParamA=30.0, ParamB=0.0, ATR=2.0",2025-12-31T00:00:00+01:00,2971.13,2026-01-02T12:00:00+01:00,3045.23,60182.15208974807,26.39988750821615,1500.9432336687814,132302.2443298807,"Time-based exit (5 bars, optimal=5)",4.442735172849412,2025-12-31T00:00:00+01:00,2026-01-02T12:00:00+01:00,2971.13,3045.23
TAO/USDC,Long,jma,12h,"ParamA=20.0, ParamB=0.0, ATR=None",2025-12-30T01:00:00+01:00,219.1,2026-01-01T13:00:00+01:00,222.5,60065.63955296118,20.383626487118818,932.1002942951544,102055.90565542418,"Time-based exit (5 bars, optimal=5)",46.516719505063485,2025-12-30T01:00:00+01:00,2026-01-01T13:00:00+01:00,219.1,222.5
TNSR/USDC,Long,jma,12h,"ParamA=30.0, ParamB=50.0, ATR=None",2025-12-29T16:00:00+01:00,0.0801,2025-12-30T16:00:00+01:00,0.0804,60037.53209411562,12.782398206821487,224.85967076447398,63923.14571119429,"Time-based exit (2 bars, optimal=2)",79790.25097891064,2025-12-29T16:00:00+01:00,2025-12-30T16:00:00+01:00,0.0801,0.0804
SOL/USDC,Long,jma,12h,"ParamA=20.0, ParamB=0.0, ATR=None",2025-12-28T22:00:00+01:00,123.8,2025-12-31T10:00:00+01:00,126.16,59894.8102119466,16.571053383194062,1141.775057352132,82996.64289806507,"Time-based exit (5 bars, optimal=5)",66.92670994827974,2025-12-28T22:00:00+01:00,2025-12-31T10:00:00+01:00,123.8,126.16
SUI/USDC,Long,jma,12h,"ParamA=20.0, ParamB=0.0, ATR=None",2025-12-28T15:00:00+01:00,1.4621,2025-12-31T05:00:00+01:00,1.4357,60002.22884845479,4.80799901123168,-1083.413474864377,23991.77991198045,Trend flip,1644.2100441938583,2025-12-28T15:00:00+01:00,2025-12-31T05:00:00+01:00,1.4621,1.4357
XRP/USDC,Long,jma,12h,"ParamA=30.0, ParamB=-50.0, ATR=None",2025-12-28T15:00:00+01:00,1.8703,2025-12-31T03:00:00+01:00,1.8773,59866.80216409674,6.495652342010885,224.06438279884026,32483.92174567533,"Time-based exit (5 bars, optimal=5)",1736.5268518448604,2025-12-28T15:00:00+01:00,2025-12-31T03:00:00+01:00,1.8703,1.8773
LUNC/USDT,Long,jma,12h,"ParamA=20.0, ParamB=0.0, ATR=None",2025-12-28T04:00:00+01:00,4.09e-05,2025-12-30T06:00:00+01:00,3.794e-05,60549.99160872936,35.03774205381384,-4382.1020821965485,173885.80313240303,Trend flip,428334254.93659955,2025-12-28T04:00:00+01:00,2025-12-30T06:00:00+01:00,4.09e-05,3.794e-05
ETH/USDC,Long,jma,12h,"ParamA=30.0, ParamB=0.0, ATR=2.0",2025-12-27T18:00:00+01:00,2927.06,2025-12-30T06:00:00+01:00,2938.64,60520.06301443563,26.394724203623046,239.42875434981184,131999.43754108076,"Time-based exit (5 bars, optimal=5)",4.5087432788571205,2025-12-27T18:00:00+01:00,2025-12-30T06:00:00+01:00,2927.06,2938.64
TNSR/USDC,Long,jma,12h,"ParamA=30.0, ParamB=50.0, ATR=None",2025-12-27T16:00:00+01:00,0.0835,2025-12-28T17:00:00+01:00,0.0829,60574.47122212017,12.79415043842181,-435.26566147631496,63911.991034107436,"Time-based exit (2 bars, optimal=2)",76611.67927198688,2025-12-27T16:00:00+01:00,2025-12-28T17:00:00+01:00,0.0835,0.0829
TAO/USDC,Long,jma,12h,"ParamA=20.0, ParamB=0.0, ATR=None",2025-12-27T12:00:00+01:00,219.1,2025-12-30T00:00:00+01:00,218.4,60598.671969711904,20.39422105690749,-193.6059807339007,101918.13243559409,"Time-based exit (5 bars, optimal=5)",46.54089698061956,2025-12-27T12:00:00+01:00,2025-12-30T00:00:00+01:00,219.1,218.4
TNSR/USDC,Long,jma,12h,"ParamA=30.0, ParamB=50.0, ATR=None",2025-12-26T15:00:00+01:00,0.0851,2025-12-27T15:00:00+01:00,0.083,60786.17338585511,12.828372496284404,-1500.0113291456541,63970.75219210905,Trend flip,75372.34134127146,2025-12-26T15:00:00+01:00,2025-12-27T15:00:00+01:00,0.0851,0.083
ETH/USDC,Long,jma,12h,"ParamA=30.0, ParamB=0.0, ATR=2.0",2025-12-26T03:00:00+01:00,2971.35,2025-12-26T15:00:00+01:00,2926.334589685305,60901.5042203774,26.440068438540482,-922.6466761783025,131973.62101811523,ATR stop x2.00,4.449167623898309,2025-12-26T03:00:00+01:00,2025-12-26T15:00:00+01:00,2971.35,2926.334589685305
SUI/USDC,Long,jma,12h,"ParamA=20.0, ParamB=0.0, ATR=None",2025-12-26T03:00:00+01:00,1.4076,2025-12-28T15:00:00+01:00,1.4621,60608.172891998074,4.790409401128281,2346.650627034594,24039.9950561584,"Time-based exit (5 bars, optimal=5)",1701.6231177636691,2025-12-26T03:00:00+01:00,2025-12-28T15:00:00+01:00,1.4076,1.4621
SOL/USDC,Long,jma,12h,"ParamA=20.0, ParamB=0.0, ATR=None",2025-12-26T03:00:00+01:00,123.36,2025-12-28T15:00:00+01:00,124.52,60537.01637955453,16.558794291389233,569.2520995483386,82855.26691597032,"Time-based exit (5 bars, optimal=5)",67.11573561685,2025-12-26T03:00:00+01:00,2025-12-28T15:00:00+01:00,123.36,124.52
LUNC/USDT,Long,jma,12h,"ParamA=20.0, ParamB=0.0, ATR=None",2025-12-26T03:00:00+01:00,4.043e-05,2025-12-28T03:00:00+01:00,4.086e-05,60456.641793939285,35.007510734748955,642.996684921938,175188.71026906918,"Time-based exit (4 bars, optimal=4)",432939781.53288347,2025-12-26T03:00:00+01:00,2025-12-28T03:00:00+01:00,4.043e-05,4.086e-05
XRP/USDC,Long,jma,12h,"ParamA=30.0, ParamB=-50.0, ATR=None",2025-12-26T03:00:00+01:00,1.8684,2025-12-28T15:00:00+01:00,1.8703,60448.957878559195,6.496290984018992,61.47132304071036,32478.261710054427,"Time-based exit (5 bars, optimal=5)",1738.4636544687944,2025-12-26T03:00:00+01:00,2025-12-28T15:00:00+01:00,1.8684,1.8703
ICP/USDC,Long,jma,12h,"ParamA=20.0, ParamB=50.0, ATR=None",2025-12-26T02:00:00+01:00,3.023,2025-12-28T14:00:00+01:00,3.076,60316.7717677549,8.129416080506527,1057.4888864343386,40710.214475083754,"Time-based exit (5 bars, optimal=5)",1344.5941251251284,2025-12-26T02:00:00+01:00,2025-12-28T14:00:00+01:00,3.023,3.076
TNSR/USDC,Long,jma,12h,"ParamA=30.0, ParamB=50.0, ATR=None",2025-12-25T14:00:00+01:00,0.0799,2025-12-26T14:00:00+01:00,0.0838,59950.98820393241,12.768601378791342,2926.26851057993,64141.86248142201,"Time-based exit (2 bars, optimal=2)",79903.63816515233,2025-12-25T14:00:00+01:00,2025-12-26T14:00:00+01:00,0.0799,0.0838
TAO/USDC,Long,jma,12h,"ParamA=20.0, ParamB=0.0, ATR=None",2025-12-24T23:00:00+01:00,219.5,2025-12-27T11:00:00+01:00,216.7,60046.73470574111,20.424359781888597,-765.9720144695935,101971.10528453744,Trend flip,46.52473754416537,2025-12-24T23:00:00+01:00,2025-12-27T11:00:00+01:00,219.5,216.7
LUNC/USDT,Long,jma,12h,"ParamA=20.0, ParamB=0.0, ATR=None",2025-12-23T16:00:00+01:00,3.918e-05,2025-12-25T16:00:00+01:00,3.978e-05,59932.010336796244,34.96096393223336,917.7949515589027,175037.55367374478,"Time-based exit (4 bars, optimal=4)",446158294.1836825,2025-12-23T16:00:00+01:00,2025-12-25T16:00:00+01:00,3.918e-05,3.978e-05
ICP/USDC,Long,jma,12h,"ParamA=20.0, ParamB=50.0, ATR=None",2025-12-23T14:00:00+01:00,2.977,2025-12-26T02:00:00+01:00,3.023,59816.476329777026,8.118495245417577,924.2720561537652,40647.08040253263,"Time-based exit (5 bars, optimal=5)",1363.5363193512894,2025-12-23T14:00:00+01:00,2025-12-26T02:00:00+01:00,2.977,3.023
TNSR/USDC,Long,jma,12h,"ParamA=30.0, ParamB=50.0, ATR=None",2025-12-22T11:00:00+01:00,0.0864,2025-12-23T12:00:00+01:00,0.0817,60225.99918301804,12.84102236697397,-3276.182825928071,63843.006893956706,Trend flip,74311.47203109936,2025-12-22T11:00:00+01:00,2025-12-23T12:00:00+01:00,0.0864,0.0817
SUI/USDC,Long,jma,12h,"ParamA=20.0, ParamB=0.0, ATR=None",2025-12-22T04:00:00+01:00,1.4532,2025-12-24T18:00:00+01:00,1.4111,60672.13855459057,4.805291652589409,-1757.705087495365,23952.04700564141,Trend flip,1653.3483528039528,2025-12-22T04:00:00+01:00,2025-12-24T18:00:00+01:00,1.4532,1.4111
TAO/USDC,Long,jma,12h,"ParamA=20.0, ParamB=0.0, ATR=None",2025-12-22T04:00:00+01:00,223.6,2025-12-24T21:00:00+01:00,216.9,60452.42541865365,20.489854005748118,-1811.4098850848782,102121.798909443,Trend flip,45.81809929729007,2025-12-22T04:00:00+01:00,2025-12-24T21:00:00+01:00,223.6,216.9
XRP/USDC,Long,jma,12h,"ParamA=30.0, ParamB=-50.0, ATR=None",2025-12-21T19:00:00+01:00,1.9124,2025-12-24T15:00:00+01:00,1.8578,60889.44164979023,6.516198303756354,-1738.4247615972383,32481.454920094955,Trend flip,1703.670336685932,2025-12-21T19:00:00+01:00,2025-12-24T15:00:00+01:00,1.9124,1.8578
ETH/USDC,Long,jma,12h,"ParamA=30.0, ParamB=0.0, ATR=2.0",2025-12-21T17:00:00+01:00,2985.75,2025-12-23T07:00:00+01:00,2950.900234237714,60978.409383339844,26.476266871978453,-711.7418683969462,132200.3421927024,ATR stop x2.00,4.433771560240887,2025-12-21T17:00:00+01:00,2025-12-23T07:00:00+01:00,2985.75,2950.900234237714
SOL/USDC,Long,jma,12h,"ParamA=20.0, ParamB=0.0, ATR=None",2025-12-21T16:00:00+01:00,125.03,2025-12-24T14:00:00+01:00,121.91,61169.21153080055,16.603547511678126,-1526.4171796856594,82793.97145694616,Trend flip,66.39825446564076,2025-12-21T16:00:00+01:00,2025-12-24T14:00:00+01:00,125.03,121.91
LUNC/USDT,Long,jma,12h,"ParamA=20.0, ParamB=0.0, ATR=None",2025-12-21T05:00:00+01:00,4.005e-05,2025-12-23T07:00:00+01:00,3.858e-05,61451.15032912707,35.096803019275,-2255.5103866121513,174804.8196611668,Trend flip,438162334.8224095,2025-12-21T05:00:00+01:00,2025-12-23T07:00:00+01:00,4.005e-05,3.858e-05
TNSR/USDC,Long,jma,12h,"ParamA=30.0, ParamB=50.0, ATR=None",2025-12-20T03:00:00+01:00,0.089,2025-12-21T08:00:00+01:00,0.0869,61632.932855808525,12.873973954241118,-1454.2602134516555,64205.11183486985,Trend flip,72325.69637214112,2025-12-20T03:00:00+01:00,2025-12-21T08:00:00+01:00,0.089,0.0869
ICP/USDC,Long,jma,12h,"ParamA=20.0, ParamB=50.0, ATR=None",2025-12-19T20:00:00+01:00,2.963,2025-12-22T08:00:00+01:00,3.073,61348.242227852745,8.090079217591333,2277.525023646235,40592.476227087885,"Time-based exit (5 bars, optimal=5)",1365.1838031709979,2025-12-19T20:00:00+01:00,2025-12-22T08:00:00+01:00,2.963,3.073
LUNC/USDT,Long,jma,12h,"ParamA=20.0, ParamB=0.0, ATR=None",2025-12-19T04:00:00+01:00,3.783e-05,2025-12-21T04:00:00+01:00,3.928e-05,61055.713860493124,34.969760090164996,2340.2269388769414,175484.01509637502,"Time-based exit (4 bars, optimal=4)",462196141.8208431,2025-12-19T04:00:00+01:00,2025-12-21T04:00:00+01:00,3.783e-05,3.928e-05
XRP/USDC,Long,jma,12h,"ParamA=30.0, ParamB=-50.0, ATR=None",2025-12-19T04:00:00+01:00,1.8395,2025-12-21T16:00:00+01:00,1.9044,60787.63033178066,6.494583468500843,2144.668229699688,32580.991518781764,"Time-based exit (5 bars, optimal=5)",1765.3121686601912,2025-12-19T04:00:00+01:00,2025-12-21T16:00:00+01:00,1.8395,1.9044
SOL/USDC,Long,jma,12h,"ParamA=20.0, ParamB=0.0, ATR=None",2025-12-19T03:00:00+01:00,118.91,2025-12-21T15:00:00+01:00,124.4,60438.82749460822,16.53053318505808,2790.422697379528,83017.73755839064,"Time-based exit (5 bars, optimal=5)",69.50859130879691,2025-12-19T03:00:00+01:00,2025-12-21T15:00:00+01:00,118.91,124.4
SUI/USDC,Long,jma,12h,"ParamA=20.0, ParamB=0.0, ATR=None",2025-12-19T03:00:00+01:00,1.3402,2025-12-21T15:00:00+01:00,1.4315,59571.7185400628,4.773725791512442,4058.2733194357033,24026.458262947046,"Time-based exit (5 bars, optimal=5)",1780.9751497957177,2025-12-19T03:00:00+01:00,2025-12-21T15:00:00+01:00,1.3402,1.4315
ETH/USDC,Long,jma,12h,"ParamA=30.0, ParamB=0.0, ATR=2.0",2025-12-19T03:00:00+01:00,2834.48,2025-12-21T15:00:00+01:00,2970.29,60079.002704992265,26.355260514100607,2878.5983169276187,132381.33435989227,"Time-based exit (5 bars, optimal=5)",4.649046829418554,2025-12-19T03:00:00+01:00,2025-12-21T15:00:00+01:00,2834.48,2970.29
TNSR/USDC,Long,jma,12h,"ParamA=30.0, ParamB=50.0, ATR=None",2025-12-16T04:00:00+01:00,0.0935,2025-12-17T04:00:00+01:00,0.0944,59500.12747758976,12.864164169158114,572.7284997842852,64369.86977120559,"Time-based exit (2 bars, optimal=2)",68792.32176020382,2025-12-16T04:00:00+01:00,2025-12-17T04:00:00+01:00,0.0935,0.0944
ETH/USDC,Long,jma,12h,"ParamA=30.0, ParamB=0.0, ATR=2.0",2025-12-15T02:00:00+01:00,3109.0,2025-12-15T15:00:00+01:00,3052.7795624449045,59634.925709213174,26.4082966279617,-1078.3858529873198,131776.30257050303,ATR stop x2.00,4.247072471528096,2025-12-15T02:00:00+01:00,2025-12-15T15:00:00+01:00,3109.0,3052.7795624449045
SOL/USDC,Long,jma,12h,"ParamA=20.0, ParamB=0.0, ATR=None",2025-12-15T01:00:00+01:00,130.16,2025-12-17T14:00:00+01:00,129.19,59690.530171285,16.546173234115702,-444.8356965745727,82652.6659252904,"Time-based exit (5 bars, optimal=5)",63.56089902472227,2025-12-15T01:00:00+01:00,2025-12-17T14:00:00+01:00,130.16,129.19
TNSR/USDC,Long,jma,12h,"ParamA=30.0, ParamB=50.0, ATR=None",2025-12-13T05:00:00+01:00,0.0957,2025-12-14T05:00:00+01:00,0.1036,59080.8919187276,12.76137178613761,4877.1060204592295,64320.820845790564,"Time-based exit (2 bars, optimal=2)",66673.83378337309,2025-12-13T05:00:00+01:00,2025-12-14T05:00:00+01:00,0.0957,0.1036
XRP/USDC,Long,jma,12h,"ParamA=30.0, ParamB=-50.0, ATR=None",2025-12-12T02:00:00+01:00,2.0286,2025-12-15T00:00:00+01:00,1.979,59262.01411507654,6.511807433492483,-1448.9775707915749,32472.917342504217,Trend flip,1605.0003533206357,2025-12-12T02:00:00+01:00,2025-12-15T00:00:00+01:00,2.0286,1.979
TAO/USDC,Long,jma,12h,"ParamA=20.0, ParamB=0.0, ATR=None",2025-12-11T19:00:00+01:00,291.8,2025-12-14T07:00:00+01:00,292.4,59246.786188537335,20.489738847517444,121.82341231364076,102449.27002874059,"Time-based exit (5 bars, optimal=5)",35.109216668124475,2025-12-11T19:00:00+01:00,2025-12-14T07:00:00+01:00,291.8,292.4
SUI/USDC,Long,jma,12h,"ParamA=20.0, ParamB=0.0, ATR=None",2025-12-11T16:00:00+01:00,1.5421,2025-12-14T04:00:00+01:00,1.6064,58939.59018560832,4.754850751461129,2457.568023432084,23868.62895756221,"Time-based exit (5 bars, optimal=5)",1541.6804200314925,2025-12-11T16:00:00+01:00,2025-12-14T04:00:00+01:00,1.5421,1.6064
SOL/USDC,Long,jma,12h,"ParamA=20.0, ParamB=0.0, ATR=None",2025-12-10T18:00:00+01:00,136.85,2025-12-13T12:00:00+01:00,133.36,59128.078488425825,16.591804637194258,-1507.9064225400436,82730.8661705785,Trend flip,60.62040422796587,2025-12-10T18:00:00+01:00,2025-12-13T12:00:00+01:00,136.85,133.36
ETH/USDC,Long,jma,12h,"ParamA=30.0, ParamB=0.0, ATR=2.0",2025-12-10T14:00:00+01:00,3335.01,2025-12-11T01:00:00+01:00,3274.9256262691797,59261.53732199445,26.461262151671885,-1067.6706685490249,132041.4831398085,ATR stop x2.00,3.967193824257181,2025-12-10T14:00:00+01:00,2025-12-11T01:00:00+01:00,3335.01,3274.9256262691797
TAO/USDC,Long,jma,12h,"ParamA=20.0, ParamB=0.0, ATR=None",2025-12-09T06:00:00+01:00,289.4,2025-12-11T18:00:00+01:00,287.2,59317.90367828861,20.509431870766406,-450.9308503532629,102448.69423758723,"Time-based exit (5 bars, optimal=5)",35.434401988193514,2025-12-09T06:00:00+01:00,2025-12-11T18:00:00+01:00,289.4,287.2
LUNC/USDT,Long,jma,12h,"ParamA=20.0, ParamB=0.0, ATR=None",2025-12-08T13:00:00+01:00,4.934e-05,2025-12-10T13:00:00+01:00,6.336e-05,57283.26794513402,34.01016071724998,16277.08586523671,174848.80045082496,"Time-based exit (4 bars, optimal=4)",344651000.3774826,2025-12-08T13:00:00+01:00,2025-12-10T13:00:00+01:00,4.934e-05,6.336e-05
ICP/USDC,Long,jma,12h,"ParamA=20.0, ParamB=50.0, ATR=None",2025-12-08T02:00:00+01:00,3.451,2025-12-10T14:00:00+01:00,3.523,56367.13106313929,8.0748472151569,1176.0166434500238,40450.396087956666,"Time-based exit (5 bars, optimal=5)",1169.9286026016953,2025-12-08T02:00:00+01:00,2025-12-10T14:00:00+01:00,3.451,3.523
XRP/USDC,Long,jma,12h,"ParamA=30.0, ParamB=-50.0, ATR=None",2025-12-08T02:00:00+01:00,2.0682,2025-12-10T14:00:00+01:00,2.0652,56377.35324061982,6.514055132121478,-81.7774198442442,32559.037167462415,"Time-based exit (5 bars, optimal=5)",1574.8126709509422,2025-12-08T02:00:00+01:00,2025-12-10T14:00:00+01:00,2.0682,2.0652
ETH/USDC,Long,jma,12h,"ParamA=30.0, ParamB=0.0, ATR=2.0",2025-12-08T02:00:00+01:00,3098.92,2025-12-10T14:00:00+01:00,3335.01,56742.90099887435,26.266405854083313,4322.9355700773995,132306.31075835944,"Time-based exit (5 bars, optimal=5)",4.237993535503226,2025-12-08T02:00:00+01:00,2025-12-10T14:00:00+01:00,3098.92,3335.01
SOL/USDC,Long,jma,12h,"ParamA=20.0, ParamB=0.0, ATR=None",2025-12-08T02:00:00+01:00,133.4,2025-12-10T14:00:00+01:00,137.72,56514.13314357054,16.54154512392866,1830.1428424304672,82959.0231859713,"Time-based exit (5 bars, optimal=5)",61.99979431757368,2025-12-08T02:00:00+01:00,2025-12-10T14:00:00+01:00,133.4,137.72
SUI/USDC,Long,jma,12h,"ParamA=20.0, ParamB=0.0, ATR=None",2025-12-07T13:00:00+01:00,1.5917,2025-12-10T01:00:00+01:00,1.6463,56136.64669185316,4.739540638675897,1925.652390133313,23774.253757305647,"Time-based exit (5 bars, optimal=5)",1488.8297539347543,2025-12-07T13:00:00+01:00,2025-12-10T01:00:00+01:00,1.5917,1.6463
TAO/USDC,Long,jma,12h,"ParamA=20.0, ParamB=0.0, ATR=None",2025-12-06T15:00:00+01:00,279.2,2025-12-09T03:00:00+01:00,289.2,55886.4387818342,20.440309654564924,2001.663280151655,102547.15935383203,"Time-based exit (5 bars, optimal=5)",36.60513906619793,2025-12-06T15:00:00+01:00,2025-12-09T03:00:00+01:00,279.2,289.2
LUNC/USDT,Long,jma,12h,"ParamA=20.0, ParamB=0.0, ATR=None",2025-12-06T01:00:00+01:00,5.896e-05,2025-12-08T04:00:00+01:00,5.141e-05,56795.543155184016,34.45830097369883,-7272.834986798497,170050.8035862499,Trend flip,292217613.4133212,2025-12-06T01:00:00+01:00,2025-12-08T04:00:00+01:00,5.896e-05,5.141e-05
TNSR/USDC,Long,jma,12h,"ParamA=30.0, ParamB=50.0, ATR=None",2025-12-06T01:00:00+01:00,0.1178,2025-12-07T01:00:00+01:00,0.1158,56916.33333628819,12.785636275490315,-966.3214488334166,63806.85893068805,Trend flip,54268.40524401661,2025-12-06T01:00:00+01:00,2025-12-07T01:00:00+01:00,0.1178,0.1158
LUNC/USDT,Long,jma,12h,"ParamA=20.0, ParamB=0.0, ATR=None",2025-12-03T16:00:00+01:00,2.804e-05,2025-12-05T16:00:00+01:00,5.042e-05,51753.02753950615,31.917225414579573,41306.44637425634,172291.50486849417,"Time-based exit (4 bars, optimal=4)",569137400.4026314,2025-12-03T16:00:00+01:00,2025-12-05T16:00:00+01:00,2.804e-05,5.042e-05
TNSR/USDC,Long,jma,12h,"ParamA=30.0, ParamB=50.0, ATR=None",2025-12-03T04:00:00+01:00,0.1255,2025-12-04T04:00:00+01:00,0.1204,52017.25863416175,12.840384400531946,-2113.848757244823,63928.181377451576,Trend flip,51156.90996227867,2025-12-03T04:00:00+01:00,2025-12-04T04:00:00+01:00,0.1255,0.1204
TAO/USDC,Long,jma,12h,"ParamA=20.0, ParamB=0.0, ATR=None",2025-12-03T03:00:00+01:00,279.3,2025-12-05T15:00:00+01:00,280.1,51998.64114717744,20.438543143890044,148.93989587448098,102201.54827282461,"Time-based exit (5 bars, optimal=5)",36.58887064785185,2025-12-03T03:00:00+01:00,2025-12-05T15:00:00+01:00,279.3,280.1
XRP/USDC,Long,jma,12h,"ParamA=30.0, ParamB=-50.0, ATR=None",2025-12-03T02:00:00+01:00,2.1617,2025-12-05T17:00:00+01:00,2.0344,52384.24707379154,6.553961441433146,-3084.8474129128285,32570.27566060739,Trend flip,1515.9276128586635,2025-12-03T02:00:00+01:00,2025-12-05T17:00:00+01:00,2.1617,2.0344
ETH/USDC,Long,jma,12h,"ParamA=30.0, ParamB=0.0, ATR=2.0",2025-12-02T23:00:00+01:00,3018.79,2025-12-05T11:00:00+01:00,3136.14,52130.93509970794,26.169909048826742,2026.4957926688248,131332.02927041656,"Time-based exit (5 bars, optimal=5)",4.334503070572438,2025-12-02T23:00:00+01:00,2025-12-05T11:00:00+01:00,3018.79,3136.14
SOL/USDC,Long,jma,12h,"ParamA=20.0, ParamB=0.0, ATR=None",2025-12-02T23:00:00+01:00,139.98,2025-12-05T12:00:00+01:00,137.05,52309.04670303967,16.579564654832666,-1094.9100360044656,82707.7256196433,Trend flip,59.22119108027099,2025-12-02T23:00:00+01:00,2025-12-05T12:00:00+01:00,139.98,137.05
SUI/USDC,Long,jma,12h,"ParamA=20.0, ParamB=0.0, ATR=None",2025-12-02T23:00:00+01:00,1.6443,2025-12-05T11:00:00+01:00,1.6339,52172.18294853911,4.743489536740279,-329.9827906494049,23697.703193379486,"Time-based exit (5 bars, optimal=5)",1442.403921650635,2025-12-02T23:00:00+01:00,2025-12-05T11:00:00+01:00,1.6443,1.6339
ICP/USDC,Long,jma,12h,"ParamA=20.0, ParamB=50.0, ATR=None",2025-12-02T14:00:00+01:00,3.659,2025-12-05T02:00:00+01:00,3.65,52325.134644136866,8.078449952142936,-128.70352877759672,40374.2360757845,"Time-based exit (5 bars, optimal=5)",1103.9149975598436,2025-12-02T14:00:00+01:00,2025-12-05T02:00:00+01:00,3.659,3.65
LUNC/USDT,Long,jma,12h,"ParamA=20.0, ParamB=0.0, ATR=None",2025-12-01T13:00:00+01:00,2.522e-05,2025-12-03T13:00:00+01:00,2.798e-05,51619.006286920856,31.577961413283084,5649.026857728057,159586.12707289786,"Time-based exit (4 bars, optimal=4)",626049988.368023,2025-12-01T13:00:00+01:00,2025-12-03T13:00:00+01:00,2.522e-05,2.798e-05
TNSR/USDC,Long,jma,12h,"ParamA=30.0, ParamB=50.0, ATR=None",2025-11-30T14:00:00+01:00,0.111,2025-12-01T14:00:00+01:00,0.1366,50172.58929814549,12.553375778454805,11571.335910202923,64201.92200265973,"Time-based exit (2 bars, optimal=2)",56546.73774078741,2025-11-30T14:00:00+01:00,2025-12-01T14:00:00+01:00,0.111,0.1366
SUI/USDC,Long,jma,12h,"ParamA=20.0, ParamB=0.0, ATR=None",2025-11-30T02:00:00+01:00,1.5073,2025-12-02T16:00:00+01:00,1.6052,49768.52749543509,4.713815795792222,3232.494421683201,23717.447683701394,"Time-based exit (5 bars, optimal=5)",1563.6621096637102,2025-11-30T02:00:00+01:00,2025-12-02T16:00:00+01:00,1.5073,1.6052
ETH/USDC,Long,jma,12h,"ParamA=30.0, ParamB=0.0, ATR=2.0",2025-11-28T20:00:00+01:00,3050.83,2025-11-29T07:00:00+01:00,2991.004810524483,49890.819122101784,26.226583331285575,-978.3330133335753,130849.54524413371,ATR stop x2.00,4.298270197173487,2025-11-28T20:00:00+01:00,2025-11-29T07:00:00+01:00,3050.83,2991.004810524483
LUNC/USDT,Long,jma,12h,"ParamA=20.0, ParamB=0.0, ATR=None",2025-11-28T14:00:00+01:00,2.812e-05,2025-11-30T15:00:00+01:00,2.752e-05,50024.240817026286,31.651827684262884,-1067.3735593960048,157889.8070664154,Trend flip,562799212.0245891,2025-11-28T14:00:00+01:00,2025-11-30T15:00:00+01:00,2.812e-05,2.752e-05
XRP/USDC,Long,jma,12h,"ParamA=30.0, ParamB=-50.0, ATR=None",2025-11-28T09:00:00+01:00,2.2438,2025-12-01T10:00:00+01:00,2.0462,50581.04256015663,6.613526091372663,-4454.413945042763,32769.80720716573,Trend flip,1473.7334190597787,2025-11-28T09:00:00+01:00,2025-12-01T10:00:00+01:00,2.2438,2.0462
LUNC/USDT,Long,jma,12h,"ParamA=20.0, ParamB=0.0, ATR=None",2025-11-26T14:00:00+01:00,2.73e-05,2025-11-28T14:00:00+01:00,2.812e-05,50391.8424192054,31.56333473040701,1513.6011276098307,158259.13842131442,"Time-based exit (4 bars, optimal=4)",578083053.6704581,2025-11-26T14:00:00+01:00,2025-11-28T14:00:00+01:00,2.73e-05,2.812e-05
ETH/USDC,Long,jma,12h,"ParamA=30.0, ParamB=0.0, ATR=2.0",2025-11-26T07:00:00+01:00,2945.9,2025-11-28T19:00:00+01:00,3043.49,50184.03411405288,26.145200127837985,1662.4664412201382,131132.91665642787,"Time-based exit (5 bars, optimal=5)",4.437557304701107,2025-11-26T07:00:00+01:00,2025-11-28T19:00:00+01:00,2945.9,3043.49
SUI/USDC,Long,jma,12h,"ParamA=20.0, ParamB=0.0, ATR=None",2025-11-26T07:00:00+01:00,1.5311,2025-11-28T19:00:00+01:00,1.5198,50230.37361031346,4.718241654997852,-370.7159700846028,23569.078978961108,"Time-based exit (5 bars, optimal=5)",1540.8012719606338,2025-11-26T07:00:00+01:00,2025-11-28T19:00:00+01:00,1.5311,1.5198
SOL/USDC,Long,jma,12h,"ParamA=20.0, ParamB=0.0, ATR=None",2025-11-26T06:00:00+01:00,139.0,2025-11-28T21:00:00+01:00,137.97,50276.94308097299,16.595180839392324,-372.5557652762751,82897.82327416333,"Time-based exit (5 bars, optimal=5)",59.69489510572778,2025-11-26T06:00:00+01:00,2025-11-28T21:00:00+01:00,139.0,137.97
TNSR/USDC,Long,jma,12h,"ParamA=30.0, ParamB=50.0, ATR=None",2025-11-26T05:00:00+01:00,0.1577,2025-11-27T05:00:00+01:00,0.1485,50646.272270006004,12.629580923872062,-2954.6335122641462,62766.87889227403,Trend flip,40043.05936547895,2025-11-26T05:00:00+01:00,2025-11-27T05:00:00+01:00,0.1577,0.1485
TAO/USDC,Long,jma,12h,"ParamA=20.0, ParamB=0.0, ATR=None",2025-11-25T21:00:00+01:00,304.4,2025-11-28T09:00:00+01:00,310.0,50394.130015033996,20.40508523934123,927.0930620374229,102192.71571945022,"Time-based exit (5 bars, optimal=5)",33.516894282754976,2025-11-25T21:00:00+01:00,2025-11-28T09:00:00+01:00,304.4,310.0
XRP/USDC,Long,jma,12h,"ParamA=30.0, ParamB=-50.0, ATR=None",2025-11-25T21:00:00+01:00,2.1964,2025-11-28T09:00:00+01:00,2.2438,50510.016647788674,6.600601606151569,1090.044977738648,33067.63045686331,"Time-based exit (5 bars, optimal=5)",1502.5955213420982,2025-11-25T21:00:00+01:00,2025-11-28T09:00:00+01:00,2.1964,2.2438
TNSR/USDC,Long,jma,12h,"ParamA=30.0, ParamB=50.0, ATR=None",2025-11-24T18:00:00+01:00,0.1522,2025-11-25T18:00:00+01:00,0.1642,49902.32002789964,12.533270726037994,3934.479897074876,63147.904619360306,"Time-based exit (2 bars, optimal=2)",41173.688324697745,2025-11-24T18:00:00+01:00,2025-11-25T18:00:00+01:00,0.1522,0.1642
ICP/USDC,Long,jma,12h,"ParamA=20.0, ParamB=50.0, ATR=None",2025-11-24T15:00:00+01:00,3.936,2025-11-27T03:00:00+01:00,4.253,49404.94428670032,8.015497343837403,3979.005929594515,40392.24976071468,"Time-based exit (5 bars, optimal=5)",1018.2288292476376,2025-11-24T15:00:00+01:00,2025-11-27T03:00:00+01:00,3.936,4.253
LUNC/USDT,Long,jma,12h,"ParamA=20.0, ParamB=0.0, ATR=None",2025-11-24T14:00:00+01:00,2.664e-05,2025-11-26T14:00:00+01:00,2.73e-05,49252.4170941228,31.491613290408676,1220.2175406201604,157816.67365203504,"Time-based exit (4 bars, optimal=4)",591058808.0031658,2025-11-24T14:00:00+01:00,2025-11-26T14:00:00+01:00,2.664e-05,2.73e-05
SUI/USDC,Long,jma,12h,"ParamA=20.0, ParamB=0.0, ATR=None",2025-11-23T16:00:00+01:00,1.3751,2025-11-26T04:00:00+01:00,1.521,48607.74847883464,4.669630163183895,5157.348922305266,23591.20827498926,"Time-based exit (5 bars, optimal=5)",1697.9238466962017,2025-11-23T16:00:00+01:00,2025-11-26T04:00:00+01:00,1.3751,1.521
ETH/USDC,Long,jma,12h,"ParamA=30.0, ParamB=0.0, ATR=2.0",2025-11-23T10:00:00+01:00,2815.8,2025-11-25T22:00:00+01:00,2930.99,48360.45460295062,26.043867488734435,1978.3510070721861,130726.00063918992,"Time-based exit (5 bars, optimal=5)",4.624594695776411,2025-11-23T10:00:00+01:00,2025-11-25T22:00:00+01:00,2815.8,2930.99
TAO/USDC,Long,jma,12h,"ParamA=20.0, ParamB=0.0, ATR=None",2025-11-23T09:00:00+01:00,280.4,2025-11-25T21:00:00+01:00,304.4,47848.52318513533,20.23592903823106,4095.451342522283,102025.42619670613,"Time-based exit (5 bars, optimal=5)",36.084038941210885,2025-11-23T09:00:00+01:00,2025-11-25T21:00:00+01:00,280.4,304.4
SOL/USDC,Long,jma,12h,"ParamA=20.0, ParamB=0.0, ATR=None",2025-11-23T09:00:00+01:00,129.63,2025-11-25T21:00:00+01:00,137.72,47478.14385187751,16.49553396931988,2963.034666062557,82975.90419696162,"Time-based exit (5 bars, optimal=5)",63.62544923752172,2025-11-23T09:00:00+01:00,2025-11-25T21:00:00+01:00,129.63,137.72
XRP/USDC,Long,jma,12h,"ParamA=30.0, ParamB=-50.0, ATR=None",2025-11-23T09:00:00+01:00,2.037,2025-11-25T21:00:00+01:00,2.1964,47018.233054814584,6.550651361995784,3679.2863765034144,33003.00803075785,"Time-based exit (5 bars, optimal=5)",1607.9163873332805,2025-11-23T09:00:00+01:00,2025-11-25T21:00:00+01:00,2.037,2.1964
TNSR/USDC,Long,jma,12h,"ParamA=30.0, ParamB=50.0, ATR=None",2025-11-23T02:00:00+01:00,0.0913,2025-11-24T02:00:00+01:00,0.14,44079.21630501421,11.900851896047529,23512.13399840298,62666.35363018997,"Time-based exit (2 bars, optimal=2)",65174.43535622962,2025-11-23T02:00:00+01:00,2025-11-24T02:00:00+01:00,0.0913,0.14
TNSR/USDC,Long,jma,12h,"ParamA=30.0, ParamB=50.0, ATR=None",2025-11-21T08:00:00+01:00,0.2136,2025-11-22T08:00:00+01:00,0.1099,46927.02312753616,12.510733767368471,-22782.454580175563,59504.25948023764,Trend flip,29285.425485413085,2025-11-21T08:00:00+01:00,2025-11-22T08:00:00+01:00,0.2136,0.1099
TNSR/USDC,Long,jma,12h,"ParamA=30.0, ParamB=50.0, ATR=None",2025-11-20T06:00:00+01:00,0.1015,2025-11-21T06:00:00+01:00,0.1925,43175.03968980927,11.483477323486134,38708.6562736221,62553.66883684235,"Time-based exit (2 bars, optimal=2)",56568.85381027652,2025-11-20T06:00:00+01:00,2025-11-21T06:00:00+01:00,0.1015,0.1925
ICP/USDC,Long,jma,12h,"ParamA=20.0, ParamB=50.0, ATR=None",2025-11-20T06:00:00+01:00,4.96,2025-11-22T20:00:00+01:00,4.062,48013.62172401204,8.16495553803278,-8692.788771807014,40077.486719187014,Trend flip,823.0801953662077,2025-11-20T06:00:00+01:00,2025-11-22T20:00:00+01:00,4.96,4.062
TNSR/USDC,Long,jma,12h,"ParamA=30.0, ParamB=50.0, ATR=None",2025-11-19T01:00:00+01:00,0.0387,2025-11-20T01:00:00+01:00,0.0801,38082.59911101126,10.375604098847772,40739.52463038414,57417.386617430675,"Time-based exit (2 bars, optimal=2)",134051.73254325285,2025-11-19T01:00:00+01:00,2025-11-20T01:00:00+01:00,0.0387,0.0801
ETH/USDC,Long,jma,12h,"ParamA=30.0, ParamB=0.0, ATR=2.0",2025-11-18T23:00:00+01:00,3124.24,2025-11-19T06:00:00+01:00,3035.8578450060813,38217.74263604361,26.122991861631753,-1081.1482002587802,130219.33744367218,ATR stop x2.00,4.180695442992817,2025-11-18T23:00:00+01:00,2025-11-19T06:00:00+01:00,3124.24,3035.8578450060813
SUI/USDC,Long,jma,12h,"ParamA=20.0, ParamB=0.0, ATR=None",2025-11-18T16:00:00+01:00,1.6666,2025-11-21T06:00:00+01:00,1.4816,38755.496662395395,4.7230021849709205,-4302.032210814323,23348.15081591947,Trend flip,1416.9573337846273,2025-11-18T16:00:00+01:00,2025-11-21T06:00:00+01:00,1.6666,1.4816
SOL/USDC,Long,jma,12h,"ParamA=20.0, ParamB=0.0, ATR=None",2025-11-18T16:00:00+01:00,139.62,2025-11-21T06:00:00+01:00,131.97,39022.76149320673,16.589749774722918,-2138.118646490701,82477.6698465994,Trend flip,59.410363037970626,2025-11-18T16:00:00+01:00,2025-11-21T06:00:00+01:00,139.62,131.97
XRP/USDC,Long,jma,12h,"ParamA=30.0, ParamB=-50.0, ATR=None",2025-11-18T16:00:00+01:00,2.2124,2025-11-21T16:00:00+01:00,1.9096,39701.98778026285,6.642897926215729,-5433.810296448923,32753.25680997892,Trend flip,1501.2877251436737,2025-11-18T16:00:00+01:00,2025-11-21T16:00:00+01:00,2.2124,1.9096
TAO/USDC,Long,jma,12h,"ParamA=20.0, ParamB=0.0, ATR=None",2025-11-18T13:00:00+01:00,321.5,2025-11-21T02:00:00+01:00,308.1,39909.91658361449,20.324706598030794,-1663.4304268131673,101179.6451911553,Trend flip,31.609186000047888,2025-11-18T13:00:00+01:00,2025-11-21T02:00:00+01:00,321.5,308.1
ICP/USDC,Long,jma,12h,"ParamA=20.0, ParamB=50.0, ATR=None",2025-11-17T15:00:00+01:00,4.854,2025-11-20T03:00:00+01:00,4.973,39787.98697786752,8.146612736236966,975.4368459757367,40824.7776901639,"Time-based exit (5 bars, optimal=5)",839.1648883639232,2025-11-17T15:00:00+01:00,2025-11-20T03:00:00+01:00,4.854,4.973
LUNC/USDT,Long,jma,12h,"ParamA=20.0, ParamB=0.0, ATR=None",2025-11-17T07:00:00+01:00,3.211e-05,2025-11-19T09:00:00+01:00,3.129e-05,39915.40301052335,31.578571885340022,-1019.3282612466284,157458.06645204336,Trend flip,491724881.42852724,2025-11-17T07:00:00+01:00,2025-11-19T09:00:00+01:00,3.211e-05,3.129e-05
ETH/USDC,Long,jma,12h,"ParamA=30.0, ParamB=0.0, ATR=2.0",2025-11-13T02:00:00+01:00,3424.3,2025-11-13T17:00:00+01:00,3341.6428319712377,40036.20431543731,26.191452161298418,-966.4104393116747,130614.95930815877,ATR stop x2.00,3.8243512778229736,2025-11-13T02:00:00+01:00,2025-11-13T17:00:00+01:00,3424.3,3341.6428319712377
TNSR/USDC,Long,jma,12h,"ParamA=30.0, ParamB=50.0, ATR=None",2025-11-12T09:00:00+01:00,0.0512,2025-11-13T09:00:00+01:00,0.0493,40222.78461516586,10.416341760451536,-1492.6423978284251,51878.02049423885,Trend flip,101722.08750440953,2025-11-12T09:00:00+01:00,2025-11-13T09:00:00+01:00,0.0512,0.0493
ETH/USDC,Long,jma,12h,"ParamA=30.0, ParamB=0.0, ATR=2.0",2025-11-12T02:00:00+01:00,3446.77,2025-11-12T17:00:00+01:00,3373.3797707690055,40806.62386905441,26.25260093988158,-868.8736062727927,130957.2608064921,ATR stop x2.00,3.8082902166204273,2025-11-12T02:00:00+01:00,2025-11-12T17:00:00+01:00,3446.77,3373.3797707690055
LUNC/USDT,Long,jma,12h,"ParamA=20.0, ParamB=0.0, ATR=None",2025-11-12T02:00:00+01:00,3.554e-05,2025-11-14T05:00:00+01:00,3.222e-05,40698.01466827031,31.882784243222712,-3801.8404248356082,157892.8594267001,Trend flip,448547893.1235609,2025-11-12T02:00:00+01:00,2025-11-14T05:00:00+01:00,3.554e-05,3.222e-05
TNSR/USDC,Long,jma,12h,"ParamA=30.0, ParamB=50.0, ATR=None",2025-11-11T02:00:00+01:00,0.0528,2025-11-12T08:00:00+01:00,0.0501,41069.13967664661,10.471986086520365,-2100.1264607376115,52081.70880225768,Trend flip,99166.53491023072,2025-11-11T02:00:00+01:00,2025-11-12T08:00:00+01:00,0.0528,0.0501
ETH/USDC,Long,jma,12h,"ParamA=30.0, ParamB=0.0, ATR=2.0",2025-11-10T20:00:00+01:00,3558.28,2025-11-11T16:00:00+01:00,3483.804102173099,41176.870250886015,26.312937316679164,-861.8445939151914,131263.0046994079,ATR stop x2.00,3.6974236592790843,2025-11-10T20:00:00+01:00,2025-11-11T16:00:00+01:00,3558.28,3483.804102173099
XRP/USDC,Long,jma,12h,"ParamA=30.0, ParamB=-50.0, ATR=None",2025-11-10T16:00:00+01:00,2.5294,2025-11-13T13:00:00+01:00,2.4815,41274.57386082976,6.656835540750222,-781.6288795499877,33214.48963107864,Trend flip,1315.892215693489,2025-11-10T16:00:00+01:00,2025-11-13T13:00:00+01:00,2.5294,2.4815
SOL/USDC,Long,jma,12h,"ParamA=20.0, ParamB=0.0, ATR=None",2025-11-10T10:00:00+01:00,169.46,2025-11-13T00:00:00+01:00,153.42,41768.76943928943,16.751660614491538,-3953.564627677347,82948.74887361459,Trend flip,49.42659215889159,2025-11-10T10:00:00+01:00,2025-11-13T00:00:00+01:00,169.46,153.42
ETH/USDC,Long,jma,12h,"ParamA=30.0, ParamB=0.0, ATR=2.0",2025-11-10T10:00:00+01:00,3624.46,2025-11-10T15:00:00+01:00,3553.9131380706094,41870.64124733015,26.36953716224659,-814.9744643258439,131564.6865833958,ATR stop x2.00,3.6377194343773405,2025-11-10T10:00:00+01:00,2025-11-10T15:00:00+01:00,3624.46,3553.9131380706094
TAO/USDC,Long,jma,12h,"ParamA=20.0, ParamB=0.0, ATR=None",2025-11-10T08:00:00+01:00,397.0,2025-11-13T00:00:00+01:00,348.2,42524.03319311862,20.58181861628164,-5227.135566307782,101623.53299015397,Trend flip,25.921685914712395,2025-11-10T08:00:00+01:00,2025-11-13T00:00:00+01:00,397.0,348.2
SUI/USDC,Long,jma,12h,"ParamA=20.0, ParamB=0.0, ATR=None",2025-11-10T04:00:00+01:00,2.176,2025-11-13T00:00:00+01:00,1.9675,43039.52846453728,4.769658032931654,-4123.962171349277,23615.0109248546,Trend flip,1095.9692171258396,2025-11-10T04:00:00+01:00,2025-11-13T00:00:00+01:00,2.176,1.9675
TNSR/USDC,Long,jma,12h,"ParamA=30.0, ParamB=50.0, ATR=None",2025-11-10T01:00:00+01:00,0.0528,2025-11-11T01:00:00+01:00,0.0521,43110.9718364253,10.487988213992319,-571.5469751041226,52359.930432601825,Trend flip,99318.0702082606,2025-11-10T01:00:00+01:00,2025-11-11T01:00:00+01:00,0.0528,0.0521
LUNC/USDT,Long,jma,12h,"ParamA=20.0, ParamB=0.0, ATR=None",2025-11-09T19:00:00+01:00,3.763e-05,2025-11-12T00:00:00+01:00,3.536e-05,43438.52114214102,32.08273736742769,-2620.3944457257508,159413.92121611355,Trend flip,426292019.23236364,2025-11-09T19:00:00+01:00,2025-11-12T00:00:00+01:00,3.763e-05,3.536e-05
ICP/USDC,Long,jma,12h,"ParamA=20.0, ParamB=50.0, ATR=None",2025-11-08T20:00:00+01:00,8.976,2025-11-11T17:00:00+01:00,6.413,45046.33296519406,8.38779472797902,-12862.494584424285,40733.06368118483,Trend flip,467.23455481166553,2025-11-08T20:00:00+01:00,2025-11-11T17:00:00+01:00,8.976,6.413
TNSR/USDC,Long,jma,12h,"ParamA=30.0, ParamB=50.0, ATR=None",2025-11-08T16:00:00+01:00,0.051,2025-11-09T16:00:00+01:00,0.0512,45024.26224840563,10.485973262267413,176.56573430747812,52439.9410699616,"Time-based exit (2 bars, optimal=2)",102803.65943399425,2025-11-08T16:00:00+01:00,2025-11-09T16:00:00+01:00,0.051,0.0512
ETH/USDC,Long,jma,12h,"ParamA=30.0, ParamB=0.0, ATR=2.0",2025-11-07T15:00:00+01:00,3286.92,2025-11-10T03:00:00+01:00,3628.35,42478.030720831506,26.103605737706825,4412.420755300857,131847.68581123295,"Time-based exit (5 bars, optimal=5)",3.9708307074262263,2025-11-07T15:00:00+01:00,2025-11-10T03:00:00+01:00,3286.92,3628.35
XRP/USDC,Long,jma,12h,"ParamA=30.0, ParamB=-50.0, ATR=None",2025-11-07T15:00:00+01:00,2.2051,2025-11-10T03:00:00+01:00,2.4238,43334.67752467468,6.5927675690564405,4297.897589518097,33284.17770375111,"Time-based exit (5 bars, optimal=5)",1494.8908369362932,2025-11-07T15:00:00+01:00,2025-11-10T03:00:00+01:00,2.2051,2.4238
TNSR/USDC,Long,jma,12h,"ParamA=30.0, ParamB=50.0, ATR=None",2025-11-07T15:00:00+01:00,0.0476,2025-11-08T15:00:00+01:00,0.0503,43029.58331524411,10.428903497915794,2440.7536754445136,52429.866311337064,"Time-based exit (2 bars, optimal=2)",109547.30565037597,2025-11-07T15:00:00+01:00,2025-11-08T15:00:00+01:00,0.0476,0.0503
TAO/USDC,Long,jma,12h,"ParamA=20.0, ParamB=0.0, ATR=None",2025-11-07T15:00:00+01:00,365.9,2025-11-10T03:00:00+01:00,392.4,42096.92640620848,20.43788651806497,3048.834516984216,102909.09308140821,"Time-based exit (5 bars, optimal=5)",27.92824066420466,2025-11-07T15:00:00+01:00,2025-11-10T03:00:00+01:00,365.9,392.4
SOL/USDC,Long,jma,12h,"ParamA=20.0, ParamB=0.0, ATR=None",2025-11-07T15:00:00+01:00,154.68,2025-11-10T03:00:00+01:00,167.77,43871.91472336444,16.61438208061849,3712.7189276496038,83758.3030724577,"Time-based exit (5 bars, optimal=5)",53.70565710052524,2025-11-07T15:00:00+01:00,2025-11-10T03:00:00+01:00,154.68,167.77
LUNC/USDT,Long,jma,12h,"ParamA=20.0, ParamB=0.0, ATR=None",2025-11-07T15:00:00+01:00,3.608e-05,2025-11-09T15:00:00+01:00,3.756e-05,44794.57829649731,31.95803724780753,1837.4716152665187,160413.68683713843,"Time-based exit (4 bars, optimal=4)",442877456.31662315,2025-11-07T15:00:00+01:00,2025-11-09T15:00:00+01:00,3.608e-05,3.756e-05
SUI/USDC,Long,jma,12h,"ParamA=20.0, ParamB=0.0, ATR=None",2025-11-07T15:00:00+01:00,1.9977,2025-11-10T03:00:00+01:00,2.163,44336.00458932064,4.731453834692502,3668.5896574133712,23848.29016465827,"Time-based exit (5 bars, optimal=5)",1184.2253177885823,2025-11-07T15:00:00+01:00,2025-11-10T03:00:00+01:00,1.9977,2.163
ICP/USDC,Long,jma,12h,"ParamA=20.0, ParamB=50.0, ATR=None",2025-11-06T07:00:00+01:00,5.936,2025-11-08T19:00:00+01:00,8.867,39649.712235031,7.994644611158247,19577.713369419795,41938.973639895106,"Time-based exit (5 bars, optimal=5)",673.4033533657553,2025-11-06T07:00:00+01:00,2025-11-08T19:00:00+01:00,5.936,8.867
ICP/USDC,Long,jma,12h,"ParamA=20.0, ParamB=50.0, ATR=None",2025-11-03T18:00:00+01:00,3.959,2025-11-06T06:00:00+01:00,5.764,37511.89431274911,7.647506537323771,17102.54337825515,39973.22305579123,"Time-based exit (5 bars, optimal=5)",965.8381582879226,2025-11-03T18:00:00+01:00,2025-11-06T06:00:00+01:00,3.959,5.764
ETH/USDC,Long,jma,12h,"ParamA=30.0, ParamB=0.0, ATR=2.0",2025-11-02T19:00:00+01:00,3863.99,2025-11-03T03:00:00+01:00,3820.4963045005925,37564.748672500085,26.1382550307253,-422.8348780078321,130518.02868853412,ATR stop x2.00,3.382288131015518,2025-11-02T19:00:00+01:00,2025-11-03T03:00:00+01:00,3863.99,3820.4963045005925
SOL/USDC,Long,jma,12h,"ParamA=20.0, ParamB=0.0, ATR=None",2025-11-02T18:00:00+01:00,184.4,2025-11-05T08:00:00+01:00,156.5,38288.89466017559,16.87304847582092,-5793.167901404008,83071.91040309244,Trend flip,45.751216040729176,2025-11-02T18:00:00+01:00,2025-11-05T08:00:00+01:00,184.4,156.5
TNSR/USDC,Long,jma,12h,"ParamA=30.0, ParamB=50.0, ATR=None",2025-11-02T05:00:00+01:00,0.0538,2025-11-03T10:00:00+01:00,0.0491,38711.628521821876,10.522937089648496,-3381.8708931703145,52144.51748957897,Trend flip,97796.81310082246,2025-11-02T05:00:00+01:00,2025-11-03T10:00:00+01:00,0.0538,0.0491
ETH/USDC,Long,jma,12h,"ParamA=30.0, ParamB=0.0, ATR=2.0",2025-11-02T03:00:00+01:00,3879.6,2025-11-02T15:00:00+01:00,3842.1315223863085,38758.41874972121,26.168762101967108,-374.32182319466136,130691.2751536265,ATR stop x2.00,3.372610849310123,2025-11-02T03:00:00+01:00,2025-11-02T15:00:00+01:00,3879.6,3842.1315223863085
XRP/USDC,Long,jma,12h,"ParamA=30.0, ParamB=-50.0, ATR=None",2025-11-02T03:00:00+01:00,2.5102,2025-11-04T17:00:00+01:00,2.2395,39288.021339989675,6.665986776305168,-4236.820722147721,32963.8378452822,Trend flip,1327.7800128087738,2025-11-02T03:00:00+01:00,2025-11-04T17:00:00+01:00,2.5102,2.2395
LUNC/USDT,Long,jma,12h,"ParamA=20.0, ParamB=0.0, ATR=None",2025-11-01T03:00:00+01:00,4.328e-05,2025-11-03T10:00:00+01:00,4.027e-05,39632.56273856605,32.18833556662032,-2756.331188610994,159790.18623903763,Trend flip,371861547.67352486,2025-11-01T03:00:00+01:00,2025-11-03T10:00:00+01:00,4.328e-05,4.027e-05
ICP/USDC,Long,jma,12h,"ParamA=20.0, ParamB=50.0, ATR=None",2025-11-01T01:00:00+01:00,2.957,2025-11-03T13:00:00+01:00,4.012,37922.78751460068,7.385483953004473,13530.111879575146,38237.532686618855,"Time-based exit (5 bars, optimal=5)",1248.8136545492853,2025-11-01T01:00:00+01:00,2025-11-03T13:00:00+01:00,2.957,4.012
TNSR/USDC,Long,jma,12h,"ParamA=30.0, ParamB=50.0, ATR=None",2025-11-01T01:00:00+01:00,0.0535,2025-11-02T01:00:00+01:00,0.0537,39614.05149954757,10.521108186730057,148.0899121478405,52614.68544824248,"Time-based exit (2 bars, optimal=2)",98328.11389467343,2025-11-01T01:00:00+01:00,2025-11-02T01:00:00+01:00,0.0535,0.0537
TAO/USDC,Long,jma,12h,"ParamA=20.0, ParamB=0.0, ATR=None",2025-10-31T13:00:00+01:00,442.8,2025-11-03T01:00:00+01:00,480.2,37526.58877359669,20.270728996190872,3169.5899280318777,102189.43259032485,"Time-based exit (5 bars, optimal=5)",22.889260384136033,2025-10-31T13:00:00+01:00,2025-11-03T01:00:00+01:00,442.8,480.2
XRP/USDC,Long,jma,12h,"ParamA=30.0, ParamB=-50.0, ATR=None",2025-10-29T02:00:00+01:00,2.6191,2025-10-31T17:00:00+01:00,2.4952,37749.81440476533,6.699017169149775,-1785.8050493491737,33329.93388152584,Trend flip,1278.8777001927713,2025-10-29T02:00:00+01:00,2025-10-31T17:00:00+01:00,2.6191,2.4952
SOL/USDC,Long,jma,12h,"ParamA=20.0, ParamB=0.0, ATR=None",2025-10-29T02:00:00+01:00,194.2,2025-10-31T16:00:00+01:00,188.08,37899.108007369025,16.929786799407566,-1194.3488208295444,84365.2423791046,Trend flip,43.58853449898961,2025-10-29T02:00:00+01:00,2025-10-31T16:00:00+01:00,194.2,188.08
TAO/USDC,Long,jma,12h,"ParamA=20.0, ParamB=0.0, ATR=None",2025-10-28T04:00:00+01:00,420.4,2025-10-31T01:00:00+01:00,420.5,37897.981164446675,20.27430159434051,9.014743378795265,101353.64498095436,"Time-based exit (5 bars, optimal=5)",24.11310846139452,2025-10-28T04:00:00+01:00,2025-10-31T01:00:00+01:00,420.4,420.5
SUI/USDC,Long,jma,12h,"ParamA=20.0, ParamB=0.0, ATR=None",2025-10-26T19:00:00+01:00,2.6374,2025-10-29T09:00:00+01:00,2.4846,38174.43972161772,4.759983196632711,-2211.668457368313,23657.269173462508,Trend flip,902.4006970184104,2025-10-26T19:00:00+01:00,2025-10-29T09:00:00+01:00,2.6374,2.4846
LUNC/USDT,Long,jma,12h,"ParamA=20.0, ParamB=0.0, ATR=None",2025-10-26T16:00:00+01:00,4.713e-05,2025-10-29T00:00:00+01:00,4.436e-05,38456.97157837589,32.38515180875856,-2260.2548540653734,160941.67783310157,Trend flip,343572584.43410313,2025-10-26T16:00:00+01:00,2025-10-29T00:00:00+01:00,4.713e-05,4.436e-05
TNSR/USDC,Long,jma,12h,"ParamA=30.0, ParamB=50.0, ATR=None",2025-10-26T08:00:00+01:00,0.0652,2025-10-27T08:00:00+01:00,0.0673,38302.76183937534,10.48942112561195,1233.677912004423,52605.54093365028,"Time-based exit (2 bars, optimal=2)",80440.34605530636,2025-10-26T08:00:00+01:00,2025-10-27T08:00:00+01:00,0.0652,0.0673
XRP/USDC,Long,jma,12h,"ParamA=30.0, ParamB=-50.0, ATR=None",2025-10-26T05:00:00+01:00,2.6107,2025-10-28T17:00:00+01:00,2.6491,38232.46810707597,6.6905143959113245,562.3498583949547,33495.08584574887,"Time-based exit (5 bars, optimal=5)",1281.3640778165482,2025-10-26T05:00:00+01:00,2025-10-28T17:00:00+01:00,2.6107,2.6491
ETH/USDC,Long,jma,12h,"ParamA=30.0, ParamB=0.0, ATR=2.0",2025-10-26T05:00:00+01:00,3940.86,2025-10-28T17:00:00+01:00,4135.41,37997.98540342006,26.0453918604332,1875.8616292472614,130843.81050983553,"Time-based exit (5 bars, optimal=5)",3.3045314804932424,2025-10-26T05:00:00+01:00,2025-10-28T17:00:00+01:00,3940.86,4135.41
ICP/USDC,Long,jma,12h,"ParamA=20.0, ParamB=50.0, ATR=None",2025-10-26T05:00:00+01:00,3.112,2025-10-28T17:00:00+01:00,3.201,37862.63136295961,7.3658914391943595,1082.8323236836131,36927.419765022365,"Time-based exit (5 bars, optimal=5)",1183.4658481996078,2025-10-26T05:00:00+01:00,2025-10-28T17:00:00+01:00,3.112,3.201
SOL/USDC,Long,jma,12h,"ParamA=20.0, ParamB=0.0, ATR=None",2025-10-26T04:00:00+01:00,193.02,2025-10-28T16:00:00+01:00,198.86,37719.97473898562,16.882084895079323,1141.2529917919187,84648.93399703782,"Time-based exit (5 bars, optimal=5)",43.731439475389394,2025-10-26T04:00:00+01:00,2025-10-28T16:00:00+01:00,193.02,198.86
TAO/USDC,Long,jma,12h,"ParamA=20.0, ParamB=0.0, ATR=None",2025-10-25T14:00:00+02:00,390.5,2025-10-28T01:00:00+01:00,419.5,37373.04189171934,20.12884299752943,2775.4627781302456,101371.50797170255,"Time-based exit (5 bars, optimal=5)",25.7731664501017,2025-10-25T14:00:00+02:00,2025-10-28T01:00:00+01:00,390.5,419.5
TNSR/USDC,Long,jma,12h,"ParamA=30.0, ParamB=50.0, ATR=None",2025-10-24T19:00:00+02:00,0.0639,2025-10-25T19:00:00+02:00,0.0645,37329.22824354616,10.481675511876881,350.5091853854119,52447.10562805975,"Time-based exit (2 bars, optimal=2)",82016.24031202568,2025-10-24T19:00:00+02:00,2025-10-25T19:00:00+02:00,0.0639,0.0645
LUNC/USDT,Long,jma,12h,"ParamA=20.0, ParamB=0.0, ATR=None",2025-10-24T14:00:00+02:00,4.523e-05,2025-10-26T13:00:00+01:00,4.731e-05,37115.87147627155,32.243322536331114,1706.8541381968791,161925.7590437928,"Time-based exit (4 bars, optimal=4)",356437348.40074193,2025-10-24T14:00:00+02:00,2025-10-26T13:00:00+01:00,4.523e-05,4.731e-05
SUI/USDC,Long,jma,12h,"ParamA=20.0, ParamB=0.0, ATR=None",2025-10-24T02:00:00+02:00,2.4307,2025-10-26T13:00:00+01:00,2.6202,36757.66308187817,4.724098434171379,2865.667155147045,23799.915983163555,"Time-based exit (5 bars, optimal=5)",971.7567849120376,2025-10-24T02:00:00+02:00,2025-10-26T13:00:00+01:00,2.4307,2.6202
ICP/USDC,Long,jma,12h,"ParamA=20.0, ParamB=50.0, ATR=None",2025-10-23T17:00:00+02:00,3.03,2025-10-26T04:00:00+01:00,3.093,36662.37720054013,7.352075360941817,762.2870507043019,36829.457195971794,"Time-based exit (5 bars, optimal=5)",1213.213755930993,2025-10-23T17:00:00+02:00,2025-10-26T04:00:00+01:00,3.03,3.093
ETH/USDC,Long,jma,12h,"ParamA=30.0, ParamB=0.0, ATR=2.0",2025-10-23T17:00:00+02:00,3878.4,2025-10-26T04:00:00+01:00,3932.54,36598.51569709024,26.014280433756863,510.8920275991287,130226.959302166,"Time-based exit (5 bars, optimal=5)",3.3537387110350743,2025-10-23T17:00:00+02:00,2025-10-26T04:00:00+01:00,3878.4,3932.54
XRP/USDC,Long,jma,12h,"ParamA=30.0, ParamB=-50.0, ATR=None",2025-10-23T16:00:00+02:00,2.4034,2025-10-26T03:00:00+01:00,2.5977,36232.370363313516,6.638176486921084,2929.162670213789,33452.571979556626,"Time-based exit (5 bars, optimal=5)",1380.9970223269295,2025-10-23T16:00:00+02:00,2025-10-26T03:00:00+01:00,2.4034,2.5977
TNSR/USDC,Long,jma,12h,"ParamA=30.0, ParamB=50.0, ATR=None",2025-10-23T15:00:00+02:00,0.0632,2025-10-24T15:00:00+02:00,0.0645,36139.44852178203,10.462247515541062,743.374732251843,52408.37755938441,"Time-based exit (2 bars, optimal=2)",82770.94553434383,2025-10-23T15:00:00+02:00,2025-10-24T15:00:00+02:00,0.0632,0.0645
SOL/USDC,Long,jma,12h,"ParamA=20.0, ParamB=0.0, ATR=None",2025-10-23T14:00:00+02:00,189.38,2025-10-26T02:00:00+02:00,193.33,36045.4710619824,16.850309365025065,751.8196783970383,84410.42447539662,"Time-based exit (5 bars, optimal=5)",44.488091047167245,2025-10-23T14:00:00+02:00,2025-10-26T02:00:00+02:00,189.38,193.33
LUNC/USDT,Long,jma,12h,"ParamA=20.0, ParamB=0.0, ATR=None",2025-10-22T13:00:00+02:00,4.501e-05,2025-10-24T13:00:00+02:00,4.494e-05,36052.47970889315,32.25478979130202,-56.06917528599057,161216.61268165556,"Time-based exit (4 bars, optimal=4)",358306929.4745836,2025-10-22T13:00:00+02:00,2025-10-24T13:00:00+02:00,4.501e-05,4.494e-05
SOL/USDC,Long,jma,12h,"ParamA=20.0, ParamB=0.0, ATR=None",2025-10-20T21:00:00+02:00,188.86,2025-10-23T09:00:00+02:00,187.53,36084.24400819614,16.865559631621544,-254.11439442391887,84251.54682512533,"Time-based exit (5 bars, optimal=5)",44.65095740660157,2025-10-20T21:00:00+02:00,2025-10-23T09:00:00+02:00,188.86,187.53
XRP/USDC,Long,jma,12h,"ParamA=30.0, ParamB=-50.0, ATR=None",2025-10-20T15:00:00+02:00,2.4612,2025-10-23T13:00:00+02:00,2.3914,36212.61841730184,6.658391462959271,-1026.9952728456296,33190.882434605424,Trend flip,1352.6717582803656,2025-10-20T15:00:00+02:00,2025-10-23T13:00:00+02:00,2.4612,2.3914
LUNC/USDT,Long,jma,12h,"ParamA=20.0, ParamB=0.0, ATR=None",2025-10-20T11:00:00+02:00,4.329e-05,2025-10-22T11:00:00+02:00,4.497e-05,36037.79888011487,32.13650163138177,1398.5562974957932,161273.94895651008,"Time-based exit (4 bars, optimal=4)",371176965.0194244,2025-10-20T11:00:00+02:00,2025-10-22T11:00:00+02:00,4.329e-05,4.497e-05
TNSR/USDC,Long,jma,12h,"ParamA=30.0, ParamB=50.0, ATR=None",2025-10-20T06:00:00+02:00,0.0664,2025-10-21T16:00:00+02:00,0.0671,35990.37180883064,10.453318114886297,379.41657027382035,52311.2375777053,"Time-based exit (2 bars, optimal=2)",78714.74484101127,2025-10-20T06:00:00+02:00,2025-10-21T16:00:00+02:00,0.0664,0.0671
ICP/USDC,Long,jma,12h,"ParamA=20.0, ParamB=50.0, ATR=None",2025-10-19T05:00:00+02:00,3.06,2025-10-21T17:00:00+02:00,3.255,35705.949417636235,7.30697271368168,2275.3791295552483,36760.376804709085,"Time-based exit (5 bars, optimal=5)",1193.9497898172679,2025-10-19T05:00:00+02:00,2025-10-21T17:00:00+02:00,3.06,3.255
TNSR/USDC,Long,jma,12h,"ParamA=30.0, ParamB=50.0, ATR=None",2025-10-19T03:00:00+02:00,0.0635,2025-10-20T03:00:00+02:00,0.065,35600.828859978814,10.430764666245738,840.9644612593428,52266.59057443148,"Time-based exit (2 bars, optimal=2)",82132.00524602942,2025-10-19T03:00:00+02:00,2025-10-20T03:00:00+02:00,0.0635,0.065
ETH/USDC,Long,jma,12h,"ParamA=30.0, ParamB=0.0, ATR=2.0",2025-10-18T17:00:00+02:00,3879.36,2025-10-21T05:00:00+02:00,3924.36,35549.283059329035,25.989331061822167,412.3664051982302,130071.40216878432,"Time-based exit (5 bars, optimal=5)",3.3496931274517143,2025-10-18T17:00:00+02:00,2025-10-21T05:00:00+02:00,3879.36,3924.36
SUI/USDC,Long,jma,12h,"ParamA=20.0, ParamB=0.0, ATR=None",2025-10-18T16:00:00+02:00,2.4868,2025-10-21T04:00:00+02:00,2.5408,35453.05171820876,4.714803362771003,769.8507289622272,23620.492170856895,"Time-based exit (5 bars, optimal=5)",947.9659326787443,2025-10-18T16:00:00+02:00,2025-10-21T04:00:00+02:00,2.4868,2.5408
TAO/USDC,Long,jma,12h,"ParamA=20.0, ParamB=0.0, ATR=None",2025-10-18T08:00:00+02:00,398.1,2025-10-20T20:00:00+02:00,424.6,35160.48924490121,19.999712475168405,2340.499786460392,100644.21498764714,"Time-based exit (5 bars, optimal=5)",25.11895563321829,2025-10-18T08:00:00+02:00,2025-10-20T20:00:00+02:00,398.1,424.6
LUNC/USDT,Long,jma,12h,"ParamA=20.0, ParamB=0.0, ATR=None",2025-10-18T05:00:00+02:00,4.054e-05,2025-10-20T05:00:00+02:00,4.243e-05,34956.7759170668,31.993743558864495,1629.7066226752875,160682.50815690882,"Time-based exit (4 bars, optimal=4)",394594765.1561975,2025-10-18T05:00:00+02:00,2025-10-20T05:00:00+02:00,4.054e-05,4.243e-05
SOL/USDC,Long,jma,12h,"ParamA=20.0, ParamB=0.0, ATR=None",2025-10-18T03:00:00+02:00,184.69,2025-10-20T15:00:00+02:00,192.49,34773.20412637313,16.797976449119865,1468.5743255493574,84327.79815810773,"Time-based exit (5 bars, optimal=5)",45.47613960994062,2025-10-18T03:00:00+02:00,2025-10-20T15:00:00+02:00,184.69,192.49
XRP/USDC,Long,jma,12h,"ParamA=30.0, ParamB=-50.0, ATR=None",2025-10-18T02:00:00+02:00,2.3111,2025-10-20T14:00:00+02:00,2.4539,34506.68844606408,6.61881836958775,2132.1254424723916,33291.95731479635,"Time-based exit (5 bars, optimal=5)",1431.962781703031,2025-10-18T02:00:00+02:00,2025-10-20T14:00:00+02:00,2.3111,2.4539
ETH/USDC,Long,jma,12h,"ParamA=30.0, ParamB=0.0, ATR=2.0",2025-10-16T11:00:00+02:00,4031.66,2025-10-16T17:00:00+02:00,3931.059241540384,34614.6545350959,26.05956860684625,-863.728712254563,129946.65530911082,ATR stop x2.00,3.231865857592933,2025-10-16T11:00:00+02:00,2025-10-16T17:00:00+02:00,4031.66,3931.059241540384
ETH/USDC,Long,jma,12h,"ParamA=30.0, ParamB=0.0, ATR=2.0",2025-10-16T08:00:00+02:00,4043.77,2025-10-16T11:00:00+02:00,3949.5060121924507,34715.81171181254,26.12569513759273,-809.2574137330938,130297.84303423125,ATR stop x2.00,3.230363638089299,2025-10-16T08:00:00+02:00,2025-10-16T11:00:00+02:00,4043.77,3949.5060121924507
XRP/USDC,Long,jma,12h,"ParamA=30.0, ParamB=-50.0, ATR=None",2025-10-15T07:00:00+02:00,2.5011,2025-10-18T01:00:00+02:00,2.2947,35077.65388939294,6.675239960615781,-2894.737420643197,33094.09184793875,Trend flip,1334.4608293582385,2025-10-15T07:00:00+02:00,2025-10-18T01:00:00+02:00,2.5011,2.2947
SOL/USDC,Long,jma,12h,"ParamA=20.0, ParamB=0.0, ATR=None",2025-10-15T06:00:00+02:00,203.61,2025-10-17T21:00:00+02:00,182.01,35549.057331239346,16.981521500738886,-3771.2275347712325,83989.88224559932,Trend flip,41.70109891640608,2025-10-15T06:00:00+02:00,2025-10-17T21:00:00+02:00,203.61,182.01
ETH/USDC,Long,jma,12h,"ParamA=30.0, ParamB=0.0, ATR=2.0",2025-10-15T04:00:00+02:00,4121.27,2025-10-15T16:00:00+02:00,4004.8042135408145,36414.392276043276,26.204990610198905,-1029.0592062307696,130628.47568796364,ATR stop x2.00,3.1792372994488227,2025-10-15T04:00:00+02:00,2025-10-15T16:00:00+02:00,4121.27,4004.8042135408145
SUI/USDC,Long,jma,12h,"ParamA=20.0, ParamB=0.0, ATR=None",2025-10-15T04:00:00+02:00,2.8352,2025-10-17T16:00:00+02:00,2.3747,36285.759875264426,4.793621235542638,-5893.620352200646,23574.016813855014,Trend flip,845.376205478033,2025-10-15T04:00:00+02:00,2025-10-17T16:00:00+02:00,2.8352,2.3747
LUNC/USDT,Long,jma,12h,"ParamA=20.0, ParamB=0.0, ATR=None",2025-10-15T01:00:00+02:00,4.246e-05,2025-10-17T07:00:00+02:00,3.977e-05,36705.06771217656,32.20421013158787,-2325.4034890662933,159968.71779432247,Trend flip,379229982.7082886,2025-10-15T01:00:00+02:00,2025-10-17T07:00:00+02:00,4.246e-05,3.977e-05
TNSR/USDC,Long,jma,12h,"ParamA=30.0, ParamB=50.0, ATR=None",2025-10-15T00:00:00+02:00,0.075,2025-10-16T10:00:00+02:00,0.0711,36945.21158749528,10.48739660792855,-1921.151002549755,52153.82333122868,Trend flip,69915.97738619034,2025-10-15T00:00:00+02:00,2025-10-16T10:00:00+02:00,0.075,0.0711
TNSR/USDC,Long,jma,12h,"ParamA=30.0, ParamB=50.0, ATR=None",2025-10-13T17:00:00+02:00,0.0755,2025-10-14T18:00:00+02:00,0.0753,36957.449153440124,10.492274473279705,-97.9005275587778,52436.98303964276,"Time-based exit (2 bars, optimal=2)",69485.26141244838,2025-10-13T17:00:00+02:00,2025-10-14T18:00:00+02:00,0.0755,0.0753
TAO/USDC,Long,jma,12h,"ParamA=20.0, ParamB=0.0, ATR=None",2025-10-13T03:00:00+02:00,393.4,2025-10-15T15:00:00+02:00,435.2,36473.02727366157,19.793360403762307,3875.3750382284043,99998.56237584203,"Time-based exit (5 bars, optimal=5)",25.15678749842693,2025-10-13T03:00:00+02:00,2025-10-15T15:00:00+02:00,393.4,435.2
SUI/USDC,Long,jma,12h,"ParamA=20.0, ParamB=0.0, ATR=None",2025-10-12T16:00:00+02:00,2.6035,2025-10-15T04:00:00+02:00,2.8352,36071.748982930585,4.752278511634986,3210.226325847904,23968.10617771319,"Time-based exit (5 bars, optimal=5)",912.6711180401356,2025-10-12T16:00:00+02:00,2025-10-15T04:00:00+02:00,2.6035,2.8352
TNSR/USDC,Long,jma,12h,"ParamA=30.0, ParamB=50.0, ATR=None",2025-10-12T16:00:00+02:00,0.0687,2025-10-13T16:00:00+02:00,0.0746,35688.62869670324,10.404996694600948,3064.962289818766,52461.37236639853,"Time-based exit (2 bars, optimal=2)",75727.77798108404,2025-10-12T16:00:00+02:00,2025-10-13T16:00:00+02:00,0.0687,0.0746
LUNC/USDT,Long,jma,12h,"ParamA=20.0, ParamB=0.0, ATR=None",2025-10-12T16:00:00+02:00,4.017e-05,2025-10-14T16:00:00+02:00,4.125e-05,35569.09104941246,32.12426653118815,956.3011783262467,161021.05065793934,"Time-based exit (4 bars, optimal=4)",399853952.3423966,2025-10-12T16:00:00+02:00,2025-10-14T16:00:00+02:00,4.017e-05,4.125e-05
XRP/USDC,Long,jma,12h,"ParamA=30.0, ParamB=-50.0, ATR=None",2025-10-12T16:00:00+02:00,2.4423,2025-10-15T04:00:00+02:00,2.5126,35441.57075990966,6.657408529508985,1020.1623160224584,33376.199803078904,"Time-based exit (5 bars, optimal=5)",1362.9383223823825,2025-10-12T16:00:00+02:00,2025-10-15T04:00:00+02:00,2.4423,2.5126
ETH/USDC,Long,jma,12h,"ParamA=30.0, ParamB=0.0, ATR=2.0",2025-10-12T14:00:00+02:00,3833.64,2025-10-15T02:00:00+02:00,4121.76,34237.367855360535,26.0146783403852,2573.134260516504,131024.95305099452,"Time-based exit (5 bars, optimal=5)",3.3929474781650337,2025-10-12T14:00:00+02:00,2025-10-15T02:00:00+02:00,3833.64,4121.76
SOL/USDC,Long,jma,12h,"ParamA=20.0, ParamB=0.0, ATR=None",2025-10-12T14:00:00+02:00,181.77,2025-10-15T02:00:00+02:00,204.08,34906.0357042339,16.77893677021675,4284.280445406053,84907.60750369444,"Time-based exit (5 bars, optimal=5)",46.15430700945356,2025-10-12T14:00:00+02:00,2025-10-15T02:00:00+02:00,181.77,204.08
ICP/USDC,Long,jma,12h,"ParamA=20.0, ParamB=50.0, ATR=None",2025-10-12T14:00:00+02:00,3.249,2025-10-15T02:00:00+02:00,3.51,34559.0096379251,7.250180304086402,2776.2085304704337,36534.8635684084,"Time-based exit (5 bars, optimal=5)",1115.7556639098802,2025-10-12T14:00:00+02:00,2025-10-15T02:00:00+02:00,3.249,3.51
TNSR/USDC,Long,jma,12h,"ParamA=30.0, ParamB=50.0, ATR=None",2025-10-10T12:00:00+02:00,0.0997,2025-10-11T21:00:00+02:00,0.0665,35724.39115834061,10.76564471267156,-11896.186423840601,52024.98347300474,Trend flip,53990.19414579519,2025-10-10T12:00:00+02:00,2025-10-11T21:00:00+02:00,0.0997,0.0665
TAO/USDC,Long,jma,12h,"ParamA=20.0, ParamB=0.0, ATR=None",2025-10-10T06:00:00+02:00,347.4,2025-10-12T18:00:00+02:00,367.7,35465.343063854336,19.682285234367715,2072.3847558901653,98966.80201881155,"Time-based exit (5 bars, optimal=5)",28.32798680824369,2025-10-10T06:00:00+02:00,2025-10-12T18:00:00+02:00,347.4,367.7
LUNC/USDT,Long,jma,12h,"ParamA=20.0, ParamB=0.0, ATR=None",2025-10-08T15:00:00+02:00,5.39e-05,2025-10-10T15:00:00+02:00,5.309e-05,35532.0893355654,32.17906048613095,-533.97017368846,160621.33265594073,Trend flip,298507054.60232794,2025-10-08T15:00:00+02:00,2025-10-10T15:00:00+02:00,5.39e-05,5.309e-05
SOL/USDC,Long,jma,12h,"ParamA=20.0, ParamB=0.0, ATR=None",2025-10-08T14:00:00+02:00,222.4,2025-10-11T05:00:00+02:00,185.08,36293.36885769281,17.068774382995045,-6090.236177019315,83894.68385108374,Trend flip,38.37404312723706,2025-10-08T14:00:00+02:00,2025-10-11T05:00:00+02:00,222.4,185.08
TAO/USDC,Long,jma,12h,"ParamA=20.0, ParamB=0.0, ATR=None",2025-10-07T12:00:00+02:00,347.1,2025-10-10T01:00:00+02:00,347.3,36290.755003255814,19.68508799163809,20.91083549596874,98411.42617183857,"Time-based exit (5 bars, optimal=5)",28.356508198844836,2025-10-07T12:00:00+02:00,2025-10-10T01:00:00+02:00,347.1,347.3
ETH/USDC,Long,jma,12h,"ParamA=30.0, ParamB=0.0, ATR=2.0",2025-10-07T12:00:00+02:00,4696.22,2025-10-07T16:00:00+02:00,4633.211908826442,36351.72032506136,26.054846491059532,-487.72257444437616,130073.391701926,ATR stop x2.00,2.7740232028162577,2025-10-07T12:00:00+02:00,2025-10-07T16:00:00+02:00,4696.22,4633.211908826442
TNSR/USDC,Long,jma,12h,"ParamA=30.0, ParamB=50.0, ATR=None",2025-10-07T12:00:00+02:00,0.1019,2025-10-08T13:00:00+02:00,0.0973,36558.00938686161,10.81663682255201,-1650.3124944019985,53828.22356335781,Trend flip,53074.76360427875,2025-10-07T12:00:00+02:00,2025-10-08T13:00:00+02:00,0.1019,0.0973
TNSR/USDC,Long,jma,12h,"ParamA=30.0, ParamB=50.0, ATR=None",2025-10-06T07:00:00+02:00,0.1009,2025-10-07T07:00:00+02:00,0.1031,36458.64242287459,10.795258145815668,794.9357118961731,54083.18411276004,"Time-based exit (2 bars, optimal=2)",53494.83719432937,2025-10-06T07:00:00+02:00,2025-10-07T07:00:00+02:00,0.1009,0.1031
TNSR/USDC,Long,jma,12h,"ParamA=30.0, ParamB=50.0, ATR=None",2025-10-05T04:00:00+02:00,0.1023,2025-10-06T06:00:00+02:00,0.1001,36556.91369625161,10.820692590981135,-786.1701870161664,53976.29072907833,Trend flip,52887.06056198013,2025-10-05T04:00:00+02:00,2025-10-06T06:00:00+02:00,0.1023,0.1001
ICP/USDC,Long,jma,12h,"ParamA=20.0, ParamB=50.0, ATR=None",2025-10-05T03:00:00+02:00,4.502,2025-10-07T15:00:00+02:00,4.554,36504.208819014035,7.243262682533799,421.6390179006548,36250.90152043201,"Time-based exit (5 bars, optimal=5)",804.4494316452464,2025-10-05T03:00:00+02:00,2025-10-07T15:00:00+02:00,4.502,4.554
TAO/USDC,Long,jma,12h,"ParamA=20.0, ParamB=0.0, ATR=None",2025-10-04T21:00:00+02:00,316.3,2025-10-07T09:00:00+02:00,348.6,36044.113628451676,19.489957958550328,3680.7615244988606,98425.43995819044,"Time-based exit (5 bars, optimal=5)",30.809291746048572,2025-10-04T21:00:00+02:00,2025-10-07T09:00:00+02:00,316.3,348.6
ETH/USDC,Long,jma,12h,"ParamA=30.0, ParamB=0.0, ATR=2.0",2025-10-04T21:00:00+02:00,4470.6,2025-10-07T09:00:00+02:00,4681.66,35832.653204088754,25.937580962071106,1691.6833949033582,130274.23245529766,"Time-based exit (5 bars, optimal=5)",2.900906026268409,2025-10-04T21:00:00+02:00,2025-10-07T09:00:00+02:00,4470.6,4681.66
ETH/USDC,Long,jma,12h,"ParamA=30.0, ParamB=0.0, ATR=2.0",2025-10-04T15:00:00+02:00,4503.27,2025-10-04T17:00:00+02:00,4448.561990926397,35887.150117838995,25.97433076326157,-435.97531000195585,129687.90481035553,ATR stop x2.00,2.883941087616506,2025-10-04T15:00:00+02:00,2025-10-04T17:00:00+02:00,4503.27,4448.561990926397
SUI/USDC,Long,jma,12h,"ParamA=20.0, ParamB=0.0, ATR=None",2025-10-04T14:00:00+02:00,3.5355,2025-10-07T02:00:00+02:00,3.6305,35767.0162420437,4.740488766570476,961.0710063623698,23761.392558174928,"Time-based exit (5 bars, optimal=5)",670.4127798855149,2025-10-04T14:00:00+02:00,2025-10-07T02:00:00+02:00,3.5355,3.6305
SOL/USDC,Long,jma,12h,"ParamA=20.0, ParamB=0.0, ATR=None",2025-10-04T12:00:00+02:00,229.33,2025-10-07T00:00:00+02:00,234.72,35662.24391901385,17.032149728026308,838.1785842388006,85343.87191497523,"Time-based exit (5 bars, optimal=5)",37.13458711905618,2025-10-04T12:00:00+02:00,2025-10-07T00:00:00+02:00,229.33,234.72
TNSR/USDC,Long,jma,12h,"ParamA=30.0, ParamB=50.0, ATR=None",2025-10-03T20:00:00+02:00,0.1047,2025-10-05T03:00:00+02:00,0.1005,35841.967250499154,10.866456251147142,-1437.786651882486,54103.46295490567,Trend flip,51893.296328305354,2025-10-03T20:00:00+02:00,2025-10-05T03:00:00+02:00,0.1047,0.1005
LUNC/USDT,Long,jma,12h,"ParamA=20.0, ParamB=0.0, ATR=None",2025-10-03T10:00:00+02:00,5.631e-05,2025-10-05T10:00:00+02:00,5.707e-05,35781.60049420455,32.142107622283476,482.9340503568715,160895.30243065476,"Time-based exit (4 bars, optimal=4)",285403193.23640096,2025-10-03T10:00:00+02:00,2025-10-05T10:00:00+02:00,5.631e-05,5.707e-05
XRP/USDC,Long,jma,12h,"ParamA=30.0, ParamB=-50.0, ATR=None",2025-10-03T06:00:00+02:00,3.0321,2025-10-05T18:00:00+02:00,3.0034,35823.98648130975,6.665050267595221,-339.0878968416543,33287.04264754493,"Time-based exit (5 bars, optimal=5)",1099.0815388007027,2025-10-03T06:00:00+02:00,2025-10-05T18:00:00+02:00,3.0321,3.0034
TNSR/USDC,Long,jma,12h,"ParamA=30.0, ParamB=50.0, ATR=None",2025-10-02T18:00:00+02:00,0.1032,2025-10-03T18:00:00+02:00,0.105,35746.05177540408,10.84970229225863,623.4776472454186,54332.2812557357,"Time-based exit (2 bars, optimal=2)",52566.38707489646,2025-10-02T18:00:00+02:00,2025-10-03T18:00:00+02:00,0.1032,0.105
TAO/USDC,Long,jma,12h,"ParamA=20.0, ParamB=0.0, ATR=None",2025-10-02T08:00:00+02:00,322.2,2025-10-04T20:00:00+02:00,315.2,35843.39183703476,19.536309094877108,-778.7204930454479,97449.78979275163,Trend flip,30.31705321985895,2025-10-02T08:00:00+02:00,2025-10-04T20:00:00+02:00,322.2,315.2
ICP/USDC,Long,jma,12h,"ParamA=20.0, ParamB=50.0, ATR=None",2025-10-02T00:00:00+02:00,4.466,2025-10-04T12:00:00+02:00,4.483,35826.34504276341,7.2419543957432735,136.3743541708371,36216.31341266899,"Time-based exit (5 bars, optimal=5)",810.7875499040834,2025-10-02T00:00:00+02:00,2025-10-04T12:00:00+02:00,4.466,4.483
ETH/USDC,Long,jma,12h,"ParamA=30.0, ParamB=0.0, ATR=2.0",2025-10-01T21:00:00+02:00,4337.27,2025-10-04T09:00:00+02:00,4501.9,35657.16491735204,25.881269338331986,1353.4410032909266,129871.65381630785,"Time-based exit (5 bars, optimal=5)",2.9835898316604665,2025-10-01T21:00:00+02:00,2025-10-04T09:00:00+02:00,4337.27,4501.9
SOL/USDC,Long,jma,12h,"ParamA=20.0, ParamB=0.0, ATR=None",2025-10-01T20:00:00+02:00,219.26,2025-10-04T08:00:00+02:00,230.02,35439.767819308756,16.952347976411076,1739.1767843462687,85160.74864013154,"Time-based exit (5 bars, optimal=5)",38.658095358047696,2025-10-01T20:00:00+02:00,2025-10-04T08:00:00+02:00,219.26,230.02
SUI/USDC,Long,jma,12h,"ParamA=20.0, ParamB=0.0, ATR=None",2025-10-01T20:00:00+02:00,3.4929,2025-10-04T08:00:00+02:00,3.5575,35358.02598306573,4.732682367633623,653.9346899441855,23702.443832852376,"Time-based exit (5 bars, optimal=5)",677.4717809890954,2025-10-01T20:00:00+02:00,2025-10-04T08:00:00+02:00,3.4929,3.5575
LUNC/USDT,Long,jma,12h,"ParamA=20.0, ParamB=0.0, ATR=None",2025-10-01T07:00:00+02:00,5.396e-05,2025-10-03T07:00:00+02:00,5.678e-05,35128.54466368197,31.981366288178872,1835.8505550701127,160710.53811141738,"Time-based exit (4 bars, optimal=4)",296343275.4649636,2025-10-01T07:00:00+02:00,2025-10-03T07:00:00+02:00,5.396e-05,5.678e-05
TNSR/USDC,Long,jma,12h,"ParamA=30.0, ParamB=50.0, ATR=None",2025-10-01T04:00:00+02:00,0.0958,2025-10-02T04:00:00+02:00,0.1033,34788.10780494361,10.767558633058377,2723.4948699068614,54248.51146129315,"Time-based exit (2 bars, optimal=2)",56198.11395124414,2025-10-01T04:00:00+02:00,2025-10-02T04:00:00+02:00,0.0958,0.1033
XRP/USDC,Long,jma,12h,"ParamA=30.0, ParamB=-50.0, ATR=None",2025-09-30T07:00:00+02:00,2.8951,2025-10-02T19:00:00+02:00,3.0369,34576.4166766257,6.633884734935842,1693.5290265433102,33325.2513379761,"Time-based exit (5 bars, optimal=5)",1145.7090834402684,2025-09-30T07:00:00+02:00,2025-10-02T19:00:00+02:00,2.8951,3.0369
TNSR/USDC,Long,jma,12h,"ParamA=30.0, ParamB=50.0, ATR=None",2025-09-29T16:00:00+02:00,0.0982,2025-09-30T16:00:00+02:00,0.0944,34744.47805213245,10.811557930526355,-1344.4910040540046,53837.79316529188,Trend flip,55048.66563404458,2025-09-29T16:00:00+02:00,2025-09-30T16:00:00+02:00,0.0982,0.0944
TAO/USDC,Long,jma,12h,"ParamA=20.0, ParamB=0.0, ATR=None",2025-09-29T15:00:00+02:00,304.5,2025-10-02T03:00:00+02:00,321.7,34500.87580914506,19.430440314823496,1948.8179438991613,97681.54547438552,"Time-based exit (5 bars, optimal=5)",31.90548491760837,2025-09-29T15:00:00+02:00,2025-10-02T03:00:00+02:00,304.5,321.7
ICP/USDC,Long,jma,12h,"ParamA=20.0, ParamB=50.0, ATR=None",2025-09-29T10:00:00+02:00,4.259,2025-10-01T22:00:00+02:00,4.46,34298.53939162578,7.209372231248903,1618.6913401542074,36209.771978716366,"Time-based exit (5 bars, optimal=5)",846.3691278761331,2025-09-29T10:00:00+02:00,2025-10-01T22:00:00+02:00,4.259,4.46
ETH/USDC,Long,jma,12h,"ParamA=30.0, ParamB=0.0, ATR=2.0",2025-09-29T05:00:00+02:00,4123.94,2025-10-01T17:00:00+02:00,4330.65,34084.978274733614,25.75731382232825,1708.488935137317,129406.34669165993,"Time-based exit (5 bars, optimal=5)",3.122901136089304,2025-09-29T05:00:00+02:00,2025-10-01T17:00:00+02:00,4123.94,4330.65
SOL/USDC,Long,jma,12h,"ParamA=20.0, ParamB=0.0, ATR=None",2025-09-29T05:00:00+02:00,210.38,2025-10-01T17:00:00+02:00,220.42,33882.85363686752,16.875189265700836,1616.9971029287462,84761.73988205536,"Time-based exit (5 bars, optimal=5)",40.10644848773846,2025-09-29T05:00:00+02:00,2025-10-01T17:00:00+02:00,210.38,220.42
SUI/USDC,Long,jma,12h,"ParamA=20.0, ParamB=0.0, ATR=None",2025-09-29T04:00:00+02:00,3.2868,2025-10-01T16:00:00+02:00,3.4518,33671.561209598454,4.709979886270163,1690.3394181525332,23663.411838168115,"Time-based exit (5 bars, optimal=5)",716.4993133549597,2025-09-29T04:00:00+02:00,2025-10-01T16:00:00+02:00,3.2868,3.4518
TNSR/USDC,Long,jma,12h,"ParamA=30.0, ParamB=50.0, ATR=None",2025-09-28T15:00:00+02:00,0.0956,2025-09-29T15:00:00+02:00,0.0965,33631.983822777715,10.803547935989712,316.6190945658983,54057.78965263177,"Time-based exit (2 bars, optimal=2)",56503.91179910937,2025-09-28T15:00:00+02:00,2025-09-29T15:00:00+02:00,0.0956,0.0965
LUNC/USDT,Long,jma,12h,"ParamA=20.0, ParamB=0.0, ATR=None",2025-09-28T15:00:00+02:00,5.401e-05,2025-09-30T16:00:00+02:00,5.348e-05,33673.28830991958,32.019190550269016,-330.43589713492435,159906.83144089437,"Time-based exit (4 bars, optimal=4)",296419094.151722,2025-09-28T15:00:00+02:00,2025-09-30T16:00:00+02:00,5.401e-05,5.348e-05
XRP/USDC,Long,jma,12h,"ParamA=30.0, ParamB=-50.0, ATR=None",2025-09-27T14:00:00+02:00,2.7861,2025-09-30T02:00:00+02:00,2.8771,33536.36710257176,6.613606000837341,1095.369658782541,33169.42367467921,"Time-based exit (5 bars, optimal=5)",1186.893148278479,2025-09-27T14:00:00+02:00,2025-09-30T02:00:00+02:00,2.7861,2.8771
TNSR/USDC,Long,jma,12h,"ParamA=30.0, ParamB=50.0, ATR=None",2025-09-27T14:00:00+02:00,0.0972,2025-09-28T14:00:00+02:00,0.0939,33679.296214593574,10.842527491613884,-1143.4328961744725,54017.739679948565,Trend flip,55774.31837249941,2025-09-27T14:00:00+02:00,2025-09-28T14:00:00+02:00,0.0972,0.0939
TAO/USDC,Long,jma,12h,"ParamA=20.0, ParamB=0.0, ATR=None",2025-09-26T14:00:00+02:00,297.3,2025-09-29T02:00:00+02:00,306.3,32629.475117154692,19.375660571343385,987.7742215082147,97152.20157411748,"Time-based exit (5 bars, optimal=5)",32.58604199687754,2025-09-26T14:00:00+02:00,2025-09-29T02:00:00+02:00,297.3,306.3
LUNC/USDT,Long,jma,12h,"ParamA=20.0, ParamB=0.0, ATR=None",2025-09-26T14:00:00+02:00,5.334e-05,2025-09-28T14:00:00+02:00,5.364e-05,33176.707561582196,32.007590049128595,186.59565557695305,160095.95275134506,"Time-based exit (4 bars, optimal=4)",300033652.50401753,2025-09-26T14:00:00+02:00,2025-09-28T14:00:00+02:00,5.334e-05,5.364e-05
ICP/USDC,Long,jma,12h,"ParamA=20.0, ParamB=50.0, ATR=None",2025-09-26T14:00:00+02:00,4.124,2025-09-29T02:00:00+02:00,4.287,33013.600840649066,7.18242039031191,1304.8537674650356,36046.861156244515,"Time-based exit (5 bars, optimal=5)",870.8075157992133,2025-09-26T14:00:00+02:00,2025-09-29T02:00:00+02:00,4.124,4.287
SOL/USDC,Long,jma,12h,"ParamA=20.0, ParamB=0.0, ATR=None",2025-09-26T14:00:00+02:00,196.81,2025-09-29T02:00:00+02:00,209.34,32752.94689484322,16.77176539591996,2085.2315664467537,84375.94632850417,"Time-based exit (5 bars, optimal=5)",42.6090274780752,2025-09-26T14:00:00+02:00,2025-09-29T02:00:00+02:00,196.81,209.34
ETH/USDC,Long,jma,12h,"ParamA=30.0, ParamB=0.0, ATR=2.0",2025-09-26T14:00:00+02:00,3940.33,2025-09-29T02:00:00+02:00,4129.56,33200.03201852932,25.639311719499663,1594.394900646981,128786.56911164123,"Time-based exit (5 bars, optimal=5)",3.253447264505722,2025-09-26T14:00:00+02:00,2025-09-29T02:00:00+02:00,3940.33,4129.56
TNSR/USDC,Long,jma,12h,"ParamA=30.0, ParamB=50.0, ATR=None",2025-09-26T14:00:00+02:00,0.0949,2025-09-27T14:00:00+02:00,0.0972,33577.572798581015,10.81847149735286,813.787328100487,54212.637458069425,"Time-based exit (2 bars, optimal=2)",56999.322957601995,2025-09-26T14:00:00+02:00,2025-09-27T14:00:00+02:00,0.0949,0.0972
SUI/USDC,Long,jma,12h,"ParamA=20.0, ParamB=0.0, ATR=None",2025-09-26T14:00:00+02:00,3.141,2025-09-29T02:00:00+02:00,3.2751,33399.33138111019,4.690891051110315,1425.9313397665967,23549.899431350816,"Time-based exit (5 bars, optimal=5)",746.7193650287035,2025-09-26T14:00:00+02:00,2025-09-29T02:00:00+02:00,3.141,3.2751
XRP/USDC,Long,jma,12h,"ParamA=30.0, ParamB=-50.0, ATR=None",2025-09-24T03:00:00+02:00,2.8425,2025-09-26T16:00:00+02:00,2.7098,32821.00313456705,6.645961369849358,-1532.2241392988715,33068.0300041867,Trend flip,1169.0345417501069,2025-09-24T03:00:00+02:00,2025-09-26T16:00:00+02:00,2.8425,2.7098
TNSR/USDC,Long,jma,12h,"ParamA=30.0, ParamB=50.0, ATR=None",2025-09-18T23:00:00+02:00,0.1236,2025-09-20T01:00:00+02:00,0.1132,33169.87724801707,10.912474163137453,-2790.9929076001436,54092.3574867643,Trend flip,44144.31295767578,2025-09-18T23:00:00+02:00,2025-09-20T01:00:00+02:00,0.1236,0.1132
LUNC/USDT,Long,jma,12h,"ParamA=20.0, ParamB=0.0, ATR=None",2025-09-18T16:00:00+02:00,6.177e-05,2025-09-20T19:00:00+02:00,5.992e-05,33294.5228430869,32.110181481151116,-997.1647605586966,160037.95024564298,Trend flip,259917285.74673072,2025-09-18T16:00:00+02:00,2025-09-20T19:00:00+02:00,6.177e-05,5.992e-05
ETH/USDC,Long,jma,12h,"ParamA=30.0, ParamB=0.0, ATR=2.0",2025-09-17T21:00:00+02:00,4520.45,2025-09-20T09:00:00+02:00,4486.55,33325.762635401275,25.663690309224123,-249.918338514991,128196.55859749831,"Time-based exit (5 bars, optimal=5)",2.8386211891763127,2025-09-17T21:00:00+02:00,2025-09-20T09:00:00+02:00,4520.45,4486.55
TAO/USDC,Long,jma,12h,"ParamA=20.0, ParamB=0.0, ATR=None",2025-09-17T21:00:00+02:00,347.5,2025-09-20T09:00:00+02:00,347.3,33328.1603447786,19.380652134986782,-19.181675018576517,96878.30285671692,"Time-based exit (5 bars, optimal=5)",27.885830410052925,2025-09-17T21:00:00+02:00,2025-09-20T09:00:00+02:00,347.5,347.3
SUI/USDC,Long,jma,12h,"ParamA=20.0, ParamB=0.0, ATR=None",2025-09-17T19:00:00+02:00,3.5686,2025-09-20T07:00:00+02:00,3.7013,33173.961754127755,4.67444380980555,1233.5887252067328,23454.455255551577,"Time-based exit (5 bars, optimal=5)",654.9408465232234,2025-09-17T19:00:00+02:00,2025-09-20T07:00:00+02:00,3.5686,3.7013
TNSR/USDC,Long,jma,12h,"ParamA=30.0, ParamB=50.0, ATR=None",2025-09-17T18:00:00+02:00,0.1174,2025-09-18T18:00:00+02:00,0.1241,32938.983908951035,10.852708464021955,1879.8227614137295,54562.37081568726,"Time-based exit (2 bars, optimal=2)",46221.075230076465,2025-09-17T18:00:00+02:00,2025-09-18T18:00:00+02:00,0.1174,0.1241
ICP/USDC,Long,jma,12h,"ParamA=20.0, ParamB=50.0, ATR=None",2025-09-17T18:00:00+02:00,4.704,2025-09-20T06:00:00+02:00,4.759,32890.91311225742,7.175465801943667,384.5663735489324,35912.101951559554,"Time-based exit (5 bars, optimal=5)",762.6983207848285,2025-09-17T18:00:00+02:00,2025-09-20T06:00:00+02:00,4.704,4.759
ETH/USDC,Long,jma,12h,"ParamA=30.0, ParamB=0.0, ATR=2.0",2025-09-17T14:00:00+02:00,4503.8,2025-09-17T19:00:00+02:00,4443.602809323022,32893.010725463886,25.70318548154487,-439.64359842369817,128318.45154612062,ATR stop x2.00,2.853499875832061,2025-09-17T14:00:00+02:00,2025-09-17T19:00:00+02:00,4503.8,4443.602809323022
XRP/USDC,Long,jma,12h,"ParamA=30.0, ParamB=-50.0, ATR=None",2025-09-17T14:00:00+02:00,3.0254,2025-09-20T02:00:00+02:00,3.0004,32838.055275660925,6.65278937382532,-271.35300518659363,33229.80684924679,"Time-based exit (5 bars, optimal=5)",1099.4892202395256,2025-09-17T14:00:00+02:00,2025-09-20T02:00:00+02:00,3.0254,3.0004
SOL/USDC,Long,jma,12h,"ParamA=20.0, ParamB=0.0, ATR=None",2025-09-17T14:00:00+02:00,234.85,2025-09-20T02:00:00+02:00,239.82,32804.1361500126,16.73968806222338,694.2156979585378,83858.8269795998,"Time-based exit (5 bars, optimal=5)",35.639105944695295,2025-09-17T14:00:00+02:00,2025-09-20T02:00:00+02:00,234.85,239.82
LUNC/USDT,Long,jma,12h,"ParamA=20.0, ParamB=0.0, ATR=None",2025-09-16T15:00:00+02:00,5.931e-05,2025-09-18T15:00:00+02:00,6.1e-05,32776.26841047967,32.02533243901989,933.9385198737247,160550.90740575557,"Time-based exit (4 bars, optimal=4)",269982569.8787716,2025-09-16T15:00:00+02:00,2025-09-18T15:00:00+02:00,5.931e-05,6.1e-05
TNSR/USDC,Long,jma,12h,"ParamA=30.0, ParamB=50.0, ATR=None",2025-09-13T22:00:00+02:00,0.1284,2025-09-15T01:00:00+02:00,0.1229,32952.709123269764,10.901585604213809,-1411.5257023207432,54263.54232010977,Trend flip,42451.65733728118,2025-09-13T22:00:00+02:00,2025-09-15T01:00:00+02:00,0.1284,0.1229
LUNC/USDT,Long,jma,12h,"ParamA=20.0, ParamB=0.0, ATR=None",2025-09-13T22:00:00+02:00,6.164e-05,2025-09-16T02:00:00+02:00,5.854e-05,33161.17693740416,32.19367968733689,-1667.742513075161,160126.66219509946,Trend flip,261142761.90247315,2025-09-13T22:00:00+02:00,2025-09-16T02:00:00+02:00,6.164e-05,5.854e-05
ETH/USDC,Long,jma,12h,"ParamA=30.0, ParamB=0.0, ATR=2.0",2025-09-13T22:00:00+02:00,4660.38,2025-09-14T16:00:00+02:00,4591.461124413905,33222.589942967206,25.746409203080443,-491.3040445043558,128515.92740772436,ATR stop x2.00,2.7622650087632814,2025-09-13T22:00:00+02:00,2025-09-14T16:00:00+02:00,4660.38,4591.461124413905
TAO/USDC,Long,jma,12h,"ParamA=20.0, ParamB=0.0, ATR=None",2025-09-13T05:00:00+02:00,361.2,2025-09-16T03:00:00+02:00,341.9,33445.979827613155,19.48868375781972,-1787.1190771675922,96903.26067493392,Trend flip,26.977690694656317,2025-09-13T05:00:00+02:00,2025-09-16T03:00:00+02:00,361.2,341.9
XRP/USDC,Long,jma,12h,"ParamA=30.0, ParamB=-50.0, ATR=None",2025-09-13T04:00:00+02:00,3.1043,2025-09-15T18:00:00+02:00,3.0072,33577.26354254006,6.675003246207537,-1050.2697194152083,33263.9468691266,Trend flip,1075.122128371539,2025-09-13T04:00:00+02:00,2025-09-15T18:00:00+02:00,3.1043,3.0072
SOL/USDC,Long,jma,12h,"ParamA=20.0, ParamB=0.0, ATR=None",2025-09-13T04:00:00+02:00,242.69,2025-09-15T16:00:00+02:00,233.58,33735.55752304758,16.80613548747113,-1266.3518440601713,83698.4403111169,Trend flip,34.62469711869284,2025-09-13T04:00:00+02:00,2025-09-15T16:00:00+02:00,242.69,233.58
ICP/USDC,Long,jma,12h,"ParamA=20.0, ParamB=50.0, ATR=None",2025-09-13T00:00:00+02:00,4.972,2025-09-15T14:00:00+02:00,4.68,33985.04548770998,7.219307851216144,-1995.9037172991425,35877.329009718334,Trend flip,725.9963647642944,2025-09-13T00:00:00+02:00,2025-09-15T14:00:00+02:00,4.972,4.68
SUI/USDC,Long,jma,12h,"ParamA=20.0, ParamB=0.0, ATR=None",2025-09-13T00:00:00+02:00,3.7273,2025-09-16T00:00:00+02:00,3.5033,34242.278281388746,4.703652135498706,-2057.8623494301737,23372.21904902775,Trend flip,630.9731086173243,2025-09-13T00:00:00+02:00,2025-09-16T00:00:00+02:00,3.7273,3.5033
TNSR/USDC,Long,jma,12h,"ParamA=30.0, ParamB=50.0, ATR=None",2025-09-12T14:00:00+02:00,0.1234,2025-09-13T14:00:00+02:00,0.1308,33987.50967161368,10.838755953414806,2038.1488782004976,54507.928021069034,"Time-based exit (2 bars, optimal=2)",43917.16350654297,2025-09-12T14:00:00+02:00,2025-09-13T14:00:00+02:00,0.1234,0.1308
LUNC/USDT,Long,jma,12h,"ParamA=20.0, ParamB=0.0, ATR=None",2025-09-11T18:00:00+02:00,6.032e-05,2025-09-13T18:00:00+02:00,6.123e-05,33923.53748347136,32.15160543126391,511.7775051385745,160968.39843668445,"Time-based exit (4 bars, optimal=4)",266508665.71007884,2025-09-11T18:00:00+02:00,2025-09-13T18:00:00+02:00,6.032e-05,6.123e-05
TNSR/USDC,Long,jma,12h,"ParamA=30.0, ParamB=50.0, ATR=None",2025-09-11T01:00:00+02:00,0.1238,2025-09-12T01:00:00+02:00,0.1244,33902.99851022203,10.835671550624468,164.31178599461495,54193.77976707403,"Time-based exit (2 bars, optimal=2)",43762.80917053501,2025-09-11T01:00:00+02:00,2025-09-12T01:00:00+02:00,0.1238,0.1244
ETH/USDC,Long,jma,12h,"ParamA=30.0, ParamB=0.0, ATR=2.0",2025-09-10T23:00:00+02:00,4351.27,2025-09-13T11:00:00+02:00,4735.41,33532.952853745934,25.52616366442812,2960.3652518087692,128732.04601540221,"Time-based exit (5 bars, optimal=5)",2.933185445218076,2025-09-10T23:00:00+02:00,2025-09-13T11:00:00+02:00,4351.27,4735.41
SOL/USDC,Long,jma,12h,"ParamA=20.0, ParamB=0.0, ATR=None",2025-09-10T14:00:00+02:00,223.42,2025-09-13T02:00:00+02:00,243.4,33162.24872612311,16.66047630328517,2965.633020982635,84030.67743735565,"Time-based exit (5 bars, optimal=5)",37.285104966621546,2025-09-10T14:00:00+02:00,2025-09-13T02:00:00+02:00,223.42,243.4
TAO/USDC,Long,jma,12h,"ParamA=20.0, ParamB=0.0, ATR=None",2025-09-10T14:00:00+02:00,339.9,2025-09-13T02:00:00+02:00,362.9,32884.10281382611,19.361542393146728,2225.1672983759945,97443.4187890986,"Time-based exit (5 bars, optimal=5)",28.481233293831608,2025-09-10T14:00:00+02:00,2025-09-13T02:00:00+02:00,339.9,362.9
XRP/USDC,Long,jma,12h,"ParamA=30.0, ParamB=-50.0, ATR=None",2025-09-10T13:00:00+02:00,2.9715,2025-09-13T01:00:00+02:00,3.1081,32696.22194901727,6.645781711592308,1503.0469184707256,33375.01623103768,"Time-based exit (5 bars, optimal=5)",1118.2536953714132,2025-09-10T13:00:00+02:00,2025-09-13T01:00:00+02:00,2.9715,3.1081
SUI/USDC,Long,jma,12h,"ParamA=20.0, ParamB=0.0, ATR=None",2025-09-10T09:00:00+02:00,3.5447,2025-09-12T21:00:00+02:00,3.7118,32504.684836000102,4.682514887869375,1532.2969041373367,23518.26067749353,"Time-based exit (5 bars, optimal=5)",660.4952306075795,2025-09-10T09:00:00+02:00,2025-09-12T21:00:00+02:00,3.5447,3.7118
ICP/USDC,Long,jma,12h,"ParamA=20.0, ParamB=50.0, ATR=None",2025-09-10T03:00:00+02:00,4.884,2025-09-12T15:00:00+02:00,4.881,32507.180780470346,7.221195652733222,-19.967555761960426,36096.53925608072,"Time-based exit (5 bars, optimal=5)",739.2706442192078,2025-09-10T03:00:00+02:00,2025-09-12T15:00:00+02:00,4.884,4.881
TNSR/USDC,Long,jma,12h,"ParamA=30.0, ParamB=50.0, ATR=None",2025-09-09T21:00:00+02:00,0.1205,2025-09-10T21:00:00+02:00,0.1225,32439.878128750945,10.819877223623344,538.4212137552029,54178.357753122335,"Time-based exit (2 bars, optimal=2)",44895.75611461968,2025-09-09T21:00:00+02:00,2025-09-10T21:00:00+02:00,0.1205,0.1225
LUNC/USDT,Long,jma,12h,"ParamA=20.0, ParamB=0.0, ATR=None",2025-09-09T13:00:00+02:00,6.084e-05,2025-09-11T13:00:00+02:00,6.031e-05,32475.241125538698,32.18608114684869,-282.9039743020319,160758.02715631956,"Time-based exit (4 bars, optimal=4)",264514144.8623331,2025-09-09T13:00:00+02:00,2025-09-11T13:00:00+02:00,6.084e-05,6.031e-05
TNSR/USDC,Long,jma,12h,"ParamA=30.0, ParamB=50.0, ATR=None",2025-09-08T16:00:00+02:00,0.1175,2025-09-09T16:00:00+02:00,0.1205,32371.92646660273,10.794475755144216,826.51727148773,54099.386118116716,"Time-based exit (2 bars, optimal=2)",45933.93938359241,2025-09-08T16:00:00+02:00,2025-09-09T16:00:00+02:00,0.1175,0.1205
ETH/USDC,Long,jma,12h,"ParamA=30.0, ParamB=0.0, ATR=2.0",2025-09-08T04:00:00+02:00,4309.19,2025-09-10T16:00:00+02:00,4402.64,32284.41065227755,25.476011053640054,700.1265146014357,127630.81832214058,"Time-based exit (5 bars, optimal=5)",2.9560092562221736,2025-09-08T04:00:00+02:00,2025-09-10T16:00:00+02:00,4309.19,4402.64
XRP/USDC,Long,jma,12h,"ParamA=30.0, ParamB=-50.0, ATR=None",2025-09-07T22:00:00+02:00,2.8803,2025-09-10T10:00:00+02:00,2.9698,32159.49852861374,6.6265163398466935,999.2969893104656,33228.90855796154,"Time-based exit (5 bars, optimal=5)",1150.317039865065,2025-09-07T22:00:00+02:00,2025-09-10T10:00:00+02:00,2.8803,2.9698
SUI/USDC,Long,jma,12h,"ParamA=20.0, ParamB=0.0, ATR=None",2025-09-07T17:00:00+02:00,3.4085,2025-09-10T05:00:00+02:00,3.542,31731.404116093974,4.665175926978735,1242.8172068354222,23412.574439346874,"Time-based exit (5 bars, optimal=5)",684.3444223234172,2025-09-07T17:00:00+02:00,2025-09-10T05:00:00+02:00,3.4085,3.542
SOL/USDC,Long,jma,12h,"ParamA=20.0, ParamB=0.0, ATR=None",2025-09-07T17:00:00+02:00,205.18,2025-09-10T05:00:00+02:00,219.22,31886.756266948403,16.550534870352934,2181.938093322718,83302.38151642584,"Time-based exit (5 bars, optimal=5)",40.3317449808776,2025-09-07T17:00:00+02:00,2025-09-10T05:00:00+02:00,205.18,219.22
TNSR/USDC,Long,jma,12h,"ParamA=30.0, ParamB=50.0, ATR=None",2025-09-07T15:00:00+02:00,0.1139,2025-09-08T15:00:00+02:00,0.1157,31629.602257697738,10.77959631587484,499.8532402445637,53972.37877572108,"Time-based exit (2 bars, optimal=2)",47320.440368195086,2025-09-07T15:00:00+02:00,2025-09-08T15:00:00+02:00,0.1139,0.1157
ICP/USDC,Long,jma,12h,"ParamA=20.0, ParamB=50.0, ATR=None",2025-09-07T15:00:00+02:00,4.836,2025-09-10T03:00:00+02:00,4.884,31692.083912728307,7.215476984373895,314.56162692534326,36105.97826366611,"Time-based exit (5 bars, optimal=5)",746.0170579377476,2025-09-07T15:00:00+02:00,2025-09-10T03:00:00+02:00,4.836,4.884
LUNC/USDT,Long,jma,12h,"ParamA=20.0, ParamB=0.0, ATR=None",2025-09-07T10:00:00+02:00,5.943e-05,2025-09-09T10:00:00+02:00,6.087e-05,31534.092638399205,32.11468959206548,764.0769543882693,160930.40573424345,"Time-based exit (4 bars, optimal=4)",270189210.76952285,2025-09-07T10:00:00+02:00,2025-09-09T10:00:00+02:00,5.943e-05,6.087e-05
TAO/USDC,Long,jma,12h,"ParamA=20.0, ParamB=0.0, ATR=None",2025-09-07T02:00:00+02:00,319.2,2025-09-09T14:00:00+02:00,343.4,31238.055303520912,19.219673266070956,2368.298679026334,96807.71196573363,"Time-based exit (5 bars, optimal=5)",30.10600448945952,2025-09-07T02:00:00+02:00,2025-09-09T14:00:00+02:00,319.2,343.4
ICP/USDC,Long,jma,12h,"ParamA=20.0, ParamB=50.0, ATR=None",2025-09-05T03:00:00+02:00,4.747,2025-09-07T15:00:00+02:00,4.836,31165.017423000398,7.203412217326271,584.3030441641138,36077.384921869474,"Time-based exit (5 bars, optimal=5)",758.7331174769613,2025-09-05T03:00:00+02:00,2025-09-07T15:00:00+02:00,4.747,4.836
SUI/USDC,Long,jma,12h,"ParamA=20.0, ParamB=0.0, ATR=None",2025-09-05T03:00:00+02:00,3.3027,2025-09-07T15:00:00+02:00,3.4056,31044.114850178037,4.651613530627678,967.2205825788959,23325.879634893678,"Time-based exit (5 bars, optimal=5)",704.2137539933506,2025-09-05T03:00:00+02:00,2025-09-07T15:00:00+02:00,3.3027,3.4056
XRP/USDC,Long,jma,12h,"ParamA=30.0, ParamB=-50.0, ATR=None",2025-09-05T03:00:00+02:00,2.805,2025-09-07T15:00:00+02:00,2.8489,30983.500960153495,6.61748306261078,484.91112019633977,33132.581699233466,"Time-based exit (5 bars, optimal=5)",1179.5869986828484,2025-09-05T03:00:00+02:00,2025-09-07T15:00:00+02:00,2.805,2.8489
SOL/USDC,Long,jma,12h,"ParamA=20.0, ParamB=0.0, ATR=None",2025-09-05T03:00:00+02:00,203.5,2025-09-07T15:00:00+02:00,203.46,30984.262244238118,16.554171093684076,-6.09027267699891,82752.67435176467,"Time-based exit (5 bars, optimal=5)",40.673639050820825,2025-09-05T03:00:00+02:00,2025-09-07T15:00:00+02:00,203.5,203.46
TNSR/USDC,Long,jma,12h,"ParamA=30.0, ParamB=50.0, ATR=None",2025-09-05T02:00:00+02:00,0.1117,2025-09-06T02:00:00+02:00,0.1138,30911.618556940026,10.761516582643873,581.1494983847288,53897.9815793742,"Time-based exit (2 bars, optimal=2)",48171.51558927428,2025-09-05T02:00:00+02:00,2025-09-06T02:00:00+02:00,0.1117,0.1138
LUNC/USDT,Long,jma,12h,"ParamA=20.0, ParamB=0.0, ATR=None",2025-09-05T02:00:00+02:00,5.849e-05,2025-09-07T02:00:00+02:00,5.911e-05,30870.7144644286,32.0870943617597,327.23274009139794,160573.4479603274,"Time-based exit (4 bars, optimal=4)",274295557.8881835,2025-09-05T02:00:00+02:00,2025-09-07T02:00:00+02:00,5.849e-05,5.911e-05
TNSR/USDC,Long,jma,12h,"ParamA=30.0, ParamB=50.0, ATR=None",2025-09-03T15:00:00+02:00,0.1152,2025-09-04T16:00:00+02:00,0.1107,31022.19000154552,10.805888261316907,-1211.8042969353694,53807.58291321937,Trend flip,46900.55668974352,2025-09-03T15:00:00+02:00,2025-09-04T16:00:00+02:00,0.1152,0.1107
ETH/USDC,Long,jma,12h,"ParamA=30.0, ParamB=0.0, ATR=2.0",2025-09-03T03:00:00+02:00,4325.64,2025-09-05T15:00:00+02:00,4443.78,30886.685438612127,25.411690087938673,843.5637310820176,127380.05526820026,"Time-based exit (5 bars, optimal=5)",2.9373329828578743,2025-09-03T03:00:00+02:00,2025-09-05T15:00:00+02:00,4325.64,4443.78
TAO/USDC,Long,jma,12h,"ParamA=20.0, ParamB=0.0, ATR=None",2025-09-03T03:00:00+02:00,322.2,2025-09-05T15:00:00+02:00,324.7,30992.13090499738,19.208610727875225,240.47277238514417,96098.36633035478,"Time-based exit (5 bars, optimal=5)",29.80852068261208,2025-09-03T03:00:00+02:00,2025-09-05T15:00:00+02:00,322.2,324.7
TNSR/USDC,Long,jma,12h,"ParamA=30.0, ParamB=50.0, ATR=None",2025-09-02T15:00:00+02:00,0.1145,2025-09-03T15:00:00+02:00,0.1152,30863.100100107677,10.801445046804204,188.6827080355907,54029.44130658453,"Time-based exit (2 bars, optimal=2)",47167.882300455036,2025-09-02T15:00:00+02:00,2025-09-03T15:00:00+02:00,0.1145,0.1152
SUI/USDC,Long,jma,12h,"ParamA=20.0, ParamB=0.0, ATR=None",2025-09-02T11:00:00+02:00,3.2902,2025-09-04T23:00:00+02:00,3.2842,30977.49739307556,4.653392800665654,-56.49048214651401,23258.06765313839,"Time-based exit (5 bars, optimal=5)",707.1595648692563,2025-09-02T11:00:00+02:00,2025-09-04T23:00:00+02:00,3.2902,3.2842
ICP/USDC,Long,jma,12h,"ParamA=20.0, ParamB=50.0, ATR=None",2025-09-02T11:00:00+02:00,4.833,2025-09-05T01:00:00+02:00,4.699,30970.436082807246,7.22488895842084,-858.6878615965614,36017.06108663135,Trend flip,747.4538545852306,2025-09-02T11:00:00+02:00,2025-09-05T01:00:00+02:00,4.833,4.699
XRP/USDC,Long,jma,12h,"ParamA=30.0, ParamB=-50.0, ATR=None",2025-09-02T10:00:00+02:00,2.8063,2025-09-04T22:00:00+02:00,2.802,30983.43175311094,6.619821360056301,-47.474880283066405,33087.4153130539,"Time-based exit (5 bars, optimal=5)",1179.4571785012831,2025-09-02T10:00:00+02:00,2025-09-04T22:00:00+02:00,2.8063,2.802
SOL/USDC,Long,jma,12h,"ParamA=20.0, ParamB=0.0, ATR=None",2025-09-02T10:00:00+02:00,203.14,2025-09-04T22:00:00+02:00,202.66,30992.585810158344,16.56139666946443,-73.23245637922462,82770.85546842038,"Time-based exit (5 bars, optimal=5)",40.763504650645935,2025-09-02T10:00:00+02:00,2025-09-04T22:00:00+02:00,203.14,202.66
LUNC/USDT,Long,jma,12h,"ParamA=20.0, ParamB=0.0, ATR=None",2025-09-02T08:00:00+02:00,5.896e-05,2025-09-04T11:00:00+02:00,5.867e-05,31011.652506280334,32.109309472886196,-152.5335689759373,160435.4718087985,"Time-based exit (4 bars, optimal=4)",272297400.5502561,2025-09-02T08:00:00+02:00,2025-09-04T11:00:00+02:00,5.896e-05,5.867e-05
TNSR/USDC,Long,jma,12h,"ParamA=30.0, ParamB=50.0, ATR=None",2025-08-31T10:00:00+02:00,0.1202,2025-09-01T12:00:00+02:00,0.1164,31134.688922571695,10.837875456116093,-984.2913303308849,54007.22523402102,Trend flip,45082.67660614015,2025-08-31T10:00:00+02:00,2025-09-01T12:00:00+02:00,0.1202,0.1164
ETH/USDC,Long,jma,12h,"ParamA=30.0, ParamB=0.0, ATR=2.0",2025-08-31T10:00:00+02:00,4471.97,2025-09-01T01:00:00+02:00,4408.9141273592495,31189.661656431606,25.452669509443894,-439.78187087928995,127058.45043969338,ATR stop x2.00,2.8458005654604004,2025-08-31T10:00:00+02:00,2025-09-01T01:00:00+02:00,4471.97,4408.9141273592495
TAO/USDC,Long,jma,12h,"ParamA=20.0, ParamB=0.0, ATR=None",2025-08-31T10:00:00+02:00,327.8,2025-09-03T01:00:00+02:00,321.2,31268.357186262805,19.251221821544657,-629.5642386495888,96043.05363937613,Trend flip,29.364279776608686,2025-08-31T10:00:00+02:00,2025-09-03T01:00:00+02:00,327.8,321.2
LUNC/USDT,Long,jma,12h,"ParamA=20.0, ParamB=0.0, ATR=None",2025-08-30T21:00:00+02:00,5.862e-05,2025-09-01T21:00:00+02:00,5.829e-05,31290.375746473346,32.133825904645995,-176.1484816843425,160546.54736443097,"Time-based exit (4 bars, optimal=4)",274085857.2555953,2025-08-30T21:00:00+02:00,2025-09-01T21:00:00+02:00,5.862e-05,5.829e-05
TNSR/USDC,Long,jma,12h,"ParamA=30.0, ParamB=50.0, ATR=None",2025-08-30T04:00:00+02:00,0.1173,2025-08-31T04:00:00+02:00,0.1202,31193.974928811844,10.81330445722412,771.2065412920233,54189.37728058047,"Time-based exit (2 bars, optimal=2)",46092.516867963,2025-08-30T04:00:00+02:00,2025-08-31T04:00:00+02:00,0.1173,0.1202
LUNC/USDT,Long,jma,12h,"ParamA=20.0, ParamB=0.0, ATR=None",2025-08-28T15:00:00+02:00,6.029e-05,2025-08-30T18:00:00+02:00,5.849e-05,31310.82574640916,32.23651757977182,-934.8065407785135,160669.12952322996,Trend flip,267345476.6940771,2025-08-28T15:00:00+02:00,2025-08-30T18:00:00+02:00,6.029e-05,5.849e-05
ETH/USDC,Long,jma,12h,"ParamA=30.0, ParamB=0.0, ATR=2.0",2025-08-28T05:00:00+02:00,4542.5,2025-08-28T21:00:00+02:00,4438.741178998108,31400.481137209626,25.516055954149767,-717.2431264037475,127263.34754721947,ATR stop x2.00,2.808591739587206,2025-08-28T05:00:00+02:00,2025-08-28T21:00:00+02:00,4542.5,4438.741178998108
TNSR/USDC,Long,jma,12h,"ParamA=30.0, ParamB=50.0, ATR=None",2025-08-28T03:00:00+02:00,0.1202,2025-08-29T03:00:00+02:00,0.1221,31338.560105387416,10.7983951256513,495.368254577671,54066.5222861206,"Time-based exit (2 bars, optimal=2)",44918.44894197712,2025-08-28T03:00:00+02:00,2025-08-29T03:00:00+02:00,0.1202,0.1221
SUI/USDC,Long,jma,12h,"ParamA=20.0, ParamB=0.0, ATR=None",2025-08-28T03:00:00+02:00,3.4722,2025-08-30T18:00:00+02:00,3.2976,31536.789015085662,4.677851001615417,-1585.831277585955,23266.96400332827,Trend flip,673.6148553676944,2025-08-28T03:00:00+02:00,2025-08-30T18:00:00+02:00,3.4722,3.2976
ETH/USDC,Long,jma,12h,"ParamA=30.0, ParamB=0.0, ATR=2.0",2025-08-27T05:00:00+02:00,4603.97,2025-08-28T00:00:00+02:00,4492.212409342363,31632.771458608255,25.583273905263916,-767.8595481807533,127580.27977074884,ATR stop x2.00,2.778392768117941,2025-08-27T05:00:00+02:00,2025-08-28T00:00:00+02:00,4603.97,4492.212409342363
TAO/USDC,Long,jma,12h,"ParamA=20.0, ParamB=0.0, ATR=None",2025-08-27T04:00:00+02:00,334.8,2025-08-29T19:00:00+02:00,316.1,31855.177303732133,19.36324641466097,-1779.2467609910111,96256.10910772328,Trend flip,28.917632041011007,2025-08-27T04:00:00+02:00,2025-08-29T19:00:00+02:00,334.8,316.1
TNSR/USDC,Long,jma,12h,"ParamA=30.0, ParamB=50.0, ATR=None",2025-08-26T14:00:00+02:00,0.1167,2025-08-27T14:00:00+02:00,0.1196,31756.53340177717,10.773776999048332,789.151215639707,53991.97562825649,"Time-based exit (2 bars, optimal=2)",46160.1413840974,2025-08-26T14:00:00+02:00,2025-08-27T14:00:00+02:00,0.1167,0.1196
XRP/USDC,Long,jma,12h,"ParamA=30.0, ParamB=-50.0, ATR=None",2025-08-26T14:00:00+02:00,2.9183,2025-08-29T02:00:00+02:00,2.9586,31701.810491059045,6.612012963128177,437.7832857450182,33099.10680028151,"Time-based exit (5 bars, optimal=5)",1132.8535385546684,2025-08-26T14:00:00+02:00,2025-08-29T02:00:00+02:00,2.9183,2.9586
SOL/USDC,Long,jma,12h,"ParamA=20.0, ParamB=0.0, ATR=None",2025-08-26T14:00:00+02:00,190.58,2025-08-29T02:00:00+02:00,215.11,31199.83497426897,16.354169146092655,4015.8041343205887,82806.98334732215,"Time-based exit (5 bars, optimal=5)",42.90631006950534,2025-08-26T14:00:00+02:00,2025-08-29T02:00:00+02:00,190.58,215.11
ICP/USDC,Long,jma,12h,"ParamA=20.0, ParamB=50.0, ATR=None",2025-08-26T14:00:00+02:00,5.018,2025-08-29T02:00:00+02:00,5.098,31137.78279651585,7.21482960532186,496.4174220249642,36124.444792104194,"Time-based exit (5 bars, optimal=5)",718.8949387526764,2025-08-26T14:00:00+02:00,2025-08-29T02:00:00+02:00,5.018,5.098
LUNC/USDT,Long,jma,12h,"ParamA=20.0, ParamB=0.0, ATR=None",2025-08-26T14:00:00+02:00,5.867e-05,2025-08-28T14:00:00+02:00,6.024e-05,31033.97475924804,32.15689760555045,830.4642981424822,161182.58789885908,"Time-based exit (4 bars, optimal=4)",274048897.269051,2025-08-26T14:00:00+02:00,2025-08-28T14:00:00+02:00,5.867e-05,6.024e-05
TNSR/USDC,Long,jma,12h,"ParamA=30.0, ParamB=50.0, ATR=None",2025-08-23T18:00:00+02:00,0.1278,2025-08-24T19:00:00+02:00,0.1278,31033.97475924804,10.775932185485429,0.0,53868.88499524166,"Time-based exit (2 bars, optimal=2)",42159.3590981433,2025-08-23T18:00:00+02:00,2025-08-24T19:00:00+02:00,0.1278,0.1278
ETH/USDC,Long,jma,12h,"ParamA=30.0, ParamB=0.0, ATR=2.0",2025-08-23T16:00:00+02:00,4725.39,2025-08-25T08:00:00+02:00,4623.291640392968,31118.018049778144,25.643809541276518,-672.3463242408319,127916.36952631957,ATR stop x2.00,2.713406675562918,2025-08-23T16:00:00+02:00,2025-08-25T08:00:00+02:00,4725.39,4623.291640392968
SOL/USDC,Long,jma,12h,"ParamA=20.0, ParamB=0.0, ATR=None",2025-08-23T06:00:00+02:00,204.6,2025-08-25T20:00:00+02:00,196.48,31753.616234940226,16.422630485259262,-1260.2119444169832,81770.84573046328,Trend flip,40.13350558470005,2025-08-23T06:00:00+02:00,2025-08-25T20:00:00+02:00,204.6,196.48
LUNC/USDT,Long,jma,12h,"ParamA=20.0, ParamB=0.0, ATR=None",2025-08-23T06:00:00+02:00,6.24e-05,2025-08-25T17:00:00+02:00,5.87e-05,32793.58828889778,32.35521850255134,-1944.491613284004,160784.48802775223,Trend flip,259256558.51403317,2025-08-23T06:00:00+02:00,2025-08-25T17:00:00+02:00,6.24e-05,5.87e-05
TAO/USDC,Long,jma,12h,"ParamA=20.0, ParamB=0.0, ATR=None",2025-08-23T06:00:00+02:00,363.3,2025-08-26T07:00:00+02:00,320.9,32550.526837237278,19.595864919488054,-3798.905416732347,96816.23207330485,Trend flip,26.969260830564345,2025-08-23T06:00:00+02:00,2025-08-26T07:00:00+02:00,363.3,320.9
SUI/USDC,Long,jma,12h,"ParamA=20.0, ParamB=0.0, ATR=None",2025-08-23T06:00:00+02:00,3.7026,2025-08-26T10:00:00+02:00,3.4052,32075.663660145736,4.7166796213780176,-2576.3794016440734,23389.255008077085,Trend flip,636.9415574701584,2025-08-23T06:00:00+02:00,2025-08-26T10:00:00+02:00,3.7026,3.4052
XRP/USDC,Long,jma,12h,"ParamA=30.0, ParamB=-50.0, ATR=None",2025-08-23T06:00:00+02:00,3.032,2025-08-25T21:00:00+02:00,2.8774,31596.089741888103,6.6472362999651695,-1611.067108870678,33060.064815640886,Trend flip,1096.1801286222246,2025-08-23T06:00:00+02:00,2025-08-25T21:00:00+02:00,3.032,2.8774
ICP/USDC,Long,jma,12h,"ParamA=20.0, ParamB=50.0, ATR=None",2025-08-23T06:00:00+02:00,5.418,2025-08-25T19:00:00+02:00,5.036,31394.706353279267,7.267523307537433,-2213.5064280089878,36074.1480266093,Trend flip,670.6832140584563,2025-08-23T06:00:00+02:00,2025-08-25T19:00:00+02:00,5.418,5.036
TNSR/USDC,Long,jma,12h,"ParamA=30.0, ParamB=50.0, ATR=None",2025-08-22T16:00:00+02:00,0.1261,2025-08-23T16:00:00+02:00,0.1271,32761.112958843412,10.769545614343155,259.80264043492025,53879.66092742714,"Time-based exit (2 bars, optimal=2)",42702.40132570641,2025-08-22T16:00:00+02:00,2025-08-23T16:00:00+02:00,0.1261,0.1271
LUNC/USDT,Long,jma,12h,"ParamA=20.0, ParamB=0.0, ATR=None",2025-08-21T03:00:00+02:00,6.031e-05,2025-08-23T03:00:00+02:00,6.245e-05,32616.445421944554,32.2472439717411,1157.3402951908715,161776.0925127567,"Time-based exit (4 bars, optimal=4)",267345746.73968747,2025-08-21T03:00:00+02:00,2025-08-23T03:00:00+02:00,6.031e-05,6.245e-05
ETH/USDC,Long,jma,12h,"ParamA=30.0, ParamB=0.0, ATR=2.0",2025-08-20T16:00:00+02:00,4213.5,2025-08-23T04:00:00+02:00,4713.01,32140.168702220857,25.34837449224894,3810.2137577895687,128219.0477063826,"Time-based exit (5 bars, optimal=5)",3.007995074433243,2025-08-20T16:00:00+02:00,2025-08-23T04:00:00+02:00,4213.5,4713.01
TNSR/USDC,Long,jma,12h,"ParamA=30.0, ParamB=50.0, ATR=None",2025-08-20T16:00:00+02:00,0.1221,2025-08-21T16:00:00+02:00,0.1208,32183.00029557082,10.783183117512742,-342.65274679968815,53847.72807171578,Trend flip,44157.1790233937,2025-08-20T16:00:00+02:00,2025-08-21T16:00:00+02:00,0.1221,0.1208
TAO/USDC,Long,jma,12h,"ParamA=20.0, ParamB=0.0, ATR=None",2025-08-20T16:00:00+02:00,343.8,2025-08-23T04:00:00+02:00,359.3,32002.64796736613,19.511799596525986,1442.8186256375072,97979.32459744027,"Time-based exit (5 bars, optimal=5)",28.376671897216386,2025-08-20T16:00:00+02:00,2025-08-23T04:00:00+02:00,343.8,359.3
ICP/USDC,Long,jma,12h,"ParamA=20.0, ParamB=50.0, ATR=None",2025-08-20T16:00:00+02:00,5.121,2025-08-23T04:00:00+02:00,5.396,31789.260769756216,7.230143142761194,1707.0975808793091,36337.616537687165,"Time-based exit (5 bars, optimal=5)",705.9307891780115,2025-08-20T16:00:00+02:00,2025-08-23T04:00:00+02:00,5.121,5.396
XRP/USDC,Long,jma,12h,"ParamA=30.0, ParamB=-50.0, ATR=None",2025-08-20T14:00:00+02:00,2.8935,2025-08-23T02:00:00+02:00,3.0383,31591.642408740765,6.615453544011698,1580.9468881236096,33236.18149982585,"Time-based exit (5 bars, optimal=5)",1143.1576886144285,2025-08-20T14:00:00+02:00,2025-08-23T02:00:00+02:00,2.8935,3.0383
SUI/USDC,Long,jma,12h,"ParamA=20.0, ParamB=0.0, ATR=None",2025-08-20T14:00:00+02:00,3.4786,2025-08-23T02:00:00+02:00,3.7324,31306.129000319237,4.6834457096714885,2284.1072673722256,23583.398106890087,"Time-based exit (5 bars, optimal=5)",673.1796857459162,2025-08-20T14:00:00+02:00,2025-08-23T02:00:00+02:00,3.4786,3.7324
SOL/USDC,Long,jma,12h,"ParamA=20.0, ParamB=0.0, ATR=None",2025-08-20T14:00:00+02:00,181.93,2025-08-23T02:00:00+02:00,198.51,30953.514485010142,16.277542316698003,2820.9161224727513,82113.1524262963,"Time-based exit (5 bars, optimal=5)",44.735728897647455,2025-08-20T14:00:00+02:00,2025-08-23T02:00:00+02:00,181.93,198.51
LUNC/USDT,Long,jma,12h,"ParamA=20.0, ParamB=0.0, ATR=None",2025-08-19T02:00:00+02:00,5.927e-05,2025-08-21T02:00:00+02:00,5.996e-05,30908.536228729932,32.21618228871308,359.82605024166884,161236.2198587055,"Time-based exit (4 bars, optimal=4)",271774778.8823442,2025-08-19T02:00:00+02:00,2025-08-21T02:00:00+02:00,5.927e-05,5.996e-05
TNSR/USDC,Long,jma,12h,"ParamA=30.0, ParamB=50.0, ATR=None",2025-08-17T05:00:00+02:00,0.1292,2025-08-18T08:00:00+02:00,0.122,31125.353708120867,10.845793229138286,-1734.5398351274814,53915.9155875637,Trend flip,41972.88401369305,2025-08-17T05:00:00+02:00,2025-08-18T08:00:00+02:00,0.1292,0.122
ICP/USDC,Long,jma,12h,"ParamA=20.0, ParamB=50.0, ATR=None",2025-08-17T04:00:00+02:00,5.464,2025-08-20T01:00:00+02:00,5.029,31438.211088785712,7.289635318794123,-2502.859045318777,36150.71571380597,Trend flip,667.0603329789643,2025-08-17T04:00:00+02:00,2025-08-20T01:00:00+02:00,5.464,5.029
ETH/USDC,Long,jma,12h,"ParamA=30.0, ParamB=0.0, ATR=2.0",2025-08-17T04:00:00+02:00,4436.7,2025-08-18T04:00:00+02:00,4366.0921551542815,31500.87616013432,25.39386632417111,-501.3205707888637,126741.8724612447,ATR stop x2.00,2.861796642118141,2025-08-17T04:00:00+02:00,2025-08-18T04:00:00+02:00,4436.7,4366.0921551542815
SOL/USDC,Long,jma,12h,"ParamA=20.0, ParamB=0.0, ATR=None",2025-08-17T04:00:00+02:00,191.66,2025-08-19T16:00:00+02:00,178.6,31771.495835346694,16.392521925301175,-2164.9574016989873,81387.71158349002,Trend flip,42.764588138633975,2025-08-17T04:00:00+02:00,2025-08-19T16:00:00+02:00,191.66,178.6
SUI/USDC,Long,jma,12h,"ParamA=20.0, ParamB=0.0, ATR=None",2025-08-17T04:00:00+02:00,3.793,2025-08-20T00:00:00+02:00,3.4595,32124.565389705607,4.725943818643964,-2824.5564348712974,23417.228548357445,Trend flip,622.9823119752127,2025-08-17T04:00:00+02:00,2025-08-20T00:00:00+02:00,3.793,3.4595
XRP/USDC,Long,jma,12h,"ParamA=30.0, ParamB=-50.0, ATR=None",2025-08-17T03:00:00+02:00,3.107,2025-08-20T08:00:00+02:00,2.8858,32413.017249034805,6.66423177396485,-2307.6148746335693,33077.26772005849,Trend flip,1072.45442130107,2025-08-17T03:00:00+02:00,2025-08-20T08:00:00+02:00,3.107,2.8858
LUNC/USDT,Long,jma,12h,"ParamA=20.0, ParamB=0.0, ATR=None",2025-08-16T16:00:00+02:00,6.167e-05,2025-08-18T22:00:00+02:00,5.915e-05,32579.42749161399,32.35486382877006,-1331.281940633487,161080.9114435654,Trend flip,262322554.1492627,2025-08-16T16:00:00+02:00,2025-08-18T22:00:00+02:00,6.167e-05,5.915e-05
TAO/USDC,Long,jma,12h,"ParamA=20.0, ParamB=0.0, ATR=None",2025-08-16T14:00:00+02:00,367.4,2025-08-19T03:00:00+02:00,354.7,32720.810963045224,19.58341070325328,-1131.0677714498477,97558.99798262994,Trend flip,26.65134826245683,2025-08-16T14:00:00+02:00,2025-08-19T03:00:00+02:00,367.4,354.7
ETH/USDC,Long,jma,12h,"ParamA=30.0, ParamB=0.0, ATR=2.0",2025-08-15T12:00:00+02:00,4639.7,2025-08-15T16:00:00+02:00,4533.7826979853035,32814.44896500311,25.457072367226782,-749.1040156630978,126969.33162085555,ATR stop x2.00,2.743396379855032,2025-08-15T12:00:00+02:00,2025-08-15T16:00:00+02:00,4639.7,4533.7826979853035
XRP/USDC,Long,jma,12h,"ParamA=30.0, ParamB=-50.0, ATR=None",2025-08-13T06:00:00+02:00,3.2512,2025-08-16T07:00:00+02:00,3.097,33010.15230087892,6.697335795122641,-1565.626687006498,33321.15886982425,Trend flip,1029.9790531377093,2025-08-13T06:00:00+02:00,2025-08-16T07:00:00+02:00,3.2512,3.097
LUNC/USDT,Long,jma,12h,"ParamA=20.0, ParamB=0.0, ATR=None",2025-08-13T06:00:00+02:00,6.183e-05,2025-08-15T10:00:00+02:00,5.868e-05,33221.71709313872,32.52708218208757,-1692.5183380783897,161774.3191438503,Trend flip,263036407.74775648,2025-08-13T06:00:00+02:00,2025-08-15T10:00:00+02:00,6.183e-05,5.868e-05
ICP/USDC,Long,jma,12h,"ParamA=20.0, ParamB=50.0, ATR=None",2025-08-13T04:00:00+02:00,5.72,2025-08-16T04:00:00+02:00,5.444,33423.308727948905,7.326452021048145,-1612.7330784814494,36448.17659397062,Trend flip,640.4241277139987,2025-08-13T04:00:00+02:00,2025-08-16T04:00:00+02:00,5.72,5.444
ETH/USDC,Long,jma,12h,"ParamA=30.0, ParamB=0.0, ATR=2.0",2025-08-13T04:00:00+02:00,4623.79,2025-08-14T14:00:00+02:00,4517.2814659708465,33736.91340384054,25.520963841549282,-777.126381023263,127285.3618361339,ATR stop x2.00,2.759745127000716,2025-08-13T04:00:00+02:00,2025-08-14T14:00:00+02:00,4623.79,4517.2814659708465
TAO/USDC,Long,jma,12h,"ParamA=20.0, ParamB=0.0, ATR=None",2025-08-13T04:00:00+02:00,392.4,2025-08-16T04:00:00+02:00,372.2,33639.77260621263,19.688702108965874,-1731.7110261098237,97917.05351626639,Trend flip,25.08754091356508,2025-08-13T04:00:00+02:00,2025-08-16T04:00:00+02:00,392.4,372.2
TNSR/USDC,Long,jma,12h,"ParamA=30.0, ParamB=50.0, ATR=None",2025-08-13T02:00:00+02:00,0.1429,2025-08-14T02:00:00+02:00,0.144,33712.95599924865,10.839617150563067,259.5119076219256,54228.96614569143,"Time-based exit (2 bars, optimal=2)",37927.28184241801,2025-08-13T02:00:00+02:00,2025-08-14T02:00:00+02:00,0.1429,0.144
SOL/USDC,Long,jma,12h,"ParamA=20.0, ParamB=0.0, ATR=None",2025-08-13T02:00:00+02:00,193.96,2025-08-15T14:00:00+02:00,193.57,33745.39498770139,16.399099151126936,-67.8526708868016,81962.60962650587,"Time-based exit (5 bars, optimal=5)",42.27443584019111,2025-08-13T02:00:00+02:00,2025-08-15T14:00:00+02:00,193.96,193.57
SUI/USDC,Long,jma,12h,"ParamA=20.0, ParamB=0.0, ATR=None",2025-08-12T14:00:00+02:00,3.7419,2025-08-15T02:00:00+02:00,3.7704,33680.88989105845,4.723291005142206,256.5288655215725,23629.71909321982,"Time-based exit (5 bars, optimal=5)",631.1353864537008,2025-08-12T14:00:00+02:00,2025-08-15T02:00:00+02:00,3.7419,3.7704
LUNC/USDT,Long,jma,12h,"ParamA=20.0, ParamB=0.0, ATR=None",2025-08-10T14:00:00+02:00,6.218e-05,2025-08-12T16:00:00+02:00,6.226e-05,33675.47408628419,32.52940287091251,43.326438193996616,162635.41091043781,"Time-based exit (4 bars, optimal=4)",261574484.3270546,2025-08-10T14:00:00+02:00,2025-08-12T16:00:00+02:00,6.218e-05,6.226e-05
ETH/USDC,Long,jma,12h,"ParamA=30.0, ParamB=0.0, ATR=2.0",2025-08-10T11:00:00+02:00,4226.05,2025-08-12T23:00:00+02:00,4586.26,33320.4627902256,25.310292051569352,2840.0903684687037,127604.8192077464,"Time-based exit (5 bars, optimal=5)",2.99455662516645,2025-08-10T11:00:00+02:00,2025-08-12T23:00:00+02:00,4226.05,4586.26
TNSR/USDC,Long,jma,12h,"ParamA=30.0, ParamB=50.0, ATR=None",2025-08-10T03:00:00+02:00,0.1433,2025-08-11T03:00:00+02:00,0.1428,33335.00178262905,10.845570483251223,-116.31193922759623,54198.085752815336,"Time-based exit (2 bars, optimal=2)",37842.18591504264,2025-08-10T03:00:00+02:00,2025-08-11T03:00:00+02:00,0.1433,0.1428
SUI/USDC,Long,jma,12h,"ParamA=20.0, ParamB=0.0, ATR=None",2025-08-09T19:00:00+02:00,3.9505,2025-08-12T07:00:00+02:00,3.6669,33636.843601557084,4.758402486810546,-2414.7345514242716,23616.45502571103,Trend flip,602.2531941286604,2025-08-09T19:00:00+02:00,2025-08-12T07:00:00+02:00,3.9505,3.6669
SOL/USDC,Long,jma,12h,"ParamA=20.0, ParamB=0.0, ATR=None",2025-08-09T19:00:00+02:00,181.67,2025-08-12T07:00:00+02:00,174.84,33795.664809412185,16.46429056406585,-1270.569662840781,81995.49575563468,Trend flip,45.31372974091993,2025-08-09T19:00:00+02:00,2025-08-12T07:00:00+02:00,181.67,174.84
ETH/USDC,Long,jma,12h,"ParamA=30.0, ParamB=0.0, ATR=2.0",2025-08-09T05:00:00+02:00,4051.78,2025-08-10T09:00:00+02:00,3985.460077332093,33864.95290803839,25.35686778890949,-554.3047890096259,126551.46025784676,ATR stop x2.00,3.1291022450514947,2025-08-09T05:00:00+02:00,2025-08-10T09:00:00+02:00,4051.78,3985.460077332093
TAO/USDC,Long,jma,12h,"ParamA=20.0, ParamB=0.0, ATR=None",2025-08-09T05:00:00+02:00,375.1,2025-08-11T17:00:00+02:00,374.7,33869.46763312945,19.694741269565245,-36.117800728480226,98443.51054482936,"Time-based exit (5 bars, optimal=5)",26.25265431826879,2025-08-09T05:00:00+02:00,2025-08-11T17:00:00+02:00,375.1,374.7
TNSR/USDC,Long,jma,12h,"ParamA=30.0, ParamB=50.0, ATR=None",2025-08-09T03:00:00+02:00,0.1362,2025-08-10T03:00:00+02:00,0.1433,33650.197805286625,10.791473665630475,1754.158622742554,54227.85241625611,"Time-based exit (2 bars, optimal=2)",39616.27630554506,2025-08-09T03:00:00+02:00,2025-08-10T03:00:00+02:00,0.1362,0.1433
ICP/USDC,Long,jma,12h,"ParamA=20.0, ParamB=50.0, ATR=None",2025-08-09T03:00:00+02:00,5.459,2025-08-11T15:00:00+02:00,5.518,33604.79839364473,7.320004677854876,363.19529313519774,36632.260105240726,"Time-based exit (5 bars, optimal=5)",670.4528922746726,2025-08-09T03:00:00+02:00,2025-08-11T15:00:00+02:00,5.459,5.518
TNSR/USDC,Long,jma,12h,"ParamA=30.0, ParamB=50.0, ATR=None",2025-08-07T21:00:00+02:00,0.1299,2025-08-08T21:00:00+02:00,0.1357,33192.54477754557,10.745643784418437,1482.038180983559,53957.36832815237,"Time-based exit (2 bars, optimal=2)",41361.21549044818,2025-08-07T21:00:00+02:00,2025-08-08T21:00:00+02:00,0.1299,0.1357
LUNC/USDT,Long,jma,12h,"ParamA=20.0, ParamB=0.0, ATR=None",2025-08-07T21:00:00+02:00,6.047e-05,2025-08-09T21:00:00+02:00,6.376e-05,33377.799550168515,32.35981432586945,1815.990747809729,162647.01435456256,"Time-based exit (4 bars, optimal=4)",267569160.95476642,2025-08-07T21:00:00+02:00,2025-08-09T21:00:00+02:00,6.047e-05,6.376e-05
SOL/USDC,Long,jma,12h,"ParamA=20.0, ParamB=0.0, ATR=None",2025-08-07T07:00:00+02:00,168.8,2025-08-09T19:00:00+02:00,181.67,32341.17468612549,16.34295381384274,2465.822975180298,82321.45282032923,"Time-based exit (5 bars, optimal=5)",48.4092233822356,2025-08-07T07:00:00+02:00,2025-08-09T19:00:00+02:00,168.8,181.67
SUI/USDC,Long,jma,12h,"ParamA=20.0, ParamB=0.0, ATR=None",2025-08-07T07:00:00+02:00,3.4865,2025-08-09T19:00:00+02:00,3.9505,32649.402558023026,4.69683415118418,4345.137756180319,23792.01243405273,"Time-based exit (5 bars, optimal=5)",673.5743799202897,2025-08-07T07:00:00+02:00,2025-08-09T19:00:00+02:00,3.4865,3.9505
XRP/USDC,Long,jma,12h,"ParamA=30.0, ParamB=-50.0, ATR=None",2025-08-07T00:00:00+02:00,2.9995,2025-08-09T12:00:00+02:00,3.334,31896.542519400227,6.624782117826818,3557.057333802095,33486.678975613206,"Time-based exit (5 bars, optimal=5)",1104.3144053720316,2025-08-07T00:00:00+02:00,2025-08-09T12:00:00+02:00,2.9995,3.334
TNSR/USDC,Long,jma,12h,"ParamA=30.0, ParamB=50.0, ATR=None",2025-08-06T16:00:00+02:00,0.124,2025-08-07T16:00:00+02:00,0.1292,31730.21478063079,10.702901230472229,1330.6219101554873,53728.21892209219,"Time-based exit (2 bars, optimal=2)",43156.85980029125,2025-08-06T16:00:00+02:00,2025-08-07T16:00:00+02:00,0.124,0.1292
ETH/USDC,Long,jma,12h,"ParamA=30.0, ParamB=0.0, ATR=2.0",2025-08-06T16:00:00+02:00,3637.21,2025-08-09T04:00:00+02:00,4032.68,31304.74825571582,25.08909453401612,3403.732199319789,126784.33894454746,"Time-based exit (5 bars, optimal=5)",3.4489477558370454,2025-08-06T16:00:00+02:00,2025-08-09T04:00:00+02:00,3637.21,4032.68
TAO/USDC,Long,jma,12h,"ParamA=20.0, ParamB=0.0, ATR=None",2025-08-06T16:00:00+02:00,345.4,2025-08-09T04:00:00+02:00,374.8,30975.1773903151,19.532390572568723,2636.566923205747,98473.70634782623,"Time-based exit (5 bars, optimal=5)",28.27502978078854,2025-08-06T16:00:00+02:00,2025-08-09T04:00:00+02:00,345.4,374.8
ICP/USDC,Long,jma,12h,"ParamA=20.0, ParamB=50.0, ATR=None",2025-08-06T15:00:00+02:00,5.045,2025-08-09T03:00:00+02:00,5.459,30660.670021904094,7.261865134810253,2516.0589472880642,36600.02338927438,"Time-based exit (5 bars, optimal=5)",719.7091312993314,2025-08-06T15:00:00+02:00,2025-08-09T03:00:00+02:00,5.045,5.459
LUNC/USDT,Long,jma,12h,"ParamA=20.0, ParamB=0.0, ATR=None",2025-08-05T11:00:00+02:00,5.917e-05,2025-08-07T11:00:00+02:00,5.924e-05,30656.13662329916,32.36245823533556,36.267188839463856,161799.07162934725,"Time-based exit (4 bars, optimal=4)",273470155.7827916,2025-08-05T11:00:00+02:00,2025-08-07T11:00:00+02:00,5.917e-05,5.924e-05
TNSR/USDC,Long,jma,12h,"ParamA=30.0, ParamB=50.0, ATR=None",2025-08-04T22:00:00+02:00,0.128,2025-08-06T02:00:00+02:00,0.1218,30842.88062709603,10.757157644340873,-1493.9520303749632,53514.506152361144,Trend flip,42020.14704820654,2025-08-04T22:00:00+02:00,2025-08-06T02:00:00+02:00,0.128,0.1218
SUI/USDC,Long,jma,12h,"ParamA=20.0, ParamB=0.0, ATR=None",2025-08-04T14:00:00+02:00,3.4613,2025-08-07T02:00:00+02:00,3.4894,30811.613244459113,4.693962226887999,250.13906109533835,23484.1707559209,"Time-based exit (5 bars, optimal=5)",678.063477145581,2025-08-04T14:00:00+02:00,2025-08-07T02:00:00+02:00,3.4613,3.4894
SOL/USDC,Long,jma,12h,"ParamA=20.0, ParamB=0.0, ATR=None",2025-08-04T09:00:00+02:00,163.07,2025-08-06T21:00:00+02:00,168.86,30675.46699293439,16.288377610438943,1089.1700121977726,81714.7690692137,"Time-based exit (5 bars, optimal=5)",49.94290062684413,2025-08-04T09:00:00+02:00,2025-08-06T21:00:00+02:00,163.07,168.86
XRP/USDC,Long,jma,12h,"ParamA=30.0, ParamB=-50.0, ATR=None",2025-08-04T09:00:00+02:00,3.0122,2025-08-06T21:00:00+02:00,3.0128,30674.703231317515,6.625975330116196,6.110092934993853,33123.91058913409,"Time-based exit (5 bars, optimal=5)",1099.856472033098,2025-08-04T09:00:00+02:00,2025-08-06T21:00:00+02:00,3.0122,3.0128
ETH/USDC,Long,jma,12h,"ParamA=30.0, ParamB=0.0, ATR=2.0",2025-08-04T02:00:00+02:00,3546.91,2025-08-06T14:00:00+02:00,3584.46,30634.163971189748,25.067569814797363,324.3140810221237,125445.4726700806,"Time-based exit (5 bars, optimal=5)",3.533719464942353,2025-08-04T02:00:00+02:00,2025-08-06T14:00:00+02:00,3546.91,3584.46
TAO/USDC,Long,jma,12h,"ParamA=20.0, ParamB=0.0, ATR=None",2025-08-03T17:00:00+02:00,346.7,2025-08-06T09:00:00+02:00,343.9,30665.1209724599,19.552091546496765,-247.65601016120007,97661.95286284361,"Time-based exit (5 bars, optimal=5)",28.197420747759974,2025-08-03T17:00:00+02:00,2025-08-06T09:00:00+02:00,346.7,343.9
TNSR/USDC,Long,jma,12h,"ParamA=30.0, ParamB=50.0, ATR=None",2025-08-03T16:00:00+02:00,0.1231,2025-08-04T16:00:00+02:00,0.1263,30565.800742589585,10.731407496928664,794.5618389625223,53785.788221704366,"Time-based exit (2 bars, optimal=2)",43588.170174365005,2025-08-03T16:00:00+02:00,2025-08-04T16:00:00+02:00,0.1231,0.1263
LUNC/USDT,Long,jma,12h,"ParamA=20.0, ParamB=0.0, ATR=None",2025-08-03T08:00:00+02:00,5.804e-05,2025-08-05T08:00:00+02:00,5.901e-05,30502.079565000742,32.31491455539562,509.76942071072875,161812.2911766778,"Time-based exit (4 bars, optimal=4)",278384860.05681956,2025-08-03T08:00:00+02:00,2025-08-05T08:00:00+02:00,5.804e-05,5.901e-05
ICP/USDC,Long,jma,12h,"ParamA=20.0, ParamB=50.0, ATR=None",2025-08-03T08:00:00+02:00,5.004,2025-08-05T20:00:00+02:00,5.057,30461.750009881744,7.255631439629347,322.6364409519899,36309.325674051266,"Time-based exit (5 bars, optimal=5)",724.9831574369853,2025-08-03T08:00:00+02:00,2025-08-05T20:00:00+02:00,5.004,5.057
ICP/USDC,Long,jma,12h,"ParamA=20.0, ParamB=50.0, ATR=None",2025-07-31T08:00:00+02:00,5.549,2025-08-03T07:00:00+02:00,4.991,30849.523348055627,7.330815298427408,-3102.1867053910723,36278.157198146735,Trend flip,660.5528291969191,2025-07-31T08:00:00+02:00,2025-08-03T07:00:00+02:00,5.549,4.991
ETH/USDC,Long,jma,12h,"ParamA=30.0, ParamB=0.0, ATR=2.0",2025-07-31T01:00:00+02:00,3810.78,2025-07-31T22:00:00+02:00,3727.385305920089,30934.14327544187,25.12758426311782,-676.9594190899529,125337.84907398681,ATR stop x2.00,3.296908279029204,2025-07-31T01:00:00+02:00,2025-07-31T22:00:00+02:00,3810.78,3727.385305920089
ETH/USDC,Long,jma,12h,"ParamA=30.0, ParamB=0.0, ATR=2.0",2025-07-30T16:00:00+02:00,3819.68,2025-07-30T20:00:00+02:00,3743.357222407068,31011.600401439333,25.18294003837902,-619.657007979707,125637.9213155891,ATR stop x2.00,3.2964724843938527,2025-07-30T16:00:00+02:00,2025-07-30T20:00:00+02:00,3819.68,3743.357222407068
TAO/USDC,Long,jma,12h,"ParamA=20.0, ParamB=0.0, ATR=None",2025-07-28T12:00:00+02:00,433.0,2025-07-31T09:00:00+02:00,378.6,31506.388957820815,19.804871226216882,-3958.3084510518515,97760.45773248383,Trend flip,22.86936631202873,2025-07-28T12:00:00+02:00,2025-07-31T09:00:00+02:00,433.0,378.6
SUI/USDC,Long,jma,12h,"ParamA=20.0, ParamB=0.0, ATR=None",2025-07-28T07:00:00+02:00,4.3189,2025-07-30T20:00:00+02:00,3.7248,32057.612286074444,4.760397464914536,-4409.786626029041,23469.811134439995,Trend flip,551.1122583197731,2025-07-28T07:00:00+02:00,2025-07-30T20:00:00+02:00,4.3189,3.7248
ETH/USDC,Long,jma,12h,"ParamA=30.0, ParamB=0.0, ATR=2.0",2025-07-27T23:00:00+02:00,3838.41,2025-07-28T16:00:00+02:00,3778.584315852337,32120.190683855526,25.22730492528149,-500.62718224864983,125914.7001918951,ATR stop x2.00,3.2861660069249363,2025-07-27T23:00:00+02:00,2025-07-28T16:00:00+02:00,3838.41,3778.584315852337
SOL/USDC,Long,jma,12h,"ParamA=20.0, ParamB=0.0, ATR=None",2025-07-27T17:00:00+02:00,186.56,2025-07-30T06:00:00+02:00,180.3,32255.48182088836,16.34649739969272,-1082.3290962626547,81441.88805219471,Trend flip,43.8102953465178,2025-07-27T17:00:00+02:00,2025-07-30T06:00:00+02:00,186.56,180.3
XRP/USDC,Long,jma,12h,"ParamA=30.0, ParamB=-50.0, ATR=None",2025-07-27T14:00:00+02:00,3.1966,2025-07-30T02:00:00+02:00,3.1212,32350.866578914472,6.642973078524078,-763.0780642088955,33129.87665058098,Trend flip,1039.0685538578612,2025-07-27T14:00:00+02:00,2025-07-30T02:00:00+02:00,3.1966,3.1212
TNSR/USDC,Long,jma,12h,"ParamA=30.0, ParamB=50.0, ATR=None",2025-07-27T12:00:00+02:00,0.1475,2025-07-28T12:00:00+02:00,0.1514,32244.296446590994,10.705243156874069,852.5610585878329,53657.037484643326,"Time-based exit (2 bars, optimal=2)",36288.959853810404,2025-07-27T12:00:00+02:00,2025-07-28T12:00:00+02:00,0.1475,0.1514
LUNC/USDT,Long,jma,12h,"ParamA=20.0, ParamB=0.0, ATR=None",2025-07-27T04:00:00+02:00,6.342e-05,2025-07-29T12:00:00+02:00,6.084e-05,32409.101480134726,32.453429600143096,-1318.440268349851,161574.57277697808,Trend flip,255861160.51831517,2025-07-27T04:00:00+02:00,2025-07-29T12:00:00+02:00,6.342e-05,6.084e-05
ICP/USDC,Long,jma,12h,"ParamA=20.0, ParamB=50.0, ATR=None",2025-07-26T15:00:00+02:00,5.67,2025-07-29T03:00:00+02:00,5.5,32531.021091810384,7.354336203668559,-975.3568934052493,36654.07649213704,Trend flip,648.5305294240352,2025-07-26T15:00:00+02:00,2025-07-29T03:00:00+02:00,5.67,5.5
TNSR/USDC,Long,jma,12h,"ParamA=30.0, ParamB=50.0, ATR=None",2025-07-26T07:00:00+02:00,0.1455,2025-07-27T07:00:00+02:00,0.1466,32500.307742569123,10.699294202228291,245.70679393007978,53526.21578437034,"Time-based exit (2 bars, optimal=2)",36767.334028275916,2025-07-26T07:00:00+02:00,2025-07-27T07:00:00+02:00,0.1455,0.1466
SUI/USDC,Long,jma,12h,"ParamA=20.0, ParamB=0.0, ATR=None",2025-07-25T18:00:00+02:00,3.732,2025-07-28T06:00:00+02:00,4.3053,31887.989140799946,4.689299541670679,4898.548814153429,23801.987324572685,"Time-based exit (5 bars, optimal=5)",628.2555656043246,2025-07-25T18:00:00+02:00,2025-07-28T06:00:00+02:00,3.732,4.3053
TAO/USDC,Long,jma,12h,"ParamA=20.0, ParamB=0.0, ATR=None",2025-07-25T18:00:00+02:00,411.6,2025-07-28T06:00:00+02:00,432.2,31689.735813009615,19.71016665287853,1586.0266223226358,99024.35613108441,"Time-based exit (5 bars, optimal=5)",23.943351133234366,2025-07-25T18:00:00+02:00,2025-07-28T06:00:00+02:00,411.6,432.2
ETH/USDC,Long,jma,12h,"ParamA=30.0, ParamB=0.0, ATR=2.0",2025-07-25T10:00:00+02:00,3665.59,2025-07-27T22:00:00+02:00,3824.09,31519.37371801585,25.12369488406944,1362.8967599501068,126136.52462640745,"Time-based exit (5 bars, optimal=5)",3.4269646747275933,2025-07-25T10:00:00+02:00,2025-07-27T22:00:00+02:00,3665.59,3824.09
TAO/USDC,Long,jma,12h,"ParamA=20.0, ParamB=0.0, ATR=None",2025-07-22T22:00:00+02:00,442.4,2025-07-25T14:00:00+02:00,415.5,31760.774268371635,19.834738133914513,-1931.2044028462847,98550.83326439266,Trend flip,22.417199518438647,2025-07-22T22:00:00+02:00,2025-07-25T14:00:00+02:00,442.4,415.5
ICP/USDC,Long,jma,12h,"ParamA=20.0, ParamB=50.0, ATR=None",2025-07-22T16:00:00+02:00,6.02,2025-07-25T04:00:00+02:00,5.396,32560.904033362152,7.4328677855006156,-3375.0837403352116,36771.681018342795,Trend flip,617.347822715998,2025-07-22T16:00:00+02:00,2025-07-25T04:00:00+02:00,6.02,5.396
XRP/USDC,Long,jma,12h,"ParamA=30.0, ParamB=-50.0, ATR=None",2025-07-22T16:00:00+02:00,3.5217,2025-07-25T16:00:00+02:00,3.0061,33167.90389306284,6.7430442824924,-4855.998877605474,33214.86539262039,Trend flip,957.3564304870375,2025-07-22T16:00:00+02:00,2025-07-25T16:00:00+02:00,3.5217,3.0061
TNSR/USDC,Long,jma,12h,"ParamA=30.0, ParamB=50.0, ATR=None",2025-07-22T16:00:00+02:00,0.1551,2025-07-23T18:00:00+02:00,0.1469,33388.55683150444,10.758324176701903,-1765.223507532791,53496.47101114146,Trend flip,34681.896120895886,2025-07-22T16:00:00+02:00,2025-07-23T18:00:00+02:00,0.1551,0.1469
LUNC/USDT,Long,jma,12h,"ParamA=20.0, ParamB=0.0, ATR=None",2025-07-22T16:00:00+02:00,6.84e-05,2025-07-24T18:00:00+02:00,6.196e-05,32139.01856582025,32.768505487408575,-3025.954379588924,162267.14800071548,Trend flip,239535858.8260861,2025-07-22T16:00:00+02:00,2025-07-24T18:00:00+02:00,6.84e-05,6.196e-05
ETH/USDC,Long,jma,12h,"ParamA=30.0, ParamB=0.0, ATR=2.0",2025-07-22T00:00:00+02:00,3762.9,2025-07-22T06:00:00+02:00,3674.191178397701,33487.23781576366,25.188112446858767,-789.4478740738094,125618.4744203472,ATR stop x2.00,3.346901651234256,2025-07-22T00:00:00+02:00,2025-07-22T06:00:00+02:00,3762.9,3674.191178397701
TNSR/USDC,Long,jma,12h,"ParamA=30.0, ParamB=50.0, ATR=None",2025-07-21T04:00:00+02:00,0.1529,2025-07-22T04:00:00+02:00,0.1591,33155.000749536266,10.717010766069224,1344.4146804913294,53791.62088350951,"Time-based exit (2 bars, optimal=2)",35045.8167628163,2025-07-21T04:00:00+02:00,2025-07-22T04:00:00+02:00,0.1529,0.1591
SOL/USDC,Long,jma,12h,"ParamA=20.0, ParamB=0.0, ATR=None",2025-07-21T04:00:00+02:00,184.44,2025-07-23T16:00:00+02:00,191.71,33323.05258459768,16.285562342226235,1313.4818493278328,81732.4869984636,"Time-based exit (5 bars, optimal=5)",44.148672582482746,2025-07-21T04:00:00+02:00,2025-07-23T16:00:00+02:00,184.44,191.71
SUI/USDC,Long,jma,12h,"ParamA=20.0, ParamB=0.0, ATR=None",2025-07-20T13:00:00+02:00,3.9668,2025-07-23T01:00:00+02:00,4.0102,33109.719860597135,4.685110673837599,362.247111513038,23446.497708353396,"Time-based exit (5 bars, optimal=5)",590.5403188763738,2025-07-20T13:00:00+02:00,2025-07-23T01:00:00+02:00,3.9668,4.0102
TAO/USDC,Long,jma,12h,"ParamA=20.0, ParamB=0.0, ATR=None",2025-07-20T07:00:00+02:00,418.1,2025-07-22T19:00:00+02:00,442.1,32873.83964311485,19.725454117153234,1887.0417398583027,99173.69066957256,"Time-based exit (5 bars, optimal=5)",23.589397413481503,2025-07-20T07:00:00+02:00,2025-07-22T19:00:00+02:00,418.1,442.1
TNSR/USDC,Long,jma,12h,"ParamA=30.0, ParamB=50.0, ATR=None",2025-07-20T03:00:00+02:00,0.1464,2025-07-21T03:00:00+02:00,0.1489,32803.81783250925,10.700877585054378,560.1744848447623,53585.05383034612,"Time-based exit (2 bars, optimal=2)",36546.71306371031,2025-07-20T03:00:00+02:00,2025-07-21T03:00:00+02:00,0.1464,0.1489
LUNC/USDT,Long,jma,12h,"ParamA=20.0, ParamB=0.0, ATR=None",2025-07-20T01:00:00+02:00,6.667e-05,2025-07-22T01:00:00+02:00,7.018e-05,32589.349896897078,32.60337796044904,1715.7434848973855,163842.52743704288,"Time-based exit (4 bars, optimal=4)",244513109.04791537,2025-07-20T01:00:00+02:00,2025-07-22T01:00:00+02:00,6.667e-05,7.018e-05
ICP/USDC,Long,jma,12h,"ParamA=20.0, ParamB=50.0, ATR=None",2025-07-19T17:00:00+02:00,5.614,2025-07-22T05:00:00+02:00,5.965,32336.62997524339,7.388153009505856,2021.759373229503,37164.33892750308,"Time-based exit (5 bars, optimal=5)",658.0114899809276,2025-07-19T17:00:00+02:00,2025-07-22T05:00:00+02:00,5.614,5.965
XRP/USDC,Long,jma,12h,"ParamA=30.0, ParamB=-50.0, ATR=None",2025-07-19T17:00:00+02:00,3.4118,2025-07-22T05:00:00+02:00,3.5022,32229.883482672256,6.726566697962955,853.971940569078,33715.221412462,"Time-based exit (5 bars, optimal=5)",985.7797493937152,2025-07-19T17:00:00+02:00,2025-07-22T05:00:00+02:00,3.4118,3.5022
ETH/USDC,Long,jma,12h,"ParamA=30.0, ParamB=0.0, ATR=2.0",2025-07-19T03:00:00+02:00,3548.28,2025-07-21T15:00:00+02:00,3821.0,31923.182408265006,25.000955855562626,2453.6085952579915,125940.56223429383,"Time-based exit (5 bars, optimal=5)",3.522968291054063,2025-07-19T03:00:00+02:00,2025-07-21T15:00:00+02:00,3548.28,3821.0
ETH/USDC,Long,jma,12h,"ParamA=30.0, ParamB=0.0, ATR=2.0",2025-07-18T19:00:00+02:00,3602.39,2025-07-18T22:00:00+02:00,3498.198049866983,32039.0154907576,25.078506136911194,-926.6646599407519,125004.77927781313,ATR stop x2.00,3.4808149779606308,2025-07-18T19:00:00+02:00,2025-07-18T22:00:00+02:00,3602.39,3498.198049866983
SOL/USDC,Long,jma,12h,"ParamA=20.0, ParamB=0.0, ATR=None",2025-07-18T14:00:00+02:00,180.26,2025-07-21T02:00:00+02:00,180.35,32037.016065312495,16.28800671789323,15.995403560846745,81427.81171113117,"Time-based exit (5 bars, optimal=5)",45.17920425466889,2025-07-18T14:00:00+02:00,2025-07-21T02:00:00+02:00,180.26,180.35
ETH/USDC,Long,jma,12h,"ParamA=30.0, ParamB=0.0, ATR=2.0",2025-07-18T14:00:00+02:00,3640.2,2025-07-18T17:00:00+02:00,3546.852582816429,32140.03889437992,25.148024041580832,-824.182632539388,125392.53068455597,ATR stop x2.00,3.4542091151009333,2025-07-18T14:00:00+02:00,2025-07-18T17:00:00+02:00,3640.2,3546.852582816429
TNSR/USDC,Long,jma,12h,"ParamA=30.0, ParamB=50.0, ATR=None",2025-07-18T12:00:00+02:00,0.1526,2025-07-19T15:00:00+02:00,0.1422,32416.192566307836,10.776476758709252,-2209.229375423343,53504.3879252719,Trend flip,35309.55687650476,2025-07-18T12:00:00+02:00,2025-07-19T15:00:00+02:00,0.1526,0.1422
LUNC/USDT,Long,jma,12h,"ParamA=20.0, ParamB=0.0, ATR=None",2025-07-17T19:00:00+02:00,6.369e-05,2025-07-19T19:00:00+02:00,6.553e-05,32299.551072405287,32.51594279958011,933.1319512203806,163016.88980224516,"Time-based exit (4 bars, optimal=4)",255267253.882714,2025-07-17T19:00:00+02:00,2025-07-19T19:00:00+02:00,6.369e-05,6.553e-05
SUI/USDC,Long,jma,12h,"ParamA=20.0, ParamB=0.0, ATR=None",2025-07-17T06:00:00+02:00,3.9461,2025-07-19T19:00:00+02:00,3.7774,32473.083458159304,4.70617129425852,-1388.2590860321507,23425.553369187997,Trend flip,596.3066438076228,2025-07-17T06:00:00+02:00,2025-07-19T19:00:00+02:00,3.9461,3.7774
XRP/USDC,Long,jma,12h,"ParamA=30.0, ParamB=-50.0, ATR=None",2025-07-17T04:00:00+02:00,3.0505,2025-07-19T16:00:00+02:00,3.3625,32063.16267652208,6.6597835110673,3279.366253097815,33632.83348981477,"Time-based exit (5 bars, optimal=5)",1091.588839709441,2025-07-17T04:00:00+02:00,2025-07-19T16:00:00+02:00,3.0505,3.3625
TNSR/USDC,Long,jma,12h,"ParamA=30.0, ParamB=50.0, ATR=None",2025-07-16T16:00:00+02:00,0.1475,2025-07-17T16:00:00+02:00,0.148,32049.582345019953,10.774979219224546,108.6426520170169,53882.38379354626,"Time-based exit (2 bars, optimal=2)",36525.353285506935,2025-07-16T16:00:00+02:00,2025-07-17T16:00:00+02:00,0.1475,0.148
ETH/USDC,Long,jma,12h,"ParamA=30.0, ParamB=0.0, ATR=2.0",2025-07-15T23:00:00+02:00,3081.15,2025-07-18T11:00:00+02:00,3622.91,31360.319937742184,24.718343949180593,5514.099258222157,125740.12020790417,"Time-based exit (5 bars, optimal=5)",4.0112204776107285,2025-07-15T23:00:00+02:00,2025-07-18T11:00:00+02:00,3081.15,3622.91
LUNC/USDT,Long,jma,12h,"ParamA=20.0, ParamB=0.0, ATR=None",2025-07-15T17:00:00+02:00,6.197e-05,2025-07-17T17:00:00+02:00,6.371e-05,31250.6376127338,32.431367946451914,877.4586000670745,162579.71399790054,"Time-based exit (4 bars, optimal=4)",261669904.36059314,2025-07-15T17:00:00+02:00,2025-07-17T17:00:00+02:00,6.197e-05,6.371e-05
SOL/USDC,Long,jma,12h,"ParamA=20.0, ParamB=0.0, ATR=None",2025-07-15T17:00:00+02:00,160.43,2025-07-18T05:00:00+02:00,180.96,30758.620472623657,16.085381444832073,3936.137120881155,81440.03358946614,"Time-based exit (5 bars, optimal=5)",50.13208703120386,2025-07-15T17:00:00+02:00,2025-07-18T05:00:00+02:00,160.43,180.96
ICP/USDC,Long,jma,12h,"ParamA=20.0, ParamB=50.0, ATR=None",2025-07-15T17:00:00+02:00,5.434,2025-07-18T05:00:00+02:00,5.975,30380.540958032754,7.316771801032813,3024.6361167272185,36940.765047529276,"Time-based exit (5 bars, optimal=5)",673.2399522481425,2025-07-15T17:00:00+02:00,2025-07-18T05:00:00+02:00,5.434,5.975
TNSR/USDC,Long,jma,12h,"ParamA=30.0, ParamB=50.0, ATR=None",2025-07-15T15:00:00+02:00,0.139,2025-07-16T15:00:00+02:00,0.1459,30193.191121040687,10.7238902972473,1498.7986959365498,53874.89609612273,"Time-based exit (2 bars, optimal=2)",38575.14495412697,2025-07-15T15:00:00+02:00,2025-07-16T15:00:00+02:00,0.139,0.1459
TAO/USDC,Long,jma,12h,"ParamA=20.0, ParamB=0.0, ATR=None",2025-07-14T23:00:00+02:00,409.3,2025-07-17T11:00:00+02:00,432.4,29981.67854639443,19.61865443794638,1692.1005971700715,98627.27058576616,"Time-based exit (5 bars, optimal=5)",23.96610608104859,2025-07-14T23:00:00+02:00,2025-07-17T11:00:00+02:00,409.3,432.4
XRP/USDC,Long,jma,12h,"ParamA=30.0, ParamB=-50.0, ATR=None",2025-07-14T15:00:00+02:00,3.0035,2025-07-17T03:00:00+02:00,3.023,29957.36655006821,6.6567929964043895,194.49597060973497,33298.9175553365,"Time-based exit (5 bars, optimal=5)",1108.1726313308457,2025-07-14T15:00:00+02:00,2025-07-17T03:00:00+02:00,3.0035,3.023
SUI/USDC,Long,jma,12h,"ParamA=20.0, ParamB=0.0, ATR=None",2025-07-14T11:00:00+02:00,3.9325,2025-07-16T23:00:00+02:00,4.0216,29872.761874828313,4.696469636003448,676.8374019191883,23530.8564712926,"Time-based exit (5 bars, optimal=5)",597.1353637639476,2025-07-14T11:00:00+02:00,2025-07-16T23:00:00+02:00,3.9325,4.0216
TNSR/USDC,Long,jma,12h,"ParamA=30.0, ParamB=50.0, ATR=None",2025-07-14T03:00:00+02:00,0.1423,2025-07-15T14:00:00+02:00,0.1354,30054.92896005705,10.778309017533577,-1457.3366818298957,53619.451486236496,Trend flip,37871.781509253604,2025-07-14T03:00:00+02:00,2025-07-15T14:00:00+02:00,0.1423,0.1354
LUNC/USDT,Long,jma,12h,"ParamA=20.0, ParamB=0.0, ATR=None",2025-07-13T09:00:00+02:00,6.267e-05,2025-07-15T10:00:00+02:00,6.176e-05,30109.57974505785,32.48503486203202,-437.2062800064199,162156.83973225957,Trend flip,259175322.02036086,2025-07-13T09:00:00+02:00,2025-07-15T10:00:00+02:00,6.267e-05,6.176e-05
ETH/USDC,Long,jma,12h,"ParamA=30.0, ParamB=0.0, ATR=2.0",2025-07-13T08:00:00+02:00,2960.92,2025-07-15T20:00:00+02:00,3065.26,29977.53228520423,24.636454720746887,1056.3796788289496,123591.71974590296,"Time-based exit (5 bars, optimal=5)",4.160270240456832,2025-07-13T08:00:00+02:00,2025-07-15T20:00:00+02:00,2960.92,3065.26
TNSR/USDC,Long,jma,12h,"ParamA=30.0, ParamB=50.0, ATR=None",2025-07-12T23:00:00+02:00,0.1348,2025-07-13T23:00:00+02:00,0.1401,29830.922595150172,10.73823659515356,1172.877520432462,53891.54508766788,"Time-based exit (2 bars, optimal=2)",39830.25443306217,2025-07-12T23:00:00+02:00,2025-07-13T23:00:00+02:00,0.1348,0.1401
TAO/USDC,Long,jma,12h,"ParamA=20.0, ParamB=0.0, ATR=None",2025-07-12T11:00:00+02:00,394.5,2025-07-14T23:00:00+02:00,409.3,29691.684026205985,19.549223722212055,1113.9085515534828,98093.27218973188,"Time-based exit (5 bars, optimal=5)",24.777216377962045,2025-07-12T11:00:00+02:00,2025-07-14T23:00:00+02:00,394.5,409.3
ICP/USDC,Long,jma,12h,"ParamA=20.0, ParamB=50.0, ATR=None",2025-07-12T03:00:00+02:00,5.422,2025-07-14T15:00:00+02:00,5.591,29576.44933564613,7.295491355977557,921.877524478829,36583.859005164064,"Time-based exit (5 bars, optimal=5)",672.7675540370303,2025-07-12T03:00:00+02:00,2025-07-14T15:00:00+02:00,5.422,5.591
XRP/USDC,Long,jma,12h,"ParamA=30.0, ParamB=-50.0, ATR=None",2025-07-12T03:00:00+02:00,2.8243,2025-07-14T15:00:00+02:00,3.0035,29343.719344737896,6.61613726278725,1861.8399272658803,33283.96498202195,"Time-based exit (5 bars, optimal=5)",1171.2879762750504,2025-07-12T03:00:00+02:00,2025-07-14T15:00:00+02:00,2.8243,3.0035
SOL/USDC,Long,jma,12h,"ParamA=20.0, ParamB=0.0, ATR=None",2025-07-12T01:00:00+02:00,162.98,2025-07-14T13:00:00+02:00,166.55,29263.593693212577,16.05342785414857,641.0052122025373,80426.90722416036,"Time-based exit (5 bars, optimal=5)",49.24968663071717,2025-07-12T01:00:00+02:00,2025-07-14T13:00:00+02:00,162.98,166.55
SUI/USDC,Long,jma,12h,"ParamA=20.0, ParamB=0.0, ATR=None",2025-07-11T21:00:00+02:00,3.5158,2025-07-14T09:00:00+02:00,3.9451,28823.651377930648,4.640731700118631,3519.538522255426,23482.348180017238,"Time-based exit (5 bars, optimal=5)",659.9823226745877,2025-07-11T21:00:00+02:00,2025-07-14T09:00:00+02:00,3.5158,3.9451
TNSR/USDC,Long,jma,12h,"ParamA=30.0, ParamB=50.0, ATR=None",2025-07-11T19:00:00+02:00,0.1429,2025-07-12T22:00:00+02:00,0.1327,29083.14056067989,10.817614722837769,-2075.913461993943,53691.182975767806,Trend flip,37850.29644099989,2025-07-11T19:00:00+02:00,2025-07-12T22:00:00+02:00,0.1429,0.1327
ETH/USDC,Long,jma,12h,"ParamA=30.0, ParamB=0.0, ATR=2.0",2025-07-10T18:00:00+02:00,2810.09,2025-07-13T06:00:00+02:00,2959.76,28890.7941783278,24.510808299330737,1538.7710588167367,123182.27360373443,"Time-based exit (5 bars, optimal=5)",4.361214106902401,2025-07-10T18:00:00+02:00,2025-07-13T06:00:00+02:00,2810.09,2959.76
LUNC/USDT,Long,jma,12h,"ParamA=20.0, ParamB=0.0, ATR=None",2025-07-10T18:00:00+02:00,6.077e-05,2025-07-12T18:00:00+02:00,6.146e-05,28849.847997814202,32.454675827934366,327.56944410879805,162425.17431016013,"Time-based exit (4 bars, optimal=4)",267028762.77714634,2025-07-10T18:00:00+02:00,2025-07-12T18:00:00+02:00,6.077e-05,6.146e-05
TNSR/USDC,Long,jma,12h,"ParamA=30.0, ParamB=50.0, ATR=None",2025-07-10T15:00:00+02:00,0.1228,2025-07-11T15:00:00+02:00,0.1444,28229.173977144095,10.63271628902478,4965.392165360849,54088.07361418884,"Time-based exit (2 bars, optimal=2)",43292.818766387536,2025-07-10T15:00:00+02:00,2025-07-11T15:00:00+02:00,0.1228,0.1444
TAO/USDC,Long,jma,12h,"ParamA=20.0, ParamB=0.0, ATR=None",2025-07-09T18:00:00+02:00,328.3,2025-07-12T06:00:00+02:00,392.5,27555.601922831804,19.178027537315717,5388.576434498329,97746.11861106026,"Time-based exit (5 bars, optimal=5)",29.20808336478178,2025-07-09T18:00:00+02:00,2025-07-12T06:00:00+02:00,328.3,392.5
ICP/USDC,Long,jma,12h,"ParamA=20.0, ParamB=50.0, ATR=None",2025-07-09T12:00:00+02:00,4.913,2025-07-12T00:00:00+02:00,5.339,27260.14039705465,7.234211269656813,2363.6922062172366,36477.45677988778,"Time-based exit (5 bars, optimal=5)",736.231556040791,2025-07-09T12:00:00+02:00,2025-07-12T00:00:00+02:00,4.913,5.339
SOL/USDC,Long,jma,12h,"ParamA=20.0, ParamB=0.0, ATR=None",2025-07-09T11:00:00+02:00,152.89,2025-07-11T23:00:00+02:00,162.22,27053.773315303242,15.959229672712839,1650.9366540112474,80267.13927074285,"Time-based exit (5 bars, optimal=5)",52.1918689015398,2025-07-09T11:00:00+02:00,2025-07-11T23:00:00+02:00,152.89,162.22
TNSR/USDC,Long,jma,12h,"ParamA=30.0, ParamB=50.0, ATR=None",2025-07-09T04:00:00+02:00,0.1148,2025-07-10T04:00:00+02:00,0.1232,26808.57295292889,10.55757723930698,1961.602898994798,53163.5814451239,"Time-based exit (2 bars, optimal=2)",45982.479265274305,2025-07-09T04:00:00+02:00,2025-07-10T04:00:00+02:00,0.1148,0.1232
SUI/USDC,Long,jma,12h,"ParamA=20.0, ParamB=0.0, ATR=None",2025-07-09T04:00:00+02:00,2.8928,2025-07-11T16:00:00+02:00,3.5418,26077.268202201703,4.539789431881829,5850.438005817515,23203.658500593156,"Time-based exit (5 bars, optimal=5)",784.6704631986015,2025-07-09T04:00:00+02:00,2025-07-11T16:00:00+02:00,2.8928,3.5418
XRP/USDC,Long,jma,12h,"ParamA=30.0, ParamB=-50.0, ATR=None",2025-07-08T18:00:00+02:00,2.2913,2025-07-11T06:00:00+02:00,2.5763,25678.027711122948,6.536145600615295,3193.9239286300494,33080.68631393625,"Time-based exit (5 bars, optimal=5)",1426.2963384574903,2025-07-08T18:00:00+02:00,2025-07-11T06:00:00+02:00,2.2913,2.5763
LUNC/USDT,Long,jma,12h,"ParamA=20.0, ParamB=0.0, ATR=None",2025-07-08T18:00:00+02:00,5.648e-05,2025-07-10T18:00:00+02:00,6.077e-05,25436.520380141174,32.21641581111486,1932.0586478542077,162273.37913967183,"Time-based exit (4 bars, optimal=4)",285201981.330691,2025-07-08T18:00:00+02:00,2025-07-10T18:00:00+02:00,5.648e-05,6.077e-05
ETH/USDC,Long,jma,12h,"ParamA=30.0, ParamB=0.0, ATR=2.0",2025-07-08T05:00:00+02:00,2538.2,2025-07-10T17:00:00+02:00,2770.88,25148.347779414566,24.292970167395044,2305.3808058128548,122554.04149665368,"Time-based exit (5 bars, optimal=5)",4.785472020998157,2025-07-08T05:00:00+02:00,2025-07-10T17:00:00+02:00,2538.2,2770.88
TNSR/USDC,Long,jma,12h,"ParamA=30.0, ParamB=50.0, ATR=None",2025-07-07T17:00:00+02:00,0.1144,2025-07-08T19:00:00+02:00,0.1149,25134.616018041073,10.555075022221292,109.85409098794185,52787.8861965349,"Time-based exit (2 bars, optimal=2)",46132.32090131684,2025-07-07T17:00:00+02:00,2025-07-08T19:00:00+02:00,0.1144,0.1149
SOL/USDC,Long,jma,12h,"ParamA=20.0, ParamB=0.0, ATR=None",2025-07-06T23:00:00+02:00,152.27,2025-07-09T11:00:00+02:00,152.89,25121.829902473713,15.95592406044246,102.28892453886584,79796.14836356419,"Time-based exit (5 bars, optimal=5)",52.3935248586145,2025-07-06T23:00:00+02:00,2025-07-09T11:00:00+02:00,152.27,152.89
TAO/USDC,Long,jma,12h,"ParamA=20.0, ParamB=0.0, ATR=None",2025-07-06T22:00:00+02:00,326.6,2025-07-09T10:00:00+02:00,324.7,25140.111520618684,19.193031716304716,-146.25294515975614,95890.13768657859,"Time-based exit (5 bars, optimal=5)",29.383085909835753,2025-07-06T22:00:00+02:00,2025-07-09T10:00:00+02:00,326.6,324.7
ETH/USDC,Long,jma,12h,"ParamA=30.0, ParamB=0.0, ATR=2.0",2025-07-06T22:00:00+02:00,2546.05,2025-07-07T18:00:00+02:00,2517.2394534090145,25140.645547917673,24.32536128803078,-284.48606267973526,121464.85083697522,ATR stop x2.00,4.777078472149168,2025-07-06T22:00:00+02:00,2025-07-07T18:00:00+02:00,2546.05,2517.2394534090145
ICP/USDC,Long,jma,12h,"ParamA=20.0, ParamB=50.0, ATR=None",2025-07-06T22:00:00+02:00,4.838,2025-07-09T10:00:00+02:00,4.892,25105.084790082707,7.227589614384635,280.21384428781994,36171.056348284066,"Time-based exit (5 bars, optimal=5)",746.9604810236291,2025-07-06T22:00:00+02:00,2025-07-09T10:00:00+02:00,4.838,4.892
LUNC/USDT,Long,jma,12h,"ParamA=20.0, ParamB=0.0, ATR=None",2025-07-06T15:00:00+02:00,5.663e-05,2025-07-08T15:00:00+02:00,5.63e-05,25158.971657415615,32.24165231969198,-146.6088759835267,161082.0790555743,"Time-based exit (4 bars, optimal=4)",284669365.3513331,2025-07-06T15:00:00+02:00,2025-07-08T15:00:00+02:00,5.663e-05,5.63e-05
XRP/USDC,Long,jma,12h,"ParamA=30.0, ParamB=-50.0, ATR=None",2025-07-06T05:00:00+02:00,2.2171,2025-07-08T17:00:00+02:00,2.2866,25060.773349502662,6.5170199357496825,785.5864633036119,32680.728003076474,"Time-based exit (5 bars, optimal=5)",1469.7171836519965,2025-07-06T05:00:00+02:00,2025-07-08T17:00:00+02:00,2.2171,2.2866
SUI/USDC,Long,jma,12h,"ParamA=20.0, ParamB=0.0, ATR=None",2025-07-05T04:00:00+02:00,2.8884,2025-07-07T16:00:00+02:00,2.877,25073.14325295629,4.542490770181971,-98.95922762903464,22698.947159409145,"Time-based exit (5 bars, optimal=5)",786.3333974141342,2025-07-05T04:00:00+02:00,2025-07-07T16:00:00+02:00,2.8884,2.877
TAO/USDC,Long,jma,12h,"ParamA=20.0, ParamB=0.0, ATR=None",2025-07-03T03:00:00+02:00,337.1,2025-07-05T17:00:00+02:00,322.4,25309.136522293953,19.280966881248556,-1103.661545172715,95965.15858152357,Trend flip,28.598289648840925,2025-07-03T03:00:00+02:00,2025-07-05T17:00:00+02:00,337.1,322.4
LUNC/USDT,Long,jma,12h,"ParamA=20.0, ParamB=0.0, ATR=None",2025-07-03T03:00:00+02:00,5.777e-05,2025-07-05T03:00:00+02:00,5.597e-05,25171.178829147364,32.348914983023434,-784.2846095285644,161208.2615984599,Trend flip,279980223.15235794,2025-07-03T03:00:00+02:00,2025-07-05T03:00:00+02:00,5.777e-05,5.597e-05
TNSR/USDC,Long,jma,12h,"ParamA=30.0, ParamB=50.0, ATR=None",2025-07-03T02:00:00+02:00,0.1232,2025-07-04T02:00:00+02:00,0.1245,25275.797908980567,10.54605608983797,266.70890650709924,52775.37511110646,"Time-based exit (2 bars, optimal=2)",42800.552312654094,2025-07-03T02:00:00+02:00,2025-07-04T02:00:00+02:00,0.1232,0.1245
ICP/USDC,Long,jma,12h,"ParamA=20.0, ParamB=50.0, ATR=None",2025-07-02T23:00:00+02:00,5.085,2025-07-05T17:00:00+02:00,4.736,25494.5193260105,7.279003571370459,-1749.771336239463,36137.94807192317,Trend flip,715.7328978732014,2025-07-02T23:00:00+02:00,2025-07-05T17:00:00+02:00,5.085,4.736
XRP/USDC,Long,jma,12h,"ParamA=30.0, ParamB=-50.0, ATR=None",2025-07-02T16:00:00+02:00,2.1982,2025-07-05T04:00:00+02:00,2.2229,25458.761012560277,6.511006067003343,286.0665076017847,32585.09967874841,"Time-based exit (5 bars, optimal=5)",1480.9858218095133,2025-07-02T16:00:00+02:00,2025-07-05T04:00:00+02:00,2.1982,2.2229
SOL/USDC,Long,jma,12h,"ParamA=20.0, ParamB=0.0, ATR=None",2025-07-02T15:00:00+02:00,149.33,2025-07-05T03:00:00+02:00,148.27,25481.37054579082,15.970454575284258,-180.87626584436032,79779.6203022123,"Time-based exit (5 bars, optimal=5)",53.47369776764299,2025-07-02T15:00:00+02:00,2025-07-05T03:00:00+02:00,149.33,148.27
ETH/USDC,Long,jma,12h,"ParamA=30.0, ParamB=0.0, ATR=2.0",2025-07-02T15:00:00+02:00,2450.39,2025-07-05T03:00:00+02:00,2514.72,25398.023870588357,24.266507814439393,666.7734016197206,121626.8064401539,"Time-based exit (5 bars, optimal=5)",4.9515603259969625,2025-07-02T15:00:00+02:00,2025-07-05T03:00:00+02:00,2450.39,2514.72
SUI/USDC,Long,jma,12h,"ParamA=20.0, ParamB=0.0, ATR=None",2025-07-02T03:00:00+02:00,2.6921,2025-07-04T15:00:00+02:00,2.8882,25168.852776025626,4.510536881036087,1833.3687565018477,22712.45385090985,"Time-based exit (5 bars, optimal=5)",837.7357603796454,2025-07-02T03:00:00+02:00,2025-07-04T15:00:00+02:00,2.6921,2.8882
TNSR/USDC,Long,jma,12h,"ParamA=30.0, ParamB=50.0, ATR=None",2025-07-02T02:00:00+02:00,0.1094,2025-07-03T02:00:00+02:00,0.1232,24778.155173878095,10.416739975617803,3125.5808171802364,52730.28044918985,"Time-based exit (2 bars, optimal=2)",47608.50080264079,2025-07-02T02:00:00+02:00,2025-07-03T02:00:00+02:00,0.1094,0.1232
LUNC/USDT,Long,jma,12h,"ParamA=20.0, ParamB=0.0, ATR=None",2025-06-30T17:00:00+02:00,5.61e-05,2025-07-02T17:00:00+02:00,5.663e-05,24748.928498067096,32.32484133113725,233.8134064879764,161744.57491511718,"Time-based exit (4 bars, optimal=4)",288100190.1170878,2025-06-30T17:00:00+02:00,2025-07-02T17:00:00+02:00,5.61e-05,5.663e-05
ETH/USDC,Long,jma,12h,"ParamA=30.0, ParamB=0.0, ATR=2.0",2025-06-30T17:00:00+02:00,2475.18,2025-07-01T15:00:00+02:00,2432.657089881461,24802.190347249732,24.31313974628294,-426.09479346107673,121332.53907219696,ATR stop x2.00,4.9113882114195615,2025-06-30T17:00:00+02:00,2025-07-01T15:00:00+02:00,2475.18,2432.657089881461
TAO/USDC,Long,jma,12h,"ParamA=20.0, ParamB=0.0, ATR=None",2025-06-30T15:00:00+02:00,330.9,2025-07-03T03:00:00+02:00,337.1,24744.236936473764,19.24875067363878,463.62728620773186,96404.83440624278,"Time-based exit (5 bars, optimal=5)",29.085449793954037,2025-06-30T15:00:00+02:00,2025-07-03T03:00:00+02:00,330.9,337.1
TNSR/USDC,Long,jma,12h,"ParamA=30.0, ParamB=50.0, ATR=None",2025-06-30T09:00:00+02:00,0.1167,2025-07-01T11:00:00+02:00,0.1161,24715.545676543148,10.424184290260051,-127.07221427528681,52083.69987808902,"Time-based exit (2 bars, optimal=2)",44662.31486829499,2025-06-30T09:00:00+02:00,2025-07-01T11:00:00+02:00,0.1167,0.1161
ICP/USDC,Long,jma,12h,"ParamA=20.0, ParamB=50.0, ATR=None",2025-06-30T09:00:00+02:00,4.987,2025-07-02T21:00:00+02:00,5.059,24699.66164975874,7.269961529384864,356.60229372019865,36395.01785685229,"Time-based exit (5 bars, optimal=5)",728.8912702411133,2025-06-30T09:00:00+02:00,2025-07-02T21:00:00+02:00,4.987,5.059
ETH/USDC,Long,jma,12h,"ParamA=30.0, ParamB=0.0, ATR=2.0",2025-06-30T00:00:00+02:00,2502.39,2025-06-30T08:00:00+02:00,2470.2162228194165,24755.331267129553,24.349316059304446,-318.2847246912567,121565.69873141468,ATR stop x2.00,4.865212069122808,2025-06-30T00:00:00+02:00,2025-06-30T08:00:00+02:00,2502.39,2470.2162228194165
TNSR/USDC,Long,jma,12h,"ParamA=30.0, ParamB=50.0, ATR=None",2025-06-29T09:00:00+02:00,0.1129,2025-06-30T09:00:00+02:00,0.1167,24651.615436021402,10.391287443863368,829.7266488652017,52120.92145130026,"Time-based exit (2 bars, optimal=2)",46019.87353349587,2025-06-29T09:00:00+02:00,2025-06-30T09:00:00+02:00,0.1129,0.1167
SOL/USDC,Long,jma,12h,"ParamA=20.0, ParamB=0.0, ATR=None",2025-06-28T16:00:00+02:00,146.89,2025-07-01T04:00:00+02:00,153.39,24516.008810935386,15.903262021114008,1084.8530006881342,79852.27287642128,"Time-based exit (5 bars, optimal=5)",54.13323582651647,2025-06-28T16:00:00+02:00,2025-07-01T04:00:00+02:00,146.89,153.39
XRP/USDC,Long,jma,12h,"ParamA=30.0, ParamB=-50.0, ATR=None",2025-06-28T15:00:00+02:00,2.1932,2025-07-01T03:00:00+02:00,2.2311,24463.166274811494,6.501071983198123,422.7402889911347,32555.03033501672,"Time-based exit (5 bars, optimal=5)",1482.0973881082718,2025-06-28T15:00:00+02:00,2025-07-01T03:00:00+02:00,2.1932,2.2311
LUNC/USDT,Long,jma,12h,"ParamA=20.0, ParamB=0.0, ATR=None",2025-06-28T14:00:00+02:00,5.513e-05,2025-06-30T14:00:00+02:00,5.583e-05,24424.40090062675,32.29029955486392,310.1229934779366,161624.20665568626,"Time-based exit (4 bars, optimal=4)",292855972.74500203,2025-06-28T14:00:00+02:00,2025-06-30T14:00:00+02:00,5.513e-05,5.583e-05
TAO/USDC,Long,jma,12h,"ParamA=20.0, ParamB=0.0, ATR=None",2025-06-27T15:00:00+02:00,320.4,2025-06-30T03:00:00+02:00,341.4,24225.920744712672,19.127210503823104,1587.8412473126284,96243.7533681939,"Time-based exit (5 bars, optimal=5)",29.84895521820085,2025-06-27T15:00:00+02:00,2025-06-30T03:00:00+02:00,320.4,341.4
ICP/USDC,Long,jma,12h,"ParamA=20.0, ParamB=50.0, ATR=None",2025-06-27T15:00:00+02:00,4.719,2025-06-30T03:00:00+02:00,5.029,24028.61016116843,7.22395082567504,1578.4846683539317,36349.80764692432,"Time-based exit (5 bars, optimal=5)",765.4111915315787,2025-06-27T15:00:00+02:00,2025-06-30T03:00:00+02:00,4.719,5.029
SUI/USDC,Long,jma,12h,"ParamA=20.0, ParamB=0.0, ATR=None",2025-06-27T15:00:00+02:00,2.6748,2025-06-30T03:00:00+02:00,2.8542,23828.833878928646,4.481376369979356,1598.2102579182758,22552.684405180436,"Time-based exit (5 bars, optimal=5)",837.7030749924023,2025-06-27T15:00:00+02:00,2025-06-30T03:00:00+02:00,2.6748,2.8542
ETH/USDC,Long,jma,12h,"ParamA=30.0, ParamB=0.0, ATR=2.0",2025-06-27T03:00:00+02:00,2427.24,2025-06-29T15:00:00+02:00,2447.71,23803.740430885795,24.33366112728263,200.74758434280844,121746.58029652222,"Time-based exit (5 bars, optimal=5)",5.012619503485983,2025-06-27T03:00:00+02:00,2025-06-29T15:00:00+02:00,2427.24,2447.71
ETH/USDC,Long,jma,12h,"ParamA=30.0, ParamB=0.0, ATR=2.0",2025-06-26T21:00:00+02:00,2436.71,2025-06-27T03:00:00+02:00,2389.4193613549896,23861.627479540373,24.385865358013607,-463.09638923663226,121668.30563641315,ATR stop x2.00,5.0038505521817545,2025-06-26T21:00:00+02:00,2025-06-27T03:00:00+02:00,2436.71,2389.4193613549896
TNSR/USDC,Long,jma,12h,"ParamA=30.0, ParamB=50.0, ATR=None",2025-06-26T03:00:00+02:00,0.1104,2025-06-27T07:00:00+02:00,0.1071,23958.202463660506,10.424532638168134,-716.1419214681124,51956.43721931684,Trend flip,47212.55723808031,2025-06-26T03:00:00+02:00,2025-06-27T07:00:00+02:00,0.1104,0.1071
XRP/USDC,Long,jma,12h,"ParamA=30.0, ParamB=-50.0, ATR=None",2025-06-26T03:00:00+02:00,2.1984,2025-06-28T15:00:00+02:00,2.1932,23868.684723476992,6.5039111723692935,-56.45795149293909,32505.359915990615,"Time-based exit (5 bars, optimal=5)",1479.2374391305707,2025-06-26T03:00:00+02:00,2025-06-28T15:00:00+02:00,2.1984,2.1932
SOL/USDC,Long,jma,12h,"ParamA=20.0, ParamB=0.0, ATR=None",2025-06-26T02:00:00+02:00,144.27,2025-06-28T14:00:00+02:00,146.49,23912.207886212498,15.881999494778537,367.9566195840557,79516.31010557004,"Time-based exit (5 bars, optimal=5)",55.04262665411567,2025-06-26T02:00:00+02:00,2025-06-28T14:00:00+02:00,144.27,146.49
LUNC/USDT,Long,jma,12h,"ParamA=20.0, ParamB=0.0, ATR=None",2025-06-25T21:00:00+02:00,5.609e-05,2025-06-28T02:00:00+02:00,5.56e-05,23938.3484432128,32.325003549582206,-209.1244560023926,161451.4977743196,"Time-based exit (4 bars, optimal=4)",288153000.08541816,2025-06-25T21:00:00+02:00,2025-06-28T02:00:00+02:00,5.609e-05,5.56e-05
TNSR/USDC,Long,jma,12h,"ParamA=30.0, ParamB=50.0, ATR=None",2025-06-24T18:00:00+02:00,0.1175,2025-06-25T23:00:00+02:00,0.1095,24143.82782899145,10.4981087449894,-1643.8350862292036,52122.66319084067,Trend flip,44672.80317016767,2025-06-24T18:00:00+02:00,2025-06-25T23:00:00+02:00,0.1175,0.1095
ETH/USDC,Long,jma,12h,"ParamA=30.0, ParamB=0.0, ATR=2.0",2025-06-23T19:00:00+02:00,2276.24,2025-06-26T07:00:00+02:00,2476.8,23880.809911512788,24.177670909521726,2104.143339829286,121929.32679006802,"Time-based exit (5 bars, optimal=5)",5.310879105349552,2025-06-23T19:00:00+02:00,2025-06-26T07:00:00+02:00,2276.24,2476.8
TAO/USDC,Long,jma,12h,"ParamA=20.0, ParamB=0.0, ATR=None",2025-06-23T14:00:00+02:00,314.5,2025-06-26T02:00:00+02:00,323.7,22500.940259909396,19.075225208033576,658.2151045824044,95636.0525191155,"Time-based exit (5 bars, optimal=5)",30.32627219083239,2025-06-23T14:00:00+02:00,2025-06-26T02:00:00+02:00,314.5,323.7
XRP/USDC,Long,jma,12h,"ParamA=30.0, ParamB=-50.0, ATR=None",2025-06-23T14:00:00+02:00,2.0204,2025-06-26T02:00:00+02:00,2.1888,23102.95686676622,6.45142890677955,1925.627566998334,32519.555861846464,"Time-based exit (5 bars, optimal=5)",1596.572190353284,2025-06-23T14:00:00+02:00,2025-06-26T02:00:00+02:00,2.0204,2.1888
TNSR/USDC,Long,jma,12h,"ParamA=30.0, ParamB=50.0, ATR=None",2025-06-23T14:00:00+02:00,0.1026,2025-06-24T14:00:00+02:00,0.1148,22764.59423318333,10.376795309917858,2706.9010686631254,52490.543724947,"Time-based exit (2 bars, optimal=2)",50569.1779235763,2025-06-23T14:00:00+02:00,2025-06-24T14:00:00+02:00,0.1026,0.1148
SOL/USDC,Long,jma,12h,"ParamA=20.0, ParamB=0.0, ATR=None",2025-06-23T14:00:00+02:00,135.56,2025-06-26T02:00:00+02:00,144.27,22583.217147982195,15.783742553673973,1451.0166816090666,79409.99747389268,"Time-based exit (5 bars, optimal=5)",58.21681378605035,2025-06-23T14:00:00+02:00,2025-06-26T02:00:00+02:00,135.56,144.27
LUNC/USDT,Long,jma,12h,"ParamA=20.0, ParamB=0.0, ATR=None",2025-06-23T14:00:00+02:00,5.289e-05,2025-06-25T14:00:00+02:00,5.566e-05,23343.660312641012,32.162989407703236,1222.5740038951724,161625.01774791104,"Time-based exit (4 bars, optimal=4)",304055486.93234295,2025-06-23T14:00:00+02:00,2025-06-25T14:00:00+02:00,5.289e-05,5.566e-05
SUI/USDC,Long,jma,12h,"ParamA=20.0, ParamB=0.0, ATR=None",2025-06-23T14:00:00+02:00,2.5267,2025-06-26T02:00:00+02:00,2.7216,23496.482063127907,4.447956124316999,1812.4289999222824,22406.881849896778,"Time-based exit (5 bars, optimal=5)",880.190787255511,2025-06-23T14:00:00+02:00,2025-06-26T02:00:00+02:00,2.5267,2.7216
ICP/USDC,Long,jma,12h,"ParamA=20.0, ParamB=50.0, ATR=None",2025-06-23T14:00:00+02:00,4.586,2025-06-26T02:00:00+02:00,4.83,23723.035688118194,7.187148737499517,1262.1937871567452,36119.7541283752,"Time-based exit (5 bars, optimal=5)",783.5966787504924,2025-06-23T14:00:00+02:00,2025-06-26T02:00:00+02:00,4.586,4.83
TNSR/USDC,Long,jma,12h,"ParamA=30.0, ParamB=50.0, ATR=None",2025-06-21T07:00:00+02:00,0.1106,2025-06-22T11:00:00+02:00,0.1018,22726.977102703007,10.462130729207484,-1808.2947423488833,51883.976549589286,Trend flip,47297.155195332205,2025-06-21T07:00:00+02:00,2025-06-22T11:00:00+02:00,0.1106,0.1018
ICP/USDC,Long,jma,12h,"ParamA=20.0, ParamB=50.0, ATR=None",2025-06-20T08:00:00+02:00,5.046,2025-06-22T21:00:00+02:00,4.438,23074.512366245348,7.276276929330748,-2780.2821083387203,35935.74368749758,Trend flip,720.9945431362214,2025-06-20T08:00:00+02:00,2025-06-22T21:00:00+02:00,5.046,4.438
LUNC/USDT,Long,jma,12h,"ParamA=20.0, ParamB=0.0, ATR=None",2025-06-20T05:00:00+02:00,5.74e-05,2025-06-22T09:00:00+02:00,5.434e-05,23229.306964045827,32.341872643362024,-1238.3567824038373,160814.94703851617,Trend flip,281723629.29757863,2025-06-20T05:00:00+02:00,2025-06-22T09:00:00+02:00,5.74e-05,5.434e-05
SOL/USDC,Long,jma,12h,"ParamA=20.0, ParamB=0.0, ATR=None",2025-06-19T19:00:00+02:00,144.83,2025-06-22T09:00:00+02:00,134.85,23431.132119880607,15.896461781526817,-1614.6012466782358,78918.71276836986,Trend flip,54.879727202674914,2025-06-19T19:00:00+02:00,2025-06-22T09:00:00+02:00,144.83,134.85
XRP/USDC,Long,jma,12h,"ParamA=30.0, ParamB=-50.0, ATR=None",2025-06-19T18:00:00+02:00,2.1576,2025-06-22T09:00:00+02:00,2.0689,23552.162245435047,6.479361754828201,-968.2410044355225,32257.14453389775,Trend flip,1501.520614300195,2025-06-19T18:00:00+02:00,2025-06-22T09:00:00+02:00,2.1576,2.0689
SUI/USDC,Long,jma,12h,"ParamA=20.0, ParamB=0.0, ATR=None",2025-06-19T14:00:00+02:00,2.805,2025-06-22T03:00:00+02:00,2.5602,23811.92874078911,4.488021920002843,-2078.131962832505,22239.780621584996,Trend flip,800.0039073088845,2025-06-19T14:00:00+02:00,2025-06-22T03:00:00+02:00,2.805,2.5602
TNSR/USDC,Long,jma,12h,"ParamA=30.0, ParamB=50.0, ATR=None",2025-06-19T09:00:00+02:00,0.1108,2025-06-20T09:00:00+02:00,0.1147,23707.61949436759,10.42751289218347,834.4739713721447,52310.65364603742,"Time-based exit (2 bars, optimal=2)",47055.563592885694,2025-06-19T09:00:00+02:00,2025-06-20T09:00:00+02:00,0.1108,0.1147
ETH/USDC,Long,jma,12h,"ParamA=30.0, ParamB=0.0, ATR=2.0",2025-06-19T05:00:00+02:00,2526.1,2025-06-20T19:00:00+02:00,2470.8466780804238,23772.616725514694,24.235528325485667,-519.9778491768193,120888.35454760863,ATR stop x2.00,4.797024726947798,2025-06-19T05:00:00+02:00,2025-06-20T19:00:00+02:00,2526.1,2470.8466780804238
TAO/USDC,Long,jma,12h,"ParamA=20.0, ParamB=0.0, ATR=None",2025-06-18T17:00:00+02:00,346.4,2025-06-21T06:00:00+02:00,341.0,23819.030830047843,19.108835575641912,-371.3128362651784,95376.12604016787,Trend flip,27.582037493709457,2025-06-18T17:00:00+02:00,2025-06-21T06:00:00+02:00,346.4,341.0
ICP/USDC,Long,jma,12h,"ParamA=20.0, ParamB=50.0, ATR=None",2025-06-16T06:00:00+02:00,5.662,2025-06-18T18:00:00+02:00,5.034,24153.909296987713,7.359375219740236,-2679.0277355189482,36381.384646653736,Trend flip,649.8918420823239,2025-06-16T06:00:00+02:00,2025-06-18T18:00:00+02:00,5.662,5.034
SUI/USDC,Long,jma,12h,"ParamA=20.0, ParamB=0.0, ATR=None",2025-06-16T03:00:00+02:00,3.0464,2025-06-18T20:00:00+02:00,2.7684,24432.6097927526,4.5302690583146195,-2229.6039661190985,22440.109600014213,Trend flip,743.5446852538438,2025-06-16T03:00:00+02:00,2025-06-18T20:00:00+02:00,3.0464,2.7684
SOL/USDC,Long,jma,12h,"ParamA=20.0, ParamB=0.0, ATR=None",2025-06-16T00:00:00+02:00,152.11,2025-06-18T18:00:00+02:00,144.87,24578.845114748838,15.975696657760734,-1169.8825759699018,79482.30890763408,Trend flip,52.51363045743453,2025-06-16T00:00:00+02:00,2025-06-18T18:00:00+02:00,152.11,144.87
LUNC/USDT,Long,jma,12h,"ParamA=20.0, ParamB=0.0, ATR=None",2025-06-16T00:00:00+02:00,6.014e-05,2025-06-18T04:00:00+02:00,5.782e-05,24697.940604862073,32.47363980956503,-952.7639209058857,161709.36321681013,Trend flip,269983703.1057951,2025-06-16T00:00:00+02:00,2025-06-18T04:00:00+02:00,6.014e-05,5.782e-05
LUNC/USDT,Long,jma,12h,"ParamA=20.0, ParamB=0.0, ATR=None",2025-06-13T16:00:00+02:00,5.617e-05,2025-06-15T16:00:00+02:00,6.054e-05,24460.067860182975,32.22934288235039,1902.9819574327864,162368.19904782515,"Time-based exit (4 bars, optimal=4)",286891070.6992201,2025-06-13T16:00:00+02:00,2025-06-15T16:00:00+02:00,5.617e-05,6.054e-05
LUNC/USDT,Long,jma,12h,"ParamA=20.0, ParamB=0.0, ATR=None",2025-06-11T05:00:00+02:00,6.215e-05,2025-06-13T14:00:00+02:00,5.602e-05,24765.401551882573,32.556971306554054,-2442.669533596786,161146.71441175192,Trend flip,261922536.6577156,2025-06-11T05:00:00+02:00,2025-06-13T14:00:00+02:00,6.215e-05,5.602e-05
TNSR/USDC,Long,jma,12h,"ParamA=30.0, ParamB=50.0, ATR=None",2025-06-10T11:00:00+02:00,0.1328,2025-06-11T11:00:00+02:00,0.1332,24756.080738351568,10.426457684417818,74.56650824804903,52137.56446091735,"Time-based exit (2 bars, optimal=2)",39256.24128169359,2025-06-10T11:00:00+02:00,2025-06-11T11:00:00+02:00,0.1328,0.1332
TAO/USDC,Long,jma,12h,"ParamA=20.0, ParamB=0.0, ATR=None",2025-06-09T20:00:00+02:00,413.5,2025-06-12T09:00:00+02:00,393.5,24906.6651710666,19.20556940733394,-1204.675461720271,95544.17787820955,Trend flip,23.2231794526408,2025-06-09T20:00:00+02:00,2025-06-12T09:00:00+02:00,413.5,393.5
SOL/USDC,Long,jma,12h,"ParamA=20.0, ParamB=0.0, ATR=None",2025-06-09T17:00:00+02:00,155.12,2025-06-12T05:00:00+02:00,159.89,24811.295554162465,15.929897586036713,762.9569352330744,79878.48328880368,"Time-based exit (5 bars, optimal=5)",51.34701387969543,2025-06-09T17:00:00+02:00,2025-06-12T05:00:00+02:00,155.12,159.89
SUI/USDC,Long,jma,12h,"ParamA=20.0, ParamB=0.0, ATR=None",2025-06-09T16:00:00+02:00,3.3354,2025-06-12T04:00:00+02:00,3.3502,24797.541446206753,4.5291651880248045,110.03286364569874,22651.345291573096,"Time-based exit (5 bars, optimal=5)",678.9538268310854,2025-06-09T16:00:00+02:00,2025-06-12T04:00:00+02:00,3.3354,3.3502
XRP/USDC,Long,jma,12h,"ParamA=30.0, ParamB=-50.0, ATR=None",2025-06-09T16:00:00+02:00,2.2562,2025-06-12T04:00:00+02:00,2.2495,24806.749695861166,6.482583336132964,-73.66599723529787,32396.808774141005,"Time-based exit (5 bars, optimal=5)",1436.6154011463884,2025-06-09T16:00:00+02:00,2025-06-12T04:00:00+02:00,2.2562,2.2495
ICP/USDC,Long,jma,12h,"ParamA=20.0, ParamB=50.0, ATR=None",2025-06-09T14:00:00+02:00,5.96,2025-06-12T02:00:00+02:00,6.069,24750.168982373776,7.347407328742344,452.64570789911767,36796.87609870118,"Time-based exit (5 bars, optimal=5)",616.3932322770422,2025-06-09T14:00:00+02:00,2025-06-12T02:00:00+02:00,5.96,6.069
TNSR/USDC,Long,jma,12h,"ParamA=30.0, ParamB=50.0, ATR=None",2025-06-09T10:00:00+02:00,0.1244,2025-06-10T10:00:00+02:00,0.131,24587.111370790957,10.373496150054292,1304.4608926625444,52132.288422089085,"Time-based exit (2 bars, optimal=2)",41694.11635873912,2025-06-09T10:00:00+02:00,2025-06-10T10:00:00+02:00,0.1244,0.131
ETH/USDC,Long,jma,12h,"ParamA=30.0, ParamB=0.0, ATR=2.0",2025-06-09T08:00:00+02:00,2494.81,2025-06-11T20:00:00+02:00,2822.61,24189.815508397987,23.925943906459647,3178.366899143768,121177.64162742833,"Time-based exit (5 bars, optimal=5)",4.795143499196262,2025-06-09T08:00:00+02:00,2025-06-11T20:00:00+02:00,2494.81,2822.61
LUNC/USDT,Long,jma,12h,"ParamA=20.0, ParamB=0.0, ATR=None",2025-06-09T02:00:00+02:00,5.92e-05,2025-06-11T02:00:00+02:00,6.202e-05,24046.632435198535,32.40907206821034,1145.464585595607,162784.85653277027,"Time-based exit (4 bars, optimal=4)",273725270.8463711,2025-06-09T02:00:00+02:00,2025-06-11T02:00:00+02:00,5.92e-05,6.202e-05
TNSR/USDC,Long,jma,12h,"ParamA=30.0, ParamB=50.0, ATR=None",2025-06-08T03:00:00+02:00,0.1265,2025-06-09T03:00:00+02:00,0.1254,24072.798520546956,10.384603160391059,-209.3286827873629,51867.48075027146,"Time-based exit (2 bars, optimal=2)",41045.862294035804,2025-06-08T03:00:00+02:00,2025-06-09T03:00:00+02:00,0.1265,0.1254
ETH/USDC,Long,jma,12h,"ParamA=30.0, ParamB=0.0, ATR=2.0",2025-06-07T20:00:00+02:00,2518.1,2025-06-09T05:00:00+02:00,2485.890011716927,24111.35071883847,23.96138611680992,-308.41758633209616,119629.71953229824,ATR stop x2.00,4.757830530322449,2025-06-07T20:00:00+02:00,2025-06-09T05:00:00+02:00,2518.1,2485.890011716927
TAO/USDC,Long,jma,12h,"ParamA=20.0, ParamB=0.0, ATR=None",2025-06-07T02:00:00+02:00,369.9,2025-06-09T14:00:00+02:00,406.5,23816.77984083944,19.02116744228559,2356.567023992225,96027.8470366697,"Time-based exit (5 bars, optimal=5)",25.7112293083071,2025-06-07T02:00:00+02:00,2025-06-09T14:00:00+02:00,369.9,406.5
TNSR/USDC,Long,jma,12h,"ParamA=30.0, ParamB=50.0, ATR=None",2025-06-07T02:00:00+02:00,0.1252,2025-06-08T02:00:00+02:00,0.1254,23812.025043506474,10.3850212155582,38.03837866374945,51923.01580195529,"Time-based exit (2 bars, optimal=2)",41473.726899194095,2025-06-07T02:00:00+02:00,2025-06-08T02:00:00+02:00,0.1252,0.1254
XRP/USDC,Long,jma,12h,"ParamA=30.0, ParamB=-50.0, ATR=None",2025-06-07T02:00:00+02:00,2.171,2025-06-09T14:00:00+02:00,2.2687,23678.82483700169,6.454826097312472,1065.6016520382627,32412.91668066482,"Time-based exit (5 bars, optimal=5)",1486.6020491276997,2025-06-07T02:00:00+02:00,2025-06-09T14:00:00+02:00,2.171,2.2687
ICP/USDC,Long,jma,12h,"ParamA=20.0, ParamB=50.0, ATR=None",2025-06-07T02:00:00+02:00,5.0,2025-06-09T14:00:00+02:00,5.96,23123.852379884465,7.21040954734283,4439.779656937818,36737.03664371172,"Time-based exit (5 bars, optimal=5)",721.040954734283,2025-06-07T02:00:00+02:00,2025-06-09T14:00:00+02:00,5.0,5.96
SOL/USDC,Long,jma,12h,"ParamA=20.0, ParamB=0.0, ATR=None",2025-06-07T02:00:00+02:00,148.82,2025-06-09T14:00:00+02:00,155.79,22989.264310201204,15.858794517773969,1076.7045574660824,79649.48793018356,"Time-based exit (5 bars, optimal=5)",53.28179854110324,2025-06-07T02:00:00+02:00,2025-06-09T14:00:00+02:00,148.82,155.79
SUI/USDC,Long,jma,12h,"ParamA=20.0, ParamB=0.0, ATR=None",2025-06-06T21:00:00+02:00,3.1888,2025-06-09T09:00:00+02:00,3.2172,22963.69947918292,4.526039427529044,204.5186481462602,22645.82594012402,"Time-based exit (5 bars, optimal=5)",709.677531913109,2025-06-06T21:00:00+02:00,2025-06-09T09:00:00+02:00,3.1888,3.2172
LUNC/USDT,Long,jma,12h,"ParamA=20.0, ParamB=0.0, ATR=None",2025-06-06T14:00:00+02:00,5.817e-05,2025-06-08T14:00:00+02:00,5.926e-05,22910.03792396305,32.35491582385577,429.29244175897674,162045.3603410517,"Time-based exit (4 bars, optimal=4)",278106548.2538746,2025-06-06T14:00:00+02:00,2025-06-08T14:00:00+02:00,5.817e-05,5.926e-05
ETH/USDC,Long,jma,12h,"ParamA=30.0, ParamB=0.0, ATR=2.0",2025-06-05T04:00:00+02:00,2621.49,2025-06-05T16:00:00+02:00,2579.7036821354804,22955.77705499383,24.004449886795694,-365.91304824623086,119806.9305840496,ATR stop x2.00,4.578398141285241,2025-06-05T04:00:00+02:00,2025-06-05T16:00:00+02:00,2621.49,2579.7036821354804
XRP/USDC,Long,jma,12h,"ParamA=30.0, ParamB=-50.0, ATR=None",2025-06-04T05:00:00+02:00,2.2539,2025-06-06T20:00:00+02:00,2.1683,23065.275456602438,6.480735178875588,-875.987212868879,32274.130486562357,Trend flip,1437.6714093073313,2025-06-04T05:00:00+02:00,2025-06-06T20:00:00+02:00,2.2539,2.1683
SOL/USDC,Long,jma,12h,"ParamA=20.0, ParamB=0.0, ATR=None",2025-06-04T03:00:00+02:00,156.9,2025-06-06T18:00:00+02:00,150.21,23188.868133316817,15.92990341358536,-988.7414137150379,79293.97258886984,Trend flip,50.764510559545435,2025-06-04T03:00:00+02:00,2025-06-06T18:00:00+02:00,156.9,150.21
ICP/USDC,Long,jma,12h,"ParamA=20.0, ParamB=50.0, ATR=None",2025-06-04T03:00:00+02:00,5.342,2025-06-06T17:00:00+02:00,5.027,23361.058639481093,7.254638670155464,-1377.5240493142144,36052.04773671415,Trend flip,679.0189695016346,2025-06-04T03:00:00+02:00,2025-06-06T17:00:00+02:00,5.342,5.027
LUNC/USDT,Long,jma,12h,"ParamA=20.0, ParamB=0.0, ATR=None",2025-06-03T07:00:00+02:00,6.09e-05,2025-06-05T07:00:00+02:00,5.888e-05,23458.320147481736,32.469106846917725,-778.092064005143,161774.57911927885,Trend flip,266577231.91229656,2025-06-03T07:00:00+02:00,2025-06-05T07:00:00+02:00,6.09e-05,5.888e-05
TNSR/USDC,Long,jma,12h,"ParamA=30.0, ParamB=50.0, ATR=None",2025-06-02T22:00:00+02:00,0.136,2025-06-03T22:00:00+02:00,0.1404,23363.83405388148,10.353595009529277,755.8887488020457,51925.10607779101,"Time-based exit (2 bars, optimal=2)",38064.68753503411,2025-06-02T22:00:00+02:00,2025-06-03T22:00:00+02:00,0.136,0.1404
ETH/USDC,Long,jma,12h,"ParamA=30.0, ParamB=0.0, ATR=2.0",2025-06-02T14:00:00+02:00,2499.28,2025-06-05T02:00:00+02:00,2613.48,23231.1459960832,23.90002313419943,1061.5044623862461,120022.24943397846,"Time-based exit (5 bars, optimal=5)",4.781381664759336,2025-06-02T14:00:00+02:00,2025-06-05T02:00:00+02:00,2499.28,2613.48
TNSR/USDC,Long,jma,12h,"ParamA=30.0, ParamB=50.0, ATR=None",2025-06-01T22:00:00+02:00,0.1306,2025-06-02T22:00:00+02:00,0.136,23111.694283667613,10.313015740549542,955.6136993246974,51767.97504764639,"Time-based exit (2 bars, optimal=2)",39483.2149331912,2025-06-01T22:00:00+02:00,2025-06-02T22:00:00+02:00,0.1306,0.136
XRP/USDC,Long,jma,12h,"ParamA=30.0, ParamB=-50.0, ATR=None",2025-06-01T16:00:00+02:00,2.1476,2025-06-04T04:00:00+02:00,2.2488,22976.35673815742,6.451623923243388,1082.700364081547,32403.67589437794,"Time-based exit (5 bars, optimal=5)",1502.0543684213512,2025-06-01T16:00:00+02:00,2025-06-04T04:00:00+02:00,2.1476,2.2488
SUI/USDC,Long,jma,12h,"ParamA=20.0, ParamB=0.0, ATR=None",2025-06-01T15:00:00+02:00,3.2748,2025-06-04T03:00:00+02:00,3.2741,22976.970664178283,4.527041602953643,-4.91140816688901,22630.197137645217,"Time-based exit (5 bars, optimal=5)",691.1936000601019,2025-06-01T15:00:00+02:00,2025-06-04T03:00:00+02:00,3.2748,3.2741
ICP/USDC,Long,jma,12h,"ParamA=20.0, ParamB=50.0, ATR=None",2025-06-01T15:00:00+02:00,4.885,2025-06-04T03:00:00+02:00,5.342,22711.38461583042,7.188823774420884,2124.6883867829065,36273.19335077732,"Time-based exit (5 bars, optimal=5)",735.8059134514723,2025-06-01T15:00:00+02:00,2025-06-04T03:00:00+02:00,4.885,5.342
SOL/USDC,Long,jma,12h,"ParamA=20.0, ParamB=0.0, ATR=None",2025-06-01T15:00:00+02:00,152.11,2025-06-04T03:00:00+02:00,156.9,22622.336401247245,15.883063673027085,712.3857166654008,79649.51706792679,"Time-based exit (5 bars, optimal=5)",52.209137048935254,2025-06-01T15:00:00+02:00,2025-06-04T03:00:00+02:00,152.11,156.9
LUNC/USDT,Long,jma,12h,"ParamA=20.0, ParamB=0.0, ATR=None",2025-06-01T02:00:00+02:00,5.821e-05,2025-06-03T02:00:00+02:00,6.085e-05,22494.810418800855,32.32895104161007,1020.2078595711097,162345.53423458862,"Time-based exit (4 bars, optimal=4)",277692415.7499576,2025-06-01T02:00:00+02:00,2025-06-03T02:00:00+02:00,5.821e-05,6.085e-05
TNSR/USDC,Long,jma,12h,"ParamA=30.0, ParamB=50.0, ATR=None",2025-05-31T20:00:00+02:00,0.1293,2025-06-01T20:00:00+02:00,0.1288,22505.689038792538,10.31906991412793,-87.02895993345923,51565.078702747705,"Time-based exit (2 bars, optimal=2)",39903.59595563778,2025-05-31T20:00:00+02:00,2025-06-01T20:00:00+02:00,0.1293,0.1288
TAO/USDC,Long,jma,12h,"ParamA=20.0, ParamB=0.0, ATR=None",2025-05-31T14:00:00+02:00,403.9,2025-06-03T02:00:00+02:00,405.1,22497.334000169052,19.01932060456806,66.8403089878779,95105.83721142795,"Time-based exit (5 bars, optimal=5)",23.54459099352322,2025-05-31T14:00:00+02:00,2025-06-03T02:00:00+02:00,403.9,405.1
XRP/USDC,Long,jma,12h,"ParamA=30.0, ParamB=-50.0, ATR=None",2025-05-29T08:00:00+02:00,2.2853,2025-06-01T00:00:00+02:00,2.1796,22628.159078638622,6.482905324366263,-1046.6006277565727,32258.11961621694,Trend flip,1418.3926233681057,2025-05-29T08:00:00+02:00,2025-06-01T00:00:00+02:00,2.2853,2.1796
ETH/USDC,Long,jma,12h,"ParamA=30.0, ParamB=0.0, ATR=2.0",2025-05-28T12:00:00+02:00,2641.73,2025-05-30T02:00:00+02:00,2596.015079653597,22854.76689886012,23.946251175115762,-395.49986119588436,119500.11567099714,ATR stop x2.00,4.532304810695219,2025-05-28T12:00:00+02:00,2025-05-30T02:00:00+02:00,2641.73,2596.015079653597
LUNC/USDT,Long,jma,12h,"ParamA=20.0, ParamB=0.0, ATR=None",2025-05-28T12:00:00+02:00,6.259e-05,2025-05-30T15:00:00+02:00,5.87e-05,22805.329416210636,32.53768190859481,-1417.3627005761198,161644.75520805034,Trend flip,259927160.1581308,2025-05-28T12:00:00+02:00,2025-05-30T15:00:00+02:00,6.259e-05,5.87e-05
TAO/USDC,Long,jma,12h,"ParamA=20.0, ParamB=0.0, ATR=None",2025-05-28T10:00:00+02:00,448.4,2025-05-30T22:00:00+02:00,390.8,23227.736802921303,19.270720127574005,-2983.7592324894435,95096.60302284028,Trend flip,21.488314147607053,2025-05-28T10:00:00+02:00,2025-05-30T22:00:00+02:00,448.4,390.8
ICP/USDC,Long,jma,12h,"ParamA=20.0, ParamB=50.0, ATR=None",2025-05-28T09:00:00+02:00,5.312,2025-05-30T22:00:00+02:00,4.949,23427.85709958806,7.239745132390467,-1600.9623733340502,35944.11887210442,Trend flip,681.4519138168737,2025-05-28T09:00:00+02:00,2025-05-30T22:00:00+02:00,5.312,4.949
TNSR/USDC,Long,jma,12h,"ParamA=30.0, ParamB=50.0, ATR=None",2025-05-28T05:00:00+02:00,0.1582,2025-05-29T05:00:00+02:00,0.1542,23502.13692552207,10.347301958485458,-594.2386074721136,51595.34957063965,Trend flip,32703.229957286527,2025-05-28T05:00:00+02:00,2025-05-29T05:00:00+02:00,0.1582,0.1542
SUI/USDC,Long,jma,12h,"ParamA=20.0, ParamB=0.0, ATR=None",2025-05-27T05:00:00+02:00,3.4638,2025-05-29T17:00:00+02:00,3.5644,23417.123262773246,4.514832031040011,680.1093019905852,22635.208014768214,"Time-based exit (5 bars, optimal=5)",651.7166162942448,2025-05-27T05:00:00+02:00,2025-05-29T17:00:00+02:00,3.4638,3.5644
TNSR/USDC,Long,jma,12h,"ParamA=30.0, ParamB=50.0, ATR=None",2025-05-27T04:00:00+02:00,0.148,2025-05-28T04:00:00+02:00,0.1569,23242.412560251087,10.287495464581902,1397.6856201772644,51736.509792427285,"Time-based exit (2 bars, optimal=2)",34755.05224520913,2025-05-27T04:00:00+02:00,2025-05-28T04:00:00+02:00,0.148,0.1569
LUNC/USDT,Long,jma,12h,"ParamA=20.0, ParamB=0.0, ATR=None",2025-05-26T07:00:00+02:00,6.275e-05,2025-05-28T07:00:00+02:00,6.31e-05,23226.218981280075,32.52604510042741,129.5486317680992,162688.40954297406,"Time-based exit (4 bars, optimal=4)",259171674.10699132,2025-05-26T07:00:00+02:00,2025-05-28T07:00:00+02:00,6.275e-05,6.31e-05
SOL/USDC,Long,jma,12h,"ParamA=20.0, ParamB=0.0, ATR=None",2025-05-26T00:00:00+02:00,174.98,2025-05-28T12:00:00+02:00,174.07,23241.327570897116,15.894508663961044,-120.86871693631441,79415.31836513542,"Time-based exit (5 bars, optimal=5)",45.41807253389257,2025-05-26T00:00:00+02:00,2025-05-28T12:00:00+02:00,174.98,174.07
ETH/USDC,Long,jma,12h,"ParamA=30.0, ParamB=0.0, ATR=2.0",2025-05-26T00:00:00+02:00,2550.8,2025-05-28T12:00:00+02:00,2641.73,23138.22468305652,23.865947892924563,824.823102724763,119731.2558755788,"Time-based exit (5 bars, optimal=5)",4.678129977443265,2025-05-26T00:00:00+02:00,2025-05-28T12:00:00+02:00,2550.8,2641.73
TAO/USDC,Long,jma,12h,"ParamA=20.0, ParamB=0.0, ATR=None",2025-05-25T20:00:00+02:00,419.2,2025-05-28T08:00:00+02:00,446.3,22952.746560504733,19.15074654800694,1483.8249804143102,96353.60063787003,"Time-based exit (5 bars, optimal=5)",22.842016397909042,2025-05-25T20:00:00+02:00,2025-05-28T08:00:00+02:00,419.2,446.3
ICP/USDC,Long,jma,12h,"ParamA=20.0, ParamB=50.0, ATR=None",2025-05-25T19:00:00+02:00,5.08,2025-05-28T07:00:00+02:00,5.338,22807.95198344448,7.204595781632205,1158.356616482023,36198.72566195233,"Time-based exit (5 bars, optimal=5)",709.1137580346658,2025-05-25T19:00:00+02:00,2025-05-28T07:00:00+02:00,5.08,5.338
XRP/USDC,Long,jma,12h,"ParamA=30.0, ParamB=-50.0, ATR=None",2025-05-25T14:00:00+02:00,2.3056,2025-05-28T02:00:00+02:00,2.3224,22787.196816323438,6.479479878307072,166.04133696835189,32414.526621831315,"Time-based exit (5 bars, optimal=5)",1405.1613198965717,2025-05-25T14:00:00+02:00,2025-05-28T02:00:00+02:00,2.3056,2.3224
SOL/USDC,Long,jma,12h,"ParamA=20.0, ParamB=0.0, ATR=None",2025-05-23T09:00:00+02:00,182.55,2025-05-25T23:00:00+02:00,171.58,22959.661543198876,15.9938192862517,-1379.7178150035147,79472.54331980522,Trend flip,43.8066811455812,2025-05-23T09:00:00+02:00,2025-05-25T23:00:00+02:00,182.55,171.58
TNSR/USDC,Long,jma,12h,"ParamA=30.0, ParamB=50.0, ATR=None",2025-05-23T01:00:00+02:00,0.1716,2025-05-24T11:00:00+02:00,0.1561,23221.854686880877,10.383361238929576,-2097.5451494560252,51437.47732290951,Trend flip,30254.549064480114,2025-05-23T01:00:00+02:00,2025-05-24T11:00:00+02:00,0.1716,0.1561
LUNC/USDT,Long,jma,12h,"ParamA=20.0, ParamB=0.0, ATR=None",2025-05-23T01:00:00+02:00,6.699e-05,2025-05-25T07:00:00+02:00,6.12e-05,23475.480285577498,32.816241786527655,-2029.0047895729758,162630.22550213704,Trend flip,244933884.06126028,2025-05-23T01:00:00+02:00,2025-05-25T07:00:00+02:00,6.699e-05,6.12e-05
TAO/USDC,Long,jma,12h,"ParamA=20.0, ParamB=0.0, ATR=None",2025-05-22T20:00:00+02:00,474.4,2025-05-25T16:00:00+02:00,415.5,23845.55383128328,19.39543318408358,-2960.588365646258,95753.7327400347,Trend flip,20.442067015265156,2025-05-22T20:00:00+02:00,2025-05-25T16:00:00+02:00,474.4,415.5
TNSR/USDC,Long,jma,12h,"ParamA=30.0, ParamB=50.0, ATR=None",2025-05-21T21:00:00+02:00,0.1579,2025-05-22T21:00:00+02:00,0.1719,23634.82513158845,10.294148329135055,2095.551309957175,51916.80619464788,"Time-based exit (2 bars, optimal=2)",32597.049807267427,2025-05-21T21:00:00+02:00,2025-05-22T21:00:00+02:00,0.1579,0.1719
XRP/USDC,Long,jma,12h,"ParamA=30.0, ParamB=-50.0, ATR=None",2025-05-21T21:00:00+02:00,2.3913,2025-05-24T18:00:00+02:00,2.3503,23896.769045333098,6.491908953322603,-409.7217123985555,32397.39939153536,Trend flip,1357.4016127885673,2025-05-21T21:00:00+02:00,2025-05-24T18:00:00+02:00,2.3913,2.3503
ICP/USDC,Long,jma,12h,"ParamA=20.0, ParamB=50.0, ATR=None",2025-05-21T13:00:00+02:00,5.274,2025-05-24T01:00:00+02:00,5.227,23661.182630252224,7.212465766082461,-210.85998931017212,36022.97890816102,"Time-based exit (5 bars, optimal=5)",683.7756698978443,2025-05-21T13:00:00+02:00,2025-05-24T01:00:00+02:00,5.274,5.227
ETH/USDC,Long,jma,12h,"ParamA=30.0, ParamB=0.0, ATR=2.0",2025-05-20T21:00:00+02:00,2502.39,2025-05-23T09:00:00+02:00,2655.41,23481.695765394,23.72561198693545,1435.8949188658003,119329.73946462282,"Time-based exit (5 bars, optimal=5)",4.74059039297141,2025-05-20T21:00:00+02:00,2025-05-23T09:00:00+02:00,2502.39,2655.41
SUI/USDC,Long,jma,12h,"ParamA=20.0, ParamB=0.0, ATR=None",2025-05-20T21:00:00+02:00,3.8867,2025-05-23T10:00:00+02:00,3.8555,23505.28148020935,4.519363766749662,-188.68571852278902,22574.160155200054,"Time-based exit (5 bars, optimal=5)",581.3882942791652,2025-05-20T21:00:00+02:00,2025-05-23T10:00:00+02:00,3.8867,3.8555
LUNC/USDT,Long,jma,12h,"ParamA=20.0, ParamB=0.0, ATR=None",2025-05-20T19:00:00+02:00,6.153e-05,2025-05-22T19:00:00+02:00,6.697e-05,23248.35186428679,32.53509897949364,2055.4369273804678,164081.20893263826,"Time-based exit (4 bars, optimal=4)",264384032.01278758,2025-05-20T19:00:00+02:00,2025-05-22T19:00:00+02:00,6.153e-05,6.697e-05
TNSR/USDC,Long,jma,12h,"ParamA=30.0, ParamB=50.0, ATR=None",2025-05-20T17:00:00+02:00,0.1518,2025-05-21T17:00:00+02:00,0.1573,23143.535129100645,10.259029737482974,838.5338814891546,51470.74164567527,"Time-based exit (2 bars, optimal=2)",33791.270545069085,2025-05-20T17:00:00+02:00,2025-05-21T17:00:00+02:00,0.1518,0.1573
SOL/USDC,Long,jma,12h,"ParamA=20.0, ParamB=0.0, ATR=None",2025-05-20T17:00:00+02:00,166.68,2025-05-23T05:00:00+02:00,185.01,22829.708813295136,15.822976704372069,2510.610526444081,79969.0964312585,"Time-based exit (5 bars, optimal=5)",47.465132902484,2025-05-20T17:00:00+02:00,2025-05-23T05:00:00+02:00,166.68,185.01
TAO/USDC,Long,jma,12h,"ParamA=20.0, ParamB=0.0, ATR=None",2025-05-20T06:00:00+02:00,416.0,2025-05-22T18:00:00+02:00,474.5,22435.33764377564,19.130240228910314,3154.9693561559498,96977.1659204179,"Time-based exit (5 bars, optimal=5)",22.99307719820951,2025-05-20T06:00:00+02:00,2025-05-22T18:00:00+02:00,416.0,474.5
ETH/USDC,Long,jma,12h,"ParamA=30.0, ParamB=0.0, ATR=2.0",2025-05-20T01:00:00+02:00,2528.99,2025-05-20T20:00:00+02:00,2451.6769585040925,22521.399564695217,23.803140525994,-688.495367356609,118628.05993467727,ATR stop x2.00,4.706056672029941,2025-05-20T01:00:00+02:00,2025-05-20T20:00:00+02:00,2528.99,2451.6769585040925
XRP/USDC,Long,jma,12h,"ParamA=30.0, ParamB=-50.0, ATR=None",2025-05-19T00:00:00+02:00,2.4063,2025-05-21T16:00:00+02:00,2.4014,22527.133625014096,6.494530354457986,-45.87248255103766,32459.544766613013,"Time-based exit (5 bars, optimal=5)",1349.484759684575,2025-05-19T00:00:00+02:00,2025-05-21T16:00:00+02:00,2.4063,2.4014
TNSR/USDC,Long,jma,12h,"ParamA=30.0, ParamB=50.0, ATR=None",2025-05-18T15:00:00+02:00,0.1576,2025-05-20T00:00:00+02:00,0.1521,22625.83452116448,10.297024188664397,-789.6071692030719,51295.14868741487,Trend flip,32668.223948808365,2025-05-18T15:00:00+02:00,2025-05-20T00:00:00+02:00,0.1576,0.1521
ICP/USDC,Long,jma,12h,"ParamA=20.0, ParamB=50.0, ATR=None",2025-05-18T15:00:00+02:00,5.319,2025-05-21T05:00:00+02:00,5.333,22618.392861546563,7.212009913904787,59.53327694334597,36062.328830412305,"Time-based exit (5 bars, optimal=5)",677.9479144486545,2025-05-18T15:00:00+02:00,2025-05-21T05:00:00+02:00,5.319,5.333
LUNC/USDT,Long,jma,12h,"ParamA=20.0, ParamB=0.0, ATR=None",2025-05-18T14:00:00+02:00,6.249e-05,2025-05-20T18:00:00+02:00,6.11e-05,22681.457403454875,32.6141673283801,-504.51633526648334,162675.4948974682,Trend flip,260955091.44167143,2025-05-18T14:00:00+02:00,2025-05-20T18:00:00+02:00,6.249e-05,6.11e-05
SUI/USDC,Long,jma,12h,"ParamA=20.0, ParamB=0.0, ATR=None",2025-05-18T06:00:00+02:00,3.7784,2025-05-20T18:00:00+02:00,3.851,22627.111374520995,4.511597285578655,434.76823147105233,22596.81883374831,"Time-based exit (5 bars, optimal=5)",597.0248366476094,2025-05-18T06:00:00+02:00,2025-05-20T18:00:00+02:00,3.7784,3.851
SOL/USDC,Long,jma,12h,"ParamA=20.0, ParamB=0.0, ATR=None",2025-05-18T02:00:00+02:00,167.33,2025-05-20T14:00:00+02:00,166.11,22647.75191816242,15.837691474842563,-165.12434913140575,79114.88352186033,"Time-based exit (5 bars, optimal=5)",47.324722030844924,2025-05-18T02:00:00+02:00,2025-05-20T14:00:00+02:00,167.33,166.11
ETH/USDC,Long,jma,12h,"ParamA=30.0, ParamB=0.0, ATR=2.0",2025-05-16T11:00:00+02:00,2612.38,2025-05-17T00:00:00+02:00,2542.5104903008823,22723.72168964449,23.871761188872686,-607.7581718565709,119015.70262997001,ATR stop x2.00,4.568967988744494,2025-05-16T11:00:00+02:00,2025-05-17T00:00:00+02:00,2612.38,2542.5104903008823
ETH/USDC,Long,jma,12h,"ParamA=30.0, ParamB=0.0, ATR=2.0",2025-05-14T13:00:00+02:00,2625.12,2025-05-14T19:00:00+02:00,2550.8133456771848,22804.40939945783,23.94432687282818,-645.5016785066849,119358.80594436343,ATR stop x2.00,4.560615680964714,2025-05-14T13:00:00+02:00,2025-05-14T19:00:00+02:00,2625.12,2550.8133456771848
SOL/USDC,Long,jma,12h,"ParamA=20.0, ParamB=0.0, ATR=None",2025-05-14T06:00:00+02:00,181.65,2025-05-16T22:00:00+02:00,169.67,22993.968817593508,15.946046462622407,-1516.4753450854425,79188.45737421281,Trend flip,43.89222808318857,2025-05-14T06:00:00+02:00,2025-05-16T22:00:00+02:00,181.65,169.67
ETH/USDC,Long,jma,12h,"ParamA=30.0, ParamB=0.0, ATR=2.0",2025-05-14T02:00:00+02:00,2696.11,2025-05-14T10:00:00+02:00,2620.379033850666,23074.987912162735,24.01659033122239,-648.1527565538089,119721.6343641409,ATR stop x2.00,4.45393369173038,2025-05-14T02:00:00+02:00,2025-05-14T10:00:00+02:00,2696.11,2620.379033850666
SUI/USDC,Long,jma,12h,"ParamA=20.0, ParamB=0.0, ATR=None",2025-05-14T01:00:00+02:00,4.0642,2025-05-16T14:00:00+02:00,3.8901,23199.212324893528,4.531917250874636,-993.7953018463552,22557.986427893273,Trend flip,557.5411213614778,2025-05-14T01:00:00+02:00,2025-05-16T14:00:00+02:00,4.0642,3.8901
LUNC/USDT,Long,jma,12h,"ParamA=20.0, ParamB=0.0, ATR=None",2025-05-13T17:00:00+02:00,6.756e-05,2025-05-15T20:00:00+02:00,6.406e-05,23350.423251067925,32.79059978112784,-1209.6874093951674,163070.8366419005,Trend flip,242677618.27359265,2025-05-13T17:00:00+02:00,2025-05-15T20:00:00+02:00,6.756e-05,6.406e-05
TAO/USDC,Long,jma,12h,"ParamA=20.0, ParamB=0.0, ATR=None",2025-05-13T17:00:00+02:00,458.4,2025-05-16T06:00:00+02:00,438.6,23477.18159409889,19.217089399431725,-1014.0667442477245,95651.20114455155,Trend flip,20.961048646849612,2025-05-13T17:00:00+02:00,2025-05-16T06:00:00+02:00,458.4,438.6
ICP/USDC,Long,jma,12h,"ParamA=20.0, ParamB=50.0, ATR=None",2025-05-12T05:00:00+02:00,5.812,2025-05-14T18:00:00+02:00,5.713,23527.27623336039,7.225763231725613,-400.7571140919964,36060.04956952393,Trend flip,621.6245037616666,2025-05-12T05:00:00+02:00,2025-05-14T18:00:00+02:00,5.812,5.713
XRP/USDC,Long,jma,12h,"ParamA=30.0, ParamB=-50.0, ATR=None",2025-05-12T02:00:00+02:00,2.3963,2025-05-14T14:00:00+02:00,2.593,23288.323822565693,6.442932208627581,1911.61928635758,32472.651772289926,"Time-based exit (5 bars, optimal=5)",1344.3500831756417,2025-05-12T02:00:00+02:00,2025-05-14T14:00:00+02:00,2.3963,2.593
ETH/USDC,Long,jma,12h,"ParamA=30.0, ParamB=0.0, ATR=2.0",2025-05-12T01:00:00+02:00,2515.08,2025-05-12T20:00:00+02:00,2441.3026509774186,23374.03054010658,24.09208044872703,-685.6537403271144,120082.95165611194,ATR stop x2.00,4.789525670898547,2025-05-12T01:00:00+02:00,2025-05-12T20:00:00+02:00,2515.08,2441.3026509774186
TNSR/USDC,Long,jma,12h,"ParamA=30.0, ParamB=50.0, ATR=None",2025-05-11T23:00:00+02:00,0.1815,2025-05-12T23:00:00+02:00,0.1927,23195.11505210139,10.235907642591249,1431.3239040415203,51485.12094332198,"Time-based exit (2 bars, optimal=2)",28198.092679314734,2025-05-11T23:00:00+02:00,2025-05-12T23:00:00+02:00,0.1815,0.1927
SUI/USDC,Long,jma,12h,"ParamA=20.0, ParamB=0.0, ATR=None",2025-05-11T11:00:00+02:00,3.9729,2025-05-13T23:00:00+02:00,4.0828,23172.64574758561,4.520317026700767,641.0112934278867,22659.586254373182,"Time-based exit (5 bars, optimal=5)",568.893884404436,2025-05-11T11:00:00+02:00,2025-05-13T23:00:00+02:00,3.9729,4.0828
LUNC/USDT,Long,jma,12h,"ParamA=20.0, ParamB=0.0, ATR=None",2025-05-11T11:00:00+02:00,6.856e-05,2025-05-13T15:00:00+02:00,6.72e-05,23252.772159264096,32.86236013206266,-461.25685730162166,163952.9989056392,Trend flip,239661319.51620963,2025-05-11T11:00:00+02:00,2025-05-13T15:00:00+02:00,6.856e-05,6.72e-05
SOL/USDC,Long,jma,12h,"ParamA=20.0, ParamB=0.0, ATR=None",2025-05-11T06:00:00+02:00,177.27,2025-05-13T18:00:00+02:00,176.61,23183.435127616234,15.955177825013443,-86.31504024497453,79730.23231311204,"Time-based exit (5 bars, optimal=5)",45.00247595479619,2025-05-11T06:00:00+02:00,2025-05-13T18:00:00+02:00,177.27,176.61
TNSR/USDC,Long,jma,12h,"ParamA=30.0, ParamB=50.0, ATR=None",2025-05-10T23:00:00+02:00,0.1788,2025-05-11T23:00:00+02:00,0.1815,23139.75689522173,10.222515461262132,349.4258591560339,51179.53821295624,"Time-based exit (2 bars, optimal=2)",28586.4526321648,2025-05-10T23:00:00+02:00,2025-05-11T23:00:00+02:00,0.1788,0.1815
TAO/USDC,Long,jma,12h,"ParamA=20.0, ParamB=0.0, ATR=None",2025-05-10T14:00:00+02:00,446.4,2025-05-13T02:00:00+02:00,451.5,23106.758332415022,19.198994862875473,263.9885024536675,96085.44699715861,"Time-based exit (5 bars, optimal=5)",21.50425051845371,2025-05-10T14:00:00+02:00,2025-05-13T02:00:00+02:00,446.4,451.5
TNSR/USDC,Long,jma,12h,"ParamA=30.0, ParamB=50.0, ATR=None",2025-05-09T19:00:00+02:00,0.1706,2025-05-10T19:00:00+02:00,0.1783,22977.124788400746,10.178610211073826,1037.0683521142169,51112.57730631066,"Time-based exit (2 bars, optimal=2)",29831.800149688825,2025-05-09T19:00:00+02:00,2025-05-10T19:00:00+02:00,0.1706,0.1783
XRP/USDC,Long,jma,12h,"ParamA=30.0, ParamB=-50.0, ATR=None",2025-05-09T08:00:00+02:00,2.3111,2025-05-11T20:00:00+02:00,2.3747,22898.3562659162,6.426532108010566,630.148179876363,32214.661043137905,"Time-based exit (5 bars, optimal=5)",1390.3621885705002,2025-05-09T08:00:00+02:00,2025-05-11T20:00:00+02:00,2.3111,2.3747
ETH/USDC,Long,jma,12h,"ParamA=30.0, ParamB=0.0, ATR=2.0",2025-05-09T08:00:00+02:00,2256.59,2025-05-11T20:00:00+02:00,2505.39,22587.064578725196,23.83406512572918,2490.33349752805,120460.40224363517,"Time-based exit (5 bars, optimal=5)",5.280991479561901,2025-05-09T08:00:00+02:00,2025-05-11T20:00:00+02:00,2256.59,2505.39
ICP/USDC,Long,jma,12h,"ParamA=20.0, ParamB=50.0, ATR=None",2025-05-09T08:00:00+02:00,5.279,2025-05-11T20:00:00+02:00,5.707,22360.452679060538,7.1690730970076535,1812.8951973172777,36128.81615862806,"Time-based exit (5 bars, optimal=5)",679.0180997355232,2025-05-09T08:00:00+02:00,2025-05-11T20:00:00+02:00,5.279,5.707
LUNC/USDT,Long,jma,12h,"ParamA=20.0, ParamB=0.0, ATR=None",2025-05-09T06:00:00+02:00,6.461e-05,2025-05-11T06:00:00+02:00,7.011e-05,22125.02542354763,32.59144006631531,1883.4180441032645,164311.8006603133,"Time-based exit (4 bars, optimal=4)",252216685.2369239,2025-05-09T06:00:00+02:00,2025-05-11T06:00:00+02:00,6.461e-05,7.011e-05
TNSR/USDC,Long,jma,12h,"ParamA=30.0, ParamB=50.0, ATR=None",2025-05-08T18:00:00+02:00,0.153,2025-05-09T18:00:00+02:00,0.1655,21901.359578182208,10.098128784668438,1789.3267629233844,50893.051055369135,"Time-based exit (2 bars, optimal=2)",33000.42086492953,2025-05-08T18:00:00+02:00,2025-05-09T18:00:00+02:00,0.153,0.1655
SUI/USDC,Long,jma,12h,"ParamA=20.0, ParamB=0.0, ATR=None",2025-05-08T17:00:00+02:00,3.8932,2025-05-11T05:00:00+02:00,4.015,21816.04434261345,4.507117788933882,682.5218845500633,22601.585133503835,"Time-based exit (5 bars, optimal=5)",578.8448819652061,2025-05-08T17:00:00+02:00,2025-05-11T05:00:00+02:00,3.8932,4.015
SOL/USDC,Long,jma,12h,"ParamA=20.0, ParamB=0.0, ATR=None",2025-05-08T08:00:00+02:00,150.64,2025-05-10T20:00:00+02:00,172.53,21426.843593915553,15.729749546580589,3113.6059895831904,79775.88912506722,"Time-based exit (5 bars, optimal=5)",52.20973694430626,2025-05-08T08:00:00+02:00,2025-05-10T20:00:00+02:00,150.64,172.53
TAO/USDC,Long,jma,12h,"ParamA=20.0, ParamB=0.0, ATR=None",2025-05-07T20:00:00+02:00,361.4,2025-05-10T08:00:00+02:00,448.5,20800.218312033256,18.75083638349949,5013.002255058376,95994.97431437737,"Time-based exit (5 bars, optimal=5)",25.941942976617998,2025-05-07T20:00:00+02:00,2025-05-10T08:00:00+02:00,361.4,448.5
TNSR/USDC,Long,jma,12h,"ParamA=30.0, ParamB=50.0, ATR=None",2025-05-07T08:00:00+02:00,0.1315,2025-05-08T08:00:00+02:00,0.1421,20592.72507458967,10.019368169634587,1659.9458995486727,50490.643923342184,"Time-based exit (2 bars, optimal=2)",38096.456918762684,2025-05-07T08:00:00+02:00,2025-05-08T08:00:00+02:00,0.1315,0.1421
LUNC/USDT,Long,jma,12h,"ParamA=20.0, ParamB=0.0, ATR=None",2025-05-07T06:00:00+02:00,5.863e-05,2025-05-09T06:00:00+02:00,6.461e-05,20333.484419572942,32.26876670909869,2073.925240133828,162957.20033157655,"Time-based exit (4 bars, optimal=4)",275189891.77126634,2025-05-07T06:00:00+02:00,2025-05-09T06:00:00+02:00,5.863e-05,6.461e-05
ETH/USDC,Long,jma,12h,"ParamA=30.0, ParamB=0.0, ATR=2.0",2025-05-06T19:00:00+02:00,1767.89,2025-05-09T07:00:00+02:00,2214.34,19711.267032828964,23.25153810959075,4977.739093951825,119170.32562864589,"Time-based exit (5 bars, optimal=5)",6.576070374737894,2025-05-06T19:00:00+02:00,2025-05-09T07:00:00+02:00,1767.89,2214.34
XRP/USDC,Long,jma,12h,"ParamA=30.0, ParamB=-50.0, ATR=None",2025-05-06T14:00:00+02:00,2.1011,2025-05-09T02:00:00+02:00,2.317,19461.297133072272,6.362427029489625,1999.7591980535447,32132.66054005283,"Time-based exit (5 bars, optimal=5)",1514.070493905484,2025-05-06T14:00:00+02:00,2025-05-09T02:00:00+02:00,2.1011,2.317
ICP/USDC,Long,jma,12h,"ParamA=20.0, ParamB=50.0, ATR=None",2025-05-06T14:00:00+02:00,4.498,2025-05-09T02:00:00+02:00,5.237,19069.665224422642,7.054580610043357,3133.0552691970497,35845.365485038266,"Time-based exit (5 bars, optimal=5)",784.1908192578209,2025-05-06T14:00:00+02:00,2025-05-09T02:00:00+02:00,4.498,5.237
SOL/USDC,Long,jma,12h,"ParamA=20.0, ParamB=0.0, ATR=None",2025-05-05T15:00:00+02:00,144.91,2025-05-08T03:00:00+02:00,148.14,19016.680717902367,15.697898985102414,423.8760521622004,78648.74773290294,"Time-based exit (5 bars, optimal=5)",54.16430537955426,2025-05-05T15:00:00+02:00,2025-05-08T03:00:00+02:00,144.91,148.14
SUI/USDC,Long,jma,12h,"ParamA=20.0, ParamB=0.0, ATR=None",2025-05-05T04:00:00+02:00,3.3156,2025-05-07T16:00:00+02:00,3.3287,19007.293444704243,4.506238613027863,75.09818558500052,22535.588944669405,"Time-based exit (5 bars, optimal=5)",679.5510032916912,2025-05-05T04:00:00+02:00,2025-05-07T16:00:00+02:00,3.3156,3.3287
TAO/USDC,Long,jma,12h,"ParamA=20.0, ParamB=0.0, ATR=None",2025-05-05T02:00:00+02:00,346.1,2025-05-07T14:00:00+02:00,365.5,18875.042712035403,18.650027086553568,1058.0058613507263,93754.18191749744,"Time-based exit (5 bars, optimal=5)",26.94311916578094,2025-05-05T02:00:00+02:00,2025-05-07T14:00:00+02:00,346.1,365.5
ICP/USDC,Long,jma,12h,"ParamA=20.0, ParamB=50.0, ATR=None",2025-05-02T14:00:00+02:00,4.955,2025-05-05T03:00:00+02:00,4.593,19049.001810303056,7.1079309755146705,-1391.6727861412126,35272.90305021678,Trend flip,717.2483325443663,2025-05-02T14:00:00+02:00,2025-05-05T03:00:00+02:00,4.955,4.593
LUNC/USDT,Long,jma,12h,"ParamA=20.0, ParamB=0.0, ATR=None",2025-05-01T20:00:00+02:00,6.209e-05,2025-05-03T22:00:00+02:00,6.009e-05,19126.01103495661,32.37954134936846,-616.0737972284282,161343.83354549346,Trend flip,260746829.99974602,2025-05-01T20:00:00+02:00,2025-05-03T22:00:00+02:00,6.209e-05,6.009e-05
TAO/USDC,Long,jma,12h,"ParamA=20.0, ParamB=0.0, ATR=None",2025-05-01T09:00:00+02:00,361.1,2025-05-03T21:00:00+02:00,358.7,19141.91403748013,18.6661665230305,-127.22402018818325,93250.13543276784,"Time-based exit (5 bars, optimal=5)",25.846256609014816,2025-05-01T09:00:00+02:00,2025-05-03T21:00:00+02:00,361.1,358.7
ETH/USDC,Long,jma,12h,"ParamA=30.0, ParamB=0.0, ATR=2.0",2025-05-01T09:00:00+02:00,1810.91,2025-05-03T21:00:00+02:00,1838.82,19105.107711087843,23.22039458929125,294.4506111383,116257.69054795375,"Time-based exit (5 bars, optimal=5)",6.411250307660581,2025-05-01T09:00:00+02:00,2025-05-03T21:00:00+02:00,1810.91,1838.82
SOL/USDC,Long,jma,12h,"ParamA=20.0, ParamB=0.0, ATR=None",2025-05-01T07:00:00+02:00,149.15,2025-05-03T23:00:00+02:00,147.66,19299.25752552775,15.716743270714899,-192.79848282290664,78489.49492551207,"Time-based exit (5 bars, optimal=5)",52.68770791389507,2025-05-01T07:00:00+02:00,2025-05-03T23:00:00+02:00,149.15,147.66
SUI/USDC,Long,jma,12h,"ParamA=20.0, ParamB=0.0, ATR=None",2025-05-01T07:00:00+02:00,3.5266,2025-05-04T02:00:00+02:00,3.2777,19275.15771517489,4.53918304750854,-1360.400032696375,22531.193065139312,Trend flip,643.5636374281943,2025-05-01T07:00:00+02:00,2025-05-04T02:00:00+02:00,3.5266,3.2777
TNSR/USDC,Long,jma,12h,"ParamA=30.0, ParamB=50.0, ATR=None",2025-05-01T06:00:00+02:00,0.1549,2025-05-02T06:00:00+02:00,0.1533,19324.20808470749,10.03173654306903,-199.60447343791046,50096.840848172935,Trend flip,32381.3316432183,2025-05-01T06:00:00+02:00,2025-05-02T06:00:00+02:00,0.1549,0.1533
TNSR/USDC,Long,jma,12h,"ParamA=30.0, ParamB=50.0, ATR=None",2025-04-30T03:00:00+02:00,0.1505,2025-05-01T03:00:00+02:00,0.1555,19244.289937128055,10.000512352011155,639.3451806354841,50158.68271534515,"Time-based exit (2 bars, optimal=2)",33224.29352827626,2025-04-30T03:00:00+02:00,2025-05-01T03:00:00+02:00,0.1505,0.1555
ETH/USDC,Long,jma,12h,"ParamA=30.0, ParamB=0.0, ATR=2.0",2025-04-29T05:00:00+02:00,1802.34,2025-04-30T14:00:00+02:00,1768.3937173509264,19289.70407560689,23.268874267293018,-363.31310783067386,116101.97294645624,ATR stop x2.00,6.455184445579918,2025-04-29T05:00:00+02:00,2025-04-30T14:00:00+02:00,1802.34,1768.3937173509264
TAO/USDC,Long,jma,12h,"ParamA=20.0, ParamB=0.0, ATR=None",2025-04-28T14:00:00+02:00,378.3,2025-05-01T05:00:00+02:00,357.4,19423.84309246937,18.773640278796236,-1073.1121348998427,93330.83261515251,Trend flip,24.813164523917838,2025-04-28T14:00:00+02:00,2025-05-01T05:00:00+02:00,378.3,357.4
ETH/USDC,Long,jma,12h,"ParamA=30.0, ParamB=0.0, ATR=2.0",2025-04-28T05:00:00+02:00,1784.8,2025-04-28T17:00:00+02:00,1754.9301617727285,19464.562173268354,23.312551914068603,-325.7526463918604,116344.37133646509,ATR stop x2.00,6.530858335406937,2025-04-28T05:00:00+02:00,2025-04-28T17:00:00+02:00,1784.8,1754.9301617727285
SOL/USDC,Long,jma,12h,"ParamA=20.0, ParamB=0.0, ATR=None",2025-04-28T05:00:00+02:00,148.44,2025-04-30T22:00:00+02:00,147.0,19488.193774449985,15.735154801077938,-189.0528094530311,78583.71635357449,"Time-based exit (5 bars, optimal=5)",53.001734037584,2025-04-28T05:00:00+02:00,2025-04-30T22:00:00+02:00,148.44,147.0
XRP/USDC,Long,jma,12h,"ParamA=30.0, ParamB=-50.0, ATR=None",2025-04-28T05:00:00+02:00,2.2596,2025-05-01T01:00:00+02:00,2.1908,19562.648890602926,6.383138953793972,-595.6409292235267,31812.135147448127,Trend flip,1412.448874533982,2025-04-28T05:00:00+02:00,2025-05-01T01:00:00+02:00,2.2596,2.1908
ETH/USDC,Long,jma,12h,"ParamA=30.0, ParamB=0.0, ATR=2.0",2025-04-27T10:00:00+02:00,1810.51,2025-04-28T02:00:00+02:00,1777.5640152105436,19607.248209390844,23.359731737561862,-356.7945503033323,116562.759570343,ATR stop x2.00,6.451146841929032,2025-04-27T10:00:00+02:00,2025-04-28T02:00:00+02:00,1810.51,1777.5640152105436
SUI/USDC,Long,jma,12h,"ParamA=20.0, ParamB=0.0, ATR=None",2025-04-27T04:00:00+02:00,3.5391,2025-04-29T16:00:00+02:00,3.5982,19566.405390645006,4.532520622560877,326.7425499666917,22695.9152375427,"Time-based exit (5 bars, optimal=5)",640.3493292872308,2025-04-27T04:00:00+02:00,2025-04-29T16:00:00+02:00,3.5391,3.5982
TNSR/USDC,Long,jma,12h,"ParamA=30.0, ParamB=50.0, ATR=None",2025-04-26T16:00:00+02:00,0.1619,2025-04-27T16:00:00+02:00,0.1557,19660.51843441692,10.040972696468986,-752.9043501753217,50002.56176005578,Trend flip,31009.79832139897,2025-04-26T16:00:00+02:00,2025-04-27T16:00:00+02:00,0.1619,0.1557
ICP/USDC,Long,jma,12h,"ParamA=20.0, ParamB=50.0, ATR=None",2025-04-26T07:00:00+02:00,5.36,2025-04-29T03:00:00+02:00,5.117,19772.569141069907,7.141736973741868,-896.4056532238794,35539.65487757335,Trend flip,666.2068072520399,2025-04-26T07:00:00+02:00,2025-04-29T03:00:00+02:00,5.36,5.117
LUNC/USDT,Long,jma,12h,"ParamA=20.0, ParamB=0.0, ATR=None",2025-04-25T16:00:00+02:00,6.495e-05,2025-04-27T22:00:00+02:00,6.279e-05,19855.107694998307,32.49410370205103,-660.3084314271973,161897.7067468423,Trend flip,250147064.6809163,2025-04-25T16:00:00+02:00,2025-04-27T22:00:00+02:00,6.495e-05,6.279e-05
TNSR/USDC,Long,jma,12h,"ParamA=30.0, ParamB=50.0, ATR=None",2025-04-25T16:00:00+02:00,0.1613,2025-04-26T16:00:00+02:00,0.1619,19845.87991450489,10.039246170190243,73.82224394732006,50204.863482344925,"Time-based exit (2 bars, optimal=2)",31119.795939833362,2025-04-25T16:00:00+02:00,2025-04-26T16:00:00+02:00,0.1613,0.1619
TAO/USDC,Long,jma,12h,"ParamA=20.0, ParamB=0.0, ATR=None",2025-04-25T15:00:00+02:00,368.5,2025-04-28T08:00:00+02:00,372.0,19822.3459217213,18.759574416079378,188.27194226872334,93868.20139398119,"Time-based exit (5 bars, optimal=5)",25.453968000107704,2025-04-25T15:00:00+02:00,2025-04-28T08:00:00+02:00,368.5,372.0
XRP/USDC,Long,jma,12h,"ParamA=30.0, ParamB=-50.0, ATR=None",2025-04-25T01:00:00+02:00,2.206,2025-04-27T14:00:00+02:00,2.2153,19811.90560428477,6.38172490704213,83.52253949222579,31915.694768969857,"Time-based exit (5 bars, optimal=5)",1446.4471684139007,2025-04-25T01:00:00+02:00,2025-04-27T14:00:00+02:00,2.206,2.2153
SOL/USDC,Long,jma,12h,"ParamA=20.0, ParamB=0.0, ATR=None",2025-04-25T01:00:00+02:00,152.61,2025-04-27T13:00:00+02:00,148.0,19886.998211054444,15.785997899561577,-600.7408541574029,78675.77400538969,Trend flip,51.72006388690641,2025-04-25T01:00:00+02:00,2025-04-27T13:00:00+02:00,152.61,148.0
ETH/USDC,Long,jma,12h,"ParamA=30.0, ParamB=0.0, ATR=2.0",2025-04-24T20:00:00+02:00,1763.99,2025-04-27T08:00:00+02:00,1801.35,19834.488242125637,23.315015267353672,420.07975143045695,116798.65868780931,"Time-based exit (5 bars, optimal=5)",6.6086018819136365,2025-04-24T20:00:00+02:00,2025-04-27T08:00:00+02:00,1763.99,1801.35
TNSR/USDC,Long,jma,12h,"ParamA=30.0, ParamB=50.0, ATR=None",2025-04-24T07:00:00+02:00,0.1533,2025-04-25T07:00:00+02:00,0.1589,19744.331477388703,10.004700259977481,721.2541178954806,50196.230850951215,"Time-based exit (2 bars, optimal=2)",32631.11630781957,2025-04-24T07:00:00+02:00,2025-04-25T07:00:00+02:00,0.1533,0.1589
SUI/USDC,Long,jma,12h,"ParamA=20.0, ParamB=0.0, ATR=None",2025-04-24T06:00:00+02:00,2.9914,2025-04-26T18:00:00+02:00,3.4554,19368.791625060854,4.464169139983435,3004.318818622797,22662.603112804387,"Time-based exit (5 bars, optimal=5)",746.1672026448209,2025-04-24T06:00:00+02:00,2025-04-26T18:00:00+02:00,2.9914,3.4554
ICP/USDC,Long,jma,12h,"ParamA=20.0, ParamB=50.0, ATR=None",2025-04-23T14:00:00+02:00,5.214,2025-04-26T02:00:00+02:00,5.353,19304.461930767207,7.124169487754536,514.6375543491808,35708.684868709344,"Time-based exit (5 bars, optimal=5)",683.1769742764226,2025-04-23T14:00:00+02:00,2025-04-26T02:00:00+02:00,5.214,5.353
LUNC/USDT,Long,jma,12h,"ParamA=20.0, ParamB=0.0, ATR=None",2025-04-23T12:00:00+02:00,6.403e-05,2025-04-25T12:00:00+02:00,6.445e-05,19288.6466262556,32.47929501021083,126.52243609288365,162470.51851025515,"Time-based exit (4 bars, optimal=4)",253625605.26480424,2025-04-23T12:00:00+02:00,2025-04-25T12:00:00+02:00,6.403e-05,6.445e-05
TNSR/USDC,Long,jma,12h,"ParamA=30.0, ParamB=50.0, ATR=None",2025-04-23T04:00:00+02:00,0.1508,2025-04-24T04:00:00+02:00,0.152,19269.479372238122,9.998743448893604,153.33803213982677,50023.5012998874,"Time-based exit (2 bars, optimal=2)",33152.33239023078,2025-04-23T04:00:00+02:00,2025-04-24T04:00:00+02:00,0.1508,0.152
TAO/USDC,Long,jma,12h,"ParamA=20.0, ParamB=0.0, ATR=None",2025-04-23T01:00:00+02:00,338.4,2025-04-25T13:00:00+02:00,368.2,19059.676491239694,18.599504355428078,1678.4230479874207,93797.87208039689,"Time-based exit (5 bars, optimal=5)",27.481537168185696,2025-04-23T01:00:00+02:00,2025-04-25T13:00:00+02:00,338.4,368.2
SOL/USDC,Long,jma,12h,"ParamA=20.0, ParamB=0.0, ATR=None",2025-04-22T07:00:00+02:00,139.41,2025-04-24T19:00:00+02:00,150.68,18869.003592516805,15.662513568534957,1525.383189783119,78929.98949780788,"Time-based exit (5 bars, optimal=5)",56.17428293714567,2025-04-22T07:00:00+02:00,2025-04-24T19:00:00+02:00,139.41,150.68
ETH/USDC,Long,jma,12h,"ParamA=30.0, ParamB=0.0, ATR=2.0",2025-04-22T03:00:00+02:00,1587.57,2025-04-24T15:00:00+02:00,1754.36,18624.418568467885,23.077181981321036,1956.6801923913642,116575.07633676837,"Time-based exit (5 bars, optimal=5)",7.268083291231579,2025-04-22T03:00:00+02:00,2025-04-24T15:00:00+02:00,1587.57,1754.36
XRP/USDC,Long,jma,12h,"ParamA=30.0, ParamB=-50.0, ATR=None",2025-04-22T03:00:00+02:00,2.0968,2025-04-24T15:00:00+02:00,2.1827,18529.530722164356,6.3569536461971445,759.1027704282334,31908.62453521065,"Time-based exit (5 bars, optimal=5)",1515.8702895357555,2025-04-22T03:00:00+02:00,2025-04-24T15:00:00+02:00,2.0968,2.1827
TNSR/USDC,Long,jma,12h,"ParamA=30.0, ParamB=50.0, ATR=None",2025-04-21T21:00:00+02:00,0.1482,2025-04-22T21:00:00+02:00,0.149,18517.036095918796,9.995346919400614,99.95700996447334,49993.71724446802,"Time-based exit (2 bars, optimal=2)",33722.49298043392,2025-04-21T21:00:00+02:00,2025-04-22T21:00:00+02:00,0.1482,0.149
SUI/USDC,Long,jma,12h,"ParamA=20.0, ParamB=0.0, ATR=None",2025-04-21T16:00:00+02:00,2.2539,2025-04-24T04:00:00+02:00,2.9927,17788.19292768945,4.3233207997142165,5830.745345834764,22320.845699917172,"Time-based exit (5 bars, optimal=5)",959.0755578584269,2025-04-21T16:00:00+02:00,2025-04-24T04:00:00+02:00,2.2539,2.9927
LUNC/USDT,Long,jma,12h,"ParamA=20.0, ParamB=0.0, ATR=None",2025-04-21T05:00:00+02:00,6.196e-05,2025-04-23T05:00:00+02:00,6.399e-05,17715.640574626002,32.379685148577515,580.4188245075999,162396.47505105415,"Time-based exit (4 bars, optimal=4)",261295070.59859198,2025-04-21T05:00:00+02:00,2025-04-23T05:00:00+02:00,6.196e-05,6.399e-05
ICP/USDC,Long,jma,12h,"ParamA=20.0, ParamB=50.0, ATR=None",2025-04-20T18:00:00+02:00,4.858,2025-04-23T06:00:00+02:00,5.237,17544.546933013913,7.07042321017638,1368.7491328967233,35620.847438772675,"Time-based exit (5 bars, optimal=5)",727.7092641186065,2025-04-20T18:00:00+02:00,2025-04-23T06:00:00+02:00,4.858,5.237
TNSR/USDC,Long,jma,12h,"ParamA=30.0, ParamB=50.0, ATR=None",2025-04-20T17:00:00+02:00,0.1293,2025-04-21T17:00:00+02:00,0.1489,17218.291601052744,9.84803464006012,2610.042655689357,49976.73459700307,"Time-based exit (2 bars, optimal=2)",38082.11384400666,2025-04-20T17:00:00+02:00,2025-04-21T17:00:00+02:00,0.1293,0.1489
TAO/USDC,Long,jma,12h,"ParamA=20.0, ParamB=0.0, ATR=None",2025-04-20T11:00:00+02:00,309.1,2025-04-22T23:00:00+02:00,338.6,17015.302510123976,18.427322459020143,1623.9127274301434,92997.52177714038,"Time-based exit (5 bars, optimal=5)",29.808027271142254,2025-04-20T11:00:00+02:00,2025-04-22T23:00:00+02:00,309.1,338.6
TNSR/USDC,Long,jma,12h,"ParamA=30.0, ParamB=50.0, ATR=None",2025-04-19T17:00:00+02:00,0.1276,2025-04-20T17:00:00+02:00,0.1293,16987.013009618146,9.836896436320938,226.3160040466377,49240.173200300604,"Time-based exit (2 bars, optimal=2)",38545.83243072468,2025-04-19T17:00:00+02:00,2025-04-20T17:00:00+02:00,0.1276,0.1293
SOL/USDC,Long,jma,12h,"ParamA=20.0, ParamB=0.0, ATR=None",2025-04-19T15:00:00+02:00,139.55,2025-04-22T03:00:00+02:00,139.11,16985.37490659406,15.670588609931874,-53.55474710785631,78312.56784267478,"Time-based exit (5 bars, optimal=5)",56.14685994242878,2025-04-19T15:00:00+02:00,2025-04-22T03:00:00+02:00,139.55,139.11
XRP/USDC,Long,jma,12h,"ParamA=30.0, ParamB=-50.0, ATR=None",2025-04-19T15:00:00+02:00,2.0886,2025-04-22T03:00:00+02:00,2.0968,16978.68056320558,6.355729485104898,66.6595713005293,31784.768230985723,"Time-based exit (5 bars, optimal=5)",1521.5286519929373,2025-04-19T15:00:00+02:00,2025-04-22T03:00:00+02:00,2.0886,2.0968
LUNC/USDT,Long,jma,12h,"ParamA=20.0, ParamB=0.0, ATR=None",2025-04-19T03:00:00+02:00,5.955e-05,2025-04-21T03:00:00+02:00,6.223e-05,16890.357780540642,32.241035162101234,760.1370084273562,161898.42574288757,"Time-based exit (4 bars, optimal=4)",270705584.90429246,2025-04-19T03:00:00+02:00,2025-04-21T03:00:00+02:00,5.955e-05,6.223e-05
TNSR/USDC,Long,jma,12h,"ParamA=30.0, ParamB=50.0, ATR=None",2025-04-18T04:00:00+02:00,0.1214,2025-04-19T04:00:00+02:00,0.1284,16769.490366449674,9.782446725436984,966.9393127277397,49184.48218160469,"Time-based exit (2 bars, optimal=2)",40290.1430207454,2025-04-18T04:00:00+02:00,2025-04-19T04:00:00+02:00,0.1214,0.1284
ETH/USDC,Long,jma,12h,"ParamA=30.0, ParamB=0.0, ATR=2.0",2025-04-18T04:00:00+02:00,1584.82,2025-04-20T16:00:00+02:00,1580.29,16775.484181468262,23.088399177080795,-47.95052014869245,115385.90990660517,"Time-based exit (5 bars, optimal=5)",7.284233912078594,2025-04-18T04:00:00+02:00,2025-04-20T16:00:00+02:00,1584.82,1580.29
ICP/USDC,Long,jma,12h,"ParamA=20.0, ParamB=50.0, ATR=None",2025-04-18T03:00:00+02:00,4.717,2025-04-20T15:00:00+02:00,4.826,16727.1679501093,7.055530461693257,386.5298508717222,35352.1160508819,"Time-based exit (5 bars, optimal=5)",747.8832374065357,2025-04-18T03:00:00+02:00,2025-04-20T15:00:00+02:00,4.717,4.826
SUI/USDC,Long,jma,12h,"ParamA=20.0, ParamB=0.0, ATR=None",2025-04-17T17:00:00+02:00,2.1039,2025-04-20T05:00:00+02:00,2.1563,16675.253453166366,4.313440378524525,415.3159755434753,21616.60399857108,"Time-based exit (5 bars, optimal=5)",1025.1058459348176,2025-04-17T17:00:00+02:00,2025-04-20T05:00:00+02:00,2.1039,2.1563
TAO/USDC,Long,jma,12h,"ParamA=20.0, ParamB=0.0, ATR=None",2025-04-17T14:00:00+02:00,233.0,2025-04-20T02:00:00+02:00,291.7,16166.158234098979,17.977996012751234,4072.7617525390983,92136.61229510071,"Time-based exit (5 bars, optimal=5)",38.57939058530308,2025-04-17T14:00:00+02:00,2025-04-20T02:00:00+02:00,233.0,291.7
LUNC/USDT,Long,jma,12h,"ParamA=20.0, ParamB=0.0, ATR=None",2025-04-17T03:00:00+02:00,5.781e-05,2025-04-19T03:00:00+02:00,5.955e-05,16105.563870807151,32.1506962105177,484.7549063346212,161205.17581050616,"Time-based exit (4 bars, optimal=4)",278072100.0736698,2025-04-17T03:00:00+02:00,2025-04-19T03:00:00+02:00,5.781e-05,5.955e-05
SOL/USDC,Long,jma,12h,"ParamA=20.0, ParamB=0.0, ATR=None",2025-04-16T16:00:00+02:00,127.82,2025-04-19T04:00:00+02:00,137.49,15954.685866262907,15.556013495542969,1207.0240363539554,78352.94304965937,"Time-based exit (5 bars, optimal=5)",60.85124978697766,2025-04-16T16:00:00+02:00,2025-04-19T04:00:00+02:00,127.82,137.49
TNSR/USDC,Long,jma,12h,"ParamA=30.0, ParamB=50.0, ATR=None",2025-04-15T09:00:00+02:00,0.1263,2025-04-16T09:00:00+02:00,0.1189,16072.397407050888,9.842080538205527,-941.6923263038512,48912.23362718491,Trend flip,38963.10585196171,2025-04-15T09:00:00+02:00,2025-04-16T09:00:00+02:00,0.1263,0.1189
ETH/USDC,Long,jma,12h,"ParamA=30.0, ParamB=0.0, ATR=2.0",2025-04-15T02:00:00+02:00,1631.23,2025-04-15T22:00:00+02:00,1586.8624633661266,16127.227608933992,23.156012007519916,-438.64161506482475,115441.99588540397,ATR stop x2.00,7.097715223334513,2025-04-15T02:00:00+02:00,2025-04-15T22:00:00+02:00,1631.23,1586.8624633661266
LUNC/USDT,Long,jma,12h,"ParamA=20.0, ParamB=0.0, ATR=None",2025-04-14T12:00:00+02:00,5.949e-05,2025-04-16T14:00:00+02:00,5.688e-05,16216.15888877029,32.298860514378056,-711.4502386903768,160753.4810525885,Trend flip,271464620.2250635,2025-04-14T12:00:00+02:00,2025-04-16T14:00:00+02:00,5.949e-05,5.688e-05
TNSR/USDC,Long,jma,12h,"ParamA=30.0, ParamB=50.0, ATR=None",2025-04-14T02:00:00+02:00,0.1222,2025-04-15T02:00:00+02:00,0.1263,16148.433258288514,9.811124913641668,541.8050438541962,49210.40269102764,"Time-based exit (2 bars, optimal=2)",40143.71895925396,2025-04-14T02:00:00+02:00,2025-04-15T02:00:00+02:00,0.1222,0.1263
ICP/USDC,Long,jma,12h,"ParamA=20.0, ParamB=50.0, ATR=None",2025-04-13T10:00:00+02:00,5.119,2025-04-16T00:00:00+02:00,4.767,16288.439379148553,7.1058136365334725,-1120.048966880305,35277.652308466284,Trend flip,694.0626720583583,2025-04-13T10:00:00+02:00,2025-04-16T00:00:00+02:00,5.119,4.767
SOL/USDC,Long,jma,12h,"ParamA=20.0, ParamB=0.0, ATR=None",2025-04-13T10:00:00+02:00,129.92,2025-04-16T00:00:00+02:00,126.49,16342.370964362302,15.600319748483813,-431.45268170999526,77780.06747771484,Trend flip,60.03817637193586,2025-04-13T10:00:00+02:00,2025-04-16T00:00:00+02:00,129.92,126.49
XRP/USDC,Long,jma,12h,"ParamA=30.0, ParamB=-50.0, ATR=None",2025-04-13T05:00:00+02:00,2.1564,2025-04-15T17:00:00+02:00,2.1349,16362.763715004146,6.363346615206409,-163.14200513475717,31778.647425524487,"Time-based exit (5 bars, optimal=5)",1475.4559949931388,2025-04-13T05:00:00+02:00,2025-04-15T17:00:00+02:00,2.1564,2.1349
SUI/USDC,Long,jma,12h,"ParamA=20.0, ParamB=0.0, ATR=None",2025-04-13T04:00:00+02:00,2.3479,2025-04-15T16:00:00+02:00,2.1615,16526.771455931445,4.348835591971274,-1312.061927418382,21567.201892622623,Trend flip,926.1117577348426,2025-04-13T04:00:00+02:00,2025-04-15T16:00:00+02:00,2.3479,2.1615
TAO/USDC,Long,jma,12h,"ParamA=20.0, ParamB=0.0, ATR=None",2025-04-12T20:00:00+02:00,258.1,2025-04-15T12:00:00+02:00,238.6,16684.33858221642,18.11850887495303,-1260.5370102798165,89889.98006375617,Trend flip,35.09978472482183,2025-04-12T20:00:00+02:00,2025-04-15T12:00:00+02:00,258.1,238.6
TNSR/USDC,Long,jma,12h,"ParamA=30.0, ParamB=50.0, ATR=None",2025-04-12T13:00:00+02:00,0.1279,2025-04-13T13:00:00+02:00,0.1305,16642.050338588266,9.79317560773108,338.30594902524894,49055.62456820834,"Time-based exit (2 bars, optimal=2)",38284.501984875205,2025-04-12T13:00:00+02:00,2025-04-13T13:00:00+02:00,0.1279,0.1305
LUNC/USDT,Long,jma,12h,"ParamA=20.0, ParamB=0.0, ATR=None",2025-04-12T08:00:00+02:00,5.872e-05,2025-04-14T08:00:00+02:00,5.918e-05,16625.76999501345,32.28002903150164,130.2427485985383,161494.3025718903,"Time-based exit (4 bars, optimal=4)",274864007.4208246,2025-04-12T08:00:00+02:00,2025-04-14T08:00:00+02:00,5.872e-05,5.918e-05
ETH/USDC,Long,jma,12h,"ParamA=30.0, ParamB=0.0, ATR=2.0",2025-04-12T06:00:00+02:00,1567.04,2025-04-14T18:00:00+02:00,1627.9,16545.44690985498,23.071023999192402,642.5846812677253,115780.06003759959,"Time-based exit (5 bars, optimal=5)",7.361338574379851,2025-04-12T06:00:00+02:00,2025-04-14T18:00:00+02:00,1567.04,1627.9
TNSR/USDC,Long,jma,12h,"ParamA=30.0, ParamB=50.0, ATR=None",2025-04-11T11:00:00+02:00,0.1264,2025-04-12T11:00:00+02:00,0.1277,16524.203373081833,9.785068863969727,169.9482941851765,48965.87803865539,"Time-based exit (2 bars, optimal=2)",38706.75974671569,2025-04-11T11:00:00+02:00,2025-04-12T11:00:00+02:00,0.1264,0.1277
ICP/USDC,Long,jma,12h,"ParamA=20.0, ParamB=50.0, ATR=None",2025-04-10T20:00:00+02:00,4.765,2025-04-13T08:00:00+02:00,5.127,16368.760266667,7.053637443673627,1243.5448513186686,35529.06818266736,"Time-based exit (5 bars, optimal=5)",740.1508335439273,2025-04-10T20:00:00+02:00,2025-04-13T08:00:00+02:00,4.765,5.127
SOL/USDC,Long,jma,12h,"ParamA=20.0, ParamB=0.0, ATR=None",2025-04-10T19:00:00+02:00,110.39,2025-04-13T07:00:00+02:00,129.9,16014.955814341381,15.332405852641003,2830.43561860495,78001.59874241907,"Time-based exit (5 bars, optimal=5)",69.44653434478215,2025-04-10T19:00:00+02:00,2025-04-13T07:00:00+02:00,110.39,129.9
XRP/USDC,Long,jma,12h,"ParamA=30.0, ParamB=-50.0, ATR=None",2025-04-10T16:00:00+02:00,2.0026,2025-04-13T04:00:00+02:00,2.1508,15868.167735197007,6.317855656809202,1174.3046331549938,31816.733076032047,"Time-based exit (5 bars, optimal=5)",1577.4132769422756,2025-04-10T16:00:00+02:00,2025-04-13T04:00:00+02:00,2.0026,2.1508
SUI/USDC,Long,jma,12h,"ParamA=20.0, ParamB=0.0, ATR=None",2025-04-10T11:00:00+02:00,2.1476,2025-04-12T23:00:00+02:00,2.3655,15669.43600526894,4.306007141871718,1589.8538394245195,21744.17795985637,"Time-based exit (5 bars, optimal=5)",1002.5160974743243,2025-04-10T11:00:00+02:00,2025-04-12T23:00:00+02:00,2.1476,2.3655
TNSR/USDC,Long,jma,12h,"ParamA=30.0, ParamB=50.0, ATR=None",2025-04-10T08:00:00+02:00,0.124,2025-04-11T08:00:00+02:00,0.1243,15664.698697195192,9.784658539579357,37.898464589987704,48925.344319848635,"Time-based exit (2 bars, optimal=2)",39454.268304755475,2025-04-10T08:00:00+02:00,2025-04-11T08:00:00+02:00,0.124,0.1243
TAO/USDC,Long,jma,12h,"ParamA=20.0, ParamB=0.0, ATR=None",2025-04-10T07:00:00+02:00,234.4,2025-04-12T19:00:00+02:00,256.3,15481.870996787833,17.954352171768893,1446.4717356213891,90592.54437476514,"Time-based exit (5 bars, optimal=5)",38.29853278960941,2025-04-10T07:00:00+02:00,2025-04-12T19:00:00+02:00,234.4,256.3
LUNC/USDT,Long,jma,12h,"ParamA=20.0, ParamB=0.0, ATR=None",2025-04-10T07:00:00+02:00,5.819e-05,2025-04-12T07:00:00+02:00,5.825e-05,15662.679963740507,32.28315693043228,16.149867637471637,161400.1451575082,"Time-based exit (4 bars, optimal=4)",277394371.2874401,2025-04-10T07:00:00+02:00,2025-04-12T07:00:00+02:00,5.819e-05,5.825e-05
ETH/USDC,Long,jma,12h,"ParamA=30.0, ParamB=0.0, ATR=2.0",2025-04-09T15:00:00+02:00,1486.14,2025-04-12T03:00:00+02:00,1553.86,15394.18626537866,22.97094484748929,701.4778512733926,115355.11999596201,"Time-based exit (5 bars, optimal=5)",7.728391957517221,2025-04-09T15:00:00+02:00,2025-04-12T03:00:00+02:00,1486.14,1553.86
TNSR/USDC,Long,jma,12h,"ParamA=30.0, ParamB=50.0, ATR=None",2025-04-08T03:00:00+02:00,0.1216,2025-04-09T17:00:00+02:00,0.121,15403.686894631104,9.791448135852509,-76.00503401956179,48923.29269789679,"Time-based exit (3 bars, optimal=2)",40260.8887164988,2025-04-08T03:00:00+02:00,2025-04-09T17:00:00+02:00,0.1216,0.121
ICP/USDC,Long,jma,12h,"ParamA=20.0, ParamB=50.0, ATR=None",2025-04-08T03:00:00+02:00,4.772,2025-04-10T15:00:00+02:00,4.846,15373.88629776306,7.044122858950313,238.40477494435538,35268.18721836813,"Time-based exit (5 bars, optimal=5)",738.0681956150789,2025-04-08T03:00:00+02:00,2025-04-10T15:00:00+02:00,4.772,4.846
XRP/USDC,Long,jma,12h,"ParamA=30.0, ParamB=-50.0, ATR=None",2025-04-08T03:00:00+02:00,1.9181,2025-04-10T15:00:00+02:00,1.9917,15300.498784693262,6.2949600655978815,587.1001045583786,31589.278284046013,"Time-based exit (5 bars, optimal=5)",1640.9363603560507,2025-04-08T03:00:00+02:00,2025-04-10T15:00:00+02:00,1.9181,1.9917
SOL/USDC,Long,jma,12h,"ParamA=20.0, ParamB=0.0, ATR=None",2025-04-08T03:00:00+02:00,110.99,2025-04-10T15:00:00+02:00,112.71,15270.917315886023,15.311739763443388,236.65175045791463,76662.02926320501,"Time-based exit (5 bars, optimal=5)",68.97801497181453,2025-04-08T03:00:00+02:00,2025-04-10T15:00:00+02:00,110.99,112.71
LUNC/USDT,Long,jma,12h,"ParamA=20.0, ParamB=0.0, ATR=None",2025-04-07T22:00:00+02:00,5.65e-05,2025-04-09T22:00:00+02:00,5.873e-05,15195.946165555957,32.16264662440773,599.7692026405283,161415.78465216138,"Time-based exit (4 bars, optimal=4)",284625191.36644006,2025-04-07T22:00:00+02:00,2025-04-09T22:00:00+02:00,5.65e-05,5.873e-05
SUI/USDC,Long,jma,12h,"ParamA=20.0, ParamB=0.0, ATR=None",2025-04-07T22:00:00+02:00,2.0608,2025-04-10T10:00:00+02:00,2.1345,15128.317272469474,4.291517771718005,541.031144691868,21530.035709358588,"Time-based exit (5 bars, optimal=5)",1041.226167439345,2025-04-07T22:00:00+02:00,2025-04-10T10:00:00+02:00,2.0608,2.1345
TAO/USDC,Long,jma,12h,"ParamA=20.0, ParamB=0.0, ATR=None",2025-04-07T14:00:00+02:00,187.5,2025-04-10T02:00:00+02:00,229.0,14721.035295948239,17.569005321712662,3258.2558121698767,89771.76085884447,"Time-based exit (5 bars, optimal=5)",46.850680857900436,2025-04-07T14:00:00+02:00,2025-04-10T02:00:00+02:00,187.5,229.0
LUNC/USDT,Long,jma,12h,"ParamA=20.0, ParamB=0.0, ATR=None",2025-04-05T19:00:00+02:00,5.815e-05,2025-04-07T20:00:00+02:00,5.594e-05,14791.30352637232,32.29183060641927,-562.1458433926525,160813.23312203863,Trend flip,277659764.45760334,2025-04-05T19:00:00+02:00,2025-04-07T20:00:00+02:00,5.815e-05,5.594e-05
ETH/USDC,Long,jma,12h,"ParamA=30.0, ParamB=0.0, ATR=2.0",2025-04-04T15:00:00+02:00,1801.57,2025-04-06T15:00:00+02:00,1751.4602831514078,15055.773669088512,23.03963630475606,-418.7683828519095,114854.72423744644,ATR stop x2.00,6.394321704057034,2025-04-04T15:00:00+02:00,2025-04-06T15:00:00+02:00,1801.57,1751.4602831514078
SOL/USDC,Long,jma,12h,"ParamA=20.0, ParamB=0.0, ATR=None",2025-04-04T15:00:00+02:00,116.35,2025-04-07T05:00:00+02:00,103.19,15003.427621232024,15.49004098553794,-1696.9927588776397,76558.69881721694,Trend flip,66.56657062972901,2025-04-04T15:00:00+02:00,2025-04-07T05:00:00+02:00,116.35,103.19
XRP/USDC,Long,jma,12h,"ParamA=30.0, ParamB=-50.0, ATR=None",2025-04-03T19:00:00+02:00,2.0196,2025-04-06T07:00:00+02:00,2.1289,14954.606452482727,6.262321081300271,809.3377328462853,31474.800327989404,"Time-based exit (5 bars, optimal=5)",1550.3864827936898,2025-04-03T19:00:00+02:00,2025-04-06T07:00:00+02:00,2.0196,2.1289
ICP/USDC,Long,jma,12h,"ParamA=20.0, ParamB=50.0, ATR=None",2025-04-03T17:00:00+02:00,5.035,2025-04-06T05:00:00+02:00,5.006,14866.39164170744,7.049593119191959,-85.6256916801419,35220.61429475157,"Time-based exit (5 bars, optimal=5)",700.058899621843,2025-04-03T17:00:00+02:00,2025-04-06T05:00:00+02:00,5.035,5.006
TAO/USDC,Long,jma,12h,"ParamA=20.0, ParamB=0.0, ATR=None",2025-04-03T17:00:00+02:00,206.5,2025-04-06T05:00:00+02:00,217.5,14855.688430247423,17.479390644351042,791.3441778824293,87845.02660856332,"Time-based exit (5 bars, optimal=5)",42.32297976840446,2025-04-03T17:00:00+02:00,2025-04-06T05:00:00+02:00,206.5,217.5
LUNC/USDT,Long,jma,12h,"ParamA=20.0, ParamB=0.0, ATR=None",2025-04-03T15:00:00+02:00,5.73e-05,2025-04-05T15:00:00+02:00,5.793e-05,14845.988123997757,32.26281096807207,163.22814167746378,161459.15303209634,"Time-based exit (4 bars, optimal=4)",281525401.1175573,2025-04-03T15:00:00+02:00,2025-04-05T15:00:00+02:00,5.73e-05,5.793e-05
SUI/USDC,Long,jma,12h,"ParamA=20.0, ParamB=0.0, ATR=None",2025-04-01T04:00:00+02:00,2.3378,2025-04-03T16:00:00+02:00,2.2362,14927.078850923383,4.311115959555774,-648.7258154050023,21457.588858590025,Trend flip,922.0455042252918,2025-04-01T04:00:00+02:00,2025-04-03T16:00:00+02:00,2.3378,2.2362
TAO/USDC,Long,jma,12h,"ParamA=20.0, ParamB=0.0, ATR=None",2025-04-01T04:00:00+02:00,227.3,2025-04-03T16:00:00+02:00,202.3,15135.162363398616,17.677353674194933,-1664.6680998018714,87396.95322175522,Trend flip,38.88551182181023,2025-04-01T04:00:00+02:00,2025-04-03T16:00:00+02:00,227.3,202.3
XRP/USDC,Long,jma,12h,"ParamA=30.0, ParamB=-50.0, ATR=None",2025-04-01T04:00:00+02:00,2.1098,2025-04-03T18:00:00+02:00,1.9957,15238.174241357361,6.297638841689558,-824.0950236699559,31311.605406501356,Trend flip,1492.4729457032795,2025-04-01T04:00:00+02:00,2025-04-03T18:00:00+02:00,2.1098,1.9957
SOL/USDC,Long,jma,12h,"ParamA=20.0, ParamB=0.0, ATR=None",2025-04-01T04:00:00+02:00,126.21,2025-04-04T02:00:00+02:00,115.95,15394.608641025496,15.620145997172196,-1251.4751973450714,77450.2049276897,Trend flip,61.881570387339345,2025-04-01T04:00:00+02:00,2025-04-04T02:00:00+02:00,126.21,115.95
ICP/USDC,Long,jma,12h,"ParamA=20.0, ParamB=50.0, ATR=None",2025-04-01T02:00:00+02:00,5.321,2025-04-03T16:00:00+02:00,4.96,15526.280015901943,7.09917688721902,-1053.3709990115765,35247.965595959795,Trend flip,667.0904799115787,2025-04-01T02:00:00+02:00,2025-04-03T16:00:00+02:00,5.321,4.96
LUNC/USDT,Long,jma,12h,"ParamA=20.0, ParamB=0.0, ATR=None",2025-04-01T02:00:00+02:00,6.007e-05,2025-04-03T02:00:00+02:00,6.05e-05,15512.399684903714,32.24617737306488,111.04264798582673,161314.05484036033,"Time-based exit (4 bars, optimal=4)",268405005.60233793,2025-04-01T02:00:00+02:00,2025-04-03T02:00:00+02:00,6.007e-05,6.05e-05
ETH/USDC,Long,jma,12h,"ParamA=30.0, ParamB=0.0, ATR=2.0",2025-04-01T02:00:00+02:00,1831.78,2025-04-03T00:00:00+02:00,1790.3150515891484,15556.417392039573,23.09653791442166,-352.1416570868743,115198.1815237803,ATR stop x2.00,6.304397338769301,2025-04-01T02:00:00+02:00,2025-04-03T00:00:00+02:00,1831.78,1790.3150515891484
TNSR/USDC,Long,jma,12h,"ParamA=30.0, ParamB=50.0, ATR=None",2025-04-01T02:00:00+02:00,0.1644,2025-04-02T02:00:00+02:00,0.1572,15642.049047408598,9.836494974883472,-685.0532429521999,48957.24067926254,Trend flip,29916.347247212507,2025-04-01T02:00:00+02:00,2025-04-02T02:00:00+02:00,0.1644,0.1572
LUNC/USDT,Long,jma,12h,"ParamA=20.0, ParamB=0.0, ATR=None",2025-03-26T21:00:00+01:00,6.634e-05,2025-03-29T03:00:00+01:00,6.088e-05,15804.645833379072,32.520334479238144,-1300.7742877637897,161230.8868653244,Trend flip,245103515.82181296,2025-03-26T21:00:00+01:00,2025-03-29T03:00:00+01:00,6.634e-05,6.088e-05
TNSR/USDC,Long,jma,12h,"ParamA=30.0, ParamB=50.0, ATR=None",2025-03-26T06:00:00+01:00,0.2152,2025-03-27T08:00:00+01:00,0.2103,15849.757247477959,9.860919997166416,-360.89131279108847,49182.474874417356,Trend flip,22911.059472970297,2025-03-26T06:00:00+01:00,2025-03-27T08:00:00+01:00,0.2152,0.2103
SUI/USDC,Long,jma,12h,"ParamA=20.0, ParamB=0.0, ATR=None",2025-03-26T05:00:00+01:00,2.4945,2025-03-28T17:00:00+01:00,2.5291,15822.32427394226,4.306004510385319,219.46378828559037,21555.57979777887,"Time-based exit (5 bars, optimal=5)",863.099721464285,2025-03-26T05:00:00+01:00,2025-03-28T17:00:00+01:00,2.4945,2.5291
TAO/USDC,Long,jma,12h,"ParamA=20.0, ParamB=0.0, ATR=None",2025-03-25T15:00:00+01:00,273.9,2025-03-28T11:00:00+01:00,252.9,15975.429430035148,17.817524707010456,-1224.8412487431094,88386.76837097466,Trend flip,32.5256018747909,2025-03-25T15:00:00+01:00,2025-03-28T11:00:00+01:00,273.9,252.9
XRP/USDC,Long,jma,12h,"ParamA=30.0, ParamB=-50.0, ATR=None",2025-03-25T14:00:00+01:00,2.4411,2025-03-29T02:00:00+01:00,2.191,16182.67654215639,6.364114442922947,-1657.9768969699385,31488.19420844779,Trend flip,1303.5341532348014,2025-03-25T14:00:00+01:00,2025-03-29T02:00:00+01:00,2.4411,2.191
ICP/USDC,Long,jma,12h,"ParamA=20.0, ParamB=50.0, ATR=None",2025-03-25T14:00:00+01:00,6.121,2025-03-28T02:00:00+01:00,6.094,16191.604276911263,7.103731120459161,-71.42187803898159,35495.8844360951,"Time-based exit (5 bars, optimal=5)",580.2753733425225,2025-03-25T14:00:00+01:00,2025-03-28T02:00:00+01:00,6.121,6.094
ETH/USDC,Long,jma,12h,"ParamA=30.0, ParamB=0.0, ATR=2.0",2025-03-25T07:00:00+01:00,2056.35,2025-03-26T15:00:00+01:00,2023.0512283579853,16224.444873408582,23.138634365093218,-262.7247719785476,115482.6895721083,ATR stop x2.00,5.626142039315588,2025-03-25T07:00:00+01:00,2025-03-26T15:00:00+01:00,2056.35,2023.0512283579853
TNSR/USDC,Long,jma,12h,"ParamA=30.0, ParamB=50.0, ATR=None",2025-03-25T03:00:00+01:00,0.2077,2025-03-26T03:00:00+01:00,0.2127,16175.76959177709,9.839201747608358,389.40225305192837,49304.59998583208,"Time-based exit (2 bars, optimal=2)",23686.089907579102,2025-03-25T03:00:00+01:00,2025-03-26T03:00:00+01:00,0.2077,0.2127
SOL/USDC,Long,jma,12h,"ParamA=20.0, ParamB=0.0, ATR=None",2025-03-24T20:00:00+01:00,142.79,2025-03-27T09:00:00+01:00,138.38,16238.45921037587,15.671681563047828,-501.51694879023415,78100.72998586098,Trend flip,54.87667750909668,2025-03-24T20:00:00+01:00,2025-03-27T09:00:00+01:00,142.79,138.38
ETH/USDC,Long,jma,12h,"ParamA=30.0, ParamB=0.0, ATR=2.0",2025-03-24T16:00:00+01:00,2089.8,2025-03-25T04:00:00+01:00,2055.9973017155885,16271.358040798083,23.180765609894447,-263.1906433777078,115693.1718254661,ATR stop x2.00,5.54616843953834,2025-03-24T16:00:00+01:00,2025-03-25T04:00:00+01:00,2089.8,2055.9973017155885
LUNC/USDT,Long,jma,12h,"ParamA=20.0, ParamB=0.0, ATR=None",2025-03-24T13:00:00+01:00,6.547e-05,2025-03-26T13:00:00+01:00,6.777e-05,16200.217631921081,32.412948455141446,569.1232710160152,162601.67239619073,"Time-based exit (4 bars, optimal=4)",247540464.75592977,2025-03-24T13:00:00+01:00,2025-03-26T13:00:00+01:00,6.547e-05,6.777e-05
TNSR/USDC,Long,jma,12h,"ParamA=30.0, ParamB=50.0, ATR=None",2025-03-24T03:00:00+01:00,0.1936,2025-03-25T03:00:00+01:00,0.2077,16054.06428326788,9.77000027048588,1169.226789225605,49196.00873804179,"Time-based exit (2 bars, optimal=2)",25232.43871509783,2025-03-24T03:00:00+01:00,2025-03-25T03:00:00+01:00,0.1936,0.2077
SUI/USDC,Long,jma,12h,"ParamA=20.0, ParamB=0.0, ATR=None",2025-03-23T14:00:00+01:00,2.2832,2025-03-26T02:00:00+01:00,2.4848,15878.807646663154,4.269162861489662,1402.0530928378118,21530.02255192659,"Time-based exit (5 bars, optimal=5)",934.9077745028169,2025-03-23T14:00:00+01:00,2025-03-26T02:00:00+01:00,2.2832,2.4848
ICP/USDC,Long,jma,12h,"ParamA=20.0, ParamB=50.0, ATR=None",2025-03-23T02:00:00+01:00,5.757,2025-03-25T14:00:00+01:00,6.121,15754.294807727665,7.0605015227563594,996.1027114839121,35518.6556022958,"Time-based exit (5 bars, optimal=5)",613.2101374636408,2025-03-23T02:00:00+01:00,2025-03-25T14:00:00+01:00,5.757,6.121
TAO/USDC,Long,jma,12h,"ParamA=20.0, ParamB=0.0, ATR=None",2025-03-23T02:00:00+01:00,249.4,2025-03-25T14:00:00+01:00,270.9,15586.338573103703,17.668741716419092,1343.6498769916966,89087.62353505228,"Time-based exit (5 bars, optimal=5)",35.422497426662176,2025-03-23T02:00:00+01:00,2025-03-25T14:00:00+01:00,249.4,270.9
TNSR/USDC,Long,jma,12h,"ParamA=30.0, ParamB=50.0, ATR=None",2025-03-23T01:00:00+01:00,0.2005,2025-03-24T02:00:00+01:00,0.1923,15618.814469810804,9.812091942704933,-638.7744571194453,48850.0013524294,Trend flip,24469.057213728014,2025-03-23T01:00:00+01:00,2025-03-24T02:00:00+01:00,0.2005,0.1923
XRP/USDC,Long,jma,12h,"ParamA=30.0, ParamB=-50.0, ATR=None",2025-03-23T01:00:00+01:00,2.3741,2025-03-25T13:00:00+01:00,2.432,15538.967662670873,6.349898170752768,378.9672834626362,31820.572214614735,"Time-based exit (5 bars, optimal=5)",1337.3274442426116,2025-03-23T01:00:00+01:00,2025-03-25T13:00:00+01:00,2.3741,2.432
ETH/USDC,Long,jma,12h,"ParamA=30.0, ParamB=0.0, ATR=2.0",2025-03-22T01:00:00+01:00,1979.95,2025-03-24T13:00:00+01:00,2083.88,15517.001170757994,23.06431107897215,814.506392422475,115903.82804947223,"Time-based exit (5 bars, optimal=5)",5.824468062065241,2025-03-22T01:00:00+01:00,2025-03-24T13:00:00+01:00,1979.95,2083.88
LUNC/USDT,Long,jma,12h,"ParamA=20.0, ParamB=0.0, ATR=None",2025-03-22T01:00:00+01:00,6.382e-05,2025-03-24T01:00:00+01:00,6.353e-05,15525.8198948443,32.43417347584099,-70.54979269045488,162064.74227570722,"Time-based exit (4 bars, optimal=4)",254106655.24789247,2025-03-22T01:00:00+01:00,2025-03-24T01:00:00+01:00,6.382e-05,6.353e-05
SOL/USDC,Long,jma,12h,"ParamA=20.0, ParamB=0.0, ATR=None",2025-03-21T17:00:00+01:00,126.65,2025-03-24T05:00:00+01:00,139.19,15336.01177438361,15.521106608005914,1518.464963685514,78358.40781523914,"Time-based exit (5 bars, optimal=5)",61.275588661689355,2025-03-21T17:00:00+01:00,2025-03-24T05:00:00+01:00,126.65,139.19
ETH/USDC,Long,jma,12h,"ParamA=30.0, ParamB=0.0, ATR=2.0",2025-03-20T20:00:00+01:00,1973.95,2025-03-21T14:00:00+01:00,1932.984485618422,15375.898904738468,23.116909134605976,-319.0970428388528,115321.55539486076,ATR stop x2.00,5.855495107425714,2025-03-20T20:00:00+01:00,2025-03-21T14:00:00+01:00,1973.95,1932.984485618422
ETH/USDC,Long,jma,12h,"ParamA=30.0, ParamB=0.0, ATR=2.0",2025-03-20T15:00:00+01:00,2002.99,2025-03-20T17:00:00+01:00,1962.1100407043555,15415.225973916726,23.168829247194694,-314.6165534260671,115584.54567302988,ATR stop x2.00,5.783560888270708,2025-03-20T15:00:00+01:00,2025-03-20T17:00:00+01:00,2002.99,1962.1100407043555
SUI/USDC,Long,jma,12h,"ParamA=20.0, ParamB=0.0, ATR=None",2025-03-20T06:00:00+01:00,2.4207,2025-03-22T20:00:00+01:00,2.2909,15519.245371675821,4.293041122612733,-832.1551820727559,21345.814307448312,Trend flip,886.7354737498931,2025-03-20T06:00:00+01:00,2025-03-22T20:00:00+01:00,2.4207,2.2909
TAO/USDC,Long,jma,12h,"ParamA=20.0, ParamB=0.0, ATR=None",2025-03-19T23:00:00+01:00,261.2,2025-03-22T12:00:00+01:00,250.7,15597.621628903755,17.743618154684096,-627.0100578234664,88343.70858209547,Trend flip,33.96557839717477,2025-03-19T23:00:00+01:00,2025-03-22T12:00:00+01:00,261.2,250.7
XRP/USDC,Long,jma,12h,"ParamA=30.0, ParamB=-50.0, ATR=None",2025-03-19T22:00:00+01:00,2.5049,2025-03-22T11:00:00+01:00,2.3957,15793.733175493922,6.378982859025062,-688.5207644073358,31749.49085376384,Trend flip,1273.3009020370198,2025-03-19T22:00:00+01:00,2025-03-22T11:00:00+01:00,2.5049,2.3957
ICP/USDC,Long,jma,12h,"ParamA=20.0, ParamB=50.0, ATR=None",2025-03-19T22:00:00+01:00,5.962,2025-03-22T14:00:00+01:00,5.769,15660.993225947697,7.084853359217013,-506.972776351543,35302.507613781796,Trend flip,594.167507482138,2025-03-19T22:00:00+01:00,2025-03-22T14:00:00+01:00,5.962,5.769
ETH/USDC,Long,jma,12h,"ParamA=30.0, ParamB=0.0, ATR=2.0",2025-03-19T22:00:00+01:00,2041.0,2025-03-20T11:00:00+01:00,1992.481848727851,15707.668079943005,23.228693666632186,-373.39883196246006,115844.14623597346,ATR stop x2.00,5.690517801722731,2025-03-19T22:00:00+01:00,2025-03-20T11:00:00+01:00,2041.0,1992.481848727851
LUNC/USDT,Long,jma,12h,"ParamA=20.0, ParamB=0.0, ATR=None",2025-03-19T11:00:00+01:00,6.343e-05,2025-03-21T11:00:00+01:00,6.391e-05,15778.807612562285,32.41612613107995,119.40450345309851,162170.86737920495,"Time-based exit (4 bars, optimal=4)",255526770.70061445,2025-03-19T11:00:00+01:00,2025-03-21T11:00:00+01:00,6.343e-05,6.391e-05
SOL/USDC,Long,jma,12h,"ParamA=20.0, ParamB=0.0, ATR=None",2025-03-19T04:00:00+01:00,126.47,2025-03-21T16:00:00+01:00,125.91,15787.545876271774,15.53108988009188,-69.90610967590914,77605.53304002956,"Time-based exit (5 bars, optimal=5)",61.40226883882296,2025-03-19T04:00:00+01:00,2025-03-21T16:00:00+01:00,126.47,125.91
TNSR/USDC,Long,jma,12h,"ParamA=30.0, ParamB=50.0, ATR=None",2025-03-19T04:00:00+01:00,0.2245,2025-03-20T05:00:00+01:00,0.2216,15813.079244762761,9.826751091660824,-204.26694792789408,49060.45971352467,Trend flip,21885.859892340366,2025-03-19T04:00:00+01:00,2025-03-20T05:00:00+01:00,0.2245,0.2216
SUI/USDC,Long,jma,12h,"ParamA=20.0, ParamB=0.0, ATR=None",2025-03-17T14:00:00+01:00,2.2836,2025-03-20T02:00:00+01:00,2.4072,15706.812711050321,4.270779655604952,850.1322696995193,21465.205613063663,"Time-based exit (5 bars, optimal=5)",935.0980153277613,2025-03-17T14:00:00+01:00,2025-03-20T02:00:00+01:00,2.2836,2.4072
XRP/USDC,Long,jma,12h,"ParamA=30.0, ParamB=-50.0, ATR=None",2025-03-17T08:00:00+01:00,2.3357,2025-03-19T20:00:00+01:00,2.4884,15579.496005138568,6.338809672337449,1018.533647294026,31894.91429512531,"Time-based exit (5 bars, optimal=5)",1356.940033466937,2025-03-17T08:00:00+01:00,2025-03-19T20:00:00+01:00,2.3357,2.4884
ETH/USDC,Long,jma,12h,"ParamA=30.0, ParamB=0.0, ATR=2.0",2025-03-17T08:00:00+01:00,1900.84,2025-03-19T20:00:00+01:00,2031.57,15446.702906367145,23.07461326552307,1062.344790171386,116143.46833316093,"Time-based exit (5 bars, optimal=5)",6.0695832541200385,2025-03-17T08:00:00+01:00,2025-03-19T20:00:00+01:00,1900.84,2031.57
LUNC/USDT,Long,jma,12h,"ParamA=20.0, ParamB=0.0, ATR=None",2025-03-17T08:00:00+01:00,6.311e-05,2025-03-19T08:00:00+01:00,6.323e-05,15443.032402706227,32.416445621322005,29.364029287352786,162080.63065539973,"Time-based exit (4 bars, optimal=4)",256824953.42514664,2025-03-17T08:00:00+01:00,2025-03-19T08:00:00+01:00,6.311e-05,6.323e-05
ICP/USDC,Long,jma,12h,"ParamA=20.0, ParamB=50.0, ATR=None",2025-03-17T08:00:00+01:00,5.712,2025-03-19T20:00:00+01:00,5.945,15364.689165321774,7.057476478820111,626.7458990756271,35424.26679608507,"Time-based exit (5 bars, optimal=5)",617.7763024177268,2025-03-17T08:00:00+01:00,2025-03-19T20:00:00+01:00,5.712,5.945
TAO/USDC,Long,jma,12h,"ParamA=20.0, ParamB=0.0, ATR=None",2025-03-17T08:00:00+01:00,248.4,2025-03-19T20:00:00+01:00,260.3,15273.228107312005,17.6625354556872,731.6884640781519,88718.09077342048,"Time-based exit (5 bars, optimal=5)",35.55260760001448,2025-03-17T08:00:00+01:00,2025-03-19T20:00:00+01:00,248.4,260.3
TNSR/USDC,Long,jma,12h,"ParamA=30.0, ParamB=50.0, ATR=None",2025-03-17T05:00:00+01:00,0.2389,2025-03-18T12:00:00+01:00,0.2296,15347.911855878176,9.86713572106788,-597.4699885293725,49133.75545830412,Trend flip,20651.18401228104,2025-03-17T05:00:00+01:00,2025-03-18T12:00:00+01:00,0.2389,0.2296
ETH/USDC,Long,jma,12h,"ParamA=30.0, ParamB=0.0, ATR=2.0",2025-03-15T04:00:00+01:00,1920.74,2025-03-16T12:00:00+01:00,1886.5364341431164,15382.151552143307,23.120409001577656,-273.9175701210463,115373.06632761534,ATR stop x2.00,6.018620167637904,2025-03-15T04:00:00+01:00,2025-03-16T12:00:00+01:00,1920.74,1886.5364341431164
SOL/USDC,Long,jma,12h,"ParamA=20.0, ParamB=0.0, ATR=None",2025-03-15T03:00:00+01:00,134.52,2025-03-17T17:00:00+01:00,126.99,15490.54042498764,15.621659271651486,-867.1109827546621,77655.4494004594,Trend flip,58.06444867548129,2025-03-15T03:00:00+01:00,2025-03-17T17:00:00+01:00,134.52,126.99
TNSR/USDC,Long,jma,12h,"ParamA=30.0, ParamB=50.0, ATR=None",2025-03-15T02:00:00+01:00,0.2519,2025-03-16T02:00:00+01:00,0.2503,15502.849157943529,9.875383371539117,-98.46986364711987,49335.6786053394,"Time-based exit (2 bars, optimal=2)",19601.793115401186,2025-03-15T02:00:00+01:00,2025-03-16T02:00:00+01:00,0.2519,0.2503
SUI/USDC,Long,jma,12h,"ParamA=20.0, ParamB=0.0, ATR=None",2025-03-14T23:00:00+01:00,2.359,2025-03-17T11:00:00+01:00,2.283,15565.533587396802,4.2854431741352546,-501.4754356261797,21353.898278024757,Trend flip,908.3177562813172,2025-03-14T23:00:00+01:00,2025-03-17T11:00:00+01:00,2.359,2.283
ICP/USDC,Long,jma,12h,"ParamA=20.0, ParamB=50.0, ATR=None",2025-03-14T14:00:00+01:00,5.602,2025-03-17T02:00:00+01:00,5.68,15538.48962562425,7.049071448893294,216.35169418041454,35287.382394100554,"Time-based exit (5 bars, optimal=5)",629.1566805509901,2025-03-14T14:00:00+01:00,2025-03-17T02:00:00+01:00,5.602,5.68
XRP/USDC,Long,jma,12h,"ParamA=30.0, ParamB=-50.0, ATR=None",2025-03-14T14:00:00+01:00,2.3361,2025-03-17T02:00:00+01:00,2.3358,15538.739059601707,6.340159123953224,-1.9954718196496075,31694.048361687244,"Time-based exit (5 bars, optimal=5)",1356.9965164062376,2025-03-14T14:00:00+01:00,2025-03-17T02:00:00+01:00,2.3361,2.3358
TAO/USDC,Long,jma,12h,"ParamA=20.0, ParamB=0.0, ATR=None",2025-03-14T14:00:00+01:00,244.7,2025-03-17T02:00:00+01:00,244.3,15541.91476756402,17.66895751159681,-25.405663698509418,88312.677278436,"Time-based exit (5 bars, optimal=5)",36.10330509112548,2025-03-14T14:00:00+01:00,2025-03-17T02:00:00+01:00,244.7,244.3
LUNC/USDT,Long,jma,12h,"ParamA=20.0, ParamB=0.0, ATR=None",2025-03-14T12:00:00+01:00,6.176e-05,2025-03-16T12:00:00+01:00,6.22e-05,15528.086322814104,32.39984280032226,110.62755799932052,162082.22810661004,"Time-based exit (4 bars, optimal=4)",262304426.81608042,2025-03-14T12:00:00+01:00,2025-03-16T12:00:00+01:00,6.176e-05,6.22e-05
LUNC/USDT,Long,jma,12h,"ParamA=20.0, ParamB=0.0, ATR=None",2025-03-12T12:00:00+01:00,6.164e-05,2025-03-14T12:00:00+01:00,6.176e-05,15524.308506013484,32.40001520793076,30.222534404959532,161999.21400161128,"Time-based exit (4 bars, optimal=4)",262816476.37841305,2025-03-12T12:00:00+01:00,2025-03-14T12:00:00+01:00,6.164e-05,6.176e-05
SUI/USDC,Long,jma,12h,"ParamA=20.0, ParamB=0.0, ATR=None",2025-03-12T02:00:00+01:00,2.2756,2025-03-14T14:00:00+01:00,2.2596,15537.964653538125,4.289316904561032,-109.24918019713932,21427.21587067627,"Time-based exit (5 bars, optimal=5)",942.4584515207049,2025-03-12T02:00:00+01:00,2025-03-14T14:00:00+01:00,2.2756,2.2596
ICP/USDC,Long,jma,12h,"ParamA=20.0, ParamB=50.0, ATR=None",2025-03-12T02:00:00+01:00,5.486,2025-03-14T14:00:00+01:00,5.602,15497.00465217892,7.035601977429831,327.6800108736353,35245.35724446647,"Time-based exit (5 bars, optimal=5)",641.2324077132548,2025-03-12T02:00:00+01:00,2025-03-14T14:00:00+01:00,5.486,5.602
SOL/USDC,Long,jma,12h,"ParamA=20.0, ParamB=0.0, ATR=None",2025-03-12T02:00:00+01:00,126.15,2025-03-14T14:00:00+01:00,128.94,15454.280274487857,15.590297007113277,341.79502152850574,78108.29635825743,"Time-based exit (5 bars, optimal=5)",61.7926952323158,2025-03-12T02:00:00+01:00,2025-03-14T14:00:00+01:00,126.15,128.94
XRP/USDC,Long,jma,12h,"ParamA=30.0, ParamB=-50.0, ATR=None",2025-03-11T16:00:00+01:00,2.1351,2025-03-14T04:00:00+01:00,2.2907,15314.768194778038,6.295538144686316,1116.0966376785468,31700.79561976612,"Time-based exit (5 bars, optimal=5)",1474.2958514089073,2025-03-11T16:00:00+01:00,2025-03-14T04:00:00+01:00,2.1351,2.2907
TAO/USDC,Long,jma,12h,"ParamA=20.0, ParamB=0.0, ATR=None",2025-03-11T14:00:00+01:00,246.2,2025-03-14T04:00:00+01:00,240.3,15360.781909881765,17.7149530704952,-368.1097208298216,88344.78755798403,Trend flip,35.976752783296504,2025-03-11T14:00:00+01:00,2025-03-14T04:00:00+01:00,246.2,240.3
LUNC/USDT,Long,jma,12h,"ParamA=20.0, ParamB=0.0, ATR=None",2025-03-10T10:00:00+01:00,6.08e-05,2025-03-12T10:00:00+01:00,6.158e-05,15336.188515469623,32.36496735512383,196.74715529714385,162000.0760396538,"Time-based exit (4 bars, optimal=4)",266159271.0125315,2025-03-10T10:00:00+01:00,2025-03-12T10:00:00+01:00,6.08e-05,6.158e-05
ETH/USDC,Long,jma,12h,"ParamA=30.0, ParamB=0.0, ATR=2.0",2025-03-10T01:00:00+01:00,2036.13,2025-03-10T18:00:00+01:00,1974.3425062052982,15394.583160673523,23.195435925162695,-467.1571616312016,115602.04500788829,ATR stop x2.00,5.695961437914744,2025-03-10T01:00:00+01:00,2025-03-10T18:00:00+01:00,2036.13,1974.3425062052982
TNSR/USDC,Long,jma,12h,"ParamA=30.0, ParamB=50.0, ATR=None",2025-03-09T07:00:00+01:00,0.4351,2025-03-10T07:00:00+01:00,0.3127,15955.653009073487,10.163325255451921,-4488.558787199713,49376.916857695585,Trend flip,11679.298156115745,2025-03-09T07:00:00+01:00,2025-03-10T07:00:00+01:00,0.4351,0.3127
TNSR/USDC,Long,jma,12h,"ParamA=30.0, ParamB=50.0, ATR=None",2025-03-08T03:00:00+01:00,0.427,2025-03-09T03:00:00+01:00,0.4338,15923.954271063174,10.149192445549991,253.58990408250597,50816.6262772596,"Time-based exit (2 bars, optimal=2)",11884.300287529262,2025-03-08T03:00:00+01:00,2025-03-09T03:00:00+01:00,0.427,0.4338
TNSR/USDC,Long,jma,12h,"ParamA=30.0, ParamB=50.0, ATR=None",2025-03-07T02:00:00+01:00,0.4135,2025-03-08T02:00:00+01:00,0.4222,15882.184318351668,10.129905204033337,334.15962169204397,50745.96222774995,"Time-based exit (2 bars, optimal=2)",12248.978481297869,2025-03-07T02:00:00+01:00,2025-03-08T02:00:00+01:00,0.4135,0.4222
ICP/USDC,Long,jma,12h,"ParamA=20.0, ParamB=50.0, ATR=None",2025-03-06T03:00:00+01:00,6.384,2025-03-08T16:00:00+01:00,5.959,16015.458319483017,7.084180100144115,-1066.1920090507979,35178.00988714916,Trend flip,554.8386669912371,2025-03-06T03:00:00+01:00,2025-03-08T16:00:00+01:00,6.384,5.959
SOL/USDC,Long,jma,12h,"ParamA=20.0, ParamB=0.0, ATR=None",2025-03-06T02:00:00+01:00,147.24,2025-03-08T15:00:00+01:00,137.03,16155.491229573641,15.702321403429426,-1120.2632807249863,77951.48503556638,Trend flip,53.32219982147998,2025-03-06T02:00:00+01:00,2025-03-08T15:00:00+01:00,147.24,137.03
SUI/USDC,Long,jma,12h,"ParamA=20.0, ParamB=0.0, ATR=None",2025-03-05T18:00:00+01:00,2.5384,2025-03-08T06:00:00+01:00,2.5908,16113.911447042075,4.2813352435148655,332.63826025252314,21446.584522805162,"Time-based exit (5 bars, optimal=5)",843.3137495104919,2025-03-05T18:00:00+01:00,2025-03-08T06:00:00+01:00,2.5384,2.5908
LUNC/USDT,Long,jma,12h,"ParamA=20.0, ParamB=0.0, ATR=None",2025-03-05T18:00:00+01:00,6.477e-05,2025-03-07T18:00:00+01:00,6.543e-05,16093.412658338772,32.338482452542735,163.99030962642493,161824.83677561916,"Time-based exit (4 bars, optimal=4)",249640902.0576095,2025-03-05T18:00:00+01:00,2025-03-07T18:00:00+01:00,6.477e-05,6.543e-05
ETH/USDC,Long,jma,12h,"ParamA=30.0, ParamB=0.0, ATR=2.0",2025-03-05T06:00:00+01:00,2179.5,2025-03-07T18:00:00+01:00,2161.81,16109.757095309178,23.21892544510484,-130.75549576325773,115977.17962581347,"Time-based exit (5 bars, optimal=5)",5.326663327622124,2025-03-05T06:00:00+01:00,2025-03-07T18:00:00+01:00,2179.5,2161.81
TAO/USDC,Long,jma,12h,"ParamA=20.0, ParamB=0.0, ATR=None",2025-03-05T06:00:00+01:00,290.9,2025-03-07T19:00:00+01:00,289.5,16119.454257547304,17.727029876204604,-77.57729790500468,88574.76535247598,"Time-based exit (5 bars, optimal=5)",30.469284764875567,2025-03-05T06:00:00+01:00,2025-03-07T19:00:00+01:00,290.9,289.5
XRP/USDC,Long,jma,12h,"ParamA=30.0, ParamB=-50.0, ATR=None",2025-03-04T15:00:00+01:00,2.3648,2025-03-07T03:00:00+01:00,2.4853,16017.431859297696,6.264868055009571,816.1791859968611,31477.69072343158,"Time-based exit (5 bars, optimal=5)",1324.6084351762456,2025-03-04T15:00:00+01:00,2025-03-07T03:00:00+01:00,2.3648,2.4853
SOL/USDC,Long,jma,12h,"ParamA=20.0, ParamB=0.0, ATR=None",2025-03-03T11:00:00+01:00,161.51,2025-03-06T01:00:00+01:00,144.77,16368.334983982075,15.869982745129505,-1696.5260827927661,78511.60701714712,Trend flip,49.13003140712496,2025-03-03T11:00:00+01:00,2025-03-06T01:00:00+01:00,161.51,144.77
ICP/USDC,Long,jma,12h,"ParamA=20.0, ParamB=50.0, ATR=None",2025-03-03T11:00:00+01:00,6.793,2025-03-06T01:00:00+01:00,6.326,16156.269223632979,7.134655820772434,-1110.6989146822625,35420.90050072058,Trend flip,525.1476388026229,2025-03-03T11:00:00+01:00,2025-03-06T01:00:00+01:00,6.793,6.326
LUNC/USDT,Long,jma,12h,"ParamA=20.0, ParamB=0.0, ATR=None",2025-03-03T06:00:00+01:00,7.068e-05,2025-03-05T15:00:00+01:00,6.397e-05,16564.908512775088,32.655023656388856,-1572.588230344097,161692.41226271368,Trend flip,231006109.6235771,2025-03-03T06:00:00+01:00,2025-03-05T15:00:00+01:00,7.068e-05,6.397e-05
TNSR/USDC,Long,jma,12h,"ParamA=30.0, ParamB=50.0, ATR=None",2025-03-02T07:00:00+01:00,0.5154,2025-03-03T15:00:00+01:00,0.4491,16835.6209864365,10.263991891115667,-2165.699789291307,50649.52602016669,Trend flip,9957.306840430412,2025-03-02T07:00:00+01:00,2025-03-03T15:00:00+01:00,0.5154,0.4491
ETH/USDC,Long,jma,12h,"ParamA=30.0, ParamB=0.0, ATR=2.0",2025-03-02T02:00:00+01:00,2219.7,2025-03-03T20:00:00+01:00,2166.7065033209233,16886.01343230462,23.279158336735673,-403.1395669449371,116094.62722552421,ATR stop x2.00,5.243762295971455,2025-03-02T02:00:00+01:00,2025-03-03T20:00:00+01:00,2219.7,2166.7065033209233
TAO/USDC,Long,jma,12h,"ParamA=20.0, ParamB=0.0, ATR=None",2025-03-01T16:00:00+01:00,329.3,2025-03-04T08:00:00+01:00,280.6,17204.050657873413,17.99678268452911,-2544.297804550364,88635.14938102302,Trend flip,27.325816405297765,2025-03-01T16:00:00+01:00,2025-03-04T08:00:00+01:00,329.3,280.6
TNSR/USDC,Long,jma,12h,"ParamA=30.0, ParamB=50.0, ATR=None",2025-03-01T05:00:00+01:00,0.5073,2025-03-02T07:00:00+01:00,0.5154,17169.78216892007,10.249676287652523,274.14791162675436,51319.95945557834,"Time-based exit (2 bars, optimal=2)",10102.184395478536,2025-03-01T05:00:00+01:00,2025-03-02T07:00:00+01:00,0.5073,0.5154
SUI/USDC,Long,jma,12h,"ParamA=20.0, ParamB=0.0, ATR=None",2025-03-01T02:00:00+01:00,2.859,2025-03-03T14:00:00+01:00,2.9924,17070.220807616464,4.262299952067511,796.4908904288338,21406.676217574328,"Time-based exit (5 bars, optimal=5)",745.4179699313589,2025-03-01T02:00:00+01:00,2025-03-03T14:00:00+01:00,2.859,2.9924
XRP/USDC,Long,jma,12h,"ParamA=30.0, ParamB=-50.0, ATR=None",2025-03-01T02:00:00+01:00,2.1672,2025-03-03T14:00:00+01:00,2.6931,16567.67488309297,6.117638910989923,4020.3673961879813,31324.340275047853,"Time-based exit (5 bars, optimal=5)",1411.4154002837586,2025-03-01T02:00:00+01:00,2025-03-03T14:00:00+01:00,2.1672,2.6931
SOL/USDC,Long,jma,12h,"ParamA=20.0, ParamB=0.0, ATR=None",2025-02-28T22:00:00+01:00,147.67,2025-03-03T10:00:00+01:00,159.88,16398.19063807796,15.74296166056348,1355.8739601200787,79349.91372564752,"Time-based exit (5 bars, optimal=5)",53.30453599432343,2025-02-28T22:00:00+01:00,2025-03-03T10:00:00+01:00,147.67,159.88
LUNC/USDT,Long,jma,12h,"ParamA=20.0, ParamB=0.0, ATR=None",2025-02-28T21:00:00+01:00,6.736e-05,2025-03-02T21:00:00+01:00,7.18e-05,16264.184957386899,32.44763624638465,1072.0454455284694,163275.11828194428,"Time-based exit (4 bars, optimal=4)",240852406.81698814,2025-02-28T21:00:00+01:00,2025-03-02T21:00:00+01:00,6.736e-05,7.18e-05
ICP/USDC,Long,jma,12h,"ParamA=20.0, ParamB=50.0, ATR=None",2025-02-28T19:00:00+01:00,6.536,2025-03-03T07:00:00+01:00,6.853,16166.176277004965,7.1016327936654395,784.0694430554738,35673.27910386217,"Time-based exit (5 bars, optimal=5)",543.2705625509058,2025-02-28T19:00:00+01:00,2025-03-03T07:00:00+01:00,6.536,6.853
TNSR/USDC,Long,jma,12h,"ParamA=30.0, ParamB=50.0, ATR=None",2025-02-27T18:00:00+01:00,0.5046,2025-02-28T21:00:00+01:00,0.4999,16185.020310759564,10.261286223305733,-150.7522700368025,51248.381438262615,"Time-based exit (2 bars, optimal=2)",10167.742987817808,2025-02-27T18:00:00+01:00,2025-02-28T21:00:00+01:00,0.5046,0.4999
TNSR/USDC,Long,jma,12h,"ParamA=30.0, ParamB=50.0, ATR=None",2025-02-26T15:00:00+01:00,0.4802,2025-02-27T15:00:00+01:00,0.4933,16130.016350381078,10.235410797874273,440.0316830278887,51306.43111652866,"Time-based exit (2 bars, optimal=2)",10657.445645433436,2025-02-26T15:00:00+01:00,2025-02-27T15:00:00+01:00,0.4802,0.4933
LUNC/USDT,Long,jma,12h,"ParamA=20.0, ParamB=0.0, ATR=None",2025-02-26T03:00:00+01:00,6.876e-05,2025-02-28T11:00:00+01:00,6.381e-05,16276.483396653319,32.68950434871767,-1171.7363701779218,162238.18123192323,Trend flip,237707274.20533502,2025-02-26T03:00:00+01:00,2025-02-28T11:00:00+01:00,6.876e-05,6.381e-05
ICP/USDC,Long,jma,12h,"ParamA=20.0, ParamB=50.0, ATR=None",2025-02-26T02:00:00+01:00,6.345,2025-02-28T14:00:00+01:00,6.343,16277.124733325238,7.10327735070692,-5.13069337535806,35508.1639683272,"Time-based exit (5 bars, optimal=5)",559.7539283456989,2025-02-26T02:00:00+01:00,2025-02-28T14:00:00+01:00,6.345,6.343
TNSR/USDC,Long,jma,12h,"ParamA=30.0, ParamB=50.0, ATR=None",2025-02-25T03:00:00+01:00,0.4578,2025-02-26T03:00:00+01:00,0.4902,16134.389310200917,10.165499341459626,1141.8833849945618,51177.05398937136,"Time-based exit (2 bars, optimal=2)",11102.554981934933,2025-02-25T03:00:00+01:00,2025-02-26T03:00:00+01:00,0.4578,0.4902
TNSR/USDC,Long,jma,12h,"ParamA=30.0, ParamB=50.0, ATR=None",2025-02-23T03:00:00+01:00,0.49,2025-02-24T03:00:00+01:00,0.4921,16125.750515282016,10.163176329727115,69.11035935120833,50827.49670729812,"Time-based exit (2 bars, optimal=2)",10370.588091558282,2025-02-23T03:00:00+01:00,2025-02-24T03:00:00+01:00,0.49,0.4921
ICP/USDC,Long,jma,12h,"ParamA=20.0, ParamB=50.0, ATR=None",2025-02-22T16:00:00+01:00,7.16,2025-02-25T04:00:00+01:00,6.311,16368.361175867056,7.189970723966908,-1940.8852846803259,35516.3867535346,Trend flip,502.0929276513204,2025-02-22T16:00:00+01:00,2025-02-25T04:00:00+01:00,7.16,6.311
ETH/USDC,Long,jma,12h,"ParamA=30.0, ParamB=0.0, ATR=2.0",2025-02-22T15:00:00+01:00,2737.2,2025-02-24T09:00:00+01:00,2684.588567184585,16828.196767791134,23.328663848503584,-323.4529970967505,116395.79168367837,ATR stop x2.00,4.261410172530978,2025-02-22T15:00:00+01:00,2025-02-24T09:00:00+01:00,2737.2,2684.588567184585
SOL/USDC,Long,jma,12h,"ParamA=20.0, ParamB=0.0, ATR=None",2025-02-22T15:00:00+01:00,173.57,2025-02-25T04:00:00+01:00,138.88,16787.76514315404,16.06729893204114,-3355.2317382958668,78714.8083028174,Trend flip,46.28478116045728,2025-02-22T15:00:00+01:00,2025-02-25T04:00:00+01:00,173.57,138.88
SUI/USDC,Long,jma,12h,"ParamA=20.0, ParamB=0.0, ATR=None",2025-02-22T11:00:00+01:00,3.3409,2025-02-25T02:00:00+01:00,2.8548,17139.928610161434,4.326109950827324,-2493.8547389623973,21311.499760337552,Trend flip,647.4467884143979,2025-02-22T11:00:00+01:00,2025-02-25T02:00:00+01:00,3.3409,2.8548
TNSR/USDC,Long,jma,12h,"ParamA=30.0, ParamB=50.0, ATR=None",2025-02-22T02:00:00+01:00,0.4699,2025-02-23T02:00:00+01:00,0.483,17080.40708091055,10.136943671197535,476.17223400708286,50815.88164863558,"Time-based exit (2 bars, optimal=2)",10786.277581610488,2025-02-22T02:00:00+01:00,2025-02-23T02:00:00+01:00,0.4699,0.483
TAO/USDC,Long,jma,12h,"ParamA=20.0, ParamB=0.0, ATR=None",2025-02-21T12:00:00+01:00,472.3,2025-02-24T01:00:00+01:00,429.6,17275.6404728732,18.164639646527164,-1561.8671357012186,89983.91342264555,Trend flip,19.229980570111334,2025-02-21T12:00:00+01:00,2025-02-24T01:00:00+01:00,472.3,429.6
LUNC/USDT,Long,jma,12h,"ParamA=20.0, ParamB=0.0, ATR=None",2025-02-20T17:00:00+01:00,7.493e-05,2025-02-22T17:00:00+01:00,7.45e-05,17288.04181075293,32.71482133296715,-99.21070303782055,163447.52174358835,"Time-based exit (4 bars, optimal=4)",218302557.94052547,2025-02-20T17:00:00+01:00,2025-02-22T17:00:00+01:00,7.493e-05,7.45e-05
TNSR/USDC,Long,jma,12h,"ParamA=30.0, ParamB=50.0, ATR=None",2025-02-20T09:00:00+01:00,0.4292,2025-02-21T09:00:00+01:00,0.4863,17005.24833454644,10.005829077386093,2262.347809651914,50684.71835598768,"Time-based exit (2 bars, optimal=2)",11656.371245789947,2025-02-20T09:00:00+01:00,2025-02-21T09:00:00+01:00,0.4292,0.4863
SOL/USDC,Long,jma,12h,"ParamA=20.0, ParamB=0.0, ATR=None",2025-02-20T03:00:00+01:00,171.86,2025-02-22T15:00:00+01:00,173.57,16984.124416275878,16.05453564159752,168.9913461645025,80336.4946602057,"Time-based exit (5 bars, optimal=5)",46.70818003490493,2025-02-20T03:00:00+01:00,2025-02-22T15:00:00+01:00,171.86,173.57
ICP/USDC,Long,jma,12h,"ParamA=20.0, ParamB=50.0, ATR=None",2025-02-20T03:00:00+01:00,6.912,2025-02-22T15:00:00+01:00,7.134,16916.209944925806,7.168380954384155,543.3157708005695,35949.85361983454,"Time-based exit (5 bars, optimal=5)",518.5460759826501,2025-02-20T03:00:00+01:00,2025-02-22T15:00:00+01:00,6.912,7.134
XRP/USDC,Long,jma,12h,"ParamA=30.0, ParamB=-50.0, ATR=None",2025-02-19T16:00:00+01:00,2.6073,2025-02-22T05:00:00+01:00,2.5821,16936.67192343185,6.124783575682938,-163.69582804835684,30588.194554949612,"Time-based exit (5 bars, optimal=5)",1174.545233705929,2025-02-19T16:00:00+01:00,2025-02-22T05:00:00+01:00,2.6073,2.5821
SUI/USDC,Long,jma,12h,"ParamA=20.0, ParamB=0.0, ATR=None",2025-02-19T06:00:00+01:00,3.0479,2025-02-21T18:00:00+01:00,3.3604,16732.54570415631,4.283052589943451,1715.5813945827774,21630.549754136617,"Time-based exit (5 bars, optimal=5)",702.6235424297796,2025-02-19T06:00:00+01:00,2025-02-21T18:00:00+01:00,3.0479,3.3604
ETH/USDC,Long,jma,12h,"ParamA=30.0, ParamB=0.0, ATR=2.0",2025-02-19T06:00:00+01:00,2686.59,2025-02-21T18:00:00+01:00,2673.5,16946.993378479157,23.344707142419583,-82.57164037843312,116643.31924251791,"Time-based exit (5 bars, optimal=5)",4.344672455123331,2025-02-19T06:00:00+01:00,2025-02-21T18:00:00+01:00,2686.59,2673.5
TNSR/USDC,Long,jma,12h,"ParamA=30.0, ParamB=50.0, ATR=None",2025-02-19T04:00:00+01:00,0.3902,2025-02-20T04:00:00+01:00,0.4187,16581.160810797857,9.935249593879556,1211.0791468676045,50029.14538693046,"Time-based exit (2 bars, optimal=2)",12730.970776370523,2025-02-19T04:00:00+01:00,2025-02-20T04:00:00+01:00,0.3902,0.4187
TAO/USDC,Long,jma,12h,"ParamA=20.0, ParamB=0.0, ATR=None",2025-02-18T19:00:00+01:00,366.5,2025-02-21T07:00:00+01:00,473.3,15998.408416894601,17.65373150477625,4662.01915122604,90823.19823263583,"Time-based exit (5 bars, optimal=5)",24.084217605424623,2025-02-18T19:00:00+01:00,2025-02-21T07:00:00+01:00,366.5,473.3
ICP/USDC,Long,jma,12h,"ParamA=20.0, ParamB=50.0, ATR=None",2025-02-17T09:00:00+01:00,7.077,2025-02-19T22:00:00+01:00,6.807,16075.069941626818,7.197279296921067,-613.2921978577411,35841.904771920774,Trend flip,508.4979014357119,2025-02-17T09:00:00+01:00,2025-02-19T22:00:00+01:00,7.077,6.807
ETH/USDC,Long,jma,12h,"ParamA=30.0, ParamB=0.0, ATR=2.0",2025-02-17T06:00:00+01:00,2670.46,2025-02-18T17:00:00+01:00,2631.3577506743923,16104.546323299332,23.3836233715692,-235.81105338011068,116723.5357120979,ATR stop x2.00,4.378201390690967,2025-02-17T06:00:00+01:00,2025-02-18T17:00:00+01:00,2670.46,2631.3577506743923
ETH/USDC,Long,jma,12h,"ParamA=30.0, ParamB=0.0, ATR=2.0",2025-02-17T02:00:00+01:00,2680.22,2025-02-17T06:00:00+01:00,2642.0198525929572,16133.289020668855,23.42168974535094,-229.94157895619443,116918.11685784599,ATR stop x2.00,4.369359557303307,2025-02-17T02:00:00+01:00,2025-02-17T06:00:00+01:00,2680.22,2642.0198525929572
TNSR/USDC,Long,jma,12h,"ParamA=30.0, ParamB=50.0, ATR=None",2025-02-16T20:00:00+01:00,0.3931,2025-02-17T20:00:00+01:00,0.3901,16148.69416009912,9.944828100150936,-123.24111544212008,49676.24796939778,"Time-based exit (2 bars, optimal=2)",12649.234418914952,2025-02-16T20:00:00+01:00,2025-02-17T20:00:00+01:00,0.3931,0.3901
ETH/USDC,Long,jma,12h,"ParamA=30.0, ParamB=0.0, ATR=2.0",2025-02-15T19:00:00+01:00,2703.19,2025-02-16T19:00:00+01:00,2662.6161438377626,16179.049334010308,23.46159703164077,-242.84139128950534,117108.4487267547,ATR stop x2.00,4.339613018626284,2025-02-15T19:00:00+01:00,2025-02-16T19:00:00+01:00,2703.19,2662.6161438377626
TNSR/USDC,Long,jma,12h,"ParamA=30.0, ParamB=50.0, ATR=None",2025-02-15T17:00:00+01:00,0.3836,2025-02-16T17:00:00+01:00,0.3892,16149.579298793531,9.932314833433779,235.76028173421187,49724.14050075468,"Time-based exit (2 bars, optimal=2)",12946.187217718689,2025-02-15T17:00:00+01:00,2025-02-16T17:00:00+01:00,0.3836,0.3892
ETH/USDC,Long,jma,12h,"ParamA=30.0, ParamB=0.0, ATR=2.0",2025-02-15T11:00:00+01:00,2710.7,2025-02-15T15:00:00+01:00,2667.0185541285887,16182.175160025608,23.50417355473048,-260.7668898566247,117307.98515820385,ATR stop x2.00,4.335443530219221,2025-02-15T11:00:00+01:00,2025-02-15T15:00:00+01:00,2710.7,2667.0185541285887
XRP/USDC,Long,jma,12h,"ParamA=30.0, ParamB=-50.0, ATR=None",2025-02-15T09:00:00+01:00,2.8,2025-02-17T23:00:00+01:00,2.6519,16289.87742999805,6.158589834883709,-861.6181597795392,30623.917878414686,Trend flip,1099.7481848006623,2025-02-15T09:00:00+01:00,2025-02-17T23:00:00+01:00,2.8,2.6519
ICP/USDC,Long,jma,12h,"ParamA=20.0, ParamB=50.0, ATR=None",2025-02-14T18:00:00+01:00,7.379,2025-02-17T08:00:00+01:00,7.003,16394.299721215986,7.235595693478763,-835.3783297434885,35986.396484605335,Trend flip,490.28294440159664,2025-02-14T18:00:00+01:00,2025-02-17T08:00:00+01:00,7.379,7.003
TNSR/USDC,Long,jma,12h,"ParamA=30.0, ParamB=50.0, ATR=None",2025-02-14T15:00:00+01:00,0.3697,2025-02-15T15:00:00+01:00,0.3816,16328.601062626167,9.902421146269846,525.5892687185603,49661.57416716889,"Time-based exit (2 bars, optimal=2)",13392.508988733902,2025-02-14T15:00:00+01:00,2025-02-15T15:00:00+01:00,0.3697,0.3816
LUNC/USDT,Long,jma,12h,"ParamA=20.0, ParamB=0.0, ATR=None",2025-02-14T14:00:00+01:00,7.891e-05,2025-02-16T18:00:00+01:00,7.635e-05,16395.087286573747,32.827887216168065,-531.8897915806467,163574.10666483574,Trend flip,208008409.682981,2025-02-14T14:00:00+01:00,2025-02-16T18:00:00+01:00,7.891e-05,7.635e-05
SOL/USDC,Long,jma,12h,"ParamA=20.0, ParamB=0.0, ATR=None",2025-02-14T07:00:00+01:00,196.27,2025-02-17T00:00:00+01:00,188.27,16479.04840342003,16.123479927648365,-671.6889347702667,80272.67820798761,Trend flip,41.074743790819696,2025-02-14T07:00:00+01:00,2025-02-17T00:00:00+01:00,196.27,188.27
TNSR/USDC,Long,jma,12h,"ParamA=30.0, ParamB=50.0, ATR=None",2025-02-13T14:00:00+01:00,0.3496,2025-02-14T14:00:00+01:00,0.3622,16405.14080397421,9.868826486586903,591.2607955665761,49512.10573134923,"Time-based exit (2 bars, optimal=2)",14114.454357246714,2025-02-13T14:00:00+01:00,2025-02-14T14:00:00+01:00,0.3496,0.3622
ETH/USDC,Long,jma,12h,"ParamA=30.0, ParamB=0.0, ATR=2.0",2025-02-12T17:00:00+01:00,2648.47,2025-02-15T05:00:00+01:00,2720.92,16349.235784633012,23.44472846916886,447.24015472958587,117520.86777365241,"Time-based exit (5 bars, optimal=5)",4.426089113557802,2025-02-12T17:00:00+01:00,2025-02-15T05:00:00+01:00,2648.47,2720.92
XRP/USDC,Long,jma,12h,"ParamA=30.0, ParamB=-50.0, ATR=None",2025-02-12T17:00:00+01:00,2.4278,2025-02-15T05:00:00+01:00,2.7914,16048.79192881109,6.0689124173121956,2403.5508465753815,30792.949174418547,"Time-based exit (5 bars, optimal=5)",1249.8789886547895,2025-02-12T17:00:00+01:00,2025-02-15T05:00:00+01:00,2.4278,2.7914
SUI/USDC,Long,jma,12h,"ParamA=20.0, ParamB=0.0, ATR=None",2025-02-12T16:00:00+01:00,3.2146,2025-02-15T04:00:00+01:00,3.5659,15832.514539795728,4.237590595950484,1730.21911212289,21415.262949717253,"Time-based exit (5 bars, optimal=5)",659.1163124417476,2025-02-12T16:00:00+01:00,2025-02-15T04:00:00+01:00,3.2146,3.5659
ICP/USDC,Long,jma,12h,"ParamA=20.0, ParamB=50.0, ATR=None",2025-02-12T06:00:00+01:00,7.089,2025-02-14T18:00:00+01:00,7.379,15751.96597629724,7.207552225149729,644.3885079878947,36177.97846739381,"Time-based exit (5 bars, optimal=5)",508.36170300110933,2025-02-12T06:00:00+01:00,2025-02-14T18:00:00+01:00,7.089,7.379
LUNC/USDT,Long,jma,12h,"ParamA=20.0, ParamB=0.0, ATR=None",2025-02-12T06:00:00+01:00,7.541e-05,2025-02-14T06:00:00+01:00,7.78e-05,15689.808037678273,32.73069861290583,497.2635089517439,164139.43608084033,"Time-based exit (4 bars, optimal=4)",217018290.76320007,2025-02-12T06:00:00+01:00,2025-02-14T06:00:00+01:00,7.541e-05,7.78e-05
TAO/USDC,Long,jma,12h,"ParamA=20.0, ParamB=0.0, ATR=None",2025-02-11T15:00:00+01:00,423.9,2025-02-14T03:00:00+01:00,383.6,15878.503392334764,17.826775284929404,-1509.5628372519232,88268.65752388125,Trend flip,21.027099887862004,2025-02-11T15:00:00+01:00,2025-02-14T03:00:00+01:00,423.9,383.6
TNSR/USDC,Long,jma,12h,"ParamA=30.0, ParamB=50.0, ATR=None",2025-02-11T06:00:00+01:00,0.3634,2025-02-12T06:00:00+01:00,0.3318,16052.992440602178,9.957404089925982,-1395.9123861393207,49344.13243293451,Trend flip,13700.335841945489,2025-02-11T06:00:00+01:00,2025-02-12T06:00:00+01:00,0.3634,0.3318
SUI/USDC,Long,jma,12h,"ParamA=20.0, ParamB=0.0, ATR=None",2025-02-10T04:00:00+01:00,3.0895,2025-02-12T16:00:00+01:00,3.2146,15814.726981208476,4.2213418116945025,640.3697508817532,21187.952979752416,"Time-based exit (5 bars, optimal=5)",683.1755642813565,2025-02-10T04:00:00+01:00,2025-02-12T16:00:00+01:00,3.0895,3.2146
ETH/USDC,Long,jma,12h,"ParamA=30.0, ParamB=0.0, ATR=2.0",2025-02-10T04:00:00+01:00,2626.33,2025-02-12T15:00:00+01:00,2545.924957350474,15861.4212387041,23.52144361246174,-485.5971074389358,117223.64234584432,ATR stop x2.00,4.4780061173694365,2025-02-10T04:00:00+01:00,2025-02-12T15:00:00+01:00,2626.33,2545.924957350474
LUNC/USDT,Long,jma,12h,"ParamA=20.0, ParamB=0.0, ATR=None",2025-02-10T04:00:00+01:00,6.982e-05,2025-02-12T04:00:00+01:00,7.538e-05,15894.773200068696,32.47855671989204,1265.753924267858,163653.49306452918,"Time-based exit (4 bars, optimal=4)",232587773.7030366,2025-02-10T04:00:00+01:00,2025-02-12T04:00:00+01:00,6.982e-05,7.538e-05
XRP/USDC,Long,jma,12h,"ParamA=30.0, ParamB=-50.0, ATR=None",2025-02-10T04:00:00+01:00,2.3833,2025-02-12T16:00:00+01:00,2.4002,15800.721600274233,6.065824301146562,112.04304747393516,30344.562086560978,"Time-based exit (5 bars, optimal=5)",1272.568350846843,2025-02-10T04:00:00+01:00,2025-02-12T16:00:00+01:00,2.3833,2.4002
TNSR/USDC,Long,jma,12h,"ParamA=30.0, ParamB=50.0, ATR=None",2025-02-09T17:00:00+01:00,0.3414,2025-02-10T17:00:00+01:00,0.3473,15827.230896623667,9.942210621485907,273.5227366434678,49787.02044962991,"Time-based exit (2 bars, optimal=2)",14560.941156247667,2025-02-09T17:00:00+01:00,2025-02-10T17:00:00+01:00,0.3414,0.3473
SOL/USDC,Long,jma,12h,"ParamA=20.0, ParamB=0.0, ATR=None",2025-02-09T16:00:00+01:00,200.72,2025-02-12T07:00:00+01:00,193.76,15885.107552908232,16.182830733484707,-550.8187951785643,80617.39963824183,Trend flip,40.311953800031645,2025-02-09T16:00:00+01:00,2025-02-12T07:00:00+01:00,200.72,193.76
ICP/USDC,Long,jma,12h,"ParamA=20.0, ParamB=50.0, ATR=None",2025-02-09T16:00:00+01:00,7.025,2025-02-12T04:00:00+01:00,7.064,15816.255203510911,7.20499329870414,87.80554490205279,36037.76112574864,"Time-based exit (5 bars, optimal=5)",512.8109109397964,2025-02-09T16:00:00+01:00,2025-02-12T04:00:00+01:00,7.025,7.064
ETH/USDC,Long,jma,12h,"ParamA=30.0, ParamB=0.0, ATR=2.0",2025-02-09T09:00:00+01:00,2666.93,2025-02-09T14:00:00+01:00,2621.6558359479386,15918.88770149311,23.56616308196664,-270.24118867902007,117607.2180623087,ATR stop x2.00,4.418219278714972,2025-02-09T09:00:00+01:00,2025-02-09T14:00:00+01:00,2666.93,2621.6558359479386
TAO/USDC,Long,jma,12h,"ParamA=20.0, ParamB=0.0, ATR=None",2025-02-08T22:00:00+01:00,346.3,2025-02-11T10:00:00+01:00,424.1,15484.055364165617,17.43848867740864,3478.6586986199395,89133.87642464702,"Time-based exit (5 bars, optimal=5)",25.17829725297233,2025-02-08T22:00:00+01:00,2025-02-11T10:00:00+01:00,346.3,424.1
TNSR/USDC,Long,jma,12h,"ParamA=30.0, ParamB=50.0, ATR=None",2025-02-08T14:00:00+01:00,0.3195,2025-02-09T14:00:00+01:00,0.3336,15399.107237386606,9.900498380889614,679.585014232085,49711.053107429536,"Time-based exit (2 bars, optimal=2)",15493.737685273261,2025-02-08T14:00:00+01:00,2025-02-09T14:00:00+01:00,0.3195,0.3336
LUNC/USDT,Long,jma,12h,"ParamA=20.0, ParamB=0.0, ATR=None",2025-02-08T00:00:00+01:00,6.426e-05,2025-02-10T00:00:00+01:00,6.901e-05,15258.12510571036,32.246643835434234,1127.8570534099647,162392.78359946018,"Time-based exit (4 bars, optimal=4)",250907592.8683025,2025-02-08T00:00:00+01:00,2025-02-10T00:00:00+01:00,6.426e-05,6.901e-05
TNSR/USDC,Long,jma,12h,"ParamA=30.0, ParamB=50.0, ATR=None",2025-02-07T02:00:00+01:00,0.2977,2025-02-08T02:00:00+01:00,0.2997,15245.322517100098,9.895829357740174,102.42070888209682,49502.49190444807,"Time-based exit (2 bars, optimal=2)",16620.472552469222,2025-02-07T02:00:00+01:00,2025-02-08T02:00:00+01:00,0.2977,0.2997
SOL/USDC,Long,jma,12h,"ParamA=20.0, ParamB=0.0, ATR=None",2025-02-07T02:00:00+01:00,192.28,2025-02-09T14:00:00+01:00,196.97,15198.981748170076,16.14667588419261,370.726151440179,80914.15366742352,"Time-based exit (5 bars, optimal=5)",41.98740348500263,2025-02-07T02:00:00+01:00,2025-02-09T14:00:00+01:00,192.28,196.97
XRP/USDC,Long,jma,12h,"ParamA=30.0, ParamB=-50.0, ATR=None",2025-02-07T02:00:00+01:00,2.3558,2025-02-09T14:00:00+01:00,2.3891,15172.1737961256,6.058472147943647,214.46361635579598,30329.12150573281,"Time-based exit (5 bars, optimal=5)",1285.8630078834465,2025-02-07T02:00:00+01:00,2025-02-09T14:00:00+01:00,2.3558,2.3891
ICP/USDC,Long,jma,12h,"ParamA=20.0, ParamB=50.0, ATR=None",2025-02-07T01:00:00+01:00,6.756,2025-02-09T13:00:00+01:00,6.995,15105.377886657881,7.181025933758146,534.3672757417454,36024.9664935207,"Time-based exit (5 bars, optimal=5)",531.4554421076189,2025-02-07T01:00:00+01:00,2025-02-09T13:00:00+01:00,6.756,6.995
TAO/USDC,Long,jma,12h,"ParamA=20.0, ParamB=0.0, ATR=None",2025-02-06T03:00:00+01:00,351.9,2025-02-08T21:00:00+01:00,341.3,15162.468739399297,17.49468544505108,-456.7268219313215,87192.44338704318,Trend flip,24.857467242186814,2025-02-06T03:00:00+01:00,2025-02-08T21:00:00+01:00,351.9,341.3
LUNC/USDT,Long,jma,12h,"ParamA=20.0, ParamB=0.0, ATR=None",2025-02-05T16:00:00+01:00,6.827e-05,2025-02-07T17:00:00+01:00,6.481e-05,15259.137510061397,32.417422444661014,-773.350165296798,161233.21917717118,Trend flip,237420700.488216,2025-02-05T16:00:00+01:00,2025-02-07T17:00:00+01:00,6.827e-05,6.481e-05
ETH/USDC,Long,jma,12h,"ParamA=30.0, ParamB=0.0, ATR=2.0",2025-02-05T03:00:00+01:00,2740.6,2025-02-07T15:00:00+01:00,2784.5,15228.64521253393,23.533173361440532,243.9383802197478,117830.81540983319,"Time-based exit (5 bars, optimal=5)",4.293434532846919,2025-02-05T03:00:00+01:00,2025-02-07T15:00:00+01:00,2740.6,2784.5
XRP/USDC,Long,jma,12h,"ParamA=30.0, ParamB=-50.0, ATR=None",2025-02-03T15:00:00+01:00,2.3751,2025-02-06T03:00:00+01:00,2.4208,15192.105738813676,6.048044535879509,292.31578976202235,30292.360739718235,"Time-based exit (5 bars, optimal=5)",1273.2189246514902,2025-02-03T15:00:00+01:00,2025-02-06T03:00:00+01:00,2.3751,2.4208
LUNC/USDT,Long,jma,12h,"ParamA=20.0, ParamB=0.0, ATR=None",2025-02-03T15:00:00+01:00,6.043e-05,2025-02-05T15:00:00+01:00,6.542e-05,15036.896993166029,32.15830726965035,1241.6699651811741,162087.11222330507,"Time-based exit (4 bars, optimal=4)",266078994.45350277,2025-02-03T15:00:00+01:00,2025-02-05T15:00:00+01:00,6.043e-05,6.542e-05
TAO/USDC,Long,jma,12h,"ParamA=20.0, ParamB=0.0, ATR=None",2025-02-03T15:00:00+01:00,337.7,2025-02-06T03:00:00+01:00,351.9,14958.274142697306,17.424900190353284,628.9828037497825,87473.42722525541,"Time-based exit (5 bars, optimal=5)",25.799378428121535,2025-02-03T15:00:00+01:00,2025-02-06T03:00:00+01:00,337.7,351.9
SUI/USDC,Long,jma,12h,"ParamA=20.0, ParamB=0.0, ATR=None",2025-02-03T15:00:00+01:00,3.2735,2025-02-06T03:00:00+01:00,3.3657,14905.79536110673,4.2103252548271834,419.83025272461936,21106.709058472512,"Time-based exit (5 bars, optimal=5)",643.092294917853,2025-02-03T15:00:00+01:00,2025-02-06T03:00:00+01:00,3.2735,3.3657
SOL/USDC,Long,jma,12h,"ParamA=20.0, ParamB=0.0, ATR=None",2025-02-03T15:00:00+01:00,199.87,2025-02-06T03:00:00+01:00,200.38,14901.042564471492,16.145785188102735,38.02237308190487,80733.37942096306,"Time-based exit (5 bars, optimal=5)",40.390716936265406,2025-02-03T15:00:00+01:00,2025-02-06T03:00:00+01:00,199.87,200.38
TAO/USDC,Long,jma,12h,"ParamA=20.0, ParamB=0.0, ATR=None",2025-01-31T02:00:00+01:00,457.3,2025-02-02T16:00:00+01:00,380.0,15222.689709268801,17.728114132097517,-2573.177158378479,87124.50095176643,Trend flip,19.38346176699925,2025-01-31T02:00:00+01:00,2025-02-02T16:00:00+01:00,457.3,380.0
LUNC/USDT,Long,jma,12h,"ParamA=20.0, ParamB=0.0, ATR=None",2025-01-31T01:00:00+01:00,7.808e-05,2025-02-02T03:00:00+01:00,7.161e-05,15382.016112068952,32.4335504751013,-1274.611222401205,160791.53634825174,Trend flip,207694354.98912203,2025-01-31T01:00:00+01:00,2025-02-02T03:00:00+01:00,7.808e-05,7.161e-05
TNSR/USDC,Long,jma,12h,"ParamA=30.0, ParamB=50.0, ATR=None",2025-01-30T15:00:00+01:00,0.4338,2025-01-31T15:00:00+01:00,0.4687,15228.867348108319,9.818799090756253,1225.1901116850624,49479.14678870087,"Time-based exit (2 bars, optimal=2)",11317.19581691592,2025-01-30T15:00:00+01:00,2025-01-31T15:00:00+01:00,0.4338,0.4687
SUI/USDC,Long,jma,12h,"ParamA=20.0, ParamB=0.0, ATR=None",2025-01-30T12:00:00+01:00,4.1869,2025-02-02T03:00:00+01:00,3.7371,15436.156245600227,4.256908742727749,-1658.3111799352694,21051.626274135913,Trend flip,508.36045077835024,2025-01-30T12:00:00+01:00,2025-02-02T03:00:00+01:00,4.1869,3.7371
ICP/USDC,Long,jma,12h,"ParamA=20.0, ParamB=50.0, ATR=None",2025-01-30T10:00:00+01:00,9.083,2025-02-02T03:00:00+01:00,8.416,15579.161040464114,7.235606929657804,-1144.0383589111043,35905.12966879073,Trend flip,398.304906399747,2025-01-30T10:00:00+01:00,2025-02-02T03:00:00+01:00,9.083,8.416
ETH/USDC,Long,jma,12h,"ParamA=30.0, ParamB=0.0, ATR=2.0",2025-01-30T02:00:00+01:00,3138.28,2025-02-01T14:00:00+01:00,3245.21,15513.089233941697,23.457937178807022,528.5744521793412,117665.86680720265,"Time-based exit (5 bars, optimal=5)",3.7373875464915525,2025-01-30T02:00:00+01:00,2025-02-01T14:00:00+01:00,3138.28,3245.21
XRP/USDC,Long,jma,12h,"ParamA=30.0, ParamB=-50.0, ATR=None",2025-01-30T01:00:00+01:00,3.0799,2025-02-01T19:00:00+01:00,2.9652,15603.355948535178,6.071871451338924,-581.0918949631434,30240.222679397542,Trend flip,985.7254214972766,2025-01-30T01:00:00+01:00,2025-02-01T19:00:00+01:00,3.0799,2.9652
SOL/USDC,Long,jma,12h,"ParamA=20.0, ParamB=0.0, ATR=None",2025-01-30T01:00:00+01:00,231.24,2025-02-01T13:00:00+01:00,229.14,15530.719461664785,16.16369694651456,-141.04182178471027,80728.92594051367,"Time-based exit (5 bars, optimal=5)",34.95004529171977,2025-01-30T01:00:00+01:00,2025-02-01T13:00:00+01:00,231.24,229.14
TNSR/USDC,Long,jma,12h,"ParamA=30.0, ParamB=50.0, ATR=None",2025-01-29T11:00:00+01:00,0.3948,2025-01-30T11:00:00+01:00,0.4343,15410.625544217613,9.723459925834012,1541.8432345405174,49093.99545378126,"Time-based exit (2 bars, optimal=2)",12314.4122667604,2025-01-29T11:00:00+01:00,2025-01-30T11:00:00+01:00,0.3948,0.4343
LUNC/USDT,Long,jma,12h,"ParamA=20.0, ParamB=0.0, ATR=None",2025-01-29T01:00:00+01:00,7.328e-05,2025-01-31T01:00:00+01:00,7.808e-05,15285.471573907238,32.22888998680951,1001.2317624830058,162167.75237550648,"Time-based exit (4 bars, optimal=4)",219902360.71785966,2025-01-29T01:00:00+01:00,2025-01-31T01:00:00+01:00,7.328e-05,7.808e-05
TAO/USDC,Long,jma,12h,"ParamA=20.0, ParamB=0.0, ATR=None",2025-01-28T10:00:00+01:00,439.8,2025-01-30T22:00:00+01:00,454.7,15221.012420579975,17.67177820686524,515.673226618102,88640.57066048757,"Time-based exit (5 bars, optimal=5)",20.09069827974675,2025-01-28T10:00:00+01:00,2025-01-30T22:00:00+01:00,439.8,454.7
TNSR/USDC,Long,jma,12h,"ParamA=30.0, ParamB=50.0, ATR=None",2025-01-27T21:00:00+01:00,0.3685,2025-01-28T21:00:00+01:00,0.3722,15201.932654358427,9.715647859454753,152.6381297723905,48617.299629170055,"Time-based exit (2 bars, optimal=2)",13182.69723128189,2025-01-27T21:00:00+01:00,2025-01-28T21:00:00+01:00,0.3685,0.3722
SUI/USDC,Long,jma,12h,"ParamA=20.0, ParamB=0.0, ATR=None",2025-01-27T20:00:00+01:00,3.7751,2025-01-30T08:00:00+01:00,4.1003,15039.983217838824,4.221388538626743,1295.595492156812,21284.543713638745,"Time-based exit (5 bars, optimal=5)",559.1094989042334,2025-01-27T20:00:00+01:00,2025-01-30T08:00:00+01:00,3.7751,4.1003
ICP/USDC,Long,jma,12h,"ParamA=20.0, ParamB=50.0, ATR=None",2025-01-27T20:00:00+01:00,8.617,2025-01-30T08:00:00+01:00,8.955,14966.600500980703,7.208772426973452,587.0617348649721,36178.034648289016,"Time-based exit (5 bars, optimal=5)",418.2878279548248,2025-01-27T20:00:00+01:00,2025-01-30T08:00:00+01:00,8.617,8.955
XRP/USDC,Long,jma,12h,"ParamA=30.0, ParamB=-50.0, ATR=None",2025-01-27T13:00:00+01:00,2.8772,2025-01-30T01:00:00+01:00,3.0799,14835.950598888621,6.030591786465418,1045.19921673666,30359.35725669462,"Time-based exit (5 bars, optimal=5)",1047.996626314719,2025-01-27T13:00:00+01:00,2025-01-30T01:00:00+01:00,2.8772,3.0799
TNSR/USDC,Long,jma,12h,"ParamA=30.0, ParamB=50.0, ATR=None",2025-01-26T04:00:00+01:00,0.3807,2025-01-27T17:00:00+01:00,0.354,14967.16391532518,9.786239886779894,-1049.7065314924673,48578.239297273765,Trend flip,12852.954934042415,2025-01-26T04:00:00+01:00,2025-01-27T17:00:00+01:00,0.3807,0.354
SOL/USDC,Long,jma,12h,"ParamA=20.0, ParamB=0.0, ATR=None",2025-01-25T23:00:00+01:00,259.09,2025-01-28T17:00:00+01:00,234.39,15147.674334514706,16.32257051216295,-1444.0833535162033,80818.48473257279,Trend flip,31.499808005254835,2025-01-25T23:00:00+01:00,2025-01-28T17:00:00+01:00,259.09,234.39
LUNC/USDT,Long,jma,12h,"ParamA=20.0, ParamB=0.0, ATR=None",2025-01-25T21:00:00+01:00,8.176e-05,2025-01-28T02:00:00+01:00,7.702e-05,15258.248111496872,32.423347586315934,-884.5902158573282,161144.44993404756,Trend flip,198283681.42316493,2025-01-25T21:00:00+01:00,2025-01-28T02:00:00+01:00,8.176e-05,7.702e-05
TAO/USDC,Long,jma,12h,"ParamA=20.0, ParamB=0.0, ATR=None",2025-01-25T18:00:00+01:00,383.2,2025-01-28T06:00:00+01:00,451.2,14927.13984254685,17.36706774600722,2648.8661516001716,88358.89103432621,"Time-based exit (5 bars, optimal=5)",22.66057900053134,2025-01-25T18:00:00+01:00,2025-01-28T06:00:00+01:00,383.2,451.2
TNSR/USDC,Long,jma,12h,"ParamA=30.0, ParamB=50.0, ATR=None",2025-01-25T03:00:00+01:00,0.3594,2025-01-26T03:00:00+01:00,0.3722,14860.980773992627,9.753453736174034,529.2725484337933,48931.19943389948,"Time-based exit (2 bars, optimal=2)",13569.07865355319,2025-01-25T03:00:00+01:00,2025-01-26T03:00:00+01:00,0.3594,0.3722
XRP/USDC,Long,jma,12h,"ParamA=30.0, ParamB=-50.0, ATR=None",2025-01-24T04:00:00+01:00,3.1206,2025-01-26T16:00:00+01:00,3.1148,14864.434185126453,6.03291965906039,-27.627289070607297,30152.958932327092,"Time-based exit (5 bars, optimal=5)",966.6281578959798,2025-01-24T04:00:00+01:00,2025-01-26T16:00:00+01:00,3.1206,3.1148
ICP/USDC,Long,jma,12h,"ParamA=20.0, ParamB=50.0, ATR=None",2025-01-24T04:00:00+01:00,9.064,2025-01-26T16:00:00+01:00,9.119,14853.16812920321,7.205841118790177,90.12844738594134,36043.86213486726,"Time-based exit (5 bars, optimal=5)",397.4978551848068,2025-01-24T04:00:00+01:00,2025-01-26T16:00:00+01:00,9.064,9.119
TNSR/USDC,Long,jma,12h,"ParamA=30.0, ParamB=50.0, ATR=None",2025-01-23T15:00:00+01:00,0.3711,2025-01-24T15:00:00+01:00,0.3864,14777.013351422032,9.715341636879675,609.2382222494143,48767.26868087017,"Time-based exit (2 bars, optimal=2)",13089.924059390563,2025-01-23T15:00:00+01:00,2025-01-24T15:00:00+01:00,0.3711,0.3864
ETH/USDC,Long,jma,12h,"ParamA=30.0, ParamB=0.0, ATR=2.0",2025-01-23T14:00:00+01:00,3232.59,2025-01-26T02:00:00+01:00,3330.8,14721.107715818285,23.39154912884254,447.24508482997044,117289.68589403511,"Time-based exit (5 bars, optimal=5)",3.6180816510665657,2025-01-23T14:00:00+01:00,2025-01-26T02:00:00+01:00,3232.59,3330.8
LUNC/USDT,Long,jma,12h,"ParamA=20.0, ParamB=0.0, ATR=None",2025-01-22T01:00:00+01:00,8.953e-05,2025-01-24T01:00:00+01:00,8.172e-05,14883.398769642292,32.7152768949616,-1298.328430592052,162116.73793157967,Trend flip,182705667.90439853,2025-01-22T01:00:00+01:00,2025-01-24T01:00:00+01:00,8.953e-05,8.172e-05
SOL/USDC,Long,jma,12h,"ParamA=20.0, ParamB=0.0, ATR=None",2025-01-22T01:00:00+01:00,252.64,2025-01-24T13:00:00+01:00,265.35,14790.38804683746,16.24409732521433,744.0857824386663,81612.85256081475,"Time-based exit (5 bars, optimal=5)",32.14870433267561,2025-01-22T01:00:00+01:00,2025-01-24T13:00:00+01:00,252.64,265.35
TAO/USDC,Long,jma,12h,"ParamA=20.0, ParamB=0.0, ATR=None",2025-01-21T16:00:00+01:00,401.3,2025-01-24T13:00:00+01:00,387.3,14863.213375530691,17.43136616134235,-518.5272545662339,86835.33873003609,Trend flip,21.718622179594256,2025-01-21T16:00:00+01:00,2025-01-24T13:00:00+01:00,401.3,387.3
XRP/USDC,Long,jma,12h,"ParamA=30.0, ParamB=-50.0, ATR=None",2025-01-21T16:00:00+01:00,3.119,2025-01-24T04:00:00+01:00,3.1206,14789.43970187421,6.03381689672525,7.586759705994269,30164.59829530195,"Time-based exit (5 bars, optimal=5)",967.2678577629449,2025-01-21T16:00:00+01:00,2025-01-24T04:00:00+01:00,3.119,3.1206
SUI/USDC,Long,jma,12h,"ParamA=20.0, ParamB=0.0, ATR=None",2025-01-21T16:00:00+01:00,4.4398,2025-01-24T06:00:00+01:00,4.4183,14798.397468709913,4.224279027097657,-71.66213468562945,21106.942693133715,"Time-based exit (5 bars, optimal=5)",475.72852685905406,2025-01-21T16:00:00+01:00,2025-01-24T06:00:00+01:00,4.4398,4.4183
TNSR/USDC,Long,jma,12h,"ParamA=30.0, ParamB=50.0, ATR=None",2025-01-20T05:00:00+01:00,0.3506,2025-01-21T05:00:00+01:00,0.3478,14878.065979903098,9.725053375864153,-118.82083497926138,48576.708184398376,"Time-based exit (2 bars, optimal=2)",13869.157695185613,2025-01-20T05:00:00+01:00,2025-01-21T05:00:00+01:00,0.3506,0.3478
ETH/USDC,Long,jma,12h,"ParamA=30.0, ParamB=0.0, ATR=2.0",2025-01-20T03:00:00+01:00,3240.72,2025-01-22T15:00:00+01:00,3293.1,14848.067177216404,23.35846635804954,239.99042149355606,116957.7456442127,"Time-based exit (5 bars, optimal=5)",3.603900731635183,2025-01-20T03:00:00+01:00,2025-01-22T15:00:00+01:00,3240.72,3293.1
TNSR/USDC,Long,jma,12h,"ParamA=30.0, ParamB=50.0, ATR=None",2025-01-18T20:00:00+01:00,0.4066,2025-01-19T20:00:00+01:00,0.4203,14785.793024353135,9.694328125571822,498.19322290614315,48625.26687932076,"Time-based exit (2 bars, optimal=2)",11921.21018884877,2025-01-18T20:00:00+01:00,2025-01-19T20:00:00+01:00,0.4066,0.4203
XRP/USDC,Long,jma,12h,"ParamA=30.0, ParamB=-50.0, ATR=None",2025-01-18T19:00:00+01:00,3.1798,2025-01-21T15:00:00+01:00,3.1,14832.321865982538,6.050210497466729,-372.23073303522483,30169.08448362625,Trend flip,951.350792104335,2025-01-18T19:00:00+01:00,2025-01-21T15:00:00+01:00,3.1798,3.1
TAO/USDC,Long,jma,12h,"ParamA=20.0, ParamB=0.0, ATR=None",2025-01-18T19:00:00+01:00,445.1,2025-01-21T15:00:00+01:00,396.9,15035.851420711331,17.62576116033427,-1628.2364378303455,87156.83080671175,Trend flip,19.799776634839663,2025-01-18T19:00:00+01:00,2025-01-21T15:00:00+01:00,445.1,396.9
SUI/USDC,Long,jma,12h,"ParamA=20.0, ParamB=0.0, ATR=None",2025-01-18T16:00:00+01:00,4.7955,2025-01-21T04:00:00+01:00,4.3219,15223.787658725416,4.267275779283408,-1503.489904112678,21121.39513548828,Trend flip,444.9250108730485,2025-01-18T16:00:00+01:00,2025-01-21T04:00:00+01:00,4.7955,4.3219
SOL/USDC,Long,jma,12h,"ParamA=20.0, ParamB=0.0, ATR=None",2025-01-18T03:00:00+01:00,222.02,2025-01-20T15:00:00+01:00,257.11,14928.851725560655,15.994504955647106,2359.487465318095,81220.48662607165,"Time-based exit (5 bars, optimal=5)",36.02041472760811,2025-01-18T03:00:00+01:00,2025-01-20T15:00:00+01:00,222.02,257.11
TNSR/USDC,Long,jma,12h,"ParamA=30.0, ParamB=50.0, ATR=None",2025-01-17T17:00:00+01:00,0.4226,2025-01-18T17:00:00+01:00,0.4067,14999.39431001678,9.732893969418653,-564.3406756489975,48471.64062785911,Trend flip,11515.49215501497,2025-01-17T17:00:00+01:00,2025-01-18T17:00:00+01:00,0.4226,0.4067
LUNC/USDT,Long,jma,12h,"ParamA=20.0, ParamB=0.0, ATR=None",2025-01-17T15:00:00+01:00,0.00010659,2025-01-19T21:00:00+01:00,9.187e-05,15262.86815756266,33.18012802948391,-2107.790780367035,163576.384474808,Trend flip,155643719.0612811,2025-01-17T15:00:00+01:00,2025-01-19T21:00:00+01:00,0.00010659,9.187e-05
ETH/USDC,Long,jma,12h,"ParamA=30.0, ParamB=0.0, ATR=2.0",2025-01-17T02:00:00+01:00,3385.6,2025-01-18T06:00:00+01:00,3310.7620609365217,15305.157798493387,23.41490747455028,-338.3171274458194,116792.3317902477,ATR stop x2.00,3.4580144545354266,2025-01-17T02:00:00+01:00,2025-01-18T06:00:00+01:00,3385.6,3310.7620609365217
ICP/USDC,Long,jma,12h,"ParamA=20.0, ParamB=50.0, ATR=None",2025-01-16T20:00:00+01:00,11.079,2025-01-19T19:00:00+01:00,10.667,15376.635071367784,7.234190080764042,-571.8181829951745,36029.20559395089,Trend flip,326.4820868654229,2025-01-16T20:00:00+01:00,2025-01-19T19:00:00+01:00,11.079,10.667
TNSR/USDC,Long,jma,12h,"ParamA=30.0, ParamB=50.0, ATR=None",2025-01-16T16:00:00+01:00,0.4016,2025-01-17T16:00:00+01:00,0.4183,15297.121274900268,9.694519507836935,636.1103717401253,48664.46984709326,"Time-based exit (2 bars, optimal=2)",12069.869905175465,2025-01-16T16:00:00+01:00,2025-01-17T16:00:00+01:00,0.4016,0.4183
XRP/USDC,Long,jma,12h,"ParamA=30.0, ParamB=-50.0, ATR=None",2025-01-16T05:00:00+01:00,3.075,2025-01-18T17:00:00+01:00,3.142,15255.57154751476,6.038261612292485,332.3978190840601,30251.052487333644,"Time-based exit (5 bars, optimal=5)",981.8311564703226,2025-01-16T05:00:00+01:00,2025-01-18T17:00:00+01:00,3.075,3.142
SUI/USDC,Long,jma,12h,"ParamA=20.0, ParamB=0.0, ATR=None",2025-01-15T14:00:00+01:00,4.7871,2025-01-18T02:00:00+01:00,4.906,15208.354199998003,4.257552557720983,377.73878013406085,21336.37889641704,"Time-based exit (5 bars, optimal=5)",444.690162908753,2025-01-15T14:00:00+01:00,2025-01-18T02:00:00+01:00,4.7871,4.906
TNSR/USDC,Long,jma,12h,"ParamA=30.0, ParamB=50.0, ATR=None",2025-01-15T14:00:00+01:00,0.3908,2025-01-16T14:00:00+01:00,0.4062,15133.808189850963,9.658390996337229,596.3680811763184,48472.59753918467,"Time-based exit (2 bars, optimal=2)",12357.204447719074,2025-01-15T14:00:00+01:00,2025-01-16T14:00:00+01:00,0.3908,0.4062
SOL/USDC,Long,jma,12h,"ParamA=20.0, ParamB=0.0, ATR=None",2025-01-15T14:00:00+01:00,195.69,2025-01-18T02:00:00+01:00,218.92,14912.52833823791,15.809989476138936,1770.2388129044227,79972.52477823553,"Time-based exit (5 bars, optimal=5)",40.39549664300407,2025-01-15T14:00:00+01:00,2025-01-18T02:00:00+01:00,195.69,218.92
TAO/USDC,Long,jma,12h,"ParamA=20.0, ParamB=0.0, ATR=None",2025-01-15T14:00:00+01:00,428.7,2025-01-18T02:00:00+01:00,485.9,14667.892390966139,17.39711670323981,1957.0875781741615,88128.80580167135,"Time-based exit (5 bars, optimal=5)",20.290548989083053,2025-01-15T14:00:00+01:00,2025-01-18T02:00:00+01:00,428.7,485.9
LUNC/USDT,Long,jma,12h,"ParamA=20.0, ParamB=0.0, ATR=None",2025-01-15T13:00:00+01:00,9.886e-05,2025-01-17T13:00:00+01:00,0.00010603,14536.110186288202,32.94775801707515,1054.257637423492,165900.64014741953,"Time-based exit (4 bars, optimal=4)",166638468.62773192,2025-01-15T13:00:00+01:00,2025-01-17T13:00:00+01:00,9.886e-05,0.00010603
TNSR/USDC,Long,jma,12h,"ParamA=30.0, ParamB=50.0, ATR=None",2025-01-14T14:00:00+01:00,0.3792,2025-01-15T14:00:00+01:00,0.3908,14380.894196577312,9.630855689101216,439.92186888263933,48291.95498168614,"Time-based exit (2 bars, optimal=2)",12698.913092169325,2025-01-14T14:00:00+01:00,2025-01-15T14:00:00+01:00,0.3792,0.3908
ETH/USDC,Long,jma,12h,"ParamA=30.0, ParamB=0.0, ATR=2.0",2025-01-14T14:00:00+01:00,3207.45,2025-01-17T02:00:00+01:00,3385.6,14435.884430187642,23.29020573916435,801.8060488044802,117074.5373727514,"Time-based exit (5 bars, optimal=5)",3.630642058202677,2025-01-14T14:00:00+01:00,2025-01-17T02:00:00+01:00,3207.45,3385.6
ICP/USDC,Long,jma,12h,"ParamA=20.0, ParamB=50.0, ATR=None",2025-01-14T07:00:00+01:00,9.916,2025-01-16T19:00:00+01:00,10.953,14195.32849904915,7.1607363507078015,1484.525580225288,36170.95040382021,"Time-based exit (5 bars, optimal=5)",361.0698038880497,2025-01-14T07:00:00+01:00,2025-01-16T19:00:00+01:00,9.916,10.953
XRP/USDC,Long,jma,12h,"ParamA=30.0, ParamB=-50.0, ATR=None",2025-01-13T15:00:00+01:00,2.43,2025-01-16T03:00:00+01:00,3.0389,13764.205817851129,5.891805392968667,3448.9814495841765,30191.308061462423,"Time-based exit (5 bars, optimal=5)",1212.3056364133058,2025-01-13T15:00:00+01:00,2025-01-16T03:00:00+01:00,2.43,3.0389
LUNC/USDT,Long,jma,12h,"ParamA=20.0, ParamB=0.0, ATR=None",2025-01-13T13:00:00+01:00,9.498e-05,2025-01-15T13:00:00+01:00,9.886e-05,13694.27820226785,32.82024903439787,559.4209246662372,164738.79008537577,"Time-based exit (4 bars, optimal=4)",172774526.397125,2025-01-13T13:00:00+01:00,2025-01-15T13:00:00+01:00,9.498e-05,9.886e-05
SOL/USDC,Long,jma,12h,"ParamA=20.0, ParamB=0.0, ATR=None",2025-01-13T00:00:00+01:00,188.39,2025-01-15T12:00:00+01:00,186.96,13707.284078530056,15.82516681830358,-104.04701009765745,79049.94738069468,"Time-based exit (5 bars, optimal=5)",42.001079723720956,2025-01-13T00:00:00+01:00,2025-01-15T12:00:00+01:00,188.39,186.96
TNSR/USDC,Long,jma,12h,"ParamA=30.0, ParamB=50.0, ATR=None",2025-01-11T20:00:00+01:00,0.3903,2025-01-12T20:00:00+01:00,0.3944,13689.30874997673,9.622671856930605,143.80262842660645,48154.278445506076,"Time-based exit (2 bars, optimal=2)",12327.27627072842,2025-01-11T20:00:00+01:00,2025-01-12T20:00:00+01:00,0.3903,0.3944
ICP/USDC,Long,jma,12h,"ParamA=20.0, ParamB=50.0, ATR=None",2025-01-11T15:00:00+01:00,10.219,2025-01-14T06:00:00+01:00,9.871,13747.83019173625,7.186647241561962,-468.1715340761524,35803.68175353901,Trend flip,351.6316293943616,2025-01-11T15:00:00+01:00,2025-01-14T06:00:00+01:00,10.219,9.871
TAO/USDC,Long,jma,12h,"ParamA=20.0, ParamB=0.0, ATR=None",2025-01-11T15:00:00+01:00,432.7,2025-01-14T06:00:00+01:00,420.2,13797.654168250907,17.451020068996723,-398.59181211725524,86985.58351619904,Trend flip,20.16526469724604,2025-01-11T15:00:00+01:00,2025-01-14T06:00:00+01:00,432.7,420.2
XRP/USDC,Long,jma,12h,"ParamA=30.0, ParamB=-50.0, ATR=None",2025-01-10T18:00:00+01:00,2.3492,2025-01-13T06:00:00+01:00,2.5088,13867.152694109936,5.853210481140579,942.1069172398869,29459.02696484333,"Time-based exit (5 bars, optimal=5)",1245.7880302104074,2025-01-10T18:00:00+01:00,2025-01-13T06:00:00+01:00,2.3492,2.5088
SUI/USDC,Long,jma,12h,"ParamA=20.0, ParamB=0.0, ATR=None",2025-01-10T18:00:00+01:00,5.1894,2025-01-14T01:00:00+01:00,4.6335,13984.916058764922,4.304524480435587,-1498.0951241121177,21287.762788604912,Trend flip,414.742020314062,2025-01-10T18:00:00+01:00,2025-01-14T01:00:00+01:00,5.1894,4.6335
SOL/USDC,Long,jma,12h,"ParamA=20.0, ParamB=0.0, ATR=None",2025-01-06T20:00:00+01:00,220.12,2025-01-09T18:00:00+01:00,187.29,14130.592726368868,16.06802851419404,-2107.5202580714613,79125.8340915179,Trend flip,36.49833843856542,2025-01-06T20:00:00+01:00,2025-01-09T18:00:00+01:00,220.12,187.29
XRP/USDC,Long,jma,12h,"ParamA=30.0, ParamB=-50.0, ATR=None",2025-01-06T14:00:00+01:00,2.3985,2025-01-09T04:00:00+01:00,2.3475,14168.250678453564,5.866858724469711,-301.26361667756,29266.052405702892,Trend flip,1223.0266259057141,2025-01-06T14:00:00+01:00,2025-01-09T04:00:00+01:00,2.3985,2.3475
TNSR/USDC,Long,jma,12h,"ParamA=30.0, ParamB=50.0, ATR=None",2025-01-06T12:00:00+01:00,0.4958,2025-01-07T12:00:00+01:00,0.4819,14218.077037575766,9.651661101881144,-398.61087297761895,48113.35928465302,Trend flip,9733.421845382354,2025-01-06T12:00:00+01:00,2025-01-07T12:00:00+01:00,0.4958,0.4819
LUNC/USDT,Long,jma,12h,"ParamA=20.0, ParamB=0.0, ATR=None",2025-01-06T03:00:00+01:00,0.00012112,2025-01-08T03:00:00+01:00,0.0001078,14416.252905204276,33.1919107414104,-1585.4069410280792,164101.2451719893,Trend flip,137020767.5916876,2025-01-06T03:00:00+01:00,2025-01-08T03:00:00+01:00,0.00012112,0.0001078
ETH/USDC,Long,jma,12h,"ParamA=30.0, ParamB=0.0, ATR=2.0",2025-01-05T15:00:00+01:00,3621.75,2025-01-07T15:00:00+01:00,3582.9005830951546,14435.608706298573,23.31988425057437,-154.8464087543892,116451.02869582175,ATR stop x2.00,3.2194221371677183,2025-01-05T15:00:00+01:00,2025-01-07T15:00:00+01:00,3621.75,3582.9005830951546
TNSR/USDC,Long,jma,12h,"ParamA=30.0, ParamB=50.0, ATR=None",2025-01-05T11:00:00+01:00,0.4968,2025-01-06T12:00:00+01:00,0.4958,14439.241768337708,9.6555357548765,-29.064496313079147,48258.30550940572,"Time-based exit (2 bars, optimal=2)",9717.729221896638,2025-01-05T11:00:00+01:00,2025-01-06T12:00:00+01:00,0.4968,0.4958
SUI/USDC,Long,jma,12h,"ParamA=20.0, ParamB=0.0, ATR=None",2025-01-04T20:00:00+01:00,5.2151,2025-01-07T08:00:00+01:00,5.0671,14490.645758006769,4.317641098386261,-411.23191735249515,21522.622402177934,Trend flip,413.95573415526655,2025-01-04T20:00:00+01:00,2025-01-07T08:00:00+01:00,5.2151,5.0671
ICP/USDC,Long,jma,12h,"ParamA=20.0, ParamB=50.0, ATR=None",2025-01-04T13:00:00+01:00,12.308,2025-01-07T01:00:00+01:00,12.149,14514.083148531392,7.197384607275721,-187.4991241969858,35933.23620780981,Trend flip,292.3864400095759,2025-01-04T13:00:00+01:00,2025-01-07T01:00:00+01:00,12.308,12.149
TNSR/USDC,Long,jma,12h,"ParamA=30.0, ParamB=50.0, ATR=None",2025-01-04T07:00:00+01:00,0.4922,2025-01-05T07:00:00+01:00,0.5002,14484.654756097225,9.641792772070376,235.42713947333826,48277.67877438249,"Time-based exit (2 bars, optimal=2)",9794.58835033561,2025-01-04T07:00:00+01:00,2025-01-05T07:00:00+01:00,0.4922,0.5002
TAO/USDC,Long,jma,12h,"ParamA=20.0, ParamB=0.0, ATR=None",2025-01-04T04:00:00+01:00,553.9,2025-01-06T16:00:00+01:00,570.6,14430.270949261005,17.40203361142747,435.0704546897625,87255.10034498361,"Time-based exit (5 bars, optimal=5)",15.708642003455019,2025-01-04T04:00:00+01:00,2025-01-06T16:00:00+01:00,553.9,570.6
SOL/USDC,Long,jma,12h,"ParamA=20.0, ParamB=0.0, ATR=None",2025-01-04T03:00:00+01:00,217.41,2025-01-06T15:00:00+01:00,221.04,14400.216681659225,16.04444868734301,240.43414081423543,80340.1425709702,"Time-based exit (5 bars, optimal=5)",36.89905866184401,2025-01-04T03:00:00+01:00,2025-01-06T15:00:00+01:00,217.41,221.04
LUNC/USDT,Long,jma,12h,"ParamA=20.0, ParamB=0.0, ATR=None",2025-01-04T03:00:00+01:00,0.00011859,2025-01-06T03:00:00+01:00,0.00012112,14361.917025202354,33.12786130809862,306.39725165496264,165959.553707052,"Time-based exit (4 bars, optimal=4)",139673924.05809355,2025-01-04T03:00:00+01:00,2025-01-06T03:00:00+01:00,0.00011859,0.00012112
XRP/USDC,Long,jma,12h,"ParamA=30.0, ParamB=-50.0, ATR=None",2025-01-03T15:00:00+01:00,2.4329,2025-01-06T04:00:00+01:00,2.4119,14377.42968619387,5.873102815999081,-124.10128793212623,29334.293622348552,"Time-based exit (5 bars, optimal=5)",1207.016896707444,2025-01-03T15:00:00+01:00,2025-01-06T04:00:00+01:00,2.4329,2.4119
TNSR/USDC,Long,jma,12h,"ParamA=30.0, ParamB=50.0, ATR=None",2025-01-03T03:00:00+01:00,0.4596,2025-01-04T03:00:00+01:00,0.4884,14265.688004694954,9.583655266466957,893.9334519913284,48208.963860351876,"Time-based exit (2 bars, optimal=2)",10426.082752901388,2025-01-03T03:00:00+01:00,2025-01-04T03:00:00+01:00,0.4596,0.4884
ETH/USDC,Long,jma,12h,"ParamA=30.0, ParamB=0.0, ATR=2.0",2025-01-03T02:00:00+01:00,3460.9,2025-01-05T14:00:00+01:00,3613.77,14187.355021865611,23.221955889093465,626.6638626347466,116599.42125287183,"Time-based exit (5 bars, optimal=5)",3.35490131022183,2025-01-03T02:00:00+01:00,2025-01-05T14:00:00+01:00,3460.9,3613.77
SUI/USDC,Long,jma,12h,"ParamA=20.0, ParamB=0.0, ATR=None",2025-01-02T05:00:00+01:00,4.3051,2025-01-04T17:00:00+01:00,5.1409,13851.217431302028,4.236245108877005,2689.10072450866,21588.2054919313,"Time-based exit (5 bars, optimal=5)",492.0031020042513,2025-01-02T05:00:00+01:00,2025-01-04T17:00:00+01:00,4.3051,5.1409
ICP/USDC,Long,jma,12h,"ParamA=20.0, ParamB=50.0, ATR=None",2025-01-02T01:00:00+01:00,10.626,2025-01-04T13:00:00+01:00,12.308,13582.469620488208,7.086627016049945,2149.9824865105566,35986.923036378605,"Time-based exit (5 bars, optimal=5)",333.45694598390486,2025-01-02T01:00:00+01:00,2025-01-04T13:00:00+01:00,10.626,12.308
LUNC/USDT,Long,jma,12h,"ParamA=20.0, ParamB=0.0, ATR=None",2025-01-02T01:00:00+01:00,0.00011387,2025-01-04T01:00:00+01:00,0.00011764,13526.490358335179,33.025126973967765,447.83409722423477,165639.30654049313,"Time-based exit (4 bars, optimal=4)",145012413.163993,2025-01-02T01:00:00+01:00,2025-01-04T01:00:00+01:00,0.00011387,0.00011764
TNSR/USDC,Long,jma,12h,"ParamA=30.0, ParamB=50.0, ATR=None",2025-01-02T01:00:00+01:00,0.4563,2025-01-03T01:00:00+01:00,0.4609,13509.4665948199,9.575916884717952,136.1901081222254,47918.27633233478,"Time-based exit (2 bars, optimal=2)",10493.00557168305,2025-01-02T01:00:00+01:00,2025-01-03T01:00:00+01:00,0.4563,0.4609
SOL/USDC,Long,jma,12h,"ParamA=20.0, ParamB=0.0, ATR=None",2025-01-01T15:00:00+01:00,190.49,2025-01-04T03:00:00+01:00,217.41,13274.964750185669,15.823989257770979,1876.0147570738518,80222.24343671506,"Time-based exit (5 bars, optimal=5)",41.534960517011335,2025-01-01T15:00:00+01:00,2025-01-04T03:00:00+01:00,190.49,217.41
TAO/USDC,Long,jma,12h,"ParamA=20.0, ParamB=0.0, ATR=None",2025-01-01T15:00:00+01:00,444.3,2025-01-04T03:00:00+01:00,549.5,12893.3584840037,17.002845975222247,3052.8501294557486,87010.16805713734,"Time-based exit (5 bars, optimal=5)",19.134420408757876,2025-01-01T15:00:00+01:00,2025-01-04T03:00:00+01:00,444.3,549.5
XRP/USDC,Long,jma,12h,"ParamA=30.0, ParamB=-50.0, ATR=None",2025-01-01T01:00:00+01:00,2.1059,2025-01-03T13:00:00+01:00,2.4026,12670.220256283992,5.792648786051581,1785.1058217576617,29365.514079995406,"Time-based exit (5 bars, optimal=5)",1375.3380469280546,2025-01-01T01:00:00+01:00,2025-01-03T13:00:00+01:00,2.1059,2.4026
ETH/USDC,Long,jma,12h,"ParamA=30.0, ParamB=0.0, ATR=2.0",2024-12-31T06:00:00+01:00,3340.23,2025-01-02T18:00:00+01:00,3447.37,12619.622455016173,23.152323803899606,404.78241014254445,116109.77944546731,"Time-based exit (5 bars, optimal=5)",3.4656780826319755,2024-12-31T06:00:00+01:00,2025-01-02T18:00:00+01:00,3340.23,3447.37
SUI/USDC,Long,jma,12h,"ParamA=20.0, ParamB=0.0, ATR=None",2024-12-30T17:00:00+01:00,4.0872,2025-01-02T05:00:00+01:00,4.3051,12536.080788234625,4.214618727944109,668.3333342523799,21181.225544385026,"Time-based exit (5 bars, optimal=5)",515.5875327784436,2024-12-30T17:00:00+01:00,2025-01-02T05:00:00+01:00,4.0872,4.3051
ETH/USDC,Long,jma,12h,"ParamA=30.0, ParamB=0.0, ATR=2.0",2024-12-30T06:00:00+01:00,3400.53,2024-12-30T14:00:00+01:00,3349.869572319947,12559.46935151676,23.191512365743964,-187.1085062570711,115761.61901949803,ATR stop x2.00,3.409984967893823,2024-12-30T06:00:00+01:00,2024-12-30T14:00:00+01:00,3400.53,3349.869572319947
SOL/USDC,Long,jma,12h,"ParamA=20.0, ParamB=0.0, ATR=None",2024-12-30T01:00:00+01:00,191.87,2025-01-01T13:00:00+01:00,190.57,12570.115329215188,15.837887670752034,-85.16782158742839,79119.94628885489,"Time-based exit (5 bars, optimal=5)",41.27244402655974,2024-12-30T01:00:00+01:00,2025-01-01T13:00:00+01:00,191.87,190.57
ETH/USDC,Long,jma,12h,"ParamA=30.0, ParamB=0.0, ATR=2.0",2024-12-29T07:00:00+01:00,3391.11,2024-12-29T15:00:00+01:00,3353.992348518228,12587.337285980988,23.221574030377024,-137.77565412639444,115957.56182871983,ATR stop x2.00,3.4238898222671956,2024-12-29T07:00:00+01:00,2024-12-29T15:00:00+01:00,3391.11,3353.992348518228
TNSR/USDC,Long,jma,12h,"ParamA=30.0, ParamB=50.0, ATR=None",2024-12-28T22:00:00+01:00,0.4659,2024-12-30T05:00:00+01:00,0.4509,12638.199324472911,9.608774810996946,-406.8963079353792,47879.58442358976,Trend flip,10312.057105598784,2024-12-28T22:00:00+01:00,2024-12-30T05:00:00+01:00,0.4659,0.4509
XRP/USDC,Long,jma,12h,"ParamA=30.0, ParamB=-50.0, ATR=None",2024-12-28T14:00:00+01:00,2.1645,2024-12-31T18:00:00+01:00,2.0845,12768.902401703213,5.815305236747338,-471.93910470605596,28963.243930257904,Trend flip,1343.3368530254882,2024-12-28T14:00:00+01:00,2024-12-31T18:00:00+01:00,2.1645,2.0845
ICP/USDC,Long,jma,12h,"ParamA=20.0, ParamB=50.0, ATR=None",2024-12-28T14:00:00+01:00,10.302,2024-12-31T07:00:00+01:00,9.837,12709.910013614957,7.120189357661651,-573.6855131363768,35433.135080249725,Trend flip,345.57315849648865,2024-12-28T14:00:00+01:00,2024-12-31T07:00:00+01:00,10.302,9.837
ETH/USDC,Long,jma,12h,"ParamA=30.0, ParamB=0.0, ATR=2.0",2024-12-27T10:00:00+01:00,3418.7,2024-12-27T15:00:00+01:00,3344.5251131370223,12803.627136041252,23.276732462749123,-277.7978747043052,116107.8701518851,ATR stop x2.00,3.4043251035114404,2024-12-27T10:00:00+01:00,2024-12-27T15:00:00+01:00,3418.7,3344.5251131370223
TNSR/USDC,Long,jma,12h,"ParamA=30.0, ParamB=50.0, ATR=None",2024-12-27T09:00:00+01:00,0.4504,2024-12-28T11:00:00+01:00,0.4357,12856.076159003438,9.642173037712476,-419.5921836974937,48043.874054984735,Trend flip,10704.010921084011,2024-12-27T09:00:00+01:00,2024-12-28T11:00:00+01:00,0.4504,0.4357
LUNC/USDT,Long,jma,12h,"ParamA=20.0, ParamB=0.0, ATR=None",2024-12-27T04:00:00+01:00,0.00011128,2024-12-29T04:00:00+01:00,0.00011471,12806.733178680297,32.930211734638014,394.7438425851313,165125.63486983883,"Time-based exit (4 bars, optimal=4)",147961052.00682068,2024-12-27T04:00:00+01:00,2024-12-29T04:00:00+01:00,0.00011128,0.00011471
SOL/USDC,Long,jma,12h,"ParamA=20.0, ParamB=0.0, ATR=None",2024-12-27T01:00:00+01:00,188.89,2024-12-29T13:00:00+01:00,195.83,12748.185605949284,15.783055819114937,468.38058184810404,79189.43835376017,"Time-based exit (5 bars, optimal=5)",41.77843141276652,2024-12-27T01:00:00+01:00,2024-12-29T13:00:00+01:00,188.89,195.83
SUI/USDC,Long,jma,12h,"ParamA=20.0, ParamB=0.0, ATR=None",2024-12-27T01:00:00+01:00,4.2017,2024-12-29T13:00:00+01:00,4.1698,12760.295389576371,4.218665341379618,-96.87826901670235,21073.093639720548,"Time-based exit (5 bars, optimal=5)",502.01886633738934,2024-12-27T01:00:00+01:00,2024-12-29T13:00:00+01:00,4.2017,4.1698
TAO/USDC,Long,jma,12h,"ParamA=20.0, ParamB=0.0, ATR=None",2024-12-26T00:00:00+01:00,499.6,2024-12-28T13:00:00+01:00,461.9,12881.803595023828,17.135578799698887,-972.0656435796616,85014.22987611123,Trend flip,17.149298238289518,2024-12-26T00:00:00+01:00,2024-12-28T13:00:00+01:00,499.6,461.9
ICP/USDC,Long,jma,12h,"ParamA=20.0, ParamB=50.0, ATR=None",2024-12-25T20:00:00+01:00,11.228,2024-12-28T11:00:00+01:00,10.087,13047.54153692839,7.19474195560159,-1325.9035352364883,35600.946788308254,Trend flip,320.3928551657281,2024-12-25T20:00:00+01:00,2024-12-28T11:00:00+01:00,11.228,10.087
TNSR/USDC,Long,jma,12h,"ParamA=30.0, ParamB=50.0, ATR=None",2024-12-25T06:00:00+01:00,0.495,2024-12-26T15:00:00+01:00,0.4416,13225.890668672611,9.749297132875526,-1426.7930539537726,48210.865188562384,Trend flip,9847.77488169245,2024-12-25T06:00:00+01:00,2024-12-26T15:00:00+01:00,0.495,0.4416
LUNC/USDT,Long,jma,12h,"ParamA=20.0, ParamB=0.0, ATR=None",2024-12-24T23:00:00+01:00,0.00011986,2024-12-27T03:00:00+01:00,0.00011067,13353.875521882714,33.19133722811936,-1023.8788256808119,164651.05867319007,Trend flip,138458773.68646488,2024-12-24T23:00:00+01:00,2024-12-27T03:00:00+01:00,0.00011986,0.00011067
TNSR/USDC,Long,jma,12h,"ParamA=30.0, ParamB=50.0, ATR=None",2024-12-24T06:00:00+01:00,0.4783,2024-12-25T06:00:00+01:00,0.495,13295.846919656531,9.717312283574831,464.2288178094584,48746.48566437764,"Time-based exit (2 bars, optimal=2)",10158.177172877724,2024-12-24T06:00:00+01:00,2024-12-25T06:00:00+01:00,0.4783,0.495
XRP/USDC,Long,jma,12h,"ParamA=30.0, ParamB=-50.0, ATR=None",2024-12-23T17:00:00+01:00,2.1938,2024-12-26T05:00:00+01:00,2.2537,13250.622180129809,5.800627201490704,361.7979162137722,29076.52618373669,"Time-based exit (5 bars, optimal=5)",1322.0501416470745,2024-12-23T17:00:00+01:00,2024-12-26T05:00:00+01:00,2.1938,2.2537
SUI/USDC,Long,jma,12h,"ParamA=20.0, ParamB=0.0, ATR=None",2024-12-23T17:00:00+01:00,4.2768,2024-12-26T05:00:00+01:00,4.3961,13204.57997593715,4.207769453822547,368.33763354126955,21093.32670689809,"Time-based exit (5 bars, optimal=5)",491.92964995119564,2024-12-23T17:00:00+01:00,2024-12-26T05:00:00+01:00,4.2768,4.3961
ETH/USDC,Long,jma,12h,"ParamA=30.0, ParamB=0.0, ATR=2.0",2024-12-23T17:00:00+01:00,3370.95,2024-12-26T05:00:00+01:00,3438.27,13171.69908248601,23.234977740636065,263.0471476091192,116383.6623137456,"Time-based exit (5 bars, optimal=5)",3.446354549998675,2024-12-23T17:00:00+01:00,2024-12-26T05:00:00+01:00,3370.95,3438.27
SOL/USDC,Long,jma,12h,"ParamA=20.0, ParamB=0.0, ATR=None",2024-12-23T13:00:00+01:00,184.16,2024-12-26T01:00:00+01:00,196.63,13061.148123335008,15.680017939284633,884.4076732080122,78915.27909557468,"Time-based exit (5 bars, optimal=5)",42.571725508483475,2024-12-23T13:00:00+01:00,2024-12-26T01:00:00+01:00,184.16,196.63
TAO/USDC,Long,jma,12h,"ParamA=20.0, ParamB=0.0, ATR=None",2024-12-23T03:00:00+01:00,450.4,2024-12-25T15:00:00+01:00,516.6,12825.510687851065,16.89069669892569,1885.099483871539,85677.89399849444,"Time-based exit (5 bars, optimal=5)",18.75077342243083,2024-12-23T03:00:00+01:00,2024-12-25T15:00:00+01:00,450.4,516.6
ICP/USDC,Long,jma,12h,"ParamA=20.0, ParamB=50.0, ATR=None",2024-12-23T03:00:00+01:00,9.866,2024-12-25T15:00:00+01:00,11.344,12589.75583377744,7.089947274553859,1886.038832588998,35973.70977800795,"Time-based exit (5 bars, optimal=5)",359.3121464906679,2024-12-23T03:00:00+01:00,2024-12-25T15:00:00+01:00,9.866,11.344
TNSR/USDC,Long,jma,12h,"ParamA=30.0, ParamB=50.0, ATR=None",2024-12-23T02:00:00+01:00,0.4434,2024-12-24T02:00:00+01:00,0.4689,12499.896966880886,9.663669112487892,718.8709351724451,48586.56141787415,"Time-based exit (2 bars, optimal=2)",10897.236256752245,2024-12-23T02:00:00+01:00,2024-12-24T02:00:00+01:00,0.4434,0.4689
LUNC/USDT,Long,jma,12h,"ParamA=20.0, ParamB=0.0, ATR=None",2024-12-22T17:00:00+01:00,0.0001096,2024-12-24T17:00:00+01:00,0.00012114,12337.516784745887,32.8520024206344,1299.041457079996,165956.6861405968,"Time-based exit (4 bars, optimal=4)",149872273.81676275,2024-12-22T17:00:00+01:00,2024-12-24T17:00:00+01:00,0.0001096,0.00012114
TAO/USDC,Long,jma,12h,"ParamA=20.0, ParamB=0.0, ATR=None",2024-12-20T13:00:00+01:00,424.0,2024-12-23T01:00:00+01:00,443.9,11660.697399236433,16.81513961403733,547.2827317094452,84453.48349462845,"Time-based exit (5 bars, optimal=5)",19.829174073157233,2024-12-20T13:00:00+01:00,2024-12-23T01:00:00+01:00,424.0,443.9
XRP/USDC,Long,jma,12h,"ParamA=30.0, ParamB=-50.0, ATR=None",2024-12-20T13:00:00+01:00,2.1523,2024-12-23T01:00:00+01:00,2.1783,11974.860854707333,5.79478599904849,144.65752089503954,29003.13600745352,"Time-based exit (5 bars, optimal=5)",1346.1845465428821,2024-12-20T13:00:00+01:00,2024-12-23T01:00:00+01:00,2.1523,2.1783
SUI/USDC,Long,jma,12h,"ParamA=20.0, ParamB=0.0, ATR=None",2024-12-20T13:00:00+01:00,3.7403,2024-12-23T01:00:00+01:00,4.2608,11770.119681071603,4.150836595503081,1637.9293890858398,21038.847269112735,"Time-based exit (5 bars, optimal=5)",554.8801694386922,2024-12-20T13:00:00+01:00,2024-12-23T01:00:00+01:00,3.7403,4.2608
ICP/USDC,Long,jma,12h,"ParamA=20.0, ParamB=50.0, ATR=None",2024-12-20T13:00:00+01:00,9.545,2024-12-23T01:00:00+01:00,9.812,11729.107740700114,7.071580427996451,328.09552297191453,35449.736372769294,"Time-based exit (5 bars, optimal=5)",370.43375735968834,2024-12-20T13:00:00+01:00,2024-12-23T01:00:00+01:00,9.545,9.812
TNSR/USDC,Long,jma,12h,"ParamA=30.0, ParamB=50.0, ATR=None",2024-12-20T13:00:00+01:00,0.4257,2024-12-21T13:00:00+01:00,0.4721,11992.943044819212,9.561365422312942,1307.194167910762,48318.345562439456,"Time-based exit (2 bars, optimal=2)",11230.168454678107,2024-12-20T13:00:00+01:00,2024-12-21T13:00:00+01:00,0.4257,0.4721
LUNC/USDT,Long,jma,12h,"ParamA=20.0, ParamB=0.0, ATR=None",2024-12-20T13:00:00+01:00,9.813e-05,2024-12-22T13:00:00+01:00,0.00010983,12156.342315808057,32.47134219636253,1449.395751502642,164260.012103172,"Time-based exit (4 bars, optimal=4)",165450637.91074356,2024-12-20T13:00:00+01:00,2024-12-22T13:00:00+01:00,9.813e-05,0.00010983
XRP/USDC,Long,jma,12h,"ParamA=30.0, ParamB=-50.0, ATR=None",2024-12-17T03:00:00+01:00,2.4825,2024-12-20T00:00:00+01:00,2.2371,11806.585418455414,5.853822953072498,-1167.1041537518468,28973.92999524245,Trend flip,1179.0177146168173,2024-12-17T03:00:00+01:00,2024-12-20T00:00:00+01:00,2.4825,2.2371
LUNC/USDT,Long,jma,12h,"ParamA=20.0, ParamB=0.0, ATR=None",2024-12-16T00:00:00+01:00,0.00013405,2024-12-18T13:00:00+01:00,0.0001211,11950.901130540928,32.7947169431181,-1154.5256966841107,162356.71098181265,Trend flip,122322704.00267845,2024-12-16T00:00:00+01:00,2024-12-18T13:00:00+01:00,0.00013405,0.0001211
ICP/USDC,Long,jma,12h,"ParamA=20.0, ParamB=50.0, ATR=None",2024-12-16T00:00:00+01:00,13.192,2024-12-18T13:00:00+01:00,11.895,12099.600933554306,7.143239378126702,-1189.59842410703,35357.90213998225,Trend flip,270.7413348289381,2024-12-16T00:00:00+01:00,2024-12-18T13:00:00+01:00,13.192,11.895
TAO/USDC,Long,jma,12h,"ParamA=20.0, ParamB=0.0, ATR=None",2024-12-15T23:00:00+01:00,560.8,2024-12-18T14:00:00+01:00,522.3,12204.33229800536,16.934787146563416,-837.850915608428,84075.69807018666,Trend flip,15.098775986593632,2024-12-15T23:00:00+01:00,2024-12-18T14:00:00+01:00,560.8,522.3
SUI/USDC,Long,jma,12h,"ParamA=20.0, ParamB=0.0, ATR=None",2024-12-15T23:00:00+01:00,4.722,2024-12-18T13:00:00+01:00,4.517,12270.923235725706,4.169773122982641,-532.7275017627637,20754.1829775154,Trend flip,441.52616719426527,2024-12-15T23:00:00+01:00,2024-12-18T13:00:00+01:00,4.722,4.517
ETH/USDC,Long,jma,12h,"ParamA=30.0, ParamB=0.0, ATR=2.0",2024-12-15T23:00:00+01:00,3888.92,2024-12-18T05:00:00+01:00,3835.0286928383625,12292.215894821451,23.271881484709194,-170.34127276595714,116174.88870318033,ATR stop x2.00,2.9920751114331474,2024-12-15T23:00:00+01:00,2024-12-18T05:00:00+01:00,3888.92,3835.0286928383625
ETH/USDC,Long,jma,12h,"ParamA=30.0, ParamB=0.0, ATR=2.0",2024-12-15T20:00:00+01:00,3902.55,2024-12-15T22:00:00+01:00,3854.994120686603,12310.968342731729,23.304941519439247,-150.01958328221423,116359.40742354597,ATR stop x2.00,2.985860721763878,2024-12-15T20:00:00+01:00,2024-12-15T22:00:00+01:00,3902.55,3854.994120686603
SOL/USDC,Long,jma,12h,"ParamA=20.0, ParamB=0.0, ATR=None",2024-12-15T13:00:00+01:00,219.53,2024-12-18T01:00:00+01:00,224.25,12277.970562783465,15.649500664481824,263.9822395861064,78400.08969642317,"Time-based exit (5 bars, optimal=5)",35.643193787823584,2024-12-15T13:00:00+01:00,2024-12-18T01:00:00+01:00,219.53,224.25
XRP/USDC,Long,jma,12h,"ParamA=30.0, ParamB=-50.0, ATR=None",2024-12-14T00:00:00+01:00,2.4227,2024-12-16T17:00:00+01:00,2.5156,12219.400460070554,5.83262390387918,468.5608217032885,29269.11476536249,"Time-based exit (5 bars, optimal=5)",1203.744562653069,2024-12-14T00:00:00+01:00,2024-12-16T17:00:00+01:00,2.4227,2.5156
LUNC/USDT,Long,jma,12h,"ParamA=20.0, ParamB=0.0, ATR=None",2024-12-13T18:00:00+01:00,0.00013208,2024-12-15T18:00:00+01:00,0.00013311,12207.500734755595,32.77571258838711,95.19780251967269,163973.58471559046,"Time-based exit (4 bars, optimal=4)",124075229.36245877,2024-12-13T18:00:00+01:00,2024-12-15T18:00:00+01:00,0.00013208,0.00013311
SUI/USDC,Long,jma,12h,"ParamA=20.0, ParamB=0.0, ATR=None",2024-12-12T06:00:00+01:00,4.7976,2024-12-14T21:00:00+01:00,4.4032,12334.247104240138,4.205184040261747,-1013.9709558763363,20848.865614913208,Trend flip,438.2591337608124,2024-12-12T06:00:00+01:00,2024-12-14T21:00:00+01:00,4.7976,4.4032
TAO/USDC,Long,jma,12h,"ParamA=20.0, ParamB=0.0, ATR=None",2024-12-12T01:00:00+01:00,608.8,2024-12-14T16:00:00+01:00,566.4,12442.567749894608,17.056992315423006,-866.5651652357607,84673.93573281707,Trend flip,14.008699339210748,2024-12-12T01:00:00+01:00,2024-12-14T16:00:00+01:00,608.8,566.4
TNSR/USDC,Long,jma,12h,"ParamA=30.0, ParamB=50.0, ATR=None",2024-12-11T23:00:00+01:00,0.7139,2024-12-12T23:00:00+01:00,0.725,12418.43191255231,9.548428832684772,193.0866987383816,47806.82711156471,"Time-based exit (2 bars, optimal=2)",6687.511439056431,2024-12-11T23:00:00+01:00,2024-12-12T23:00:00+01:00,0.7139,0.725
ICP/USDC,Long,jma,12h,"ParamA=20.0, ParamB=50.0, ATR=None",2024-12-11T21:00:00+01:00,12.837,2024-12-14T09:00:00+01:00,13.347,12357.065322669923,7.116390015265182,490.9327190590994,35716.19689063351,"Time-based exit (5 bars, optimal=5)",277.1827535742456,2024-12-11T21:00:00+01:00,2024-12-14T09:00:00+01:00,12.837,13.347
ETH/USDC,Long,jma,12h,"ParamA=30.0, ParamB=0.0, ATR=2.0",2024-12-11T19:00:00+01:00,3793.96,2024-12-14T07:00:00+01:00,3930.79,12301.607799553807,23.225822246257227,443.6601849289256,116524.70759719623,"Time-based exit (5 bars, optimal=5)",3.0608944541135417,2024-12-11T19:00:00+01:00,2024-12-14T07:00:00+01:00,3793.96,3930.79
LUNC/USDT,Long,jma,12h,"ParamA=20.0, ParamB=0.0, ATR=None",2024-12-11T13:00:00+01:00,0.00012925,2024-12-13T13:00:00+01:00,0.00013318,12255.029206920155,32.682872999823196,372.6287410692161,163878.56294193552,"Time-based exit (4 bars, optimal=4)",126432777.56217872,2024-12-11T13:00:00+01:00,2024-12-13T13:00:00+01:00,0.00012925,0.00013318
SOL/USDC,Long,jma,12h,"ParamA=20.0, ParamB=0.0, ATR=None",2024-12-11T03:00:00+01:00,216.13,2024-12-13T15:00:00+01:00,223.9,12200.203649180523,15.5965494661845,438.6044619170535,78247.50332240912,"Time-based exit (5 bars, optimal=5)",36.08140810203234,2024-12-11T03:00:00+01:00,2024-12-13T15:00:00+01:00,216.13,223.9
XRP/USDC,Long,jma,12h,"ParamA=30.0, ParamB=-50.0, ATR=None",2024-12-10T15:00:00+01:00,2.1939,2024-12-13T03:00:00+01:00,2.3436,12097.024122360852,5.794245918476254,825.4362145573709,29163.1195193959,"Time-based exit (5 bars, optimal=5)",1320.5355573353966,2024-12-10T15:00:00+01:00,2024-12-13T03:00:00+01:00,2.1939,2.3436
TNSR/USDC,Long,jma,12h,"ParamA=30.0, ParamB=50.0, ATR=None",2024-12-08T21:00:00+01:00,0.8102,2024-12-10T03:00:00+01:00,0.6366,12429.941590281245,9.759495571494385,-2663.33974336315,47742.144163423865,Trend flip,6022.892848367307,2024-12-08T21:00:00+01:00,2024-12-10T03:00:00+01:00,0.8102,0.6366
ETH/USDC,Long,jma,12h,"ParamA=30.0, ParamB=0.0, ATR=2.0",2024-12-08T11:00:00+01:00,3965.54,2024-12-09T04:00:00+01:00,3915.8876717028315,12449.426421091535,23.25959739146874,-155.87864648231502,116129.11123128614,ATR stop x2.00,2.932715013777284,2024-12-08T11:00:00+01:00,2024-12-09T04:00:00+01:00,3965.54,3915.8876717028315
TNSR/USDC,Long,jma,12h,"ParamA=30.0, ParamB=50.0, ATR=None",2024-12-07T19:00:00+01:00,0.8059,2024-12-08T19:00:00+01:00,0.804,12453.096368215807,9.763750235606237,-29.359576994178948,48797.477857471924,"Time-based exit (2 bars, optimal=2)",6057.668591392379,2024-12-07T19:00:00+01:00,2024-12-08T19:00:00+01:00,0.8059,0.804
ETH/USDC,Long,jma,12h,"ParamA=30.0, ParamB=0.0, ATR=2.0",2024-12-07T12:00:00+01:00,4002.67,2024-12-08T10:00:00+01:00,3936.0702826035094,12479.050958126656,23.30303149926466,-207.6367192867863,116297.98695734372,ATR stop x2.00,2.9109358877030407,2024-12-07T12:00:00+01:00,2024-12-08T10:00:00+01:00,4002.67,3936.0702826035094
SUI/USDC,Long,jma,12h,"ParamA=20.0, ParamB=0.0, ATR=None",2024-12-07T09:00:00+01:00,4.3367,2024-12-10T01:00:00+01:00,3.8061,12672.868375753387,4.258134408517289,-1550.539341013848,21025.920201308734,Trend flip,490.94177698679744,2024-12-07T09:00:00+01:00,2024-12-10T01:00:00+01:00,4.3367,3.8061
TAO/USDC,Long,jma,12h,"ParamA=20.0, ParamB=0.0, ATR=None",2024-12-06T17:00:00+01:00,719.9,2024-12-09T07:00:00+01:00,673.0,12776.917099879016,17.172300772833566,-832.3897930050362,85284.96157711503,Trend flip,11.92686537910374,2024-12-06T17:00:00+01:00,2024-12-09T07:00:00+01:00,719.9,673.0
TNSR/USDC,Long,jma,12h,"ParamA=30.0, ParamB=50.0, ATR=None",2024-12-06T16:00:00+01:00,0.8031,2024-12-07T16:00:00+01:00,0.8051,12772.94096335699,9.763271493691876,31.80909217620969,48818.751178031176,"Time-based exit (2 bars, optimal=2)",6078.490532743043,2024-12-06T16:00:00+01:00,2024-12-07T16:00:00+01:00,0.8031,0.8051
SOL/USDC,Long,jma,12h,"ParamA=20.0, ParamB=0.0, ATR=None",2024-12-06T14:00:00+01:00,234.78,2024-12-09T02:00:00+01:00,232.49,12788.533081913502,15.614902929651809,-124.73694845209053,77982.7473309225,"Time-based exit (5 bars, optimal=5)",33.254329435326284,2024-12-06T14:00:00+01:00,2024-12-09T02:00:00+01:00,234.78,232.49
LUNC/USDT,Long,jma,12h,"ParamA=20.0, ParamB=0.0, ATR=None",2024-12-06T14:00:00+01:00,0.0001612,2024-12-08T14:00:00+01:00,0.00016246,12639.266136074415,32.663874458450834,98.79327128693599,163414.364999116,"Time-based exit (4 bars, optimal=4)",101314747.07956216,2024-12-06T14:00:00+01:00,2024-12-08T14:00:00+01:00,0.0001612,0.00016246
XRP/USDC,Long,jma,12h,"ParamA=30.0, ParamB=-50.0, ATR=None",2024-12-06T14:00:00+01:00,2.3043,2024-12-09T02:00:00+01:00,2.5038,12651.615294985282,5.745650773608844,1095.3422954257535,28971.229592381267,"Time-based exit (5 bars, optimal=5)",1246.7236847651877,2024-12-06T14:00:00+01:00,2024-12-09T02:00:00+01:00,2.3043,2.5038
TNSR/USDC,Long,jma,12h,"ParamA=30.0, ParamB=50.0, ATR=None",2024-12-05T16:00:00+01:00,0.6852,2024-12-06T16:00:00+01:00,0.8031,12373.140682472635,9.600007478590138,2129.0036288142496,48816.357468459384,"Time-based exit (2 bars, optimal=2)",7005.2593976869075,2024-12-05T16:00:00+01:00,2024-12-06T16:00:00+01:00,0.6852,0.8031
ICP/USDC,Long,jma,12h,"ParamA=20.0, ParamB=50.0, ATR=None",2024-12-05T07:00:00+01:00,14.325,2024-12-07T19:00:00+01:00,14.77,12325.2807354632,7.095766473406872,382.8795760754714,35581.95007632591,"Time-based exit (5 bars, optimal=5)",247.6707320560863,2024-12-05T07:00:00+01:00,2024-12-07T19:00:00+01:00,14.325,14.77
SUI/USDC,Long,jma,12h,"ParamA=20.0, ParamB=0.0, ATR=None",2024-12-04T16:00:00+01:00,3.6874,2024-12-07T04:00:00+01:00,4.2807,12082.277028215536,4.191531278862953,1944.0296579813107,21290.672042586448,"Time-based exit (5 bars, optimal=5)",568.3586373681934,2024-12-04T16:00:00+01:00,2024-12-07T04:00:00+01:00,3.6874,4.2807
ETH/USDC,Long,jma,12h,"ParamA=30.0, ParamB=0.0, ATR=2.0",2024-12-04T04:00:00+01:00,3664.39,2024-12-06T16:00:00+01:00,3997.53,11946.51561189027,23.097663675932395,1086.091330602127,116515.1574963233,"Time-based exit (5 bars, optimal=5)",3.151638291220694,2024-12-04T04:00:00+01:00,2024-12-06T16:00:00+01:00,3664.39,3997.53
TAO/USDC,Long,jma,12h,"ParamA=20.0, ParamB=0.0, ATR=None",2024-12-04T04:00:00+01:00,632.1,2024-12-06T16:00:00+01:00,710.1,11765.042483876046,16.966332555508306,1451.7850241137978,85861.50386416783,"Time-based exit (5 bars, optimal=5)",13.42060793822837,2024-12-04T04:00:00+01:00,2024-12-06T16:00:00+01:00,632.1,710.1
LUNC/USDT,Long,jma,12h,"ParamA=20.0, ParamB=0.0, ATR=None",2024-12-03T23:00:00+01:00,0.00016233,2024-12-05T23:00:00+01:00,0.00016732,11720.00856934927,32.5702679937911,360.27131621421023,163319.37229225418,"Time-based exit (4 bars, optimal=4)",100321160.57965595,2024-12-03T23:00:00+01:00,2024-12-05T23:00:00+01:00,0.00016233,0.00016732
TNSR/USDC,Long,jma,12h,"ParamA=30.0, ParamB=50.0, ATR=None",2024-12-03T17:00:00+01:00,0.6742,2024-12-04T17:00:00+01:00,0.6958,11673.260123290409,9.571257363546591,373.98756847088737,48000.03739295069,"Time-based exit (2 bars, optimal=2)",7098.232989874363,2024-12-03T17:00:00+01:00,2024-12-04T17:00:00+01:00,0.6742,0.6958
SOL/USDC,Long,jma,12h,"ParamA=20.0, ParamB=0.0, ATR=None",2024-12-03T15:00:00+01:00,224.33,2024-12-06T03:00:00+01:00,242.95,11553.389777341308,15.489434299922593,958.9627675928092,78074.51464825905,"Time-based exit (5 bars, optimal=5)",34.52376922373867,2024-12-03T15:00:00+01:00,2024-12-06T03:00:00+01:00,224.33,242.95
XRP/USDC,Long,jma,12h,"ParamA=30.0, ParamB=-50.0, ATR=None",2024-12-03T04:00:00+01:00,2.7729,2024-12-05T19:00:00+01:00,2.3939,11754.210478197674,5.826452016050832,-1606.5656068509209,28728.25386804422,Trend flip,1050.606227424507,2024-12-03T04:00:00+01:00,2024-12-05T19:00:00+01:00,2.7729,2.3939
ICP/USDC,Long,jma,12h,"ParamA=20.0, ParamB=50.0, ATR=None",2024-12-02T19:00:00+01:00,13.036,2024-12-05T07:00:00+01:00,14.325,11610.702163826203,7.027682270320866,1148.0665149717684,35478.83236703436,"Time-based exit (5 bars, optimal=5)",269.5490284719571,2024-12-02T19:00:00+01:00,2024-12-05T07:00:00+01:00,13.036,14.325
TNSR/USDC,Long,jma,12h,"ParamA=30.0, ParamB=50.0, ATR=None",2024-12-02T13:00:00+01:00,0.6668,2024-12-03T13:00:00+01:00,0.6892,11562.150840560502,9.54111385411403,388.41058612560926,47856.28681773295,"Time-based exit (2 bars, optimal=2)",7154.404509683586,2024-12-02T13:00:00+01:00,2024-12-03T13:00:00+01:00,0.6668,0.6892
SUI/USDC,Long,jma,12h,"ParamA=20.0, ParamB=0.0, ATR=None",2024-12-01T23:00:00+01:00,3.4813,2024-12-04T11:00:00+01:00,3.7568,11139.149726826536,4.159446513055496,881.5200499068485,20957.656394314763,"Time-based exit (5 bars, optimal=5)",597.3984593478723,2024-12-01T23:00:00+01:00,2024-12-04T11:00:00+01:00,3.4813,3.7568
LUNC/USDT,Long,jma,12h,"ParamA=20.0, ParamB=0.0, ATR=None",2024-12-01T23:00:00+01:00,0.00013279,2024-12-03T23:00:00+01:00,0.00016233,11249.339733064891,31.867723287147722,2502.4888599648825,162851.3399689555,"Time-based exit (4 bars, optimal=4)",119992933.53094254,2024-12-01T23:00:00+01:00,2024-12-03T23:00:00+01:00,0.00013279,0.00016233
TNSR/USDC,Long,jma,12h,"ParamA=30.0, ParamB=50.0, ATR=None",2024-12-01T02:00:00+01:00,0.6985,2024-12-02T02:00:00+01:00,0.7031,11129.987603888474,9.53674074307608,73.29698350449003,47705.56927057015,"Time-based exit (2 bars, optimal=2)",6826.586072352241,2024-12-01T02:00:00+01:00,2024-12-02T02:00:00+01:00,0.6985,0.7031
XRP/USDC,Long,jma,12h,"ParamA=30.0, ParamB=-50.0, ATR=None",2024-11-30T12:00:00+01:00,1.8978,2024-12-03T00:00:00+01:00,2.7252,10554.780434313756,5.584113495400033,4601.657356597747,29132.26008025416,"Time-based exit (5 bars, optimal=5)",1471.2070543260706,2024-11-30T12:00:00+01:00,2024-12-03T00:00:00+01:00,1.8978,2.7252
TAO/USDC,Long,jma,12h,"ParamA=20.0, ParamB=0.0, ATR=None",2024-11-30T10:00:00+01:00,622.0,2024-12-03T02:00:00+01:00,595.3,10611.720332399582,17.04289956280461,-455.51918468660665,84831.66277754153,Trend flip,13.70008003440885,2024-11-30T10:00:00+01:00,2024-12-03T02:00:00+01:00,622.0,595.3
SOL/USDC,Long,jma,12h,"ParamA=20.0, ParamB=0.0, ATR=None",2024-11-30T03:00:00+01:00,242.04,2024-12-02T17:00:00+01:00,226.36,10698.353837279219,15.593572356049252,-693.0680390370927,77447.17149961296,Trend flip,32.212800272783944,2024-11-30T03:00:00+01:00,2024-12-02T17:00:00+01:00,242.04,226.36
ICP/USDC,Long,jma,12h,"ParamA=20.0, ParamB=50.0, ATR=None",2024-11-30T02:00:00+01:00,12.066,2024-12-02T14:00:00+01:00,13.139,10580.738918708706,6.967118803018656,940.9193485640998,35138.41135160433,"Time-based exit (5 bars, optimal=5)",288.7087188388304,2024-11-30T02:00:00+01:00,2024-12-02T14:00:00+01:00,12.066,13.139
ETH/USDC,Long,jma,12h,"ParamA=30.0, ParamB=0.0, ATR=2.0",2024-11-29T21:00:00+01:00,3596.53,2024-12-02T09:00:00+01:00,3603.5,10578.176383105283,23.097806930592135,20.50028482738687,115488.31837966197,"Time-based exit (5 bars, optimal=5)",3.2111239070148354,2024-11-29T21:00:00+01:00,2024-12-02T09:00:00+01:00,3596.53,3603.5
TNSR/USDC,Long,jma,12h,"ParamA=30.0, ParamB=50.0, ATR=None",2024-11-29T21:00:00+01:00,0.6437,2024-11-30T21:00:00+01:00,0.7027,10458.352935997958,9.4519964075363,958.587576858597,47683.703715380405,"Time-based exit (2 bars, optimal=2)",7341.92667977031,2024-11-29T21:00:00+01:00,2024-11-30T21:00:00+01:00,0.6437,0.7027
LUNC/USDT,Long,jma,12h,"ParamA=20.0, ParamB=0.0, ATR=None",2024-11-29T18:00:00+01:00,0.00012439,2024-12-01T18:00:00+01:00,0.00013317,10366.885320918705,31.650649044730013,731.7409206340245,159338.6164357386,"Time-based exit (4 bars, optimal=4)",127223446.59831986,2024-11-29T18:00:00+01:00,2024-12-01T18:00:00+01:00,0.00012439,0.00013317
SUI/USDC,Long,jma,12h,"ParamA=20.0, ParamB=0.0, ATR=None",2024-11-29T03:00:00+01:00,3.4681,2024-12-01T15:00:00+01:00,3.4539,10372.193888766391,4.1619830173503924,-42.46854278148985,20797.232565277478,"Time-based exit (5 bars, optimal=5)",600.0379195165065,2024-11-29T03:00:00+01:00,2024-12-01T15:00:00+01:00,3.4681,3.4539
TNSR/USDC,Long,jma,12h,"ParamA=30.0, ParamB=50.0, ATR=None",2024-11-28T20:00:00+01:00,0.629,2024-11-29T20:00:00+01:00,0.6354,10359.018666297332,9.444275824660243,105.40177975246824,47259.9820376815,"Time-based exit (2 bars, optimal=2)",7507.373469523245,2024-11-28T20:00:00+01:00,2024-11-29T20:00:00+01:00,0.629,0.6354
TAO/USDC,Long,jma,12h,"ParamA=20.0, ParamB=0.0, ATR=None",2024-11-27T21:00:00+01:00,579.7,2024-11-30T09:00:00+01:00,612.0,10287.369101441252,16.951836880115476,573.196518848632,85214.49781402305,"Time-based exit (5 bars, optimal=5)",14.621215180365253,2024-11-27T21:00:00+01:00,2024-11-30T09:00:00+01:00,579.7,612.0
TNSR/USDC,Long,jma,12h,"ParamA=30.0, ParamB=50.0, ATR=None",2024-11-27T15:00:00+01:00,0.5547,2024-11-28T15:00:00+01:00,0.6183,10142.013046422222,9.339065119280237,1162.8484401522503,47221.37912330121,"Time-based exit (2 bars, optimal=2)",8418.122516026895,2024-11-27T15:00:00+01:00,2024-11-28T15:00:00+01:00,0.5547,0.6183
ICP/USDC,Long,jma,12h,"ParamA=20.0, ParamB=50.0, ATR=None",2024-11-27T14:00:00+01:00,11.496,2024-11-30T02:00:00+01:00,12.066,10019.185442358981,6.934124530305769,496.7758961503672,34835.59401509328,"Time-based exit (5 bars, optimal=5)",301.58857560480897,2024-11-27T14:00:00+01:00,2024-11-30T02:00:00+01:00,11.496,12.066
SOL/USDC,Long,jma,12h,"ParamA=20.0, ParamB=0.0, ATR=None",2024-11-27T14:00:00+01:00,237.81,2024-11-30T02:00:00+01:00,240.35,10005.826668685428,15.580047635164057,106.87018938842314,77967.86178024625,"Time-based exit (5 bars, optimal=5)",32.75734333115524,2024-11-27T14:00:00+01:00,2024-11-30T02:00:00+01:00,237.81,240.35
LUNC/USDT,Long,jma,12h,"ParamA=20.0, ParamB=0.0, ATR=None",2024-11-27T14:00:00+01:00,0.00011786,2024-11-29T14:00:00+01:00,0.00012354,10081.282429377778,31.50511817355242,485.8449363555555,158253.24522365007,"Time-based exit (4 bars, optimal=4)",133654836.98265918,2024-11-27T14:00:00+01:00,2024-11-29T14:00:00+01:00,0.00011786,0.00012354
ETH/USDC,Long,jma,12h,"ParamA=30.0, ParamB=0.0, ATR=2.0",2024-11-27T02:00:00+01:00,3341.21,2024-11-29T14:00:00+01:00,3611.9,9905.514072193362,22.916729111649833,802.5007719365204,115489.03465296068,"Time-based exit (5 bars, optimal=5)",3.429405681122981,2024-11-27T02:00:00+01:00,2024-11-29T14:00:00+01:00,3341.21,3611.9
XRP/USDC,Long,jma,12h,"ParamA=30.0, ParamB=-50.0, ATR=None",2024-11-27T02:00:00+01:00,1.3962,2024-11-29T14:00:00+01:00,1.6856,9655.347759906708,5.471790283759043,2001.3304982932245,27920.567477000168,"Time-based exit (5 bars, optimal=5)",1959.5295386617402,2024-11-27T02:00:00+01:00,2024-11-29T14:00:00+01:00,1.3962,1.6856
SUI/USDC,Long,jma,12h,"ParamA=20.0, ParamB=0.0, ATR=None",2024-11-26T13:00:00+01:00,3.2021,2024-11-29T01:00:00+01:00,3.4161,9575.35626058729,4.135174210679602,639.931994555348,20809.915086751964,"Time-based exit (5 bars, optimal=5)",645.6972316104434,2024-11-26T13:00:00+01:00,2024-11-29T01:00:00+01:00,3.2021,3.4161
TNSR/USDC,Long,jma,12h,"ParamA=30.0, ParamB=50.0, ATR=None",2024-11-25T16:00:00+01:00,0.6173,2024-11-26T16:00:00+01:00,0.5308,9746.066356949705,9.473711529708613,-1365.6807708993174,46695.32559640118,Trend flip,7673.506827886452,2024-11-25T16:00:00+01:00,2024-11-26T16:00:00+01:00,0.6173,0.5308
TAO/USDC,Long,jma,12h,"ParamA=20.0, ParamB=0.0, ATR=None",2024-11-25T04:00:00+01:00,529.2,2024-11-27T16:00:00+01:00,586.0,9617.03956013012,16.77514126141979,1032.2143745566711,84759.18440057737,"Time-based exit (5 bars, optimal=5)",15.849528780630942,2024-11-25T04:00:00+01:00,2024-11-27T16:00:00+01:00,529.2,586.0
ETH/USDC,Long,jma,12h,"ParamA=30.0, ParamB=0.0, ATR=2.0",2024-11-24T19:00:00+01:00,3329.17,2024-11-26T19:00:00+01:00,3258.0298735143683,9642.796346045712,22.97040803220525,-206.05428732473248,114583.64555824915,ATR stop x2.00,3.4498700925764147,2024-11-24T19:00:00+01:00,2024-11-26T19:00:00+01:00,3329.17,3258.0298735143683
ICP/USDC,Long,jma,12h,"ParamA=20.0, ParamB=50.0, ATR=None",2024-11-24T17:00:00+01:00,10.684,2024-11-27T05:00:00+01:00,11.174,9587.830544766515,6.903842226018392,439.72641023358244,34670.62265152884,"Time-based exit (5 bars, optimal=5)",323.0925789038933,2024-11-24T17:00:00+01:00,2024-11-27T05:00:00+01:00,10.684,11.174
TNSR/USDC,Long,jma,12h,"ParamA=30.0, ParamB=50.0, ATR=None",2024-11-24T14:00:00+01:00,0.6008,2024-11-25T14:00:00+01:00,0.6087,9572.097445187417,9.463160924326537,125.86479663279088,47368.557648543065,"Time-based exit (2 bars, optimal=2)",7875.466814519422,2024-11-24T14:00:00+01:00,2024-11-25T14:00:00+01:00,0.6008,0.6087
ETH/USDC,Long,jma,12h,"ParamA=30.0, ParamB=0.0, ATR=2.0",2024-11-24T01:00:00+01:00,3421.3,2024-11-24T13:00:00+01:00,3343.662883441633,9599.326276809697,23.027267618957744,-217.83065297824592,114852.04016102623,ATR stop x2.00,3.3652803932653876,2024-11-24T01:00:00+01:00,2024-11-24T13:00:00+01:00,3421.3,3343.662883441633
LUNC/USDT,Long,jma,12h,"ParamA=20.0, ParamB=0.0, ATR=None",2024-11-23T20:00:00+01:00,0.00012119,2024-11-25T20:00:00+01:00,0.00012083,9602.89200120985,31.520785712868964,-28.52579520121774,157525.5908677621,"Time-based exit (4 bars, optimal=4)",130046974.638456,2024-11-23T20:00:00+01:00,2024-11-25T20:00:00+01:00,0.00012119,0.00012083
TNSR/USDC,Long,jma,12h,"ParamA=30.0, ParamB=50.0, ATR=None",2024-11-23T04:00:00+01:00,0.5624,2024-11-24T04:00:00+01:00,0.6009,9521.416508769498,9.400687140186795,651.8039395228049,47315.80462163269,"Time-based exit (2 bars, optimal=2)",8357.65215165967,2024-11-23T04:00:00+01:00,2024-11-24T04:00:00+01:00,0.5624,0.6009
XRP/USDC,Long,jma,12h,"ParamA=30.0, ParamB=-50.0, ATR=None",2024-11-22T21:00:00+01:00,1.4553,2024-11-25T09:00:00+01:00,1.5204,9468.472309348537,5.448507153766024,423.55359536768304,27358.95141879522,"Time-based exit (5 bars, optimal=5)",1871.9532583542996,2024-11-22T21:00:00+01:00,2024-11-25T09:00:00+01:00,1.4553,1.5204
TAO/USDC,Long,jma,12h,"ParamA=20.0, ParamB=0.0, ATR=None",2024-11-22T12:00:00+01:00,503.7,2024-11-25T00:00:00+01:00,526.3,9415.664581647221,16.70353657927928,422.46182161053576,83875.70630709895,"Time-based exit (5 bars, optimal=5)",16.580838375302044,2024-11-22T12:00:00+01:00,2024-11-25T00:00:00+01:00,503.7,526.3
SOL/USDC,Long,jma,12h,"ParamA=20.0, ParamB=0.0, ATR=None",2024-11-21T23:00:00+01:00,255.18,2024-11-24T23:00:00+01:00,253.7,9422.49568793403,15.592209289557646,-54.64885029446875,77900.23817582028,"Time-based exit (6 bars, optimal=5)",30.551393701617773,2024-11-21T23:00:00+01:00,2024-11-24T23:00:00+01:00,255.18,253.7
TNSR/USDC,Long,jma,12h,"ParamA=30.0, ParamB=50.0, ATR=None",2024-11-21T21:00:00+01:00,0.5709,2024-11-23T01:00:00+01:00,0.5677,9429.10217044967,9.407841977864058,-52.85186012513359,47003.43570093398,"Time-based exit (2 bars, optimal=2)",8239.483252639744,2024-11-21T21:00:00+01:00,2024-11-23T01:00:00+01:00,0.5709,0.5677
ICP/USDC,Long,jma,12h,"ParamA=20.0, ParamB=50.0, ATR=None",2024-11-21T18:00:00+01:00,9.262,2024-11-24T06:00:00+01:00,11.644,9135.421355443903,6.732053762423091,2349.4465200461427,34519.21113009196,"Time-based exit (5 bars, optimal=5)",363.4233298652068,2024-11-21T18:00:00+01:00,2024-11-24T06:00:00+01:00,9.262,11.644
LUNC/USDT,Long,jma,12h,"ParamA=20.0, ParamB=0.0, ATR=None",2024-11-21T17:00:00+01:00,0.0001094,2024-11-23T17:00:00+01:00,0.00011733,9053.390520404135,31.300162483488094,656.2466803181426,157603.92856434482,"Time-based exit (4 bars, optimal=4)",143053759.06530207,2024-11-21T17:00:00+01:00,2024-11-23T17:00:00+01:00,0.0001094,0.00011733
ETH/USDC,Long,jma,12h,"ParamA=30.0, ParamB=0.0, ATR=2.0",2024-11-21T04:00:00+01:00,3084.63,2024-11-23T16:00:00+01:00,3467.26,8915.156504759785,22.749622016757517,1105.8721251547956,115136.33809478872,"Time-based exit (5 bars, optimal=5)",3.687577118934445,2024-11-21T04:00:00+01:00,2024-11-23T16:00:00+01:00,3084.63,3467.26
XRP/USDC,Long,jma,12h,"ParamA=30.0, ParamB=-50.0, ATR=None",2024-11-20T09:00:00+01:00,1.0933,2024-11-22T21:00:00+01:00,1.4553,8560.836684075248,5.274905960291873,2834.558565476302,27242.53576883012,"Time-based exit (5 bars, optimal=5)",2412.3781031244275,2024-11-20T09:00:00+01:00,2024-11-22T21:00:00+01:00,1.0933,1.4553
SOL/USDC,Long,jma,12h,"ParamA=20.0, ParamB=0.0, ATR=None",2024-11-19T03:00:00+01:00,241.48,2024-11-21T15:00:00+01:00,251.67,8515.9172308172,15.529782496496196,359.35562606438316,77961.04644778823,"Time-based exit (5 bars, optimal=5)",32.15542176680511,2024-11-19T03:00:00+01:00,2024-11-21T15:00:00+01:00,241.48,251.67
ETH/USDC,Long,jma,12h,"ParamA=30.0, ParamB=0.0, ATR=2.0",2024-11-18T15:00:00+01:00,3088.15,2024-11-21T03:00:00+01:00,3059.46,8525.818212169594,22.77533617259822,-79.20785081914613,113748.11008378759,"Time-based exit (5 bars, optimal=5)",3.687537226591684,2024-11-18T15:00:00+01:00,2024-11-21T03:00:00+01:00,3088.15,3059.46
LUNC/USDT,Long,jma,12h,"ParamA=20.0, ParamB=0.0, ATR=None",2024-11-18T13:00:00+01:00,0.00010934,2024-11-20T16:00:00+01:00,0.00010825,8536.455600825277,31.337670241208293,-85.09910924546806,156500.81241744047,"Time-based exit (4 bars, optimal=4)",143303778.31172624,2024-11-18T13:00:00+01:00,2024-11-20T16:00:00+01:00,0.00010934,0.00010825
ICP/USDC,Long,jma,12h,"ParamA=20.0, ParamB=50.0, ATR=None",2024-11-18T08:00:00+01:00,9.324,2024-11-20T23:00:00+01:00,8.977,8576.352564842871,6.758557979584385,-319.1757121407628,33660.26881211546,Trend flip,362.42803408324676,2024-11-18T08:00:00+01:00,2024-11-20T23:00:00+01:00,9.324,8.977
XRP/USDC,Long,jma,12h,"ParamA=30.0, ParamB=-50.0, ATR=None",2024-11-17T13:00:00+01:00,1.0766,2024-11-20T01:00:00+01:00,1.1123,8540.950381046272,5.258520437959704,283.2174703727963,26374.529801459368,"Time-based exit (5 bars, optimal=5)",2442.188574196407,2024-11-17T13:00:00+01:00,2024-11-20T01:00:00+01:00,1.0766,1.1123
SUI/USDC,Long,jma,12h,"ParamA=20.0, ParamB=0.0, ATR=None",2024-11-17T03:00:00+01:00,3.7391,2024-11-19T18:00:00+01:00,3.7527,8537.06896112332,4.134497294696112,31.051359383615235,20675.87105339801,"Time-based exit (5 bars, optimal=5)",552.8733244224695,2024-11-17T03:00:00+01:00,2024-11-19T18:00:00+01:00,3.7391,3.7527
SOL/USDC,Long,jma,12h,"ParamA=20.0, ParamB=0.0, ATR=None",2024-11-16T12:00:00+01:00,218.95,2024-11-19T00:00:00+01:00,239.94,8435.977858559287,15.385365248212214,808.7288205122609,77648.91248248098,"Time-based exit (5 bars, optimal=5)",35.134426234784684,2024-11-16T12:00:00+01:00,2024-11-19T00:00:00+01:00,218.95,239.94
ETH/USDC,Long,jma,12h,"ParamA=30.0, ParamB=0.0, ATR=2.0",2024-11-16T09:00:00+01:00,3121.65,2024-11-17T03:00:00+01:00,3056.2338605088325,8458.13354721591,22.827738682772594,-177.2455092529911,113876.6808629911,ATR stop x2.00,3.6563578048103715,2024-11-16T09:00:00+01:00,2024-11-17T03:00:00+01:00,3121.65,3056.2338605088325
TNSR/USDC,Long,jma,12h,"ParamA=30.0, ParamB=50.0, ATR=None",2024-11-16T05:00:00+01:00,0.6307,2024-11-17T06:00:00+01:00,0.63,8459.307146986579,9.410768612009548,-9.388798165357368,47039.20988932029,"Time-based exit (2 bars, optimal=2)",7460.574450618002,2024-11-16T05:00:00+01:00,2024-11-17T06:00:00+01:00,0.6307,0.63
ICP/USDC,Long,jma,12h,"ParamA=20.0, ParamB=50.0, ATR=None",2024-11-15T18:00:00+01:00,8.301,2024-11-18T06:00:00+01:00,9.129,8355.132206215194,6.693134584623604,833.3995261710849,33792.789897921924,"Time-based exit (5 bars, optimal=5)",403.15230602479244,2024-11-15T18:00:00+01:00,2024-11-18T06:00:00+01:00,8.301,9.129
LUNC/USDT,Long,jma,12h,"ParamA=20.0, ParamB=0.0, ATR=None",2024-11-15T17:00:00+01:00,9.918e-05,2024-11-17T17:00:00+01:00,0.00011167,8225.647509956676,30.95404852213528,1035.8775700681485,156688.35120604147,"Time-based exit (4 bars, optimal=4)",156049851.39209154,2024-11-15T17:00:00+01:00,2024-11-17T17:00:00+01:00,9.918e-05,0.00011167
TNSR/USDC,Long,jma,12h,"ParamA=30.0, ParamB=50.0, ATR=None",2024-11-15T04:00:00+01:00,0.5868,2024-11-16T04:00:00+01:00,0.6195,8168.746096071719,9.360478531848255,455.2113110796621,47053.84306004774,"Time-based exit (2 bars, optimal=2)",7975.867869673019,2024-11-15T04:00:00+01:00,2024-11-16T04:00:00+01:00,0.5868,0.6195
XRP/USDC,Long,jma,12h,"ParamA=30.0, ParamB=-50.0, ATR=None",2024-11-15T01:00:00+01:00,0.7998,2024-11-17T13:00:00+01:00,1.0766,7830.013336095591,5.083600593405389,2709.8620798090274,26292.602189798516,"Time-based exit (5 bars, optimal=5)",3178.044882098893,2024-11-15T01:00:00+01:00,2024-11-17T13:00:00+01:00,0.7998,1.0766
SUI/USDC,Long,jma,12h,"ParamA=20.0, ParamB=0.0, ATR=None",2024-11-14T13:00:00+01:00,3.355,2024-11-17T01:00:00+01:00,3.7227,7724.194178148306,4.090484655182717,846.5532635782811,20672.48647348056,"Time-based exit (5 bars, optimal=5)",609.6102317708967,2024-11-14T13:00:00+01:00,2024-11-17T01:00:00+01:00,3.355,3.7227
SOL/USDC,Long,jma,12h,"ParamA=20.0, ParamB=0.0, ATR=None",2024-11-13T23:00:00+01:00,213.31,2024-11-16T11:00:00+01:00,218.45,7700.998399835548,15.351444105453897,185.5662265020609,76926.82624106106,"Time-based exit (5 bars, optimal=5)",35.98388285934531,2024-11-13T23:00:00+01:00,2024-11-16T11:00:00+01:00,213.31,218.45
TNSR/USDC,Long,jma,12h,"ParamA=30.0, ParamB=50.0, ATR=None",2024-11-13T18:00:00+01:00,0.5155,2024-11-14T18:00:00+01:00,0.5724,7596.191585764262,9.260118961286066,838.4545125702948,46802.392659241275,"Time-based exit (2 bars, optimal=2)",8981.686674380277,2024-11-13T18:00:00+01:00,2024-11-14T18:00:00+01:00,0.5155,0.5724
XRP/USDC,Long,jma,12h,"ParamA=30.0, ParamB=-50.0, ATR=None",2024-11-12T07:00:00+01:00,0.6083,2024-11-14T19:00:00+01:00,0.7743,7345.621717860902,4.949522163281938,2004.5589432268782,25418.002967026947,"Time-based exit (5 bars, optimal=5)",4068.3233300032375,2024-11-12T07:00:00+01:00,2024-11-14T19:00:00+01:00,0.6083,0.7743
SUI/USDC,Long,jma,12h,"ParamA=20.0, ParamB=0.0, ATR=None",2024-11-11T21:00:00+01:00,3.2306,2024-11-14T09:00:00+01:00,3.3695,7306.354528945894,4.073784132617778,314.13751132005973,20452.423275913585,"Time-based exit (5 bars, optimal=5)",630.4996181232244,2024-11-11T21:00:00+01:00,2024-11-14T09:00:00+01:00,3.2306,3.3695
LUNC/USDT,Long,jma,12h,"ParamA=20.0, ParamB=0.0, ATR=None",2024-11-11T16:00:00+01:00,0.00010105,2024-11-13T16:00:00+01:00,0.00010286,7290.032215351404,30.90487292078019,130.57850875592308,154770.2426106764,"Time-based exit (4 bars, optimal=4)",152918718.06422657,2024-11-11T16:00:00+01:00,2024-11-13T16:00:00+01:00,0.00010105,0.00010286
ETH/USDC,Long,jma,12h,"ParamA=30.0, ParamB=0.0, ATR=2.0",2024-11-11T10:00:00+01:00,3177.59,2024-11-13T22:00:00+01:00,3154.59,7296.6340182279255,22.848846881533284,-52.81442301217032,114138.69341386296,"Time-based exit (5 bars, optimal=5)",3.5953107357357745,2024-11-11T10:00:00+01:00,2024-11-13T22:00:00+01:00,3177.59,3154.59
TNSR/USDC,Long,jma,12h,"ParamA=30.0, ParamB=50.0, ATR=None",2024-11-11T09:00:00+01:00,0.4995,2024-11-12T09:00:00+01:00,0.5131,7271.884860544391,9.236817033071103,197.99326146827573,46300.59480643032,"Time-based exit (2 bars, optimal=2)",9246.06309616727,2024-11-11T09:00:00+01:00,2024-11-12T09:00:00+01:00,0.4995,0.5131
ICP/USDC,Long,jma,12h,"ParamA=20.0, ParamB=50.0, ATR=None",2024-11-11T00:00:00+01:00,9.006,2024-11-13T19:00:00+01:00,8.762,7296.595738851628,6.7126637702751415,-197.68702645789426,33465.67292311802,Trend flip,372.6773134729703,2024-11-11T00:00:00+01:00,2024-11-13T19:00:00+01:00,9.006,8.762
SOL/USDC,Long,jma,12h,"ParamA=20.0, ParamB=0.0, ATR=None",2024-11-10T14:00:00+01:00,206.8,2024-11-13T02:00:00+01:00,210.74,7279.259977059067,15.325311041210316,138.686094340487,76757.22052726948,"Time-based exit (5 bars, optimal=5)",37.053459964241576,2024-11-10T14:00:00+01:00,2024-11-13T02:00:00+01:00,206.8,210.74
TNSR/USDC,Long,jma,12h,"ParamA=30.0, ParamB=50.0, ATR=None",2024-11-09T23:00:00+01:00,0.5141,2024-11-11T03:00:00+01:00,0.5308,7249.822117362521,9.208745138098287,235.5028775723681,46184.08516535552,"Time-based exit (2 bars, optimal=2)",8956.180838453887,2024-11-09T23:00:00+01:00,2024-11-11T03:00:00+01:00,0.5141,0.5308
XRP/USDC,Long,jma,12h,"ParamA=30.0, ParamB=-50.0, ATR=None",2024-11-09T18:00:00+01:00,0.5495,2024-11-12T06:00:00+01:00,0.6015,7165.067002681124,4.904094805737472,678.0409174511716,24747.61081640969,"Time-based exit (5 bars, optimal=5)",4462.324664001339,2024-11-09T18:00:00+01:00,2024-11-12T06:00:00+01:00,0.5495,0.6015
LUNC/USDT,Long,jma,12h,"ParamA=20.0, ParamB=0.0, ATR=None",2024-11-09T13:00:00+01:00,9.558e-05,2024-11-11T13:00:00+01:00,0.00010039,7120.2766039769895,30.75624540818223,358.3231896330753,154524.36460390093,"Time-based exit (4 bars, optimal=4)",160892683.65862224,2024-11-09T13:00:00+01:00,2024-11-11T13:00:00+01:00,9.558e-05,0.00010039
SUI/USDC,Long,jma,12h,"ParamA=20.0, ParamB=0.0, ATR=None",2024-11-09T06:00:00+01:00,2.2829,2024-11-11T18:00:00+01:00,3.2,6779.822822049319,3.917203377847892,2723.630255421363,20368.920663088888,"Time-based exit (5 bars, optimal=5)",857.9445831722571,2024-11-09T06:00:00+01:00,2024-11-11T18:00:00+01:00,2.2829,3.2
TNSR/USDC,Long,jma,12h,"ParamA=30.0, ParamB=50.0, ATR=None",2024-11-08T22:00:00+01:00,0.4374,2024-11-09T22:00:00+01:00,0.4997,6661.225893279511,9.081215310325131,948.7754301584667,46043.72569049144,"Time-based exit (2 bars, optimal=2)",10380.904561414187,2024-11-08T22:00:00+01:00,2024-11-09T22:00:00+01:00,0.4374,0.4997
ETH/USDC,Long,jma,12h,"ParamA=30.0, ParamB=0.0, ATR=2.0",2024-11-08T13:00:00+01:00,2939.02,2024-11-11T01:00:00+01:00,3196.08,6589.185888259303,22.655225067571024,576.3200401616648,114244.23440766642,"Time-based exit (5 bars, optimal=5)",3.854214171317484,2024-11-08T13:00:00+01:00,2024-11-11T01:00:00+01:00,2939.02,3196.08
ICP/USDC,Long,jma,12h,"ParamA=20.0, ParamB=50.0, ATR=None",2024-11-08T11:00:00+01:00,7.76,2024-11-10T23:00:00+01:00,8.924,6467.91252835269,6.614765244654258,970.1868792529033,33563.318851375705,"Time-based exit (5 bars, optimal=5)",426.2091008153517,2024-11-08T11:00:00+01:00,2024-11-10T23:00:00+01:00,7.76,8.924
SOL/USDC,Long,jma,12h,"ParamA=20.0, ParamB=0.0, ATR=None",2024-11-08T01:00:00+01:00,199.04,2024-11-10T13:00:00+01:00,205.6,6441.37551107435,15.278013063789684,212.296138226727,76626.55520605158,"Time-based exit (5 bars, optimal=5)",38.37925307423052,2024-11-08T01:00:00+01:00,2024-11-10T13:00:00+01:00,199.04,205.6
TNSR/USDC,Long,jma,12h,"ParamA=30.0, ParamB=50.0, ATR=None",2024-11-07T21:00:00+01:00,0.4524,2024-11-08T21:00:00+01:00,0.4334,6475.369771035022,9.121347626913145,-271.95407968537916,45406.07655162566,Trend flip,10081.065016482256,2024-11-07T21:00:00+01:00,2024-11-08T21:00:00+01:00,0.4524,0.4334
LUNC/USDT,Long,jma,12h,"ParamA=20.0, ParamB=0.0, ATR=None",2024-11-07T13:00:00+01:00,9.388e-05,2024-11-09T13:00:00+01:00,9.558e-05,6460.745692852967,30.706782237782505,116.99262545643425,153781.22704091115,"Time-based exit (4 bars, optimal=4)",163542726.02142364,2024-11-07T13:00:00+01:00,2024-11-09T13:00:00+01:00,9.388e-05,9.558e-05
XRP/USDC,Long,jma,12h,"ParamA=30.0, ParamB=-50.0, ATR=None",2024-11-07T02:00:00+01:00,0.5457,2024-11-09T14:00:00+01:00,0.5491,6455.71787519316,4.902020991249585,40.222541278462884,24520.47402868736,"Time-based exit (5 bars, optimal=5)",4491.498067848254,2024-11-07T02:00:00+01:00,2024-11-09T14:00:00+01:00,0.5457,0.5491
TNSR/USDC,Long,jma,12h,"ParamA=30.0, ParamB=50.0, ATR=None",2024-11-06T19:00:00+01:00,0.4151,2024-11-07T19:00:00+01:00,0.4509,6386.864064810059,9.045147434966319,550.8304830648038,45606.738134565734,"Time-based exit (2 bars, optimal=2)",10895.142658354996,2024-11-06T19:00:00+01:00,2024-11-07T19:00:00+01:00,0.4151,0.4509
SUI/USDC,Long,jma,12h,"ParamA=20.0, ParamB=0.0, ATR=None",2024-11-06T11:00:00+01:00,2.3001,2024-11-08T23:00:00+01:00,2.2956,6388.426383770483,3.918753807977162,-12.498551683391272,19586.016889239458,"Time-based exit (5 bars, optimal=5)",851.8659640835533,2024-11-06T11:00:00+01:00,2024-11-08T23:00:00+01:00,2.3001,2.2956
ETH/USDC,Long,jma,12h,"ParamA=30.0, ParamB=0.0, ATR=2.0",2024-11-06T01:00:00+01:00,2485.54,2024-11-08T13:00:00+01:00,2939.02,6245.981104708232,22.253663768898235,1139.5622324980043,113276.12533785512,"Time-based exit (5 bars, optimal=5)",4.476625555995525,2024-11-06T01:00:00+01:00,2024-11-08T13:00:00+01:00,2485.54,2939.02
ICP/USDC,Long,jma,12h,"ParamA=20.0, ParamB=50.0, ATR=None",2024-11-05T21:00:00+01:00,7.416,2024-11-08T09:00:00+01:00,7.706,6215.598761785534,6.590312129658387,243.05874338158105,33073.82622327129,"Time-based exit (5 bars, optimal=5)",444.330645203505,2024-11-05T21:00:00+01:00,2024-11-08T09:00:00+01:00,7.416,7.706
TNSR/USDC,Long,jma,12h,"ParamA=30.0, ParamB=50.0, ATR=None",2024-11-05T19:00:00+01:00,0.351,2024-11-06T19:00:00+01:00,0.4151,6076.878006717656,8.884671535813188,1109.7660405430258,45225.73717483159,"Time-based exit (2 bars, optimal=2)",12656.227258993145,2024-11-05T19:00:00+01:00,2024-11-06T19:00:00+01:00,0.351,0.4151
LUNC/USDT,Long,jma,12h,"ParamA=20.0, ParamB=0.0, ATR=None",2024-11-05T13:00:00+01:00,8.453e-05,2024-11-07T13:00:00+01:00,9.388e-05,5994.002221827546,30.37685431063863,663.0062791208746,153533.91118891252,"Time-based exit (4 bars, optimal=4)",179680908.02459854,2024-11-05T13:00:00+01:00,2024-11-07T13:00:00+01:00,8.453e-05,9.388e-05
SOL/USDC,Long,jma,12h,"ParamA=20.0, ParamB=0.0, ATR=None",2024-11-05T12:00:00+01:00,162.3,2024-11-08T00:00:00+01:00,196.43,5840.478251762352,14.966281014372997,1228.191760521559,76390.06531894841,"Time-based exit (5 bars, optimal=5)",46.106842311685135,2024-11-05T12:00:00+01:00,2024-11-08T00:00:00+01:00,162.3,196.43
XRP/USDC,Long,jma,12h,"ParamA=30.0, ParamB=-50.0, ATR=None",2024-11-04T07:00:00+01:00,0.5061,2024-11-06T19:00:00+01:00,0.5356,5798.231700888951,4.874582514317876,337.9724069872039,24510.104956247924,"Time-based exit (5 bars, optimal=5)",4815.829395690452,2024-11-04T07:00:00+01:00,2024-11-06T19:00:00+01:00,0.5061,0.5356
SUI/USDC,Long,jma,12h,"ParamA=20.0, ParamB=0.0, ATR=None",2024-11-03T16:00:00+01:00,1.845,2024-11-06T04:00:00+01:00,2.2785,5632.796913490698,3.829541068325298,1323.4782991860266,19593.76903988581,"Time-based exit (5 bars, optimal=5)",1037.8160076762326,2024-11-03T16:00:00+01:00,2024-11-06T04:00:00+01:00,1.845,2.2785
SUI/USDC,Long,jma,12h,"ParamA=20.0, ParamB=0.0, ATR=None",2024-10-31T08:00:00+01:00,2.0736,2024-11-03T01:00:00+01:00,1.897,5693.407430966871,3.8632151287768832,-484.8841398093889,19147.70534162649,Trend flip,931.5237096780679,2024-10-31T08:00:00+01:00,2024-11-03T01:00:00+01:00,2.0736,1.897
LUNC/USDT,Long,jma,12h,"ParamA=20.0, ParamB=0.0, ATR=None",2024-10-31T08:00:00+01:00,0.00010012,2024-11-02T09:00:00+01:00,8.881e-05,5774.952973984962,30.73014167168043,-652.3643441447255,151884.27155319316,Trend flip,153466548.5002019,2024-10-31T08:00:00+01:00,2024-11-02T09:00:00+01:00,0.00010012,8.881e-05
XRP/USDC,Long,jma,12h,"ParamA=30.0, ParamB=-50.0, ATR=None",2024-10-30T14:00:00+01:00,0.5237,2024-11-02T04:00:00+01:00,0.514,5788.354501257781,4.884606730926613,-107.21221818254861,24372.912571589375,Trend flip,4663.554259047749,2024-10-30T14:00:00+01:00,2024-11-02T04:00:00+01:00,0.5237,0.514
TNSR/USDC,Long,jma,12h,"ParamA=30.0, ParamB=50.0, ATR=None",2024-10-30T13:00:00+01:00,0.471,2024-10-31T17:00:00+01:00,0.4489,5822.504541162155,8.928350314570798,-273.20031923499647,44423.35767906594,Trend flip,9478.078890202547,2024-10-30T13:00:00+01:00,2024-10-31T17:00:00+01:00,0.471,0.4489
ETH/USDC,Long,jma,12h,"ParamA=30.0, ParamB=0.0, ATR=2.0",2024-10-30T04:00:00+01:00,2641.12,2024-10-31T15:00:00+01:00,2595.7725998236333,5835.027795524124,22.29640544610194,-100.18603489574673,111268.31884449116,ATR stop x2.00,4.221013328834347,2024-10-30T04:00:00+01:00,2024-10-31T15:00:00+01:00,2641.12,2595.7725998236333
SOL/USDC,Long,jma,12h,"ParamA=20.0, ParamB=0.0, ATR=None",2024-10-29T16:00:00+01:00,180.55,2024-11-01T16:00:00+01:00,164.05,5902.454056905276,15.10736480764812,-539.410091049222,74831.40507186498,Trend flip,41.83706676169515,2024-10-29T16:00:00+01:00,2024-11-01T16:00:00+01:00,180.55,164.05
TNSR/USDC,Long,jma,12h,"ParamA=30.0, ParamB=50.0, ATR=None",2024-10-29T13:00:00+01:00,0.422,2024-10-30T13:00:00+01:00,0.471,5818.0101886459015,8.827615093611564,675.5509460749979,44641.75157285399,"Time-based exit (2 bars, optimal=2)",10459.259589587162,2024-10-29T13:00:00+01:00,2024-10-30T13:00:00+01:00,0.422,0.471
ICP/USDC,Long,jma,12h,"ParamA=20.0, ParamB=50.0, ATR=None",2024-10-29T09:00:00+01:00,8.039,2024-11-01T02:00:00+01:00,7.794,5840.258967209253,6.611784844718585,-177.99022850681274,32951.56064829193,Trend flip,411.2317977807305,2024-10-29T09:00:00+01:00,2024-11-01T02:00:00+01:00,8.039,7.794
LUNC/USDT,Long,jma,12h,"ParamA=20.0, ParamB=0.0, ATR=None",2024-10-29T05:00:00+01:00,9.298e-05,2024-10-31T05:00:00+01:00,9.863e-05,5796.232411598461,30.550608709737695,352.2124448863338,153650.70835840213,"Time-based exit (4 bars, optimal=4)",164285914.76520595,2024-10-29T05:00:00+01:00,2024-10-31T05:00:00+01:00,9.298e-05,9.863e-05
SUI/USDC,Long,jma,12h,"ParamA=20.0, ParamB=0.0, ATR=None",2024-10-28T19:00:00+01:00,1.6529,2024-10-31T07:00:00+01:00,2.0459,5628.937620264742,3.7742323437439453,1338.3583306697583,19316.075643884415,"Time-based exit (5 bars, optimal=5)",1141.700146331885,2024-10-28T19:00:00+01:00,2024-10-31T07:00:00+01:00,1.6529,2.0459
XRP/USDC,Long,jma,12h,"ParamA=30.0, ParamB=-50.0, ATR=None",2024-10-27T13:00:00+01:00,0.5126,2024-10-30T01:00:00+01:00,0.5251,5611.831714968918,4.873696724065648,136.84724236658576,24423.033654633065,"Time-based exit (5 bars, optimal=5)",4753.898482311401,2024-10-27T13:00:00+01:00,2024-10-30T01:00:00+01:00,0.5126,0.5251
ETH/USDC,Long,jma,12h,"ParamA=30.0, ParamB=0.0, ATR=2.0",2024-10-27T13:00:00+01:00,2473.12,2024-10-30T01:00:00+01:00,2620.34,5570.382467316242,22.16887225681325,331.59398122141204,111482.0272305097,"Time-based exit (5 bars, optimal=5)",4.481964534032568,2024-10-27T13:00:00+01:00,2024-10-30T01:00:00+01:00,2473.12,2620.34
LUNC/USDT,Long,jma,12h,"ParamA=20.0, ParamB=0.0, ATR=None",2024-10-27T04:00:00+01:00,8.818e-05,2024-10-29T04:00:00+01:00,9.288e-05,5533.515374072112,30.39468377515768,294.9367459530387,152753.04354868847,"Time-based exit (4 bars, optimal=4)",172344543.9734502,2024-10-27T04:00:00+01:00,2024-10-29T04:00:00+01:00,8.818e-05,9.288e-05
SOL/USDC,Long,jma,12h,"ParamA=20.0, ParamB=0.0, ATR=None",2024-10-27T02:00:00+01:00,172.19,2024-10-29T14:00:00+01:00,179.76,5503.272782340365,15.044234589670411,241.94073385397832,75536.8240382406,"Time-based exit (5 bars, optimal=5)",43.68498341852143,2024-10-27T02:00:00+01:00,2024-10-29T14:00:00+01:00,172.19,179.76
TNSR/USDC,Long,jma,12h,"ParamA=30.0, ParamB=50.0, ATR=None",2024-10-26T10:00:00+02:00,0.4382,2024-10-27T09:00:00+01:00,0.4763,5444.104485642798,8.753259133619283,473.34637358053567,44138.075468057825,"Time-based exit (2 bars, optimal=2)",9987.744333203198,2024-10-26T10:00:00+02:00,2024-10-27T09:00:00+01:00,0.4382,0.4763
TNSR/USDC,Long,jma,12h,"ParamA=30.0, ParamB=50.0, ATR=None",2024-10-25T09:00:00+02:00,0.4378,2024-10-26T09:00:00+02:00,0.4267,5461.413098420455,8.777268511597237,-138.46890222125867,43766.295668096405,Trend flip,10024.290214249926,2024-10-25T09:00:00+02:00,2024-10-26T09:00:00+02:00,0.4378,0.4267
LUNC/USDT,Long,jma,12h,"ParamA=20.0, ParamB=0.0, ATR=None",2024-10-24T17:00:00+02:00,8.951e-05,2024-10-27T03:00:00+01:00,8.78e-05,5474.486178754594,30.458964406308173,-104.58464267311285,151973.4188757884,Trend flip,170142801.95681027,2024-10-24T17:00:00+02:00,2024-10-27T03:00:00+01:00,8.951e-05,8.78e-05
SOL/USDC,Long,jma,12h,"ParamA=20.0, ParamB=0.0, ATR=None",2024-10-24T12:00:00+02:00,172.8,2024-10-27T00:00:00+02:00,171.22,5480.750346540715,15.061017862816614,-50.11334228897221,75221.17294835206,"Time-based exit (5 bars, optimal=5)",43.57933409379807,2024-10-24T12:00:00+02:00,2024-10-27T00:00:00+02:00,172.8,171.22
TNSR/USDC,Long,jma,12h,"ParamA=30.0, ParamB=50.0, ATR=None",2024-10-24T08:00:00+02:00,0.4011,2024-10-25T08:00:00+02:00,0.4307,5430.654555329746,8.714699532738127,400.76632968776005,43886.34255798618,"Time-based exit (2 bars, optimal=2)",10863.499791496044,2024-10-24T08:00:00+02:00,2024-10-25T08:00:00+02:00,0.4011,0.4307
SUI/USDC,Long,jma,12h,"ParamA=20.0, ParamB=0.0, ATR=None",2024-10-23T14:00:00+02:00,1.8823,2024-10-26T15:00:00+02:00,1.8066,5458.09290421469,3.7902334799811714,-219.5067910795583,18871.161718719726,Trend flip,1006.8090846255037,2024-10-23T14:00:00+02:00,2024-10-26T15:00:00+02:00,1.8823,1.8066
ICP/USDC,Long,jma,12h,"ParamA=20.0, ParamB=50.0, ATR=None",2024-10-23T13:00:00+02:00,8.086,2024-10-26T09:00:00+02:00,7.732,5488.126244098608,6.642192384159957,-240.26671907134653,33058.92422359293,Trend flip,410.7217650358617,2024-10-23T13:00:00+02:00,2024-10-26T09:00:00+02:00,8.086,7.732
LUNC/USDT,Long,jma,12h,"ParamA=20.0, ParamB=0.0, ATR=None",2024-10-22T16:00:00+02:00,9.323e-05,2024-10-24T16:00:00+02:00,8.925e-05,5517.5694577123795,30.595696946800466,-235.54570891017124,152294.82203154085,Trend flip,164087187.31524438,2024-10-22T16:00:00+02:00,2024-10-24T16:00:00+02:00,9.323e-05,8.925e-05
SOL/USDC,Long,jma,12h,"ParamA=20.0, ParamB=0.0, ATR=None",2024-10-21T17:00:00+02:00,165.24,2024-10-24T05:00:00+02:00,174.02,5481.164362770834,14.984395405381564,291.24075953236456,75305.08931408307,"Time-based exit (5 bars, optimal=5)",45.34130781100691,2024-10-21T17:00:00+02:00,2024-10-24T05:00:00+02:00,165.24,174.02
ICP/USDC,Long,jma,12h,"ParamA=20.0, ParamB=50.0, ATR=None",2024-10-20T22:00:00+02:00,8.288,2024-10-23T10:00:00+02:00,8.042,5501.576219521592,6.663302704756048,-163.2948540060707,33210.96192079978,Trend flip,401.9849604703214,2024-10-20T22:00:00+02:00,2024-10-23T10:00:00+02:00,8.288,8.042
TNSR/USDC,Long,jma,12h,"ParamA=30.0, ParamB=50.0, ATR=None",2024-10-20T21:00:00+02:00,0.4213,2024-10-22T00:00:00+02:00,0.3926,5548.826193337395,8.776240707369395,-377.99979052642595,43573.497663690636,Trend flip,10415.66663585259,2024-10-20T21:00:00+02:00,2024-10-22T00:00:00+02:00,0.4213,0.3926
LUNC/USDT,Long,jma,12h,"ParamA=20.0, ParamB=0.0, ATR=None",2024-10-20T15:00:00+02:00,9.057e-05,2024-10-22T15:00:00+02:00,9.265e-05,5555.276792856293,30.531685247728475,127.58060869096974,152978.48473400233,"Time-based exit (4 bars, optimal=4)",168552971.4460002,2024-10-20T15:00:00+02:00,2024-10-22T15:00:00+02:00,9.057e-05,9.265e-05
XRP/USDC,Long,jma,12h,"ParamA=30.0, ParamB=-50.0, ATR=None",2024-10-20T15:00:00+02:00,0.541,2024-10-23T17:00:00+02:00,0.5236,5571.224368942664,4.890403644612734,-179.18540484214935,24368.48362032824,Trend flip,4519.781556943377,2024-10-20T15:00:00+02:00,2024-10-23T17:00:00+02:00,0.541,0.5236
TNSR/USDC,Long,jma,12h,"ParamA=30.0, ParamB=50.0, ATR=None",2024-10-19T16:00:00+02:00,0.3727,2024-10-20T16:00:00+02:00,0.4177,5472.679999200529,8.673254019064567,660.7743492461069,43881.20353684697,"Time-based exit (2 bars, optimal=2)",11635.70434540457,2024-10-19T16:00:00+02:00,2024-10-20T16:00:00+02:00,0.3727,0.4177
ETH/USDC,Long,jma,12h,"ParamA=30.0, ParamB=0.0, ATR=2.0",2024-10-19T07:00:00+02:00,2647.42,2024-10-21T19:00:00+02:00,2671.44,5466.480337939881,22.15320333095771,49.597290085183246,110844.36128406624,"Time-based exit (5 bars, optimal=5)",4.183923089452695,2024-10-19T07:00:00+02:00,2024-10-21T19:00:00+02:00,2647.42,2671.44
SOL/USDC,Long,jma,12h,"ParamA=20.0, ParamB=0.0, ATR=None",2024-10-19T04:00:00+02:00,154.99,2024-10-21T16:00:00+02:00,164.2,5426.175258474632,14.898841506815534,322.4406357219901,74921.97702690781,"Time-based exit (5 bars, optimal=5)",48.06387994972428,2024-10-19T04:00:00+02:00,2024-10-21T16:00:00+02:00,154.99,164.2
LUNC/USDT,Long,jma,12h,"ParamA=20.0, ParamB=0.0, ATR=None",2024-10-18T15:00:00+02:00,8.998e-05,2024-10-20T15:00:00+02:00,9.057e-05,5421.731463237759,30.51777825751208,35.55036189497931,152658.42623864237,"Time-based exit (4 bars, optimal=4)",169580897.18555278,2024-10-18T15:00:00+02:00,2024-10-20T15:00:00+02:00,8.998e-05,9.057e-05
SUI/USDC,Long,jma,12h,"ParamA=20.0, ParamB=0.0, ATR=None",2024-10-18T15:00:00+02:00,2.0766,2024-10-21T03:00:00+02:00,2.1489,5398.237975947177,3.7778359344808408,187.94789832465563,18951.16739990586,"Time-based exit (5 bars, optimal=5)",909.6205177888954,2024-10-18T15:00:00+02:00,2024-10-21T03:00:00+02:00,2.0766,2.1489
TNSR/USDC,Long,jma,12h,"ParamA=30.0, ParamB=50.0, ATR=None",2024-10-18T06:00:00+02:00,0.3698,2024-10-19T06:00:00+02:00,0.3746,5389.49352998182,8.66374124055371,69.95556772285715,43366.270095322834,"Time-based exit (2 bars, optimal=2)",11714.09037392335,2024-10-18T06:00:00+02:00,2024-10-19T06:00:00+02:00,0.3698,0.3746
ICP/USDC,Long,jma,12h,"ParamA=20.0, ParamB=50.0, ATR=None",2024-10-18T03:00:00+02:00,7.79,2024-10-20T15:00:00+02:00,8.254,5349.662920305604,6.6251659025222995,318.6448774097301,33316.51352378024,"Time-based exit (5 bars, optimal=5)",425.2352954122144,2024-10-18T03:00:00+02:00,2024-10-20T15:00:00+02:00,7.79,8.254
XRP/USDC,Long,jma,12h,"ParamA=30.0, ParamB=-50.0, ATR=None",2024-10-17T00:00:00+02:00,0.5506,2024-10-19T16:00:00+02:00,0.5455,5355.864088770171,4.895917731979162,-49.60934771654166,24452.018223063667,"Time-based exit (5 bars, optimal=5)",4445.9841372858355,2024-10-17T00:00:00+02:00,2024-10-19T16:00:00+02:00,0.5506,0.5455
ETH/USDC,Long,jma,12h,"ParamA=30.0, ParamB=0.0, ATR=2.0",2024-10-16T18:00:00+02:00,2618.82,2024-10-19T06:00:00+02:00,2640.85,5350.238189161415,22.13900738842981,45.0071968700501,110766.01665478855,"Time-based exit (5 bars, optimal=5)",4.226905130637045,2024-10-16T18:00:00+02:00,2024-10-19T06:00:00+02:00,2618.82,2640.85
SOL/USDC,Long,jma,12h,"ParamA=20.0, ParamB=0.0, ATR=None",2024-10-16T16:00:00+02:00,155.17,2024-10-19T04:00:00+02:00,154.99,5351.014098275362,14.903551055842229,-6.2072729115773,74494.20753407766,"Time-based exit (5 bars, optimal=5)",48.02330043127611,2024-10-16T16:00:00+02:00,2024-10-19T04:00:00+02:00,155.17,154.99
LUNC/USDT,Long,jma,12h,"ParamA=20.0, ParamB=0.0, ATR=None",2024-10-15T15:00:00+02:00,9.152e-05,2024-10-17T19:00:00+02:00,8.868e-05,5367.046435386375,30.618917036969513,-166.54733256662303,152588.8912875604,Trend flip,167279922.6233037,2024-10-15T15:00:00+02:00,2024-10-17T19:00:00+02:00,9.152e-05,8.868e-05
TNSR/USDC,Long,jma,12h,"ParamA=30.0, ParamB=50.0, ATR=None",2024-10-15T15:00:00+02:00,0.377,2024-10-16T15:00:00+02:00,0.3797,5346.228018815547,8.659271494577995,38.288635678519555,43318.70620276855,"Time-based exit (2 bars, optimal=2)",11484.444953021213,2024-10-15T15:00:00+02:00,2024-10-16T15:00:00+02:00,0.377,0.3797
TNSR/USDC,Long,jma,12h,"ParamA=30.0, ParamB=50.0, ATR=None",2024-10-14T11:00:00+02:00,0.3579,2024-10-15T11:00:00+02:00,0.3774,5330.741094736973,8.614061032091541,290.4427251952251,43296.35747288998,"Time-based exit (2 bars, optimal=2)",12034.172998172035,2024-10-14T11:00:00+02:00,2024-10-15T11:00:00+02:00,0.3579,0.3774
ETH/USDC,Long,jma,12h,"ParamA=30.0, ParamB=0.0, ATR=2.0",2024-10-14T05:00:00+02:00,2520.16,2024-10-16T17:00:00+02:00,2607.32,5307.794764362026,22.067101504910084,183.57064299956983,110695.03694214905,"Time-based exit (5 bars, optimal=5)",4.378115180169133,2024-10-14T05:00:00+02:00,2024-10-16T17:00:00+02:00,2520.16,2607.32
ICP/USDC,Long,jma,12h,"ParamA=20.0, ParamB=50.0, ATR=None",2024-10-14T03:00:00+02:00,7.854,2024-10-16T15:00:00+02:00,7.954,5299.360589753938,6.6180631551391444,67.47339686470485,33125.8295126115,"Time-based exit (5 bars, optimal=5)",421.3180007091383,2024-10-14T03:00:00+02:00,2024-10-16T15:00:00+02:00,7.854,7.954
SOL/USDC,Long,jma,12h,"ParamA=20.0, ParamB=0.0, ATR=None",2024-10-14T03:00:00+02:00,147.71,2024-10-16T15:00:00+02:00,154.42,5269.4388388495645,14.8391094778351,239.37400723499064,74517.75527921114,"Time-based exit (5 bars, optimal=5)",50.230551343291246,2024-10-14T03:00:00+02:00,2024-10-16T15:00:00+02:00,147.71,154.42
XRP/USDC,Long,jma,12h,"ParamA=30.0, ParamB=-50.0, ATR=None",2024-10-14T03:00:00+02:00,0.5301,2024-10-16T15:00:00+02:00,0.5474,5248.029925974785,4.880964724822366,171.27130299823372,24479.588659895806,"Time-based exit (5 bars, optimal=5)",4603.815058311985,2024-10-14T03:00:00+02:00,2024-10-16T15:00:00+02:00,0.5301,0.5474
SUI/USDC,Long,jma,12h,"ParamA=20.0, ParamB=0.0, ATR=None",2024-10-13T18:00:00+02:00,2.1942,2024-10-16T09:00:00+02:00,2.0264,5298.681573962141,3.8077167408457777,-405.21318389884505,18889.179672404203,Trend flip,867.6776822636446,2024-10-13T18:00:00+02:00,2024-10-16T09:00:00+02:00,2.1942,2.0264
LUNC/USDT,Long,jma,12h,"ParamA=20.0, ParamB=0.0, ATR=None",2024-10-13T11:00:00+02:00,8.88e-05,2024-10-15T11:00:00+02:00,9.058e-05,5285.438218066647,30.56376458609928,105.94684716394853,153094.58518484756,"Time-based exit (4 bars, optimal=4)",172093269.0658743,2024-10-13T11:00:00+02:00,2024-10-15T11:00:00+02:00,8.88e-05,9.058e-05
TNSR/USDC,Long,jma,12h,"ParamA=30.0, ParamB=50.0, ATR=None",2024-10-13T10:00:00+02:00,0.3428,2024-10-14T10:00:00+02:00,0.3568,5258.5930087164315,8.580733343634575,214.76167480172143,43070.30516045771,"Time-based exit (2 bars, optimal=2)",12515.655402034094,2024-10-13T10:00:00+02:00,2024-10-14T10:00:00+02:00,0.3428,0.3568
TNSR/USDC,Long,jma,12h,"ParamA=30.0, ParamB=50.0, ATR=None",2024-10-12T08:00:00+02:00,0.3337,2024-10-13T08:00:00+02:00,0.3424,5241.511367684496,8.560127984315779,136.6531282554841,42903.66671817287,"Time-based exit (2 bars, optimal=2)",12826.083284860322,2024-10-12T08:00:00+02:00,2024-10-13T08:00:00+02:00,0.3337,0.3424
LUNC/USDT,Long,jma,12h,"ParamA=20.0, ParamB=0.0, ATR=None",2024-10-11T11:00:00+02:00,8.603e-05,2024-10-13T11:00:00+02:00,8.88e-05,5206.781847623018,30.471745793507413,167.64832869831187,152818.8229304964,"Time-based exit (4 bars, optimal=4)",177099533.84579456,2024-10-11T11:00:00+02:00,2024-10-13T11:00:00+02:00,8.603e-05,8.88e-05
ETH/USDC,Long,jma,12h,"ParamA=30.0, ParamB=0.0, ATR=2.0",2024-10-11T11:00:00+02:00,2413.47,2024-10-13T23:00:00+02:00,2464.34,5227.737888710307,22.025083074124247,110.1878317935152,110335.50752455041,"Time-based exit (5 bars, optimal=5)",4.562949420155263,2024-10-11T11:00:00+02:00,2024-10-13T23:00:00+02:00,2413.47,2464.34
SOL/USDC,Long,jma,12h,"ParamA=20.0, ParamB=0.0, ATR=None",2024-10-11T10:00:00+02:00,141.32,2024-10-13T22:00:00+02:00,146.32,5183.855794188487,14.789740294932676,183.40842747624143,74195.5473891755,"Time-based exit (5 bars, optimal=5)",52.327130961409125,2024-10-11T10:00:00+02:00,2024-10-13T22:00:00+02:00,141.32,146.32
TNSR/USDC,Long,jma,12h,"ParamA=30.0, ParamB=50.0, ATR=None",2024-10-11T08:00:00+02:00,0.3175,2024-10-12T08:00:00+02:00,0.3337,5151.00294078662,8.518367859674573,262.8228272149392,42800.6399215789,"Time-based exit (2 bars, optimal=2)",13414.752534920586,2024-10-11T08:00:00+02:00,2024-10-12T08:00:00+02:00,0.3175,0.3337
XRP/USDC,Long,jma,12h,"ParamA=30.0, ParamB=-50.0, ATR=None",2024-10-11T07:00:00+02:00,0.5341,2024-10-13T23:00:00+02:00,0.5296,5156.433560291701,4.886058630770289,-43.44495604065336,24404.823624111832,"Time-based exit (5 bars, optimal=5)",4574.104690854043,2024-10-11T07:00:00+02:00,2024-10-13T23:00:00+02:00,0.5341,0.5296
SUI/USDC,Long,jma,12h,"ParamA=20.0, ParamB=0.0, ATR=None",2024-10-11T03:00:00+02:00,1.8364,2024-10-13T15:00:00+02:00,2.1745,5040.434133389941,3.7396145398203253,927.9954152140816,19038.583704228888,"Time-based exit (5 bars, optimal=5)",1018.1917174418223,2024-10-11T03:00:00+02:00,2024-10-13T15:00:00+02:00,1.8364,2.1745
ICP/USDC,Long,jma,12h,"ParamA=20.0, ParamB=50.0, ATR=None",2024-10-10T18:00:00+02:00,7.872,2024-10-13T06:00:00+02:00,8.003,5029.971001384393,6.608387642865693,83.70505604437966,33090.31577569572,"Time-based exit (5 bars, optimal=5)",419.740068779579,2024-10-10T18:00:00+02:00,2024-10-13T06:00:00+02:00,7.872,8.003
XRP/USDC,Long,jma,12h,"ParamA=30.0, ParamB=-50.0, ATR=None",2024-10-08T15:00:00+02:00,0.5318,2024-10-11T03:00:00+02:00,0.5348,5026.42660503823,4.8842801576418085,28.35517076930181,24430.293153851446,"Time-based exit (5 bars, optimal=5)",4592.2152666809025,2024-10-08T15:00:00+02:00,2024-10-11T03:00:00+02:00,0.5318,0.5348
SOL/USDC,Long,jma,12h,"ParamA=20.0, ParamB=0.0, ATR=None",2024-10-08T03:00:00+02:00,145.06,2024-10-10T18:00:00+02:00,137.94,5057.456081895302,14.865678847352601,-248.23581485657365,73948.70147466338,Trend flip,51.23975888374673,2024-10-08T03:00:00+02:00,2024-10-10T18:00:00+02:00,145.06,137.94
ETH/USDC,Long,jma,12h,"ParamA=30.0, ParamB=0.0, ATR=2.0",2024-10-08T02:00:00+02:00,2436.4,2024-10-09T22:00:00+02:00,2389.267259675534,5069.715439005464,22.072196705540254,-98.07485688129209,110125.41537062124,ATR stop x2.00,4.529674254133199,2024-10-08T02:00:00+02:00,2024-10-09T22:00:00+02:00,2436.4,2389.267259675534
TNSR/USDC,Long,jma,12h,"ParamA=30.0, ParamB=50.0, ATR=None",2024-10-07T23:00:00+02:00,0.3644,2024-10-09T09:00:00+02:00,0.3278,5134.17440693001,8.606532383837523,-515.6717433963735,42591.83929837286,Trend flip,11809.182744014164,2024-10-07T23:00:00+02:00,2024-10-09T09:00:00+02:00,0.3644,0.3278
ETH/USDC,Long,jma,12h,"ParamA=30.0, ParamB=0.0, ATR=2.0",2024-10-07T13:00:00+02:00,2474.91,2024-10-07T20:00:00+02:00,2438.976135815938,5143.50940134685,22.108718674905568,-74.67995533471631,110360.98352770126,ATR stop x2.00,4.466570233848012,2024-10-07T13:00:00+02:00,2024-10-07T20:00:00+02:00,2474.91,2438.976135815938
ETH/USDC,Long,jma,12h,"ParamA=30.0, ParamB=0.0, ATR=2.0",2024-10-07T08:00:00+02:00,2490.52,2024-10-07T11:00:00+02:00,2460.1183097690264,5151.369725026517,22.14017314118255,-62.882589437335106,110543.59337452783,ATR stop x2.00,4.444889649788508,2024-10-07T08:00:00+02:00,2024-10-07T11:00:00+02:00,2490.52,2460.1183097690264
TNSR/USDC,Long,jma,12h,"ParamA=30.0, ParamB=50.0, ATR=None",2024-10-06T21:00:00+02:00,0.35,2024-10-07T21:00:00+02:00,0.3618,5129.751486618624,8.57932367162181,172.94590726314266,43032.661919187616,"Time-based exit (2 bars, optimal=2)",12256.176673745442,2024-10-06T21:00:00+02:00,2024-10-07T21:00:00+02:00,0.35,0.3618
ICP/USDC,Long,jma,12h,"ParamA=20.0, ParamB=50.0, ATR=None",2024-10-06T20:00:00+02:00,8.446,2024-10-09T08:00:00+02:00,8.015,5162.682998165649,6.643618802142619,-263.45209237620065,33041.93821432846,Trend flip,393.29971596866085,2024-10-06T20:00:00+02:00,2024-10-09T08:00:00+02:00,8.446,8.015
LUNC/USDT,Long,jma,12h,"ParamA=20.0, ParamB=0.0, ATR=None",2024-10-06T16:00:00+02:00,9e-05,2024-10-08T17:00:00+02:00,8.588e-05,5192.395036429663,30.618031946138963,-237.69630611211392,152358.72896753706,Trend flip,170100177.47854978,2024-10-06T16:00:00+02:00,2024-10-08T17:00:00+02:00,9e-05,8.588e-05
SUI/USDC,Long,jma,12h,"ParamA=20.0, ParamB=0.0, ATR=None",2024-10-06T14:00:00+02:00,1.7349,2024-10-09T02:00:00+02:00,1.9595,5109.707255464101,3.692549338726177,661.5022477245008,18698.072699101627,"Time-based exit (5 bars, optimal=5)",1064.196593096483,2024-10-06T14:00:00+02:00,2024-10-09T02:00:00+02:00,1.7349,1.9595
XRP/USDC,Long,jma,12h,"ParamA=30.0, ParamB=-50.0, ATR=None",2024-10-06T03:00:00+02:00,0.5327,2024-10-08T15:00:00+02:00,0.5318,5110.7865937254,4.886082880993471,-8.634706090393005,24421.400788209045,"Time-based exit (5 bars, optimal=5)",4586.148752575063,2024-10-06T03:00:00+02:00,2024-10-08T15:00:00+02:00,0.5327,0.5318
ETH/USDC,Long,jma,12h,"ParamA=30.0, ParamB=0.0, ATR=2.0",2024-10-04T17:00:00+02:00,2416.63,2024-10-07T05:00:00+02:00,2495.04,5090.142243261421,22.072969756436137,165.1548037118331,110700.86570591274,"Time-based exit (5 bars, optimal=5)",4.5668906196720505,2024-10-04T17:00:00+02:00,2024-10-07T05:00:00+02:00,2416.63,2495.04
SOL/USDC,Long,jma,12h,"ParamA=20.0, ParamB=0.0, ATR=None",2024-10-04T17:00:00+02:00,142.46,2024-10-07T05:00:00+02:00,149.93,5056.996305452797,14.791078899871282,265.1675024689905,74328.39423676301,"Time-based exit (5 bars, optimal=5)",51.91309455240517,2024-10-04T17:00:00+02:00,2024-10-07T05:00:00+02:00,142.46,149.93
TNSR/USDC,Long,jma,12h,"ParamA=30.0, ParamB=50.0, ATR=None",2024-10-04T17:00:00+02:00,0.344,2024-10-05T17:00:00+02:00,0.3526,5041.242422881293,8.559636507654204,126.03106057203311,42896.618358109044,"Time-based exit (2 bars, optimal=2)",12441.33213321832,2024-10-04T17:00:00+02:00,2024-10-05T17:00:00+02:00,0.344,0.3526
LUNC/USDT,Long,jma,12h,"ParamA=20.0, ParamB=0.0, ATR=None",2024-10-04T14:00:00+02:00,8.677e-05,2024-10-06T14:00:00+02:00,8.971e-05,5019.981122173689,30.520723704466196,170.09040566083544,153090.1597306948,"Time-based exit (4 bars, optimal=4)",175871405.4654039,2024-10-04T14:00:00+02:00,2024-10-06T14:00:00+02:00,8.677e-05,8.971e-05
ICP/USDC,Long,jma,12h,"ParamA=20.0, ParamB=50.0, ATR=None",2024-10-04T06:00:00+02:00,8.1,2024-10-06T18:00:00+02:00,8.395,4997.231380549275,6.620830068524045,181.99793299531305,33218.094010713095,"Time-based exit (5 bars, optimal=5)",408.69321410642254,2024-10-04T06:00:00+02:00,2024-10-06T18:00:00+02:00,8.1,8.395
SUI/USDC,Long,jma,12h,"ParamA=20.0, ParamB=0.0, ATR=None",2024-10-03T00:00:00+02:00,1.833,2024-10-05T12:00:00+02:00,1.6997,5043.074384879914,3.7203486443685434,-366.7440346451132,18462.746693630885,Trend flip,1014.8250530192427,2024-10-03T00:00:00+02:00,2024-10-05T12:00:00+02:00,1.833,1.6997
XRP/USDC,Long,jma,12h,"ParamA=30.0, ParamB=-50.0, ATR=None",2024-10-01T02:00:00+02:00,0.6195,2024-10-03T16:00:00+02:00,0.5171,5149.47186654542,4.969215163533167,-851.1798533240536,24430.414404967356,Trend flip,4010.6659915521923,2024-10-01T02:00:00+02:00,2024-10-03T16:00:00+02:00,0.6195,0.5171
LUNC/USDT,Long,jma,12h,"ParamA=20.0, ParamB=0.0, ATR=None",2024-10-01T02:00:00+02:00,9.322e-05,2024-10-03T06:00:00+02:00,8.6e-05,5199.813333326445,30.76515653645273,-402.7317342481972,152603.61852233097,Trend flip,165013712.381746,2024-10-01T02:00:00+02:00,2024-10-03T06:00:00+02:00,9.322e-05,8.6e-05
SUI/USDC,Long,jma,12h,"ParamA=20.0, ParamB=0.0, ATR=None",2024-09-30T05:00:00+02:00,1.7386,2024-10-02T17:00:00+02:00,1.8909,5143.49259236979,3.68877303573273,450.565927653238,18601.743221842717,"Time-based exit (5 bars, optimal=5)",1060.8458057439118,2024-09-30T05:00:00+02:00,2024-10-02T17:00:00+02:00,1.7386,1.8909
TNSR/USDC,Long,jma,12h,"ParamA=30.0, ParamB=50.0, ATR=None",2024-09-29T15:00:00+02:00,0.4089,2024-09-30T15:00:00+02:00,0.4211,5124.381119619924,8.535875919029705,152.89178199893132,42798.18253827102,"Time-based exit (2 bars, optimal=2)",10437.608118158112,2024-09-29T15:00:00+02:00,2024-09-30T15:00:00+02:00,0.4089,0.4211
SOL/USDC,Long,jma,12h,"ParamA=20.0, ParamB=0.0, ATR=None",2024-09-29T10:00:00+02:00,155.99,2024-10-02T00:00:00+02:00,144.64,5171.415841235106,14.90249152769754,-376.27777292146015,73955.39449935641,Trend flip,47.767457938642025,2024-09-29T10:00:00+02:00,2024-10-02T00:00:00+02:00,155.99,144.64
ICP/USDC,Long,jma,12h,"ParamA=20.0, ParamB=50.0, ATR=None",2024-09-29T00:00:00+02:00,9.639,2024-10-02T06:00:00+02:00,8.378,5257.389070009907,6.709953481990335,-687.7858301984115,33104.150342620225,Trend flip,348.062738976571,2024-09-29T00:00:00+02:00,2024-10-02T06:00:00+02:00,9.639,8.378
TNSR/USDC,Long,jma,12h,"ParamA=30.0, ParamB=50.0, ATR=None",2024-09-28T13:00:00+02:00,0.4207,2024-09-29T14:00:00+02:00,0.3989,5291.664768833466,8.582063208291462,-274.20559058847107,42679.37959514852,Trend flip,10199.74234405926,2024-09-28T13:00:00+02:00,2024-09-29T14:00:00+02:00,0.4207,0.3989
XRP/USDC,Long,jma,12h,"ParamA=30.0, ParamB=-50.0, ATR=None",2024-09-28T09:00:00+02:00,0.6083,2024-09-30T21:00:00+02:00,0.622,5276.809375023295,4.959038333165218,118.84315048137331,24846.075817665835,"Time-based exit (5 bars, optimal=5)",4076.145268095691,2024-09-28T09:00:00+02:00,2024-09-30T21:00:00+02:00,0.6083,0.622
LUNC/USDT,Long,jma,12h,"ParamA=20.0, ParamB=0.0, ATR=None",2024-09-27T14:00:00+02:00,9.219e-05,2024-09-29T14:00:00+02:00,0.00010814,5165.106043063666,30.24788070075105,893.6266556770314,153825.78268226364,"Time-based exit (4 bars, optimal=4)",164051853.2419517,2024-09-27T14:00:00+02:00,2024-09-29T14:00:00+02:00,9.219e-05,0.00010814
TNSR/USDC,Long,jma,12h,"ParamA=30.0, ParamB=50.0, ATR=None",2024-09-27T05:00:00+02:00,0.4306,2024-09-28T05:00:00+02:00,0.4395,5151.795841313871,8.566071351723364,106.48161399835939,42910.31604145731,"Time-based exit (2 bars, optimal=2)",9946.669010361546,2024-09-27T05:00:00+02:00,2024-09-28T05:00:00+02:00,0.4306,0.4395
SUI/USDC,Long,jma,12h,"ParamA=20.0, ParamB=0.0, ATR=None",2024-09-27T04:00:00+02:00,1.6557,2024-09-29T16:00:00+02:00,1.7844,5102.220452338217,3.661047384582974,396.60311180523564,18443.86517866365,"Time-based exit (5 bars, optimal=5)",1105.588990935246,2024-09-27T04:00:00+02:00,2024-09-29T16:00:00+02:00,1.6557,1.7844
ETH/USDC,Long,jma,12h,"ParamA=30.0, ParamB=0.0, ATR=2.0",2024-09-26T17:00:00+02:00,2652.2,2024-09-29T05:00:00+02:00,2675.21,5096.693205587379,22.05824407789208,44.21797400669886,110364.84878218069,"Time-based exit (5 bars, optimal=5)",4.158480521433542,2024-09-26T17:00:00+02:00,2024-09-29T05:00:00+02:00,2652.2,2675.21
SOL/USDC,Long,jma,12h,"ParamA=20.0, ParamB=0.0, ATR=None",2024-09-26T16:00:00+02:00,153.38,2024-09-29T04:00:00+02:00,157.7,5078.8123952247415,14.863600410399956,143.04648290110086,74512.4576384877,"Time-based exit (5 bars, optimal=5)",48.45351548572159,2024-09-26T16:00:00+02:00,2024-09-29T04:00:00+02:00,153.38,157.7
ICP/USDC,Long,jma,12h,"ParamA=20.0, ParamB=50.0, ATR=None",2024-09-26T12:00:00+02:00,9.243,2024-09-29T00:00:00+02:00,9.639,5051.758188761075,6.682659340927574,216.4336517093347,33549.76740995167,"Time-based exit (5 bars, optimal=5)",361.49839559274983,2024-09-26T12:00:00+02:00,2024-09-29T00:00:00+02:00,9.243,9.639
TNSR/USDC,Long,jma,12h,"ParamA=30.0, ParamB=50.0, ATR=None",2024-09-26T03:00:00+02:00,0.3898,2024-09-27T03:00:00+02:00,0.4269,4992.36340859849,8.486992093734326,475.1582413006775,42830.356758616814,"Time-based exit (2 bars, optimal=2)",10886.341833933204,2024-09-26T03:00:00+02:00,2024-09-27T03:00:00+02:00,0.3898,0.4269
LUNC/USDT,Long,jma,12h,"ParamA=20.0, ParamB=0.0, ATR=None",2024-09-25T12:00:00+02:00,8.751e-05,2024-09-27T12:00:00+02:00,9.084e-05,4968.72915524606,30.13922039044657,189.07402681944274,151239.40350375525,"Time-based exit (4 bars, optimal=4)",172204436.00986502,2024-09-25T12:00:00+02:00,2024-09-27T12:00:00+02:00,8.751e-05,9.084e-05
TNSR/USDC,Long,jma,12h,"ParamA=30.0, ParamB=50.0, ATR=None",2024-09-24T19:00:00+02:00,0.399,2024-09-25T19:00:00+02:00,0.3941,4976.368317136401,8.499129447014798,-61.11329512272792,42434.96046867163,Trend flip,10650.538154153883,2024-09-24T19:00:00+02:00,2024-09-25T19:00:00+02:00,0.399,0.3941
SUI/USDC,Long,jma,12h,"ParamA=20.0, ParamB=0.0, ATR=None",2024-09-24T14:00:00+02:00,1.5651,2024-09-27T02:00:00+02:00,1.6544,4941.127542620713,3.641001104030035,281.92619612550664,18305.236922914868,"Time-based exit (5 bars, optimal=5)",1163.1848137595155,2024-09-24T14:00:00+02:00,2024-09-27T02:00:00+02:00,1.5651,1.6544
XRP/USDC,Long,jma,12h,"ParamA=30.0, ParamB=-50.0, ATR=None",2024-09-24T14:00:00+02:00,0.589,2024-09-27T02:00:00+02:00,0.5894,4940.708127669298,4.959693450568365,3.3553196113209682,24795.19166582609,"Time-based exit (5 bars, optimal=5)",4210.26608706992,2024-09-24T14:00:00+02:00,2024-09-27T02:00:00+02:00,0.589,0.5894
ETH/USDC,Long,jma,12h,"ParamA=30.0, ParamB=0.0, ATR=2.0",2024-09-24T07:00:00+02:00,2631.91,2024-09-25T19:00:00+02:00,2591.6278869424877,4950.178609867471,22.09648265443099,-75.76385758538841,110291.2203894604,ATR stop x2.00,4.19780362064641,2024-09-24T07:00:00+02:00,2024-09-25T19:00:00+02:00,2631.91,2591.6278869424877
SOL/USDC,Long,jma,12h,"ParamA=20.0, ParamB=0.0, ATR=None",2024-09-24T03:00:00+02:00,144.39,2024-09-26T15:00:00+02:00,152.1,4917.357064945102,14.787596527098595,262.5723593789513,74318.00205199978,"Time-based exit (5 bars, optimal=5)",51.20713528325575,2024-09-24T03:00:00+02:00,2024-09-26T15:00:00+02:00,144.39,152.1
ICP/USDC,Long,jma,12h,"ParamA=20.0, ParamB=50.0, ATR=None",2024-09-23T23:00:00+02:00,8.686,2024-09-26T11:00:00+02:00,9.161,4883.971638278879,6.647635805601237,267.08341332977966,33413.29670463787,"Time-based exit (5 bars, optimal=5)",382.66381565745087,2024-09-23T23:00:00+02:00,2024-09-26T11:00:00+02:00,8.686,9.161
TNSR/USDC,Long,jma,12h,"ParamA=30.0, ParamB=50.0, ATR=None",2024-09-23T16:00:00+02:00,0.3872,2024-09-24T16:00:00+02:00,0.3932,4874.529754714737,8.487674593616967,75.53506851314165,42495.64723507399,"Time-based exit (2 bars, optimal=2)",10960.323597129347,2024-09-23T16:00:00+02:00,2024-09-24T16:00:00+02:00,0.3872,0.3932
LUNC/USDT,Long,jma,12h,"ParamA=20.0, ParamB=0.0, ATR=None",2024-09-23T08:00:00+02:00,8.555e-05,2024-09-25T08:00:00+02:00,8.726e-05,4862.380907036431,30.085102372864338,97.19078142644389,150696.10195223286,"Time-based exit (4 bars, optimal=4)",175833444.61054552,2024-09-23T08:00:00+02:00,2024-09-25T08:00:00+02:00,8.555e-05,8.726e-05
XRP/USDC,Long,jma,12h,"ParamA=30.0, ParamB=-50.0, ATR=None",2024-09-22T00:00:00+02:00,0.5986,2024-09-24T13:00:00+02:00,0.5877,4873.473636454522,4.969736868685282,-88.74183534472836,24798.46725284183,Trend flip,4151.13336843074,2024-09-22T00:00:00+02:00,2024-09-24T13:00:00+02:00,0.5986,0.5877
ICP/USDC,Long,jma,12h,"ParamA=20.0, ParamB=50.0, ATR=None",2024-09-21T09:00:00+02:00,8.4,2024-09-23T21:00:00+02:00,8.671,4853.899132512397,6.6275794876754395,156.59603153700652,33238.17902800618,"Time-based exit (5 bars, optimal=5)",394.4987790282999,2024-09-21T09:00:00+02:00,2024-09-23T21:00:00+02:00,8.4,8.671
ETH/USDC,Long,jma,12h,"ParamA=30.0, ParamB=0.0, ATR=2.0",2024-09-21T08:00:00+02:00,2548.52,2024-09-23T20:00:00+02:00,2680.06,4822.783575662605,21.98739380461458,248.9244547983374,110482.41327215494,"Time-based exit (5 bars, optimal=5)",4.31375735811659,2024-09-21T08:00:00+02:00,2024-09-23T20:00:00+02:00,2548.52,2680.06
TNSR/USDC,Long,jma,12h,"ParamA=30.0, ParamB=50.0, ATR=None",2024-09-21T07:00:00+02:00,0.3837,2024-09-22T07:00:00+02:00,0.3847,4821.2129433511145,8.487160099627086,12.565058491923688,42438.372968084834,"Time-based exit (2 bars, optimal=2)",11059.630049031908,2024-09-21T07:00:00+02:00,2024-09-22T07:00:00+02:00,0.3837,0.3847
SOL/USDC,Long,jma,12h,"ParamA=20.0, ParamB=0.0, ATR=None",2024-09-21T02:00:00+02:00,147.2,2024-09-23T18:00:00+02:00,143.27,4837.356635246937,14.830156658748878,-129.14953516657854,73937.98263549297,Trend flip,50.37417343325027,2024-09-21T02:00:00+02:00,2024-09-23T18:00:00+02:00,147.2,143.27
LUNC/USDT,Long,jma,12h,"ParamA=20.0, ParamB=0.0, ATR=None",2024-09-20T23:00:00+02:00,8.529e-05,2024-09-23T00:00:00+02:00,8.45e-05,4842.963889134287,30.11902397216928,-44.858031098793994,150425.51186432168,"Time-based exit (4 bars, optimal=4)",176568319.68677032,2024-09-20T23:00:00+02:00,2024-09-23T00:00:00+02:00,8.529e-05,8.45e-05
SUI/USDC,Long,jma,12h,"ParamA=20.0, ParamB=0.0, ATR=None",2024-09-20T21:00:00+02:00,1.4949,2024-09-23T09:00:00+02:00,1.5614,4816.183152991905,3.625597903283689,214.24588913904725,18205.005520150175,"Time-based exit (5 bars, optimal=5)",1212.6556636844234,2024-09-20T21:00:00+02:00,2024-09-23T09:00:00+02:00,1.4949,1.5614
TNSR/USDC,Long,jma,12h,"ParamA=30.0, ParamB=50.0, ATR=None",2024-09-20T04:00:00+02:00,0.3731,2024-09-21T04:00:00+02:00,0.3813,4802.988130654941,8.470238239057192,105.5601786957128,42435.80049813543,"Time-based exit (2 bars, optimal=2)",11351.163547382996,2024-09-20T04:00:00+02:00,2024-09-21T04:00:00+02:00,0.3731,0.3813
TNSR/USDC,Long,jma,12h,"ParamA=30.0, ParamB=50.0, ATR=None",2024-09-18T19:00:00+02:00,0.3469,2024-09-19T19:00:00+02:00,0.383,4741.312794861307,8.384660559980002,493.40268634907267,42351.19119528595,"Time-based exit (2 bars, optimal=2)",12085.12620348804,2024-09-18T19:00:00+02:00,2024-09-19T19:00:00+02:00,0.3469,0.383
LUNC/USDT,Long,jma,12h,"ParamA=20.0, ParamB=0.0, ATR=None",2024-09-18T18:00:00+02:00,7.973e-05,2024-09-20T18:00:00+02:00,8.477e-05,4704.142224169886,29.93577706710583,297.3645655313715,150595.1198608464,"Time-based exit (4 bars, optimal=4)",187732202.85404384,2024-09-18T18:00:00+02:00,2024-09-20T18:00:00+02:00,7.973e-05,8.477e-05
ICP/USDC,Long,jma,12h,"ParamA=20.0, ParamB=50.0, ATR=None",2024-09-18T14:00:00+02:00,7.741,2024-09-21T02:00:00+02:00,8.515,4646.073803999756,6.563267940438063,464.54736136104066,33137.89743837719,"Time-based exit (5 bars, optimal=5)",423.9289459009213,2024-09-18T14:00:00+02:00,2024-09-21T02:00:00+02:00,7.741,8.515
SOL/USDC,Long,jma,12h,"ParamA=20.0, ParamB=0.0, ATR=None",2024-09-18T14:00:00+02:00,129.96,2024-09-21T02:00:00+02:00,147.2,4570.289153902345,14.638890475777243,606.2772007792885,74150.78329374439,"Time-based exit (5 bars, optimal=5)",56.320754369718536,2024-09-18T14:00:00+02:00,2024-09-21T02:00:00+02:00,129.96,147.2
ETH/USDC,Long,jma,12h,"ParamA=30.0, ParamB=0.0, ATR=2.0",2024-09-18T14:00:00+02:00,2310.85,2024-09-21T02:00:00+02:00,2568.61,4507.442240861448,21.749146323095673,502.7753043271731,109936.9690230729,"Time-based exit (5 bars, optimal=5)",4.705875829910135,2024-09-18T14:00:00+02:00,2024-09-21T02:00:00+02:00,2310.85,2568.61
SUI/USDC,Long,jma,12h,"ParamA=20.0, ParamB=0.0, ATR=None",2024-09-18T09:00:00+02:00,1.2062,2024-09-20T21:00:00+02:00,1.4949,4376.504497491183,3.5415406027154614,1047.501946962116,18127.989516418445,"Time-based exit (5 bars, optimal=5)",1468.0569568543615,2024-09-18T09:00:00+02:00,2024-09-20T21:00:00+02:00,1.2062,1.4949
TNSR/USDC,Long,jma,12h,"ParamA=30.0, ParamB=50.0, ATR=None",2024-09-17T16:00:00+02:00,0.3325,2024-09-18T16:00:00+02:00,0.3492,4349.19937360427,8.344419128184384,218.44099109531206,41923.30279990001,"Time-based exit (2 bars, optimal=2)",12547.998688999072,2024-09-17T16:00:00+02:00,2024-09-18T16:00:00+02:00,0.3325,0.3492
ETH/USDC,Long,jma,12h,"ParamA=30.0, ParamB=0.0, ATR=2.0",2024-09-17T14:00:00+02:00,2318.99,2024-09-18T12:00:00+02:00,2285.9679914457247,4356.954656828236,21.78452400582478,-62.04226579173291,108745.73161547836,ATR stop x2.00,4.696985326763976,2024-09-17T14:00:00+02:00,2024-09-18T12:00:00+02:00,2318.99,2285.9679914457247
XRP/USDC,Long,jma,12h,"ParamA=30.0, ParamB=-50.0, ATR=None",2024-09-17T11:00:00+02:00,0.5865,2024-09-19T23:00:00+02:00,0.5874,4356.119084113891,4.969968207358873,6.684581714752863,24848.684343426412,"Time-based exit (5 bars, optimal=5)",4236.972043784205,2024-09-17T11:00:00+02:00,2024-09-19T23:00:00+02:00,0.5865,0.5874
SUI/USDC,Long,jma,12h,"ParamA=20.0, ParamB=0.0, ATR=None",2024-09-15T18:00:00+02:00,1.0872,2024-09-18T06:00:00+02:00,1.1964,4302.1053442781695,3.5070170009187787,432.1099186857763,17707.703013577306,"Time-based exit (5 bars, optimal=5)",1612.866538318055,2024-09-15T18:00:00+02:00,2024-09-18T06:00:00+02:00,1.0872,1.1964
TNSR/USDC,Long,jma,12h,"ParamA=30.0, ParamB=50.0, ATR=None",2024-09-15T02:00:00+02:00,0.3481,2024-09-16T11:00:00+02:00,0.327,4334.9505962100975,8.39699672659062,-262.762015455424,41722.095640921914,Trend flip,12061.184611592385,2024-09-15T02:00:00+02:00,2024-09-16T11:00:00+02:00,0.3481,0.327
ETH/USDC,Long,jma,12h,"ParamA=30.0, ParamB=0.0, ATR=2.0",2024-09-14T22:00:00+02:00,2416.61,2024-09-15T18:00:00+02:00,2390.8215397065323,4340.740784809691,21.812162933075996,-46.32150879674456,108922.6200291239,ATR stop x2.00,4.512967117796417,2024-09-14T22:00:00+02:00,2024-09-15T18:00:00+02:00,2416.61,2390.8215397065323
XRP/USDC,Long,jma,12h,"ParamA=30.0, ParamB=-50.0, ATR=None",2024-09-14T17:00:00+02:00,0.5873,2024-09-17T05:00:00+02:00,0.5866,4341.387594642028,4.971555075593968,-5.174478658691582,24849.841036794365,"Time-based exit (5 bars, optimal=5)",4232.551571253164,2024-09-14T17:00:00+02:00,2024-09-17T05:00:00+02:00,0.5873,0.5866
ETH/USDC,Long,jma,12h,"ParamA=30.0, ParamB=0.0, ATR=2.0",2024-09-14T14:00:00+02:00,2421.48,2024-09-14T20:00:00+02:00,2395.782314686454,4347.154305669815,21.839708020229196,-46.13368822229792,109060.81466537999,ATR stop x2.00,4.509578443808992,2024-09-14T14:00:00+02:00,2024-09-14T20:00:00+02:00,2421.48,2395.782314686454
LUNC/USDT,Long,jma,12h,"ParamA=20.0, ParamB=0.0, ATR=None",2024-09-13T23:00:00+02:00,8.528e-05,2024-09-16T11:00:00+02:00,8.22e-05,4401.3138869559925,30.05031782826889,-158.95927265272533,149678.88533552914,Trend flip,176186197.398387,2024-09-13T23:00:00+02:00,2024-09-16T11:00:00+02:00,8.528e-05,8.22e-05
ICP/USDC,Long,jma,12h,"ParamA=20.0, ParamB=50.0, ATR=None",2024-09-13T23:00:00+02:00,8.609,2024-09-16T13:00:00+02:00,8.07,4381.443977874402,6.605948243844903,-274.3173776366943,32816.339702190315,Trend flip,383.6652482195901,2024-09-13T23:00:00+02:00,2024-09-16T13:00:00+02:00,8.609,8.07
TNSR/USDC,Long,jma,12h,"ParamA=30.0, ParamB=50.0, ATR=None",2024-09-13T17:00:00+02:00,0.3499,2024-09-14T17:00:00+02:00,0.3545,4394.092956832589,8.387647340435386,57.76744098722458,41984.9836329531,"Time-based exit (2 bars, optimal=2)",11985.777851436676,2024-09-13T17:00:00+02:00,2024-09-14T17:00:00+02:00,0.3499,0.3545
SOL/USDC,Long,jma,12h,"ParamA=20.0, ParamB=0.0, ATR=None",2024-09-13T16:00:00+02:00,133.86,2024-09-16T11:00:00+02:00,130.89,4406.313514821364,14.674383936376739,-97.76446391020147,73194.45237888621,Trend flip,54.81243066030456,2024-09-13T16:00:00+02:00,2024-09-16T11:00:00+02:00,133.86,130.89
SUI/USDC,Long,jma,12h,"ParamA=20.0, ParamB=0.0, ATR=None",2024-09-13T00:00:00+02:00,1.0441,2024-09-15T12:00:00+02:00,1.1062,4373.795948448572,3.4869748938471785,260.1405309823355,17535.085004593893,"Time-based exit (5 bars, optimal=5)",1669.8471860201028,2024-09-13T00:00:00+02:00,2024-09-15T12:00:00+02:00,1.0441,1.1062
TNSR/USDC,Long,jma,12h,"ParamA=30.0, ParamB=50.0, ATR=None",2024-09-12T15:00:00+02:00,0.3257,2024-09-13T15:00:00+02:00,0.3396,4350.587029310021,8.353666870401856,185.67135310841076,41938.23670217693,"Time-based exit (2 bars, optimal=2)",12824.1738876295,2024-09-12T15:00:00+02:00,2024-09-13T15:00:00+02:00,0.3257,0.3396
ETH/USDC,Long,jma,12h,"ParamA=30.0, ParamB=0.0, ATR=2.0",2024-09-11T17:00:00+02:00,2326.0,2024-09-14T05:00:00+02:00,2433.95,4325.493680064376,21.743146389286785,200.7467939651542,109198.54010114598,"Time-based exit (5 bars, optimal=5)",4.673935165366893,2024-09-11T17:00:00+02:00,2024-09-14T05:00:00+02:00,2326.0,2433.95
LUNC/USDT,Long,jma,12h,"ParamA=20.0, ParamB=0.0, ATR=None",2024-09-11T17:00:00+02:00,8.282e-05,2024-09-13T17:00:00+02:00,8.532e-05,4309.233892676531,29.965856229442807,130.0782991027693,150251.58914134445,"Time-based exit (4 bars, optimal=4)",180909540.14394352,2024-09-11T17:00:00+02:00,2024-09-13T17:00:00+02:00,8.282e-05,8.532e-05
XRP/USDC,Long,jma,12h,"ParamA=30.0, ParamB=-50.0, ATR=None",2024-09-11T17:00:00+02:00,0.5321,2024-09-14T05:00:00+02:00,0.5777,4263.561462055005,4.930289451658396,365.37944497220093,24857.775377969836,"Time-based exit (5 bars, optimal=5)",4632.859849331326,2024-09-11T17:00:00+02:00,2024-09-14T05:00:00+02:00,0.5321,0.5777
ICP/USDC,Long,jma,12h,"ParamA=20.0, ParamB=50.0, ATR=None",2024-09-11T09:00:00+02:00,8.782,2024-09-13T22:00:00+02:00,8.516,4279.765310446299,6.6273474370656285,-129.63078713034793,33029.74121922452,Trend flip,377.32563408481144,2024-09-11T09:00:00+02:00,2024-09-13T22:00:00+02:00,8.782,8.516
SOL/USDC,Long,jma,12h,"ParamA=20.0, ParamB=0.0, ATR=None",2024-09-10T16:00:00+02:00,135.13,2024-09-13T04:00:00+02:00,134.73,4281.349469948241,14.681666207961545,-12.673276015535563,73371.9196818837,"Time-based exit (5 bars, optimal=5)",54.32422929017075,2024-09-10T16:00:00+02:00,2024-09-13T04:00:00+02:00,135.13,134.73
SUI/USDC,Long,jma,12h,"ParamA=20.0, ParamB=0.0, ATR=None",2024-09-10T12:00:00+02:00,0.9274,2024-09-13T00:00:00+02:00,1.0441,4215.049030300294,3.4443219029256897,530.4035171835718,17434.874469235892,"Time-based exit (5 bars, optimal=5)",1856.977519369037,2024-09-10T12:00:00+02:00,2024-09-13T00:00:00+02:00,0.9274,1.0441
TNSR/USDC,Long,jma,12h,"ParamA=30.0, ParamB=50.0, ATR=None",2024-09-10T09:00:00+02:00,0.3373,2024-09-11T10:00:00+02:00,0.3203,4241.772321683567,8.397670864907905,-213.78633106617463,41768.33435200928,Trend flip,12448.370686196124,2024-09-10T09:00:00+02:00,2024-09-11T10:00:00+02:00,0.3373,0.3203
LUNC/USDT,Long,jma,12h,"ParamA=20.0, ParamB=0.0, ATR=None",2024-09-09T15:00:00+02:00,7.934e-05,2024-09-11T15:00:00+02:00,8.161e-05,4226.656192434722,29.886325605573937,120.9290339907592,149829.28114721403,"Time-based exit (4 bars, optimal=4)",188343367.81934673,2024-09-09T15:00:00+02:00,2024-09-11T15:00:00+02:00,7.934e-05,8.161e-05
TNSR/USDC,Long,jma,12h,"ParamA=30.0, ParamB=50.0, ATR=None",2024-09-09T08:00:00+02:00,0.332,2024-09-10T08:00:00+02:00,0.3335,4224.27049750014,8.395556803014133,19.085559476657277,41988.35432453953,"Time-based exit (2 bars, optimal=2)",12643.91084791285,2024-09-09T08:00:00+02:00,2024-09-10T08:00:00+02:00,0.332,0.3335
XRP/USDC,Long,jma,12h,"ParamA=30.0, ParamB=-50.0, ATR=None",2024-09-08T19:00:00+02:00,0.5263,2024-09-11T07:00:00+02:00,0.5309,4219.660380231219,4.926968545669625,36.88093815136579,24651.447258291984,"Time-based exit (5 bars, optimal=5)",4680.7605412023795,2024-09-08T19:00:00+02:00,2024-09-11T07:00:00+02:00,0.5263,0.5309
ETH/USDC,Long,jma,12h,"ParamA=30.0, ParamB=0.0, ATR=2.0",2024-09-08T19:00:00+02:00,2281.5,2024-09-11T07:00:00+02:00,2326.72,4209.23185379966,21.704468389229763,83.42821145247414,108715.73194643391,"Time-based exit (5 bars, optimal=5)",4.756622482846759,2024-09-08T19:00:00+02:00,2024-09-11T07:00:00+02:00,2281.5,2326.72
ICP/USDC,Long,jma,12h,"ParamA=20.0, ParamB=50.0, ATR=None",2024-09-08T09:00:00+02:00,7.347,2024-09-10T21:00:00+02:00,8.4,4135.148697770794,6.53499243696685,592.6652482309304,33136.737185328144,"Time-based exit (5 bars, optimal=5)",444.738834692177,2024-09-08T09:00:00+02:00,2024-09-10T21:00:00+02:00,7.347,8.4
ETH/USDC,Long,jma,12h,"ParamA=30.0, ParamB=0.0, ATR=2.0",2024-09-08T03:00:00+02:00,2279.98,2024-09-08T17:00:00+02:00,2242.2822467510205,4143.71284440492,21.744770685051378,-68.51317307301112,108522.34194614881,ATR stop x2.00,4.768631892615589,2024-09-08T03:00:00+02:00,2024-09-08T17:00:00+02:00,2279.98,2242.2822467510205
TNSR/USDC,Long,jma,12h,"ParamA=30.0, ParamB=50.0, ATR=None",2024-09-08T03:00:00+02:00,0.3253,2024-09-09T03:00:00+02:00,0.3355,4127.5351398145,8.370983219504653,129.42163672335715,41977.78401507067,"Time-based exit (2 bars, optimal=2)",12866.558898716037,2024-09-08T03:00:00+02:00,2024-09-09T03:00:00+02:00,0.3253,0.3355
SUI/USDC,Long,jma,12h,"ParamA=20.0, ParamB=0.0, ATR=None",2024-09-07T21:00:00+02:00,0.91,2024-09-10T09:00:00+02:00,0.9281,4117.298449986923,3.4381709772652638,81.89351862061903,17221.60951462845,"Time-based exit (5 bars, optimal=5)",1889.1049325633317,2024-09-07T21:00:00+02:00,2024-09-10T09:00:00+02:00,0.91,0.9281
SOL/USDC,Long,jma,12h,"ParamA=20.0, ParamB=0.0, ATR=None",2024-09-07T20:00:00+02:00,127.6,2024-09-10T08:00:00+02:00,133.92,4091.964188942529,14.612214672268465,202.67408835514698,73408.33103980773,"Time-based exit (5 bars, optimal=5)",57.2578944838106,2024-09-07T20:00:00+02:00,2024-09-10T08:00:00+02:00,127.6,133.92
LUNC/USDT,Long,jma,12h,"ParamA=20.0, ParamB=0.0, ATR=None",2024-09-07T13:00:00+02:00,7.549e-05,2024-09-09T13:00:00+02:00,7.933e-05,4066.109998990016,29.740988341286254,206.83351962010434,149431.62802786968,"Time-based exit (4 bars, optimal=4)",196986278.58846375,2024-09-07T13:00:00+02:00,2024-09-09T13:00:00+02:00,7.549e-05,7.933e-05
TNSR/USDC,Long,jma,12h,"ParamA=30.0, ParamB=50.0, ATR=None",2024-09-05T19:00:00+02:00,0.3228,2024-09-07T10:00:00+02:00,0.3267,4059.9785258445722,8.362552274609211,49.05178516354985,41854.916097523266,"Time-based exit (3 bars, optimal=2)",12953.14788508242,2024-09-05T19:00:00+02:00,2024-09-07T10:00:00+02:00,0.3228,0.3267
SOL/USDC,Long,jma,12h,"ParamA=20.0, ParamB=0.0, ATR=None",2024-09-05T06:00:00+02:00,133.45,2024-09-07T18:00:00+02:00,127.51,4082.694152734082,14.680495201053342,-181.7250151160763,73061.07336134232,Trend flip,55.003728741301394,2024-09-05T06:00:00+02:00,2024-09-07T18:00:00+02:00,133.45,127.51
SUI/USDC,Long,jma,12h,"ParamA=20.0, ParamB=0.0, ATR=None",2024-09-05T06:00:00+02:00,0.8058,2024-09-07T18:00:00+02:00,0.8647,4045.728803619354,3.4138998356242642,295.72279291782104,17190.85488632632,"Time-based exit (5 bars, optimal=5)",2118.3295083297744,2024-09-05T06:00:00+02:00,2024-09-07T18:00:00+02:00,0.8058,0.8647
LUNC/USDT,Long,jma,12h,"ParamA=20.0, ParamB=0.0, ATR=None",2024-09-04T22:00:00+02:00,7.681e-05,2024-09-07T11:00:00+02:00,7.517e-05,4056.5554390183747,29.810600226167992,-86.61308319216447,148704.94170643127,Trend flip,194054161.08688965,2024-09-04T22:00:00+02:00,2024-09-07T11:00:00+02:00,7.681e-05,7.517e-05
ETH/USDC,Long,jma,12h,"ParamA=30.0, ParamB=0.0, ATR=2.0",2024-09-04T21:00:00+02:00,2452.05,2024-09-05T08:00:00+02:00,2401.3305597674657,4067.0711080497053,21.794209770878616,-84.12535225064525,108723.8534252569,ATR stop x2.00,4.444079397010382,2024-09-04T21:00:00+02:00,2024-09-05T08:00:00+02:00,2452.05,2401.3305597674657
TNSR/USDC,Long,jma,12h,"ParamA=30.0, ParamB=50.0, ATR=None",2024-09-04T14:00:00+02:00,0.302,2024-09-05T14:00:00+02:00,0.3218,4034.0109192249315,8.309733189080209,264.48151059819065,41812.76137304605,"Time-based exit (2 bars, optimal=2)",13757.836405761936,2024-09-04T14:00:00+02:00,2024-09-05T14:00:00+02:00,0.302,0.3218
TNSR/USDC,Long,jma,12h,"ParamA=30.0, ParamB=50.0, ATR=None",2024-09-03T07:00:00+02:00,0.3189,2024-09-04T07:00:00+02:00,0.2981,4067.1706675334513,8.365972778680332,-265.27798646815916,41548.665945401044,Trend flip,13116.92188567001,2024-09-03T07:00:00+02:00,2024-09-04T07:00:00+02:00,0.3189,0.2981
XRP/USDC,Long,jma,12h,"ParamA=30.0, ParamB=-50.0, ATR=None",2024-09-03T07:00:00+02:00,0.5675,2024-09-06T06:00:00+02:00,0.5447,4087.6992009656133,4.9478366461322105,-164.2282674572972,24634.84272834812,Trend flip,4359.327441526177,2024-09-03T07:00:00+02:00,2024-09-06T06:00:00+02:00,0.5675,0.5447
SOL/USDC,Long,jma,12h,"ParamA=20.0, ParamB=0.0, ATR=None",2024-09-02T16:00:00+02:00,132.92,2024-09-05T04:00:00+02:00,133.05,4087.1995245266007,14.681995654175267,3.997411512101683,73402.47600526671,"Time-based exit (5 bars, optimal=5)",55.22869265037342,2024-09-02T16:00:00+02:00,2024-09-05T04:00:00+02:00,132.92,133.05
ICP/USDC,Long,jma,12h,"ParamA=20.0, ParamB=50.0, ATR=None",2024-09-02T16:00:00+02:00,7.403,2024-09-05T04:00:00+02:00,7.573,4075.500970477883,6.521321358392024,93.58843238973976,32674.962184834247,"Time-based exit (5 bars, optimal=5)",440.4512601912755,2024-09-02T16:00:00+02:00,2024-09-05T04:00:00+02:00,7.403,7.573
SUI/USDC,Long,jma,12h,"ParamA=20.0, ParamB=0.0, ATR=None",2024-09-02T16:00:00+02:00,0.7821,2024-09-05T04:00:00+02:00,0.8042,4061.156328669993,3.4049593466648935,114.75713446312092,17069.49917812132,"Time-based exit (5 bars, optimal=5)",2176.8056173538507,2024-09-02T16:00:00+02:00,2024-09-05T04:00:00+02:00,0.7821,0.8042
LUNC/USDT,Long,jma,12h,"ParamA=20.0, ParamB=0.0, ATR=None",2024-09-02T16:00:00+02:00,7.717e-05,2024-09-04T16:00:00+02:00,7.658e-05,4065.0412164464983,29.83938167667624,-31.079102212043598,149053.00113083996,"Time-based exit (4 bars, optimal=4)",193335374.3467425,2024-09-02T16:00:00+02:00,2024-09-04T16:00:00+02:00,7.717e-05,7.658e-05
ETH/USDC,Long,jma,12h,"ParamA=30.0, ParamB=0.0, ATR=2.0",2024-09-02T05:00:00+02:00,2450.27,2024-09-04T02:00:00+02:00,2401.931923008629,4075.090212293314,21.841666586734192,-80.3919667745256,108971.04885439308,ATR stop x2.00,4.456991798196564,2024-09-02T05:00:00+02:00,2024-09-04T02:00:00+02:00,2450.27,2401.931923008629
TNSR/USDC,Long,jma,12h,"ParamA=30.0, ParamB=50.0, ATR=None",2024-09-02T04:00:00+02:00,0.2946,2024-09-03T04:00:00+02:00,0.3193,4032.824947441899,8.298059387546168,338.12211881132015,41829.86389340166,"Time-based exit (2 bars, optimal=2)",14083.603848516917,2024-09-02T04:00:00+02:00,2024-09-03T04:00:00+02:00,0.2946,0.3193
XRP/USDC,Long,jma,12h,"ParamA=30.0, ParamB=-50.0, ATR=None",2024-08-31T06:00:00+02:00,0.568,2024-09-02T21:00:00+02:00,0.5677,4033.0912166683515,4.949087859189569,-2.1301538116203735,24739.183230661052,"Time-based exit (5 bars, optimal=5)",4356.591425342931,2024-08-31T06:00:00+02:00,2024-09-02T21:00:00+02:00,0.568,0.5677
SUI/USDC,Long,jma,12h,"ParamA=20.0, ParamB=0.0, ATR=None",2024-08-30T15:00:00+02:00,0.8101,2024-09-02T04:00:00+02:00,0.7739,4055.745516709222,3.42093024731165,-181.23440032696442,17024.796733324467,Trend flip,2111.424668134582,2024-08-30T15:00:00+02:00,2024-09-02T04:00:00+02:00,0.8101,0.7739
ICP/USDC,Long,jma,12h,"ParamA=20.0, ParamB=50.0, ATR=None",2024-08-29T04:00:00+02:00,7.767,2024-08-31T18:00:00+02:00,7.49,4073.906843405878,6.545975929301027,-145.29061357324946,32606.606791960123,Trend flip,421.3966737029114,2024-08-29T04:00:00+02:00,2024-08-31T18:00:00+02:00,7.767,7.49
SUI/USDC,Long,jma,12h,"ParamA=20.0, ParamB=0.0, ATR=None",2024-08-25T20:00:00+02:00,1.0073,2024-08-28T09:00:00+02:00,0.8173,4172.28037554038,3.4874082883646653,-786.9882570760175,17104.65123655825,Trend flip,1731.0673525090167,2024-08-25T20:00:00+02:00,2024-08-28T09:00:00+02:00,1.0073,0.8173
TNSR/USDC,Long,jma,12h,"ParamA=30.0, ParamB=50.0, ATR=None",2024-08-24T20:00:00+02:00,0.4422,2024-08-26T01:00:00+02:00,0.4086,4212.288543525014,8.36327934919004,-320.0653438770699,41490.29693773084,Trend flip,9456.44431161244,2024-08-24T20:00:00+02:00,2024-08-26T01:00:00+02:00,0.4422,0.4086
ICP/USDC,Long,jma,12h,"ParamA=20.0, ParamB=50.0, ATR=None",2024-08-24T18:00:00+02:00,8.741,2024-08-27T08:00:00+02:00,8.201,4245.069943961739,6.5879927163447665,-262.2512034938034,32729.87964650513,Trend flip,376.84433796732446,2024-08-24T18:00:00+02:00,2024-08-27T08:00:00+02:00,8.741,8.201
ETH/USDC,Long,jma,12h,"ParamA=30.0, ParamB=0.0, ATR=2.0",2024-08-24T09:00:00+02:00,2760.5,2024-08-26T04:00:00+02:00,2721.5769557504655,4252.565088823463,21.87688837245662,-59.96115889378788,109208.33293367096,ATR stop x2.00,3.962486573529545,2024-08-24T09:00:00+02:00,2024-08-26T04:00:00+02:00,2760.5,2721.5769557504655
LUNC/USDT,Long,jma,12h,"ParamA=20.0, ParamB=0.0, ATR=None",2024-08-24T09:00:00+02:00,9.004e-05,2024-08-26T09:00:00+02:00,9.016e-05,4251.8567608424255,29.841372869126236,5.666623848302033,149196.9083833812,"Time-based exit (4 bars, optimal=4)",165711755.1595193,2024-08-24T09:00:00+02:00,2024-08-26T09:00:00+02:00,9.004e-05,9.016e-05
SOL/USDC,Long,jma,12h,"ParamA=20.0, ParamB=0.0, ATR=None",2024-08-24T06:00:00+02:00,154.19,2024-08-26T18:00:00+02:00,157.74,4239.655275477013,14.651193655098647,97.61188292329881,73409.97827087634,"Time-based exit (5 bars, optimal=5)",47.51019409526768,2024-08-24T06:00:00+02:00,2024-08-26T18:00:00+02:00,154.19,157.74
XRP/USDC,Long,jma,12h,"ParamA=30.0, ParamB=-50.0, ATR=None",2024-08-23T17:00:00+02:00,0.5996,2024-08-26T05:00:00+02:00,0.597,4241.954533688235,4.952225700397199,-18.394065689775864,24745.439295947843,"Time-based exit (5 bars, optimal=5)",4129.607822212474,2024-08-23T17:00:00+02:00,2024-08-26T05:00:00+02:00,0.5996,0.597
TNSR/USDC,Long,jma,12h,"ParamA=30.0, ParamB=50.0, ATR=None",2024-08-23T17:00:00+02:00,0.3929,2024-08-24T17:00:00+02:00,0.4347,4186.283042476879,8.276878345414401,445.3719296908458,41816.39674595021,"Time-based exit (2 bars, optimal=2)",10533.059742191906,2024-08-23T17:00:00+02:00,2024-08-24T17:00:00+02:00,0.3929,0.4347
SUI/USDC,Long,jma,12h,"ParamA=20.0, ParamB=0.0, ATR=None",2024-08-23T06:00:00+02:00,0.875,2024-08-25T18:00:00+02:00,1.0033,4110.935468111353,3.437689476563622,602.7805949242136,17437.041441823327,"Time-based exit (5 bars, optimal=5)",1964.393986607784,2024-08-23T06:00:00+02:00,2024-08-25T18:00:00+02:00,0.875,1.0033
TNSR/USDC,Long,jma,12h,"ParamA=30.0, ParamB=50.0, ATR=None",2024-08-22T12:00:00+02:00,0.3843,2024-08-23T12:00:00+02:00,0.3931,4099.202128684984,8.259616756546711,93.86671541094974,41384.391727072005,"Time-based exit (2 bars, optimal=2)",10746.313760794577,2024-08-22T12:00:00+02:00,2024-08-23T12:00:00+02:00,0.3843,0.3931
LUNC/USDT,Long,jma,12h,"ParamA=20.0, ParamB=0.0, ATR=None",2024-08-22T06:00:00+02:00,8.37e-05,2024-08-24T06:00:00+02:00,8.962e-05,4063.2782824601272,29.637676693561858,287.3907697988524,149206.86434563118,"Time-based exit (4 bars, optimal=4)",177047053.12760967,2024-08-22T06:00:00+02:00,2024-08-24T06:00:00+02:00,8.37e-05,8.962e-05
ICP/USDC,Long,jma,12h,"ParamA=20.0, ParamB=50.0, ATR=None",2024-08-22T05:00:00+02:00,7.67,2024-08-24T17:00:00+02:00,8.586,4003.5126760189064,6.511530202753992,478.1248515297679,32939.96358172383,"Time-based exit (5 bars, optimal=5)",424.4804565028678,2024-08-22T05:00:00+02:00,2024-08-24T17:00:00+02:00,7.67,8.586
SOL/USDC,Long,jma,12h,"ParamA=20.0, ParamB=0.0, ATR=None",2024-08-21T18:00:00+02:00,141.32,2024-08-24T06:00:00+02:00,154.19,3958.450706208456,14.521847685187366,360.4957584836035,73255.96827549323,"Time-based exit (5 bars, optimal=5)",51.37930825497936,2024-08-21T18:00:00+02:00,2024-08-24T06:00:00+02:00,141.32,154.19
ETH/USDC,Long,jma,12h,"ParamA=30.0, ParamB=0.0, ATR=2.0",2024-08-21T15:00:00+02:00,2594.53,2024-08-24T03:00:00+02:00,2754.99,3928.083917933144,21.74674390053395,242.93430620249165,109384.44186228309,"Time-based exit (5 bars, optimal=5)",4.190883108026107,2024-08-21T15:00:00+02:00,2024-08-24T03:00:00+02:00,2594.53,2754.99
XRP/USDC,Long,jma,12h,"ParamA=30.0, ParamB=-50.0, ATR=None",2024-08-20T20:00:00+02:00,0.5993,2024-08-23T08:00:00+02:00,0.6015,3926.282269970118,4.951398346767221,14.413183704211878,24761.128501985993,"Time-based exit (5 bars, optimal=5)",4130.984771205757,2024-08-20T20:00:00+02:00,2024-08-23T08:00:00+02:00,0.5993,0.6015
TNSR/USDC,Long,jma,12h,"ParamA=30.0, ParamB=50.0, ATR=None",2024-08-20T12:00:00+02:00,0.3747,2024-08-21T18:00:00+02:00,0.3751,3925.7584164317627,8.260387020551244,4.190828306839472,41298.083782733556,"Time-based exit (2 bars, optimal=2)",11022.667494730777,2024-08-20T12:00:00+02:00,2024-08-21T18:00:00+02:00,0.3747,0.3751
ETH/USDC,Long,jma,12h,"ParamA=30.0, ParamB=0.0, ATR=2.0",2024-08-19T16:00:00+02:00,2585.21,2024-08-21T15:00:00+02:00,2542.503082350632,3933.8817392702053,21.787092963325886,-64.98658270754196,108733.71950266976,ATR stop x2.00,4.213795583980776,2024-08-19T16:00:00+02:00,2024-08-21T15:00:00+02:00,2585.21,2542.503082350632
LUNC/USDT,Long,jma,12h,"ParamA=20.0, ParamB=0.0, ATR=None",2024-08-19T16:00:00+02:00,7.709e-05,2024-08-21T16:00:00+02:00,8.059e-05,3911.6822196038843,29.509600662831907,177.5961573305696,148188.3834678093,"Time-based exit (4 bars, optimal=4)",191397072.6607336,2024-08-19T16:00:00+02:00,2024-08-21T16:00:00+02:00,7.709e-05,8.059e-05
SUI/USDC,Long,jma,12h,"ParamA=20.0, ParamB=0.0, ATR=None",2024-08-19T15:00:00+02:00,0.8434,2024-08-22T03:00:00+02:00,0.85,3907.859615640281,3.435688027379828,30.580831708828093,17188.44738281811,"Time-based exit (5 bars, optimal=5)",2036.8081736897248,2024-08-19T15:00:00+02:00,2024-08-22T03:00:00+02:00,0.8434,0.85
ICP/USDC,Long,jma,12h,"ParamA=20.0, ParamB=50.0, ATR=None",2024-08-19T15:00:00+02:00,7.03,2024-08-22T03:00:00+02:00,7.68,3863.210138576365,6.453154398935231,357.1958165113279,32557.65101376996,"Time-based exit (5 bars, optimal=5)",458.97257460421275,2024-08-19T15:00:00+02:00,2024-08-22T03:00:00+02:00,7.03,7.68
TNSR/USDC,Long,jma,12h,"ParamA=30.0, ParamB=50.0, ATR=None",2024-08-19T08:00:00+02:00,0.3704,2024-08-20T08:00:00+02:00,0.3766,3855.1438952749663,8.248230233701399,64.52994641118987,41301.935102756215,"Time-based exit (2 bars, optimal=2)",11134.220077890657,2024-08-19T08:00:00+02:00,2024-08-20T08:00:00+02:00,0.3704,0.3766
TNSR/USDC,Long,jma,12h,"ParamA=30.0, ParamB=50.0, ATR=None",2024-08-18T07:00:00+02:00,0.3773,2024-08-19T07:00:00+02:00,0.3627,3873.8818608089614,8.281934392147642,-149.9037242719609,41241.15116850699,Trend flip,10975.264235552135,2024-08-18T07:00:00+02:00,2024-08-19T07:00:00+02:00,0.3773,0.3627
XRP/USDC,Long,jma,12h,"ParamA=30.0, ParamB=-50.0, ATR=None",2024-08-18T04:00:00+02:00,0.569,2024-08-20T16:00:00+02:00,0.5937,3852.9749012175566,4.9309794123360335,167.25567673123703,24756.99173383611,"Time-based exit (5 bars, optimal=5)",4333.022330699502,2024-08-18T04:00:00+02:00,2024-08-20T16:00:00+02:00,0.569,0.5937
SOL/USDC,Long,jma,12h,"ParamA=20.0, ParamB=0.0, ATR=None",2024-08-17T18:00:00+02:00,141.35,2024-08-20T06:00:00+02:00,147.08,3833.5495044537433,14.46609870783245,155.40317411050597,72609.23842593683,"Time-based exit (5 bars, optimal=5)",51.171201654872476,2024-08-17T18:00:00+02:00,2024-08-20T06:00:00+02:00,141.35,147.08
ETH/USDC,Long,jma,12h,"ParamA=30.0, ParamB=0.0, ATR=2.0",2024-08-17T14:00:00+02:00,2603.82,2024-08-19T11:00:00+02:00,2572.1139529077836,3840.1412059537447,21.818023815077552,-46.76041274616931,108935.46481662942,ATR stop x2.00,4.189618294482251,2024-08-17T14:00:00+02:00,2024-08-19T11:00:00+02:00,2603.82,2572.1139529077836
LUNC/USDT,Long,jma,12h,"ParamA=20.0, ParamB=0.0, ATR=None",2024-08-17T14:00:00+02:00,7.703e-05,2024-08-19T14:00:00+02:00,7.691e-05,3834.2961543604733,29.52010342739807,-5.973199253839781,147548.00331415955,"Time-based exit (4 bars, optimal=4)",191614328.36166474,2024-08-17T14:00:00+02:00,2024-08-19T14:00:00+02:00,7.703e-05,7.691e-05
TNSR/USDC,Long,jma,12h,"ParamA=30.0, ParamB=50.0, ATR=None",2024-08-17T06:00:00+02:00,0.3393,2024-08-18T06:00:00+02:00,0.3695,3797.8865005614093,8.210497498293785,338.03764313868135,41409.671960738204,"Time-based exit (2 bars, optimal=2)",12099.171085018841,2024-08-17T06:00:00+02:00,2024-08-18T06:00:00+02:00,0.3393,0.3695
ICP/USDC,Long,jma,12h,"ParamA=20.0, ParamB=50.0, ATR=None",2024-08-17T03:00:00+02:00,7.029,2024-08-19T15:00:00+02:00,7.03,3797.8189621675738,6.4543534449913516,0.5403071506855658,32265.771994676157,"Time-based exit (5 bars, optimal=5)",459.1231643897675,2024-08-17T03:00:00+02:00,2024-08-19T15:00:00+02:00,7.029,7.03
TNSR/USDC,Long,jma,12h,"ParamA=30.0, ParamB=50.0, ATR=None",2024-08-15T09:00:00+02:00,0.3472,2024-08-16T09:00:00+02:00,0.3487,3795.769115654943,8.20859287778044,16.398772101043836,41052.48749146893,"Time-based exit (2 bars, optimal=2)",11821.130296342799,2024-08-15T09:00:00+02:00,2024-08-16T09:00:00+02:00,0.3472,0.3487
LUNC/USDT,Long,jma,12h,"ParamA=20.0, ParamB=0.0, ATR=None",2024-08-14T18:00:00+02:00,7.808e-05,2024-08-17T00:00:00+02:00,7.671e-05,3804.1125361443733,29.577916738629916,-66.7473639154428,147600.51713699035,Trend flip,189407766.00044772,2024-08-14T18:00:00+02:00,2024-08-17T00:00:00+02:00,7.808e-05,7.671e-05
TNSR/USDC,Long,jma,12h,"ParamA=30.0, ParamB=50.0, ATR=None",2024-08-13T14:00:00+02:00,0.3566,2024-08-14T14:00:00+02:00,0.3563,3804.5126180938364,8.210925830683312,-3.2006555957039406,41042.9643889022,"Time-based exit (2 bars, optimal=2)",11512.795612287315,2024-08-13T14:00:00+02:00,2024-08-14T14:00:00+02:00,0.3566,0.3563
XRP/USDC,Long,jma,12h,"ParamA=30.0, ParamB=-50.0, ATR=None",2024-08-13T08:00:00+02:00,0.5693,2024-08-16T02:00:00+02:00,0.56,3812.2972581123777,4.9400373913124875,-62.27712014833131,24654.897061680167,Trend flip,4338.694353866579,2024-08-13T08:00:00+02:00,2024-08-16T02:00:00+02:00,0.5693,0.56
LUNC/USDT,Long,jma,12h,"ParamA=20.0, ParamB=0.0, ATR=None",2024-08-12T09:00:00+02:00,7.883e-05,2024-08-14T09:00:00+02:00,7.883e-05,3812.2972581123777,29.583833505330986,0.0,147889.5836931496,"Time-based exit (4 bars, optimal=4)",187643241.8199352,2024-08-12T09:00:00+02:00,2024-08-14T09:00:00+02:00,7.883e-05,7.883e-05
TNSR/USDC,Long,jma,12h,"ParamA=30.0, ParamB=50.0, ATR=None",2024-08-12T09:00:00+02:00,0.3436,2024-08-13T09:00:00+02:00,0.3567,3794.215106665449,8.181370036159203,144.65721157542896,41054.629153416565,"Time-based exit (2 bars, optimal=2)",11905.369668450528,2024-08-12T09:00:00+02:00,2024-08-13T09:00:00+02:00,0.3436,0.3567
ETH/USDC,Long,jma,12h,"ParamA=30.0, ParamB=0.0, ATR=2.0",2024-08-12T07:00:00+02:00,2554.68,2024-08-14T19:00:00+02:00,2658.99,3774.948268261892,21.733630074456055,154.13470722845827,109090.11907538776,"Time-based exit (5 bars, optimal=5)",4.253689322039562,2024-08-12T07:00:00+02:00,2024-08-14T19:00:00+02:00,2554.68,2658.99
ICP/USDC,Long,jma,12h,"ParamA=20.0, ParamB=50.0, ATR=None",2024-08-12T02:00:00+02:00,6.888,2024-08-14T14:00:00+02:00,7.325,3721.6216410293446,6.4149377133018275,236.1133358202417,32271.76722495676,"Time-based exit (5 bars, optimal=5)",465.6604031142441,2024-08-12T02:00:00+02:00,2024-08-14T14:00:00+02:00,6.888,7.325
SOL/USDC,Long,jma,12h,"ParamA=20.0, ParamB=0.0, ATR=None",2024-08-12T02:00:00+02:00,142.76,2024-08-14T14:00:00+02:00,150.01,3751.135808006875,14.395869131864748,190.4996820401362,72330.49353916224,"Time-based exit (5 bars, optimal=5)",50.41982744418867,2024-08-12T02:00:00+02:00,2024-08-14T14:00:00+02:00,142.76,150.01
SUI/USDC,Long,jma,12h,"ParamA=20.0, ParamB=0.0, ATR=None",2024-08-11T12:00:00+02:00,0.8897,2024-08-14T00:00:00+02:00,0.9616,3684.4028363850703,3.4088218217560633,297.750437154194,17178.44013689914,"Time-based exit (5 bars, optimal=5)",1915.7141855434772,2024-08-11T12:00:00+02:00,2024-08-14T00:00:00+02:00,0.8897,0.9616
ETH/USDC,Long,jma,12h,"ParamA=30.0, ParamB=0.0, ATR=2.0",2024-08-10T23:00:00+02:00,2613.21,2024-08-11T22:00:00+02:00,2569.235060274216,3692.1692865475775,21.774627210786193,-62.13160130005681,108668.15037228027,ATR stop x2.00,4.166260501602663,2024-08-10T23:00:00+02:00,2024-08-11T22:00:00+02:00,2613.21,2569.235060274216
TNSR/USDC,Long,jma,12h,"ParamA=30.0, ParamB=50.0, ATR=None",2024-08-10T22:00:00+02:00,0.3606,2024-08-12T08:00:00+02:00,0.3387,3720.4128533418743,8.233017494658975,-225.94853435437315,40906.85018079602,Trend flip,11415.720319826645,2024-08-10T22:00:00+02:00,2024-08-12T08:00:00+02:00,0.3606,0.3387
LUNC/USDT,Long,jma,12h,"ParamA=20.0, ParamB=0.0, ATR=None",2024-08-10T04:00:00+02:00,7.047e-05,2024-08-12T04:00:00+02:00,7.821e-05,3670.026159580079,29.268222635597393,403.09355009436393,147919.16752665493,"Time-based exit (4 bars, optimal=4)",207664414.89710084,2024-08-10T04:00:00+02:00,2024-08-12T04:00:00+02:00,7.047e-05,7.821e-05
TNSR/USDC,Long,jma,12h,"ParamA=30.0, ParamB=50.0, ATR=None",2024-08-09T20:00:00+02:00,0.3536,2024-08-10T20:00:00+02:00,0.3595,3662.3875543161985,8.220944609712902,61.10884211104476,41165.08747329488,"Time-based exit (2 bars, optimal=2)",11624.63887120037,2024-08-09T20:00:00+02:00,2024-08-10T20:00:00+02:00,0.3536,0.3595
XRP/USDC,Long,jma,12h,"ParamA=30.0, ParamB=-50.0, ATR=None",2024-08-09T04:00:00+02:00,0.6168,2024-08-12T15:00:00+02:00,0.5602,3704.884404448286,4.986795552673563,-339.9748010567006,24700.18695656244,Trend flip,4042.473697044068,2024-08-09T04:00:00+02:00,2024-08-12T15:00:00+02:00,0.6168,0.5602
SUI/USDC,Long,jma,12h,"ParamA=20.0, ParamB=0.0, ATR=None",2024-08-08T20:00:00+02:00,0.7383,2024-08-11T08:00:00+02:00,0.9029,3604.43571840444,3.3351338397176247,803.5894883507669,17044.109108780318,"Time-based exit (5 bars, optimal=5)",2258.657618662891,2024-08-08T20:00:00+02:00,2024-08-11T08:00:00+02:00,0.7383,0.9029
TNSR/USDC,Long,jma,12h,"ParamA=30.0, ParamB=50.0, ATR=None",2024-08-08T14:00:00+02:00,0.3405,2024-08-09T14:00:00+02:00,0.352,3589.2827259856317,8.194906227780931,121.22393935046873,41104.72304856451,"Time-based exit (2 bars, optimal=2)",12033.636164142335,2024-08-08T14:00:00+02:00,2024-08-09T14:00:00+02:00,0.3405,0.352
ICP/USDC,Long,jma,12h,"ParamA=20.0, ParamB=50.0, ATR=None",2024-08-08T14:00:00+02:00,7.336,2024-08-11T02:00:00+02:00,7.417,3584.3356977768,6.409142925516064,39.57622567065418,32074.688566509136,"Time-based exit (5 bars, optimal=5)",436.8281710411712,2024-08-08T14:00:00+02:00,2024-08-11T02:00:00+02:00,7.336,7.417
SOL/USDC,Long,jma,12h,"ParamA=20.0, ParamB=0.0, ATR=None",2024-08-08T14:00:00+02:00,155.82,2024-08-11T02:00:00+02:00,154.73,3587.472606663065,14.408830236223814,-25.095271090121635,71979.34565932374,"Time-based exit (5 bars, optimal=5)",46.23549684322877,2024-08-08T14:00:00+02:00,2024-08-11T02:00:00+02:00,155.82,154.73
LUNC/USDT,Long,jma,12h,"ParamA=20.0, ParamB=0.0, ATR=None",2024-08-08T03:00:00+02:00,6.707e-05,2024-08-10T03:00:00+02:00,7.032e-05,3565.873736742806,29.13288049007212,172.7909593620711,146341.11317798696,"Time-based exit (4 bars, optimal=4)",217182648.65120113,2024-08-08T03:00:00+02:00,2024-08-10T03:00:00+02:00,6.707e-05,7.032e-05
ETH/USDC,Long,jma,12h,"ParamA=30.0, ParamB=0.0, ATR=2.0",2024-08-08T02:00:00+02:00,2354.0,2024-08-10T14:00:00+02:00,2631.6,3514.073251681905,21.525093404946652,414.4038804872117,108873.13605393095,"Time-based exit (5 bars, optimal=5)",4.572024937329365,2024-08-08T02:00:00+02:00,2024-08-10T14:00:00+02:00,2354.0,2631.6
TNSR/USDC,Long,jma,12h,"ParamA=30.0, ParamB=50.0, ATR=None",2024-08-07T14:00:00+02:00,0.3335,2024-08-08T14:00:00+02:00,0.3405,3504.877545976569,8.179374001229272,73.56564564268666,40974.531138904655,"Time-based exit (2 bars, optimal=2)",12262.929537075368,2024-08-07T14:00:00+02:00,2024-08-08T14:00:00+02:00,0.3335,0.3405
XRP/USDC,Long,jma,12h,"ParamA=30.0, ParamB=-50.0, ATR=None",2024-08-06T16:00:00+02:00,0.5125,2024-08-09T04:00:00+02:00,0.6168,3417.9287725671174,4.888290537022633,695.5901872756109,24933.97776336781,"Time-based exit (5 bars, optimal=5)",4769.063938558666,2024-08-06T16:00:00+02:00,2024-08-09T04:00:00+02:00,0.5125,0.6168
TNSR/USDC,Long,jma,12h,"ParamA=30.0, ParamB=50.0, ATR=None",2024-08-06T14:00:00+02:00,0.3118,2024-08-07T14:00:00+02:00,0.3335,3388.4509877554224,8.12445601382396,235.82227849356204,40896.87000614635,"Time-based exit (2 bars, optimal=2)",13028.313043335405,2024-08-06T14:00:00+02:00,2024-08-07T14:00:00+02:00,0.3118,0.3335
SOL/USDC,Long,jma,12h,"ParamA=20.0, ParamB=0.0, ATR=None",2024-08-06T02:00:00+02:00,138.98,2024-08-08T14:00:00+02:00,155.82,3337.8950156164624,14.239144468307646,404.4477771116797,72044.15118111907,"Time-based exit (5 bars, optimal=5)",51.22731496728899,2024-08-06T02:00:00+02:00,2024-08-08T14:00:00+02:00,138.98,155.82
SUI/USDC,Long,jma,12h,"ParamA=20.0, ParamB=0.0, ATR=None",2024-08-06T02:00:00+02:00,0.5738,2024-08-08T14:00:00+02:00,0.6633,3274.059975573369,3.2845589587577515,510.68032034474834,16675.669198588123,"Time-based exit (5 bars, optimal=5)",2862.1113269063712,2024-08-06T02:00:00+02:00,2024-08-08T14:00:00+02:00,0.5738,0.6633
ICP/USDC,Long,jma,12h,"ParamA=20.0, ParamB=50.0, ATR=None",2024-08-06T02:00:00+02:00,7.397,2024-08-08T14:00:00+02:00,7.336,3277.438435499106,6.415716845247965,-27.027679405900404,32045.714627580317,"Time-based exit (5 bars, optimal=5)",433.6701936763529,2024-08-06T02:00:00+02:00,2024-08-08T14:00:00+02:00,7.397,7.336
LUNC/USDT,Long,jma,12h,"ParamA=20.0, ParamB=0.0, ATR=None",2024-08-06T02:00:00+02:00,6.685e-05,2024-08-08T03:00:00+02:00,6.707e-05,3276.0907541866136,29.129120066643925,10.781450499941382,145664.40245036062,"Time-based exit (4 bars, optimal=4)",217869260.03473392,2024-08-06T02:00:00+02:00,2024-08-08T03:00:00+02:00,6.685e-05,6.707e-05
ICP/USDC,Long,jma,12h,"ParamA=20.0, ParamB=50.0, ATR=None",2024-08-02T05:00:00+02:00,8.917,2024-08-05T01:00:00+02:00,7.316,3351.304367113448,6.534344398003347,-601.708903414672,32078.584226239822,Trend flip,366.3981382753923,2024-08-02T05:00:00+02:00,2024-08-05T01:00:00+02:00,8.917,7.316
TNSR/USDC,Long,jma,12h,"ParamA=30.0, ParamB=50.0, ATR=None",2024-07-31T07:00:00+02:00,0.5207,2024-08-01T10:00:00+02:00,0.4734,3389.7951755937593,8.200589677320645,-307.9264678424909,40622.2800691198,Trend flip,7874.581983215521,2024-07-31T07:00:00+02:00,2024-08-01T10:00:00+02:00,0.5207,0.4734
ETH/USDC,Long,jma,12h,"ParamA=30.0, ParamB=0.0, ATR=2.0",2024-07-31T02:00:00+02:00,3282.7,2024-07-31T22:00:00+02:00,3232.0371983331843,3396.347269453385,21.562684218634832,-52.416750877005924,107625.46702473327,ATR stop x2.00,3.2842910132870555,2024-07-31T02:00:00+02:00,2024-07-31T22:00:00+02:00,3282.7,3232.0371983331843
TNSR/USDC,Long,jma,12h,"ParamA=30.0, ParamB=50.0, ATR=None",2024-07-30T02:00:00+02:00,0.5081,2024-07-31T02:00:00+02:00,0.5064,3397.7683002815875,8.204975891750317,-11.368246625622549,41002.94838660322,"Time-based exit (2 bars, optimal=2)",8074.174268599013,2024-07-30T02:00:00+02:00,2024-07-31T02:00:00+02:00,0.5081,0.5064
SUI/USDC,Long,jma,12h,"ParamA=20.0, ParamB=0.0, ATR=None",2024-07-29T11:00:00+02:00,0.782,2024-08-01T01:00:00+02:00,0.7071,3438.94104391801,3.316992528669799,-329.3819490913801,16422.79479378876,Trend flip,2120.839212704475,2024-07-29T11:00:00+02:00,2024-08-01T01:00:00+02:00,0.782,0.7071
XRP/USDC,Long,jma,12h,"ParamA=30.0, ParamB=-50.0, ATR=None",2024-07-29T09:00:00+02:00,0.6102,2024-07-31T21:00:00+02:00,0.6331,3422.8840044836697,4.870984572235312,128.45631547472328,24441.452685113163,"Time-based exit (5 bars, optimal=5)",3991.3016816087443,2024-07-29T09:00:00+02:00,2024-07-31T21:00:00+02:00,0.6102,0.6331
LUNC/USDT,Long,jma,12h,"ParamA=20.0, ParamB=0.0, ATR=None",2024-07-29T02:00:00+02:00,8.394e-05,2024-07-31T06:00:00+02:00,8.016e-05,3442.2605605338513,29.26676801531237,-155.01244840145267,145645.60033321963,Trend flip,174331474.9542076,2024-07-29T02:00:00+02:00,2024-07-31T06:00:00+02:00,8.394e-05,8.016e-05
TNSR/USDC,Long,jma,12h,"ParamA=30.0, ParamB=50.0, ATR=None",2024-07-29T02:00:00+02:00,0.4892,2024-07-30T02:00:00+02:00,0.5081,3425.7167017686666,8.175027084432989,132.35087012147937,41024.87945875159,"Time-based exit (2 bars, optimal=2)",8355.506014342793,2024-07-29T02:00:00+02:00,2024-07-30T02:00:00+02:00,0.4892,0.5081
ETH/USDC,Long,jma,12h,"ParamA=30.0, ParamB=0.0, ATR=2.0",2024-07-29T01:00:00+02:00,3270.2,2024-07-30T22:00:00+02:00,3235.759998617982,3430.232373887242,21.589739327906155,-36.125376948602096,107813.42109317417,ATR stop x2.00,3.3009814885796214,2024-07-29T01:00:00+02:00,2024-07-30T22:00:00+02:00,3270.2,3235.759998617982
TNSR/USDC,Long,jma,12h,"ParamA=30.0, ParamB=50.0, ATR=None",2024-07-27T15:00:00+02:00,0.5113,2024-07-28T16:00:00+02:00,0.4874,3450.3928444973253,8.215070290146505,-161.28376488066888,40875.135422164945,Trend flip,8033.512898637302,2024-07-27T15:00:00+02:00,2024-07-28T16:00:00+02:00,0.5113,0.4874
ETH/USDC,Long,jma,12h,"ParamA=30.0, ParamB=0.0, ATR=2.0",2024-07-27T08:00:00+02:00,3270.5,2024-07-27T22:00:00+02:00,3229.288598095872,3455.8361962171366,21.621308488971998,-43.54681375848851,107948.69663953077,ATR stop x2.00,3.3055050434141564,2024-07-27T08:00:00+02:00,2024-07-27T22:00:00+02:00,3270.5,3229.288598095872
SOL/USDC,Long,jma,12h,"ParamA=20.0, ParamB=0.0, ATR=None",2024-07-26T19:00:00+02:00,181.81,2024-07-29T07:00:00+02:00,193.48,3428.3290459188356,14.15114150735067,220.0572023864076,71195.72234153823,"Time-based exit (5 bars, optimal=5)",38.917390427783594,2024-07-26T19:00:00+02:00,2024-07-29T07:00:00+02:00,181.81,193.48
SUI/USDC,Long,jma,12h,"ParamA=20.0, ParamB=0.0, ATR=None",2024-07-26T15:00:00+02:00,0.778,2024-07-29T04:00:00+02:00,0.7791,3427.723246501877,3.3171869550517403,4.84639533567099,16584.962643348994,"Time-based exit (5 bars, optimal=5)",2131.868223040964,2024-07-26T15:00:00+02:00,2024-07-29T04:00:00+02:00,0.778,0.7791
TNSR/USDC,Long,jma,12h,"ParamA=30.0, ParamB=50.0, ATR=None",2024-07-26T15:00:00+02:00,0.4774,2024-07-27T15:00:00+02:00,0.5113,3397.5657582310264,8.158766936881124,241.259906166803,41075.35145073252,"Time-based exit (2 bars, optimal=2)",8545.000981232848,2024-07-26T15:00:00+02:00,2024-07-27T15:00:00+02:00,0.4774,0.5113
LUNC/USDT,Long,jma,12h,"ParamA=20.0, ParamB=0.0, ATR=None",2024-07-26T15:00:00+02:00,8.393e-05,2024-07-28T15:00:00+02:00,8.419e-05,3396.2506367524793,29.263555404809573,10.520971828376595,146333.84007656184,"Time-based exit (4 bars, optimal=4)",174333107.3800165,2024-07-26T15:00:00+02:00,2024-07-28T15:00:00+02:00,8.393e-05,8.419e-05
ICP/USDC,Long,jma,12h,"ParamA=20.0, ParamB=50.0, ATR=None",2024-07-25T16:00:00+02:00,9.664,2024-07-28T04:00:00+02:00,9.68,3395.5479157434265,6.53456942953337,5.6217680724228964,32671.72199001673,"Time-based exit (5 bars, optimal=5)",338.0882362134401,2024-07-25T16:00:00+02:00,2024-07-28T04:00:00+02:00,9.664,9.68
SOL/USDC,Long,jma,12h,"ParamA=20.0, ParamB=0.0, ATR=None",2024-07-24T04:00:00+02:00,173.38,2024-07-26T16:00:00+02:00,180.97,3377.0683127802804,14.092268693708373,147.8368237051698,70755.70753675335,"Time-based exit (5 bars, optimal=5)",40.6398335843476,2024-07-24T04:00:00+02:00,2024-07-26T16:00:00+02:00,173.38,180.97
XRP/USDC,Long,jma,12h,"ParamA=30.0, ParamB=-50.0, ATR=None",2024-07-24T03:00:00+02:00,0.598,2024-07-26T15:00:00+02:00,0.5967,3377.986243824798,4.8730185277947395,-7.343448356140684,24354.922861176557,"Time-based exit (5 bars, optimal=5)",4074.430207186237,2024-07-24T03:00:00+02:00,2024-07-26T15:00:00+02:00,0.598,0.5967
ETH/USDC,Long,jma,12h,"ParamA=30.0, ParamB=0.0, ATR=2.0",2024-07-23T02:00:00+02:00,3470.2,2024-07-23T18:00:00+02:00,3414.868654639503,3384.732317278784,21.660177056493332,-53.968587631890806,108106.54244486,ATR stop x2.00,3.120883098451578,2024-07-23T02:00:00+02:00,2024-07-23T18:00:00+02:00,3470.2,3414.868654639503
ETH/USDC,Long,jma,12h,"ParamA=30.0, ParamB=0.0, ATR=2.0",2024-07-21T21:00:00+02:00,3492.4,2024-07-22T17:00:00+02:00,3438.8009663345692,3391.2381258371624,21.697816987063916,-52.046468467025164,108300.88528246665,ATR stop x2.00,3.1064335395521585,2024-07-21T21:00:00+02:00,2024-07-22T17:00:00+02:00,3492.4,3438.8009663345692
LUNC/USDT,Long,jma,12h,"ParamA=20.0, ParamB=0.0, ATR=None",2024-07-21T16:00:00+02:00,9.019e-05,2024-07-23T17:00:00+02:00,8.552e-05,3413.3307282611836,29.421784515774895,-176.74081939216936,146317.77702404786,Trend flip,163110015.05585372,2024-07-21T16:00:00+02:00,2024-07-23T17:00:00+02:00,9.019e-05,8.552e-05
TNSR/USDC,Long,jma,12h,"ParamA=30.0, ParamB=50.0, ATR=None",2024-07-20T19:00:00+02:00,0.5759,2024-07-22T01:00:00+02:00,0.5743,3414.5165301469788,8.162667271626402,-9.486415086360381,40793.834684405614,"Time-based exit (2 bars, optimal=2)",7086.87903423025,2024-07-20T19:00:00+02:00,2024-07-22T01:00:00+02:00,0.5759,0.5743
SOL/USDC,Long,jma,12h,"ParamA=20.0, ParamB=0.0, ATR=None",2024-07-20T16:00:00+02:00,169.2,2024-07-23T04:00:00+02:00,179.51,3388.7056882103293,14.009704174708066,206.4867354931945,70461.34346854186,"Time-based exit (5 bars, optimal=5)",41.39983503164322,2024-07-20T16:00:00+02:00,2024-07-23T04:00:00+02:00,169.2,179.51
ETH/USDC,Long,jma,12h,"ParamA=30.0, ParamB=0.0, ATR=2.0",2024-07-20T06:00:00+02:00,3509.57,2024-07-21T19:00:00+02:00,3462.3712766534586,3394.4119396194155,21.73138889112138,-45.6500112726899,108489.0849353196,ATR stop x2.00,3.096018727525221,2024-07-20T06:00:00+02:00,2024-07-21T19:00:00+02:00,3509.57,3462.3712766534586
ICP/USDC,Long,jma,12h,"ParamA=20.0, ParamB=50.0, ATR=None",2024-07-20T04:00:00+02:00,10.327,2024-07-22T17:00:00+02:00,10.297,3395.6449858765122,6.537776212880782,-9.864370056772847,32672.84714766685,"Time-based exit (5 bars, optimal=5)",316.53801747268244,2024-07-20T04:00:00+02:00,2024-07-22T17:00:00+02:00,10.327,10.297
XRP/USDC,Long,jma,12h,"ParamA=30.0, ParamB=-50.0, ATR=None",2024-07-20T02:00:00+02:00,0.5811,2024-07-22T14:00:00+02:00,0.6185,3368.544750617287,4.84281837571498,216.80188207380294,24365.092638973696,"Time-based exit (5 bars, optimal=5)",4166.940608944226,2024-07-20T02:00:00+02:00,2024-07-22T14:00:00+02:00,0.5811,0.6185
SUI/USDC,Long,jma,12h,"ParamA=20.0, ParamB=0.0, ATR=None",2024-07-19T21:00:00+02:00,0.8525,2024-07-22T11:00:00+02:00,0.8448,3372.352245087547,3.320850603136491,-30.459955762081226,16585.934775258702,"Time-based exit (5 bars, optimal=5)",1947.7129637164169,2024-07-19T21:00:00+02:00,2024-07-22T11:00:00+02:00,0.8525,0.8448
LUNC/USDT,Long,jma,12h,"ParamA=20.0, ParamB=0.0, ATR=None",2024-07-19T15:00:00+02:00,8.846e-05,2024-07-21T15:00:00+02:00,8.969e-05,3366.5010181878592,29.38680073540135,46.80981519750245,147108.92257887448,"Time-based exit (4 bars, optimal=4)",166102197.23830742,2024-07-19T15:00:00+02:00,2024-07-21T15:00:00+02:00,8.846e-05,8.969e-05
TNSR/USDC,Long,jma,12h,"ParamA=30.0, ParamB=50.0, ATR=None",2024-07-19T14:00:00+02:00,0.5423,2024-07-20T14:00:00+02:00,0.5744,3341.775086902233,8.116248555885994,197.8074502850115,40813.33635813201,"Time-based exit (2 bars, optimal=2)",7483.17218872026,2024-07-19T14:00:00+02:00,2024-07-20T14:00:00+02:00,0.5423,0.5744
SOL/USDC,Long,jma,12h,"ParamA=20.0, ParamB=0.0, ATR=None",2024-07-18T02:00:00+02:00,157.89,2024-07-20T14:00:00+02:00,168.47,3314.0166034136364,13.919217185399862,222.06786790877393,70048.52087354033,"Time-based exit (5 bars, optimal=5)",44.07884345240314,2024-07-18T02:00:00+02:00,2024-07-20T14:00:00+02:00,157.89,168.47
TNSR/USDC,Long,jma,12h,"ParamA=30.0, ParamB=50.0, ATR=None",2024-07-17T20:00:00+02:00,0.5518,2024-07-19T02:00:00+02:00,0.5328,3328.3421063177766,8.145926418580553,-114.60402323312331,40581.24277942997,Trend flip,7381.230897590208,2024-07-17T20:00:00+02:00,2024-07-19T02:00:00+02:00,0.5518,0.5328
ICP/USDC,Long,jma,12h,"ParamA=20.0, ParamB=50.0, ATR=None",2024-07-17T15:00:00+02:00,10.067,2024-07-20T03:00:00+02:00,10.105,3326.772406414085,6.536616153437082,12.557599229535718,32688.88106440391,"Time-based exit (5 bars, optimal=5)",324.6556150510123,2024-07-17T15:00:00+02:00,2024-07-20T03:00:00+02:00,10.067,10.105
LUNC/USDT,Long,jma,12h,"ParamA=20.0, ParamB=0.0, ATR=None",2024-07-17T07:00:00+02:00,9.303e-05,2024-07-19T14:00:00+02:00,8.759e-05,3351.268402476473,29.56560095566647,-195.96796849910757,146934.00367700675,Trend flip,158903584.62682185,2024-07-17T07:00:00+02:00,2024-07-19T14:00:00+02:00,9.303e-05,8.759e-05
TNSR/USDC,Long,jma,12h,"ParamA=30.0, ParamB=50.0, ATR=None",2024-07-16T13:00:00+02:00,0.5131,2024-07-17T13:00:00+02:00,0.5365,3332.2723071763544,8.110560203053156,151.96876240094838,40729.632092902764,"Time-based exit (2 bars, optimal=2)",7903.48879658269,2024-07-16T13:00:00+02:00,2024-07-17T13:00:00+02:00,0.5131,0.5365
XRP/USDC,Long,jma,12h,"ParamA=30.0, ParamB=-50.0, ATR=None",2024-07-16T12:00:00+02:00,0.5448,2024-07-19T00:00:00+02:00,0.5692,3310.993646706856,4.822185652434417,148.28973013885388,24214.091878574898,"Time-based exit (5 bars, optimal=5)",4425.647625215141,2024-07-16T12:00:00+02:00,2024-07-19T00:00:00+02:00,0.5448,0.5692
ETH/USDC,Long,jma,12h,"ParamA=30.0, ParamB=0.0, ATR=2.0",2024-07-16T12:00:00+02:00,3410.03,2024-07-19T00:00:00+02:00,3432.5,3329.529862974213,21.72142009550347,21.93955361713237,108656.94445560689,"Time-based exit (5 bars, optimal=5)",3.184930938364687,2024-07-16T12:00:00+02:00,2024-07-19T00:00:00+02:00,3410.03,3432.5
SOL/USDC,Long,jma,12h,"ParamA=20.0, ParamB=0.0, ATR=None",2024-07-15T14:00:00+02:00,152.33,2024-07-18T02:00:00+02:00,157.89,3295.955969304724,13.87136139835121,120.30141921705624,69596.08592699931,"Time-based exit (5 bars, optimal=5)",45.53062889237579,2024-07-15T14:00:00+02:00,2024-07-18T02:00:00+02:00,152.33,157.89
TNSR/USDC,Long,jma,12h,"ParamA=30.0, ParamB=50.0, ATR=None",2024-07-15T10:00:00+02:00,0.4809,2024-07-16T10:00:00+02:00,0.5055,3275.014671498821,8.070888488296648,167.53038244722572,40552.80101526578,"Time-based exit (2 bars, optimal=2)",8391.441555725356,2024-07-15T10:00:00+02:00,2024-07-16T10:00:00+02:00,0.4809,0.5055
LUNC/USDT,Long,jma,12h,"ParamA=20.0, ParamB=0.0, ATR=None",2024-07-15T07:00:00+02:00,7.654e-05,2024-07-17T07:00:00+02:00,9.303e-05,3189.1302359252527,28.94773214941302,687.0754845885474,147828.00477833234,"Time-based exit (4 bars, optimal=4)",189101986.8657762,2024-07-15T07:00:00+02:00,2024-07-17T07:00:00+02:00,7.654e-05,9.303e-05
SUI/USDC,Long,jma,12h,"ParamA=20.0, ParamB=0.0, ATR=None",2024-07-15T04:00:00+02:00,0.814,2024-07-17T16:00:00+02:00,0.8768,3158.6688715010714,3.296080597935397,243.69091539344907,16604.253015682454,"Time-based exit (5 bars, optimal=5)",2024.6195319013498,2024-07-15T04:00:00+02:00,2024-07-17T16:00:00+02:00,0.814,0.8768
ICP/USDC,Long,jma,12h,"ParamA=20.0, ParamB=50.0, ATR=None",2024-07-15T02:00:00+02:00,8.737,2024-07-17T14:00:00+02:00,9.984,3103.3034795052063,6.44590528989735,442.92313596692134,32683.08076718541,"Time-based exit (5 bars, optimal=5)",368.8855035994821,2024-07-15T02:00:00+02:00,2024-07-17T14:00:00+02:00,8.737,9.984
TNSR/USDC,Long,jma,12h,"ParamA=30.0, ParamB=50.0, ATR=None",2024-07-14T01:00:00+02:00,0.4466,2024-07-15T01:00:00+02:00,0.4684,3084.4830221933457,8.03328207947908,150.56365849488333,40354.44244148323,"Time-based exit (2 bars, optimal=2)",8993.822301252889,2024-07-14T01:00:00+02:00,2024-07-15T01:00:00+02:00,0.4466,0.4684
ETH/USDC,Long,jma,12h,"ParamA=30.0, ParamB=0.0, ATR=2.0",2024-07-13T19:00:00+02:00,3156.8,2024-07-16T07:00:00+02:00,3416.66,3053.067893628098,21.548349063729145,251.32102852198318,108607.10047751734,"Time-based exit (5 bars, optimal=5)",3.413005110195315,2024-07-13T19:00:00+02:00,2024-07-16T07:00:00+02:00,3156.8,3416.66
XRP/USDC,Long,jma,12h,"ParamA=30.0, ParamB=-50.0, ATR=None",2024-07-13T14:00:00+02:00,0.5125,2024-07-16T02:00:00+02:00,0.5523,3023.715726333446,4.785975660970198,234.81733835721238,24110.92826217208,"Time-based exit (5 bars, optimal=5)",4669.244547287998,2024-07-13T14:00:00+02:00,2024-07-16T02:00:00+02:00,0.5125,0.5523
SOL/USDC,Long,jma,12h,"ParamA=20.0, ParamB=0.0, ATR=None",2024-07-13T00:00:00+02:00,138.82,2024-07-15T12:00:00+02:00,151.41,2989.821250088476,13.749413745403253,271.1558099597603,69356.80699175605,"Time-based exit (5 bars, optimal=5)",49.5224526199512,2024-07-13T00:00:00+02:00,2024-07-15T12:00:00+02:00,138.82,151.41
LUNC/USDT,Long,jma,12h,"ParamA=20.0, ParamB=0.0, ATR=None",2024-07-12T23:00:00+02:00,7.113e-05,2024-07-14T23:00:00+02:00,7.486e-05,2970.35089852881,28.802454883164565,155.7628124773294,144738.6607470651,"Time-based exit (4 bars, optimal=4)",202463481.53496808,2024-07-12T23:00:00+02:00,2024-07-14T23:00:00+02:00,7.113e-05,7.486e-05
SUI/USDC,Long,jma,12h,"ParamA=20.0, ParamB=0.0, ATR=None",2024-07-12T15:00:00+02:00,0.7472,2024-07-15T03:00:00+02:00,0.8073,2977.6340760546627,3.270429436348823,239.5018843293434,16480.402989676986,"Time-based exit (5 bars, optimal=5)",2188.456528606011,2024-07-12T15:00:00+02:00,2024-07-15T03:00:00+02:00,0.7472,0.8073
TNSR/USDC,Long,jma,12h,"ParamA=30.0, ParamB=50.0, ATR=None",2024-07-12T15:00:00+02:00,0.4929,2024-07-13T20:00:00+02:00,0.4441,3007.5718115958307,8.115250888094314,-297.7673045361667,40166.4103973954,Trend flip,8232.147380903138,2024-07-12T15:00:00+02:00,2024-07-13T20:00:00+02:00,0.4929,0.4441
ICP/USDC,Long,jma,12h,"ParamA=20.0, ParamB=50.0, ATR=None",2024-07-12T14:00:00+02:00,7.087,2024-07-15T02:00:00+02:00,8.737,2893.4278541115955,6.300477259510501,673.6497755445371,32229.52644948675,"Time-based exit (5 bars, optimal=5)",444.50947223864125,2024-07-12T14:00:00+02:00,2024-07-15T02:00:00+02:00,7.087,8.737
TNSR/USDC,Long,jma,12h,"ParamA=30.0, ParamB=50.0, ATR=None",2024-07-11T09:00:00+02:00,0.4524,2024-07-12T09:00:00+02:00,0.4604,2887.046231142668,8.102543291904057,51.052983751417344,40576.254440471566,"Time-based exit (2 bars, optimal=2)",8955.06553039794,2024-07-11T09:00:00+02:00,2024-07-12T09:00:00+02:00,0.4524,0.4604
ETH/USDC,Long,jma,12h,"ParamA=30.0, ParamB=0.0, ATR=2.0",2024-07-11T07:00:00+02:00,3098.0,2024-07-13T19:00:00+02:00,3156.8,2880.212930613292,21.51182201771817,54.66640423501036,107741.74531864571,"Time-based exit (5 bars, optimal=5)",3.4718886406904725,2024-07-11T07:00:00+02:00,2024-07-13T19:00:00+02:00,3098.0,3156.8
ETH/USDC,Long,jma,12h,"ParamA=30.0, ParamB=0.0, ATR=2.0",2024-07-11T03:00:00+02:00,3121.31,2024-07-11T05:00:00+02:00,3070.762196134732,2886.0551791860803,21.551032871221693,-46.73798858230617,107559.11008859084,ATR stop x2.00,3.4522416663551034,2024-07-11T03:00:00+02:00,2024-07-11T05:00:00+02:00,3121.31,3070.762196134732
LUNC/USDT,Long,jma,12h,"ParamA=20.0, ParamB=0.0, ATR=None",2024-07-10T21:00:00+02:00,7.108e-05,2024-07-12T21:00:00+02:00,7.059e-05,2888.5442525607195,28.82809355455095,-19.912586997112598,144012.27441582282,"Time-based exit (4 bars, optimal=4)",202786251.79059473,2024-07-10T21:00:00+02:00,2024-07-12T21:00:00+02:00,7.108e-05,7.059e-05
XRP/USDC,Long,jma,12h,"ParamA=30.0, ParamB=-50.0, ATR=None",2024-07-10T20:00:00+02:00,0.4359,2024-07-13T08:00:00+02:00,0.511,2827.6482939476577,4.7058411985579935,487.16766890449435,23929.87830485099,"Time-based exit (5 bars, optimal=5)",5397.844916905246,2024-07-10T20:00:00+02:00,2024-07-13T08:00:00+02:00,0.4359,0.511
TNSR/USDC,Long,jma,12h,"ParamA=30.0, ParamB=50.0, ATR=None",2024-07-10T05:00:00+02:00,0.4428,2024-07-11T05:00:00+02:00,0.4518,2820.4824341049116,8.087722376264951,57.326878741969445,40512.716459520285,"Time-based exit (2 bars, optimal=2)",9132.477841310918,2024-07-10T05:00:00+02:00,2024-07-11T05:00:00+02:00,0.4428,0.4518
SUI/USDC,Long,jma,12h,"ParamA=20.0, ParamB=0.0, ATR=None",2024-07-09T14:00:00+02:00,0.688,2024-07-12T02:00:00+02:00,0.7603,2783.9132251337687,3.2370594933968353,292.5536717691447,16352.147181744114,"Time-based exit (5 bars, optimal=5)",2352.5141667128164,2024-07-09T14:00:00+02:00,2024-07-12T02:00:00+02:00,0.688,0.7603
ICP/USDC,Long,jma,12h,"ParamA=20.0, ParamB=50.0, ATR=None",2024-07-09T10:00:00+02:00,7.097,2024-07-11T22:00:00+02:00,7.429,2767.728816806662,6.27238929344326,129.4752666168538,31502.386297552504,"Time-based exit (5 bars, optimal=5)",441.9042759929026,2024-07-09T10:00:00+02:00,2024-07-11T22:00:00+02:00,7.097,7.429
TNSR/USDC,Long,jma,12h,"ParamA=30.0, ParamB=50.0, ATR=None",2024-07-09T01:00:00+02:00,0.4367,2024-07-10T01:00:00+02:00,0.4434,2762.431047166173,8.076945840283042,42.38215712391452,40438.61188132475,"Time-based exit (2 bars, optimal=2)",9247.705335794644,2024-07-09T01:00:00+02:00,2024-07-10T01:00:00+02:00,0.4367,0.4434
LUNC/USDT,Long,jma,12h,"ParamA=20.0, ParamB=0.0, ATR=None",2024-07-08T20:00:00+02:00,6.962e-05,2024-07-10T20:00:00+02:00,7.096e-05,2755.8008168183264,28.778458361127072,53.041842782771475,144140.46777275475,"Time-based exit (4 bars, optimal=4)",206682407.07502925,2024-07-08T20:00:00+02:00,2024-07-10T20:00:00+02:00,6.962e-05,7.096e-05
SOL/USDC,Long,jma,12h,"ParamA=20.0, ParamB=0.0, ATR=None",2024-07-08T20:00:00+02:00,137.76,2024-07-11T08:00:00+02:00,141.44,2746.6294351388556,13.715518414297627,73.37105343576516,68747.06872701626,"Time-based exit (5 bars, optimal=5)",49.78048204957037,2024-07-08T20:00:00+02:00,2024-07-11T08:00:00+02:00,137.76,141.44
ETH/USDC,Long,jma,12h,"ParamA=30.0, ParamB=0.0, ATR=2.0",2024-07-08T06:00:00+02:00,2913.47,2024-07-10T18:00:00+02:00,3120.15,2711.4034999180217,21.403478438227296,192.3455108043184,107755.16435610848,"Time-based exit (5 bars, optimal=5)",3.673193552400968,2024-07-08T06:00:00+02:00,2024-07-10T18:00:00+02:00,2913.47,3120.15
XRP/USDC,Long,jma,12h,"ParamA=30.0, ParamB=-50.0, ATR=None",2024-07-08T06:00:00+02:00,0.4189,2024-07-10T18:00:00+02:00,0.4326,2735.4466887685617,4.691436282884153,89.46197096235204,23529.205992789965,"Time-based exit (5 bars, optimal=5)",5599.709098691995,2024-07-08T06:00:00+02:00,2024-07-10T18:00:00+02:00,0.4189,0.4326
TNSR/USDC,Long,jma,12h,"ParamA=30.0, ParamB=50.0, ATR=None",2024-07-07T19:00:00+02:00,0.4449,2024-07-08T23:00:00+02:00,0.4332,2720.345972349041,8.099866879626969,-71.5397794481544,40384.72920141521,Trend flip,9103.019644444783,2024-07-07T19:00:00+02:00,2024-07-08T23:00:00+02:00,0.4449,0.4332
SUI/USDC,Long,jma,12h,"ParamA=20.0, ParamB=0.0, ATR=None",2024-07-06T17:00:00+02:00,0.6736,2024-07-09T05:00:00+02:00,0.6857,2714.25139806227,3.2319003517545624,48.756594294170824,16185.297466984175,"Time-based exit (5 bars, optimal=5)",2398.975914307128,2024-07-06T17:00:00+02:00,2024-07-09T05:00:00+02:00,0.6736,0.6857
TNSR/USDC,Long,jma,12h,"ParamA=30.0, ParamB=50.0, ATR=None",2024-07-06T16:00:00+02:00,0.3865,2024-07-07T16:00:00+02:00,0.4219,2683.5279538301907,8.027943567361246,245.78755385663314,40499.334398134844,"Time-based exit (2 bars, optimal=2)",10385.437991411702,2024-07-06T16:00:00+02:00,2024-07-07T16:00:00+02:00,0.3865,0.4219
ETH/USDC,Long,jma,12h,"ParamA=30.0, ParamB=0.0, ATR=2.0",2024-07-06T15:00:00+02:00,3007.7,2024-07-07T23:00:00+02:00,2947.7202909925577,2690.23405216158,21.450545335780372,-53.648786651116616,107017.39219113647,ATR stop x2.00,3.565938314290051,2024-07-06T15:00:00+02:00,2024-07-07T23:00:00+02:00,3007.7,2947.7202909925577
LUNC/USDT,Long,jma,12h,"ParamA=20.0, ParamB=0.0, ATR=None",2024-07-06T15:00:00+02:00,6.884e-05,2024-07-08T15:00:00+02:00,7.087e-05,2680.354042888151,28.699567070078185,79.04007418743409,143892.29180563535,"Time-based exit (4 bars, optimal=4)",208451242.51945224,2024-07-06T15:00:00+02:00,2024-07-08T15:00:00+02:00,6.884e-05,7.087e-05
ICP/USDC,Long,jma,12h,"ParamA=20.0, ParamB=50.0, ATR=None",2024-07-06T08:00:00+02:00,6.889,2024-07-08T20:00:00+02:00,6.924,2678.6529097077228,6.270457639327689,13.609065443427301,31361.946467216305,"Time-based exit (5 bars, optimal=5)",455.1065204911952,2024-07-06T08:00:00+02:00,2024-07-08T20:00:00+02:00,6.889,6.924
SOL/USDC,Long,jma,12h,"ParamA=20.0, ParamB=0.0, ATR=None",2024-07-06T02:00:00+02:00,135.12,2024-07-08T14:00:00+02:00,140.52,2665.3380548599544,13.663645101615224,106.51883878214748,68577.59207148814,"Time-based exit (5 bars, optimal=5)",50.5611497247455,2024-07-06T02:00:00+02:00,2024-07-08T14:00:00+02:00,135.12,140.52
XRP/USDC,Long,jma,12h,"ParamA=30.0, ParamB=-50.0, ATR=None",2024-07-03T09:00:00+02:00,0.4821,2024-07-06T03:00:00+02:00,0.426,2704.6796142773364,4.747632056625218,-314.73247533905527,23457.181414420767,Trend flip,4923.907961652373,2024-07-03T09:00:00+02:00,2024-07-06T03:00:00+02:00,0.4821,0.426
LUNC/USDT,Long,jma,12h,"ParamA=20.0, ParamB=0.0, ATR=None",2024-07-02T04:00:00+02:00,8.095e-05,2024-07-04T08:00:00+02:00,7.354e-05,2735.985439019671,28.97055177793158,-250.44659793867518,143497.83535039093,Trend flip,178941023.9526348,2024-07-02T04:00:00+02:00,2024-07-04T08:00:00+02:00,8.095e-05,7.354e-05
SOL/USDC,Long,jma,12h,"ParamA=20.0, ParamB=0.0, ATR=None",2024-07-01T00:00:00+02:00,146.87,2024-07-03T16:00:00+02:00,141.47,2748.6178147598694,13.716821389911402,-101.05900592158582,68318.22550807612,Trend flip,46.69715186869817,2024-07-01T00:00:00+02:00,2024-07-03T16:00:00+02:00,146.87,141.47
ICP/USDC,Long,jma,12h,"ParamA=20.0, ParamB=50.0, ATR=None",2024-06-30T17:00:00+02:00,7.989,2024-07-03T11:00:00+02:00,7.658,2757.8220858619566,6.29781026933939,-114.26199905123373,31352.28819663844,Trend flip,394.15510510322883,2024-06-30T17:00:00+02:00,2024-07-03T11:00:00+02:00,7.989,7.658
TNSR/USDC,Long,jma,12h,"ParamA=30.0, ParamB=50.0, ATR=None",2024-06-30T17:00:00+02:00,0.5781,2024-07-01T17:00:00+02:00,0.5868,2752.643915548587,8.017481315925322,41.4253625069587,40139.71783680623,"Time-based exit (2 bars, optimal=2)",6934.337758108738,2024-06-30T17:00:00+02:00,2024-07-01T17:00:00+02:00,0.5781,0.5868
XRP/USDC,Long,jma,12h,"ParamA=30.0, ParamB=-50.0, ATR=None",2024-06-30T17:00:00+02:00,0.4727,2024-07-03T05:00:00+02:00,0.4797,2743.5393359805526,4.741558808906917,40.627830234533285,23738.16028312609,"Time-based exit (5 bars, optimal=5)",5015.399628630122,2024-06-30T17:00:00+02:00,2024-07-03T05:00:00+02:00,0.4727,0.4797
ETH/USDC,Long,jma,12h,"ParamA=30.0, ParamB=0.0, ATR=2.0",2024-06-30T15:00:00+02:00,3391.2,2024-07-03T03:00:00+02:00,3389.99,2752.7666909561144,21.455602004613283,-0.9822032602196858,107252.72667890186,"Time-based exit (5 bars, optimal=5)",3.1634232726782976,2024-06-30T15:00:00+02:00,2024-07-03T03:00:00+02:00,3391.2,3389.99
SUI/USDC,Long,jma,12h,"ParamA=20.0, ParamB=0.0, ATR=None",2024-06-30T15:00:00+02:00,0.8038,2024-07-03T03:00:00+02:00,0.8146,2748.1511099677386,3.228208514985074,36.9246479070063,16159.501758772813,"Time-based exit (5 bars, optimal=5)",2008.091885409974,2024-06-30T15:00:00+02:00,2024-07-03T03:00:00+02:00,0.8038,0.8146
LUNC/USDT,Long,jma,12h,"ParamA=20.0, ParamB=0.0, ATR=None",2024-06-29T02:00:00+02:00,8.137e-05,2024-07-01T02:00:00+02:00,8.177e-05,2746.4634711136687,28.962106958591534,13.501110832560611,144852.75888965788,"Time-based exit (4 bars, optimal=4)",177965509.14705378,2024-06-29T02:00:00+02:00,2024-07-01T02:00:00+02:00,8.137e-05,8.177e-05
TNSR/USDC,Long,jma,12h,"ParamA=30.0, ParamB=50.0, ATR=None",2024-06-28T13:00:00+02:00,0.6245,2024-06-29T14:00:00+02:00,0.603,2758.3338027307045,8.046793807892614,-94.96265293628558,40087.40657962661,Trend flip,6442.589117608178,2024-06-28T13:00:00+02:00,2024-06-29T14:00:00+02:00,0.6245,0.603
SOL/USDC,Long,jma,12h,"ParamA=20.0, ParamB=0.0, ATR=None",2024-06-28T10:00:00+02:00,145.36,2024-06-30T22:00:00+02:00,144.25,2760.9692215494306,13.730051961171068,-21.083350549806724,68584.10694955701,"Time-based exit (5 bars, optimal=5)",47.22775165510136,2024-06-28T10:00:00+02:00,2024-06-30T22:00:00+02:00,145.36,144.25
XRP/USDC,Long,jma,12h,"ParamA=30.0, ParamB=-50.0, ATR=None",2024-06-28T05:00:00+02:00,0.476,2024-06-30T17:00:00+02:00,0.4727,2763.3639434542097,4.745798122692146,-19.15777523823279,23707.794044534585,"Time-based exit (5 bars, optimal=5)",4985.082061651414,2024-06-28T05:00:00+02:00,2024-06-30T17:00:00+02:00,0.476,0.4727
ICP/USDC,Long,jma,12h,"ParamA=20.0, ParamB=50.0, ATR=None",2024-06-27T08:00:00+02:00,8.035,2024-06-29T21:00:00+02:00,7.971,2766.1180124149214,6.304092393520463,-22.032551685694475,31489.05134669695,"Time-based exit (5 bars, optimal=5)",392.28950799753966,2024-06-27T08:00:00+02:00,2024-06-29T21:00:00+02:00,8.035,7.971
ETH/USDC,Long,jma,12h,"ParamA=30.0, ParamB=0.0, ATR=2.0",2024-06-27T03:00:00+02:00,3378.9,2024-06-29T15:00:00+02:00,3388.63,2765.1226942708786,21.45371485994174,7.962545152344164,107278.01002306641,"Time-based exit (5 bars, optimal=5)",3.174659631824224,2024-06-27T03:00:00+02:00,2024-06-29T15:00:00+02:00,3378.9,3388.63
LUNC/USDT,Long,jma,12h,"ParamA=20.0, ParamB=0.0, ATR=None",2024-06-26T21:00:00+02:00,8.15e-05,2024-06-28T21:00:00+02:00,8.186e-05,2763.5967819372936,28.955107993837192,12.207298668680181,144810.53479295765,"Time-based exit (4 bars, optimal=4)",177638699.3486944,2024-06-26T21:00:00+02:00,2024-06-28T21:00:00+02:00,8.15e-05,8.186e-05
TNSR/USDC,Long,jma,12h,"ParamA=30.0, ParamB=50.0, ATR=None",2024-06-25T22:00:00+02:00,0.6215,2024-06-27T02:00:00+02:00,0.5927,2779.6980093445995,8.08588055115866,-128.80981925844665,40233.969039463074,Trend flip,6505.133186772854,2024-06-25T22:00:00+02:00,2024-06-27T02:00:00+02:00,0.6215,0.5927
ETH/USDC,Long,jma,12h,"ParamA=30.0, ParamB=0.0, ATR=2.0",2024-06-25T16:00:00+02:00,3400.98,2024-06-26T19:00:00+02:00,3341.6659113670235,2785.7710924518537,21.495502747699305,-48.58466485803304,107268.5742997087,ATR stop x2.00,3.1601924662449212,2024-06-25T16:00:00+02:00,2024-06-26T19:00:00+02:00,3400.98,3341.6659113670235
SOL/USDC,Long,jma,12h,"ParamA=20.0, ParamB=0.0, ATR=None",2024-06-25T16:00:00+02:00,138.19,2024-06-28T04:00:00+02:00,146.94,2763.8953378690744,13.646374278262195,175.00603666223606,68650.25980585534,"Time-based exit (5 bars, optimal=5)",49.375404436870234,2024-06-25T16:00:00+02:00,2024-06-28T04:00:00+02:00,138.19,146.94
SUI/USDC,Long,jma,12h,"ParamA=20.0, ParamB=0.0, ATR=None",2024-06-25T05:00:00+02:00,0.8993,2024-06-27T17:00:00+02:00,0.8497,2783.082608157719,3.2467650789332625,-153.49816230915465,16141.04257492537,Trend flip,1805.1623923792185,2024-06-25T05:00:00+02:00,2024-06-27T17:00:00+02:00,0.8993,0.8497
TNSR/USDC,Long,jma,12h,"ParamA=30.0, ParamB=50.0, ATR=None",2024-06-24T20:00:00+02:00,0.5798,2024-06-25T20:00:00+02:00,0.6188,2759.87736128592,8.033450578192287,185.6419749743894,40429.40275579329,"Time-based exit (2 bars, optimal=2)",6927.777318206526,2024-06-24T20:00:00+02:00,2024-06-25T20:00:00+02:00,0.5798,0.6188
LUNC/USDT,Long,jma,12h,"ParamA=20.0, ParamB=0.0, ATR=None",2024-06-24T20:00:00+02:00,8.172e-05,2024-06-26T21:00:00+02:00,8.15e-05,2760.8064138603345,28.968700454069825,-7.432420595316428,144775.53996918595,"Time-based exit (4 bars, optimal=4)",177243639.5868198,2024-06-24T20:00:00+02:00,2024-06-26T21:00:00+02:00,8.172e-05,8.15e-05
ICP/USDC,Long,jma,12h,"ParamA=20.0, ParamB=50.0, ATR=None",2024-06-24T20:00:00+02:00,7.816,2024-06-27T08:00:00+02:00,8.035,2751.170628808692,6.287732062225291,77.08628041314027,31520.461967602314,"Time-based exit (5 bars, optimal=5)",402.23465085883385,2024-06-24T20:00:00+02:00,2024-06-27T08:00:00+02:00,7.816,8.035
TNSR/USDC,Long,jma,12h,"ParamA=30.0, ParamB=50.0, ATR=None",2024-06-23T04:00:00+02:00,0.6427,2024-06-24T06:00:00+02:00,0.5632,2794.3776110868553,8.135713983898658,-345.6558582253073,40167.252890961434,Trend flip,6329.32471129505,2024-06-23T04:00:00+02:00,2024-06-24T06:00:00+02:00,0.6427,0.5632
SOL/USDC,Long,jma,12h,"ParamA=20.0, ParamB=0.0, ATR=None",2024-06-23T02:00:00+02:00,134.58,2024-06-25T14:00:00+02:00,136.63,2789.0670268571616,13.628340473945343,42.48467383754743,68231.87139131098,"Time-based exit (5 bars, optimal=5)",50.63285954059051,2024-06-23T02:00:00+02:00,2024-06-25T14:00:00+02:00,134.58,136.63
SUI/USDC,Long,jma,12h,"ParamA=20.0, ParamB=0.0, ATR=None",2024-06-22T13:00:00+02:00,0.903,2024-06-25T01:00:00+02:00,0.8948,2792.236509051822,3.2503667588656224,-25.355857557281173,16233.825394666312,"Time-based exit (5 bars, optimal=5)",1799.760110113855,2024-06-22T13:00:00+02:00,2024-06-25T01:00:00+02:00,0.903,0.8948
TNSR/USDC,Long,jma,12h,"ParamA=30.0, ParamB=50.0, ATR=None",2024-06-21T16:00:00+02:00,0.6425,2024-06-22T18:00:00+02:00,0.6393,2793.9759493315614,8.141397122590458,-13.915522237915864,40678.56991949329,"Time-based exit (2 bars, optimal=2)",6335.7176051287615,2024-06-21T16:00:00+02:00,2024-06-22T18:00:00+02:00,0.6425,0.6393
TNSR/USDC,Long,jma,12h,"ParamA=30.0, ParamB=50.0, ATR=None",2024-06-20T13:00:00+02:00,0.6542,2024-06-21T13:00:00+02:00,0.6314,2806.201068630855,8.17151055043425,-97.80095439434976,40706.98561295229,Trend flip,6245.42231002312,2024-06-20T13:00:00+02:00,2024-06-21T13:00:00+02:00,0.6542,0.6314
XRP/USDC,Long,jma,12h,"ParamA=30.0, ParamB=-50.0, ATR=None",2024-06-20T06:00:00+02:00,0.4936,2024-06-23T01:00:00+02:00,0.4864,2811.327070176964,4.753682918638555,-41.00801236886973,23728.990613460726,Trend flip,4815.319001862394,2024-06-20T06:00:00+02:00,2024-06-23T01:00:00+02:00,0.4936,0.4864
SOL/USDC,Long,jma,12h,"ParamA=20.0, ParamB=0.0, ATR=None",2024-06-20T06:00:00+02:00,134.25,2024-06-22T18:00:00+02:00,134.61,2810.385041671376,13.627411678289057,7.53622804470565,68141.70236972671,"Time-based exit (5 bars, optimal=5)",50.75386099921437,2024-06-20T06:00:00+02:00,2024-06-22T18:00:00+02:00,134.25,134.61
LUNC/USDT,Long,jma,12h,"ParamA=20.0, ParamB=0.0, ATR=None",2024-06-20T02:00:00+02:00,9.163e-05,2024-06-22T03:00:00+02:00,9.123e-05,2811.919429660932,28.987151885051464,-12.275103916450531,144843.50227034913,"Time-based exit (4 bars, optimal=4)",158175007.5578493,2024-06-20T02:00:00+02:00,2024-06-22T03:00:00+02:00,9.163e-05,9.123e-05
SUI/USDC,Long,jma,12h,"ParamA=20.0, ParamB=0.0, ATR=None",2024-06-19T17:00:00+02:00,0.845,2024-06-22T05:00:00+02:00,0.9227,2779.9662670938915,3.2213895025239836,255.62530053632585,16251.833794328111,"Time-based exit (5 bars, optimal=5)",1906.147634629576,2024-06-19T17:00:00+02:00,2024-06-22T05:00:00+02:00,0.845,0.9227
ICP/USDC,Long,jma,12h,"ParamA=20.0, ParamB=50.0, ATR=None",2024-06-19T14:00:00+02:00,8.332,2024-06-22T02:00:00+02:00,8.264,2782.805182606632,6.294127717879475,-22.71132410192689,31438.660311126456,"Time-based exit (5 bars, optimal=5)",377.70809636818734,2024-06-19T14:00:00+02:00,2024-06-22T02:00:00+02:00,8.332,8.264
ETH/USDC,Long,jma,12h,"ParamA=30.0, ParamB=0.0, ATR=2.0",2024-06-19T12:00:00+02:00,3558.2,2024-06-20T16:00:00+02:00,3497.322126039953,2788.769376250575,21.536657527985447,-47.71354915154299,107477.51373849652,ATR stop x2.00,3.0263416232906315,2024-06-19T12:00:00+02:00,2024-06-20T16:00:00+02:00,3558.2,3497.322126039953
SUI/USDC,Long,jma,12h,"ParamA=20.0, ParamB=0.0, ATR=None",2024-06-16T20:00:00+02:00,0.9515,2024-06-19T09:00:00+02:00,0.8277,2834.875202587989,3.2645171535755773,-368.84661069930957,16106.947512619918,Trend flip,1715.458304558895,2024-06-16T20:00:00+02:00,2024-06-19T09:00:00+02:00,0.9515,0.8277
ICP/USDC,Long,jma,12h,"ParamA=20.0, ParamB=50.0, ATR=None",2024-06-16T14:00:00+02:00,9.17,2024-06-19T09:00:00+02:00,8.321,2868.067532675799,6.35422888341647,-265.53864070248136,31470.63858939737,Trend flip,346.4683142538969,2024-06-16T14:00:00+02:00,2024-06-19T09:00:00+02:00,9.17,8.321
TNSR/USDC,Long,jma,12h,"ParamA=30.0, ParamB=50.0, ATR=None",2024-06-16T04:00:00+02:00,0.8009,2024-06-17T04:00:00+02:00,0.8047,2866.367539441644,8.169268362181816,13.599945873240506,40857.55275217125,"Time-based exit (2 bars, optimal=2)",5100.055164303793,2024-06-16T04:00:00+02:00,2024-06-17T04:00:00+02:00,0.8009,0.8047
XRP/USDC,Long,jma,12h,"ParamA=30.0, ParamB=-50.0, ATR=None",2024-06-16T04:00:00+02:00,0.4899,2024-06-18T22:00:00+02:00,0.487,2868.490069856674,4.757450617537497,-16.980243320237587,23768.414593192774,"Time-based exit (5 bars, optimal=5)",4855.532371440598,2024-06-16T04:00:00+02:00,2024-06-18T22:00:00+02:00,0.4899,0.487
LUNC/USDT,Long,jma,12h,"ParamA=20.0, ParamB=0.0, ATR=None",2024-06-16T03:00:00+02:00,9.753e-05,2024-06-18T07:00:00+02:00,8.741e-05,2906.1843506271375,29.297005643933353,-301.5542461637097,144935.7594252573,Trend flip,150194840.78710833,2024-06-16T03:00:00+02:00,2024-06-18T07:00:00+02:00,9.753e-05,8.741e-05
ETH/USDC,Long,jma,12h,"ParamA=30.0, ParamB=0.0, ATR=2.0",2024-06-15T19:00:00+02:00,3568.91,2024-06-17T11:00:00+02:00,3519.7398300258415,2911.1979295989663,21.570690390069945,-40.10863177463124,107683.28763992724,ATR stop x2.00,3.0220277886063176,2024-06-15T19:00:00+02:00,2024-06-17T11:00:00+02:00,3568.91,3519.7398300258415
ETH/USDC,Long,jma,12h,"ParamA=30.0, ParamB=0.0, ATR=2.0",2024-06-14T03:00:00+02:00,3485.86,2024-06-14T18:00:00+02:00,3428.376154106122,2920.3335438757967,21.610649730310275,-48.15798781215505,107853.45195034971,ATR stop x2.00,3.099758700910288,2024-06-14T03:00:00+02:00,2024-06-14T18:00:00+02:00,3485.86,3428.376154106122
SUI/USDC,Long,jma,12h,"ParamA=20.0, ParamB=0.0, ATR=None",2024-06-14T03:00:00+02:00,0.9682,2024-06-16T19:00:00+02:00,0.9502,2927.135915089338,3.2712530562227653,-54.418969708332796,16322.585767877885,Trend flip,1689.3477877622213,2024-06-14T03:00:00+02:00,2024-06-16T19:00:00+02:00,0.9682,0.9502
TNSR/USDC,Long,jma,12h,"ParamA=30.0, ParamB=50.0, ATR=None",2024-06-14T03:00:00+02:00,0.8184,2024-06-15T08:00:00+02:00,0.8114,2914.3137953992773,8.17789872333696,-24.92692640248651,40846.34181090908,"Time-based exit (2 bars, optimal=2)",4996.272436056305,2024-06-14T03:00:00+02:00,2024-06-15T08:00:00+02:00,0.8184,0.8114
SOL/USDC,Long,jma,12h,"ParamA=20.0, ParamB=0.0, ATR=None",2024-06-12T14:00:00+02:00,158.75,2024-06-15T08:00:00+02:00,144.1,2961.295743946676,13.757118558302533,-273.2786308587012,68137.05839144529,Trend flip,43.3295072702442,2024-06-12T14:00:00+02:00,2024-06-15T08:00:00+02:00,158.75,144.1
XRP/USDC,Long,jma,12h,"ParamA=30.0, ParamB=-50.0, ATR=None",2024-06-12T14:00:00+02:00,0.493,2024-06-15T21:00:00+02:00,0.494,2990.0985640102795,4.757437107574109,6.065108649108077,23787.253087687488,"Time-based exit (6 bars, optimal=5)",4824.986924517352,2024-06-12T14:00:00+02:00,2024-06-15T21:00:00+02:00,0.493,0.494
LUNC/USDT,Long,jma,12h,"ParamA=20.0, ParamB=0.0, ATR=None",2024-06-12T14:00:00+02:00,0.00010497,2024-06-14T16:00:00+02:00,9.667e-05,2990.856702591418,29.536458333492774,-236.4876691579385,146485.02821966677,Trend flip,140689998.73055527,2024-06-12T14:00:00+02:00,2024-06-14T16:00:00+02:00,0.00010497,9.667e-05
ICP/USDC,Long,jma,12h,"ParamA=20.0, ParamB=50.0, ATR=None",2024-06-10T16:00:00+02:00,10.968,2024-06-13T08:00:00+02:00,10.037,3022.1649799052902,6.409920384984536,-256.53132716008594,31771.144417082345,Trend flip,292.2100831958669,2024-06-10T16:00:00+02:00,2024-06-13T08:00:00+02:00,10.968,10.037
SOL/USDC,Long,jma,12h,"ParamA=20.0, ParamB=0.0, ATR=None",2024-06-09T20:00:00+02:00,162.5,2024-06-12T13:00:00+02:00,151.74,3047.3879757662476,13.8516078338956,-201.7839668876603,68785.59279151267,Trend flip,42.620331796601846,2024-06-09T20:00:00+02:00,2024-06-12T13:00:00+02:00,162.5,151.74
SUI/USDC,Long,jma,12h,"ParamA=20.0, ParamB=0.0, ATR=None",2024-06-08T16:00:00+02:00,1.1206,2024-06-11T08:00:00+02:00,1.0069,3086.534298013722,3.30545242447518,-313.1705779797971,16356.265281113827,Trend flip,1474.858301122247,2024-06-08T16:00:00+02:00,2024-06-11T08:00:00+02:00,1.1206,1.0069
ETH/USDC,Long,jma,12h,"ParamA=30.0, ParamB=0.0, ATR=2.0",2024-06-07T05:00:00+02:00,3805.22,2024-06-07T19:00:00+02:00,3768.1829504131474,3090.2941126988776,21.636035770585682,-30.07851748124585,108053.24865155136,ATR stop x2.00,2.8429415080580993,2024-06-07T05:00:00+02:00,2024-06-07T19:00:00+02:00,3805.22,3768.1829504131474
ICP/USDC,Long,jma,12h,"ParamA=20.0, ParamB=50.0, ATR=None",2024-06-07T03:00:00+02:00,12.076,2024-06-09T15:00:00+02:00,10.922,3127.654510440769,6.473072616261396,-298.88318193513146,32049.60192492268,Trend flip,268.0139374073118,2024-06-07T03:00:00+02:00,2024-06-09T15:00:00+02:00,12.076,10.922
SOL/USDC,Long,jma,12h,"ParamA=20.0, ParamB=0.0, ATR=None",2024-06-07T02:00:00+02:00,170.2,2024-06-09T18:00:00+02:00,161.19,3148.4887374711857,13.928125781786326,-166.67381624333348,69258.039169478,Trend flip,40.916938254366414,2024-06-07T02:00:00+02:00,2024-06-09T18:00:00+02:00,170.2,161.19
SUI/USDC,Long,jma,12h,"ParamA=20.0, ParamB=0.0, ATR=None",2024-06-05T21:00:00+02:00,1.0925,2024-06-08T09:00:00+02:00,1.1494,3128.123721481222,3.2889804277607704,162.92012791970836,16527.2621223759,"Time-based exit (5 bars, optimal=5)",1505.2542003481788,2024-06-05T21:00:00+02:00,2024-06-08T09:00:00+02:00,1.0925,1.1494
LUNC/USDT,Long,jma,12h,"ParamA=20.0, ParamB=0.0, ATR=None",2024-06-05T17:00:00+02:00,0.00011928,2024-06-07T17:00:00+02:00,0.0001213,3121.515884786817,29.492411584923154,52.862693555242814,147682.29166746387,"Time-based exit (4 bars, optimal=4)",123626809.12526473,2024-06-05T17:00:00+02:00,2024-06-07T17:00:00+02:00,0.00011928,0.0001213
XRP/USDC,Long,jma,12h,"ParamA=30.0, ParamB=-50.0, ATR=None",2024-06-05T16:00:00+02:00,0.5278,2024-06-08T06:00:00+02:00,0.4992,3142.803345873398,4.784318851822328,-170.29968869264758,23787.185537870544,Trend flip,4532.321761862758,2024-06-05T16:00:00+02:00,2024-06-08T06:00:00+02:00,0.5278,0.4992
ETH/USDC,Long,jma,12h,"ParamA=30.0, ParamB=0.0, ATR=2.0",2024-06-04T22:00:00+02:00,3807.17,2024-06-06T22:00:00+02:00,3760.211369021315,3147.656348001406,21.667093950003096,-38.82401702406603,108180.17885292841,ATR stop x2.00,2.845564283969864,2024-06-04T22:00:00+02:00,2024-06-06T22:00:00+02:00,3807.17,3760.211369021315
SOL/USDC,Long,jma,12h,"ParamA=20.0, ParamB=0.0, ATR=None",2024-06-04T03:00:00+02:00,166.44,2024-06-06T15:00:00+02:00,172.66,3133.020901289363,13.879034492707554,117.08357369634602,69640.62890893163,"Time-based exit (5 bars, optimal=5)",41.69380705571844,2024-06-04T03:00:00+02:00,2024-06-06T15:00:00+02:00,166.44,172.66
ICP/USDC,Long,jma,12h,"ParamA=20.0, ParamB=50.0, ATR=None",2024-06-03T17:00:00+02:00,12.056,2024-06-06T05:00:00+02:00,12.215,3127.8644393010495,6.465838342850725,41.251695906508715,32365.36308130698,"Time-based exit (5 bars, optimal=5)",268.1585245044262,2024-06-03T17:00:00+02:00,2024-06-06T05:00:00+02:00,12.056,12.215
LUNC/USDT,Long,jma,12h,"ParamA=20.0, ParamB=0.0, ATR=None",2024-06-03T14:00:00+02:00,0.00011867,2024-06-05T14:00:00+02:00,0.00011883,3127.337374773406,29.494333799278966,4.216516221148901,147462.05792461577,"Time-based exit (4 bars, optimal=4)",124270387.62652297,2024-06-03T14:00:00+02:00,2024-06-05T14:00:00+02:00,0.00011867,0.00011883
SUI/USDC,Long,jma,12h,"ParamA=20.0, ParamB=0.0, ATR=None",2024-06-03T08:00:00+02:00,1.0462,2024-06-05T20:00:00+02:00,1.0876,3111.9442268343237,3.276669396412422,123.14518351265592,16444.902138803853,"Time-based exit (5 bars, optimal=5)",1565.9861386027633,2024-06-03T08:00:00+02:00,2024-06-05T20:00:00+02:00,1.0462,1.0876
ETH/USDC,Long,jma,12h,"ParamA=30.0, ParamB=0.0, ATR=2.0",2024-06-03T03:00:00+02:00,3800.59,2024-06-03T16:00:00+02:00,3761.9492808084506,3115.904163904134,21.693488486317126,-31.679496558481635,108335.46975001547,ATR stop x2.00,2.853963264429618,2024-06-03T03:00:00+02:00,2024-06-03T16:00:00+02:00,3800.59,3761.9492808084506
XRP/USDC,Long,jma,12h,"ParamA=30.0, ParamB=-50.0, ATR=None",2024-06-03T02:00:00+02:00,0.5138,2024-06-05T14:00:00+02:00,0.5282,3105.0262983202947,4.771899282735436,87.02292467071261,23921.59425911164,"Time-based exit (5 bars, optimal=5)",4643.732272027477,2024-06-03T02:00:00+02:00,2024-06-05T14:00:00+02:00,0.5138,0.5282
ICP/USDC,Long,jma,12h,"ParamA=20.0, ParamB=50.0, ATR=None",2024-06-01T05:00:00+02:00,11.954,2024-06-03T17:00:00+02:00,12.056,3101.718041249362,6.461617156578419,26.466056567461134,32329.191714253626,"Time-based exit (5 bars, optimal=5)",270.2700835108925,2024-06-01T05:00:00+02:00,2024-06-03T17:00:00+02:00,11.954,12.056
SUI/USDC,Long,jma,12h,"ParamA=20.0, ParamB=0.0, ATR=None",2024-05-31T18:00:00+02:00,1.0133,2024-06-03T06:00:00+02:00,1.0334,3094.046284327057,3.270835475768215,61.37405537844061,16383.34698206211,"Time-based exit (5 bars, optimal=5)",1613.9521739703023,2024-05-31T18:00:00+02:00,2024-06-03T06:00:00+02:00,1.0133,1.0334
LUNC/USDT,Long,jma,12h,"ParamA=20.0, ParamB=0.0, ATR=None",2024-05-31T14:00:00+02:00,0.00012091,2024-06-02T14:00:00+02:00,0.00011789,3103.736637321755,29.574116650302276,-77.52282395758603,147471.66899639482,Trend flip,122298059.09479065,2024-05-31T14:00:00+02:00,2024-06-02T14:00:00+02:00,0.00012091,0.00011789
ETH/USDC,Long,jma,12h,"ParamA=30.0, ParamB=0.0, ATR=2.0",2024-05-31T04:00:00+02:00,3751.59,2024-06-02T16:00:00+02:00,3803.57,3098.3704693437617,21.667800315317088,42.92934382394899,108467.44243158562,"Time-based exit (5 bars, optimal=5)",2.887815608224391,2024-05-31T04:00:00+02:00,2024-06-02T16:00:00+02:00,3751.59,3803.57
SOL/USDC,Long,jma,12h,"ParamA=20.0, ParamB=0.0, ATR=None",2024-05-29T18:00:00+02:00,171.38,2024-06-01T07:00:00+02:00,166.86,3108.6188627236124,13.91852711548506,-81.98714703880658,69395.17246353776,Trend flip,40.6072094628459,2024-05-29T18:00:00+02:00,2024-06-01T07:00:00+02:00,171.38,166.86
LUNC/USDT,Long,jma,12h,"ParamA=20.0, ParamB=0.0, ATR=None",2024-05-29T12:00:00+02:00,0.00011749,2024-05-31T12:00:00+02:00,0.0001206,3098.367010011535,29.50192444431378,82.01482169661998,147870.5832515114,"Time-based exit (4 bars, optimal=4)",125550789.19190475,2024-05-29T12:00:00+02:00,2024-05-31T12:00:00+02:00,0.00011749,0.0001206
ICP/USDC,Long,jma,12h,"ParamA=20.0, ParamB=50.0, ATR=None",2024-05-27T14:00:00+02:00,12.043,2024-05-30T02:00:00+02:00,12.049,3098.1740655168796,6.462587698479229,1.5435559572450372,32308.085782892093,"Time-based exit (5 bars, optimal=5)",268.3130324038541,2024-05-27T14:00:00+02:00,2024-05-30T02:00:00+02:00,12.043,12.049
XRP/USDC,Long,jma,12h,"ParamA=30.0, ParamB=-50.0, ATR=None",2024-05-27T14:00:00+02:00,0.5289,2024-05-30T04:00:00+02:00,0.5263,3100.079011023748,4.775201746896865,-15.239564054947795,23859.49641367718,"Time-based exit (5 bars, optimal=5)",4514.276561634397,2024-05-27T14:00:00+02:00,2024-05-30T04:00:00+02:00,0.5289,0.5263
LUNC/USDT,Long,jma,12h,"ParamA=20.0, ParamB=0.0, ATR=None",2024-05-27T10:00:00+02:00,0.00011401,2024-05-29T10:00:00+02:00,0.00011657,3091.4021520757237,29.441703880665294,69.41487158419315,147509.6222215689,"Time-based exit (4 bars, optimal=4)",129118953.95432547,2024-05-27T10:00:00+02:00,2024-05-29T10:00:00+02:00,0.00011401,0.00011657
SOL/USDC,Long,jma,12h,"ParamA=20.0, ParamB=0.0, ATR=None",2024-05-27T05:00:00+02:00,165.31,2024-05-29T17:00:00+02:00,168.53,3083.8934284356214,13.894241987595567,60.069789120819664,69592.6355774253,"Time-based exit (5 bars, optimal=5)",42.02480789908525,2024-05-27T05:00:00+02:00,2024-05-29T17:00:00+02:00,165.31,168.53
SUI/USDC,Long,jma,12h,"ParamA=20.0, ParamB=0.0, ATR=None",2024-05-27T03:00:00+02:00,1.0499,2024-05-29T19:00:00+02:00,1.0237,3093.543256194491,3.2796757622847887,-77.19862207095501,16354.177378841076,Trend flip,1561.8991152894507,2024-05-27T03:00:00+02:00,2024-05-29T19:00:00+02:00,1.0499,1.0237
ETH/USDC,Long,jma,12h,"ParamA=30.0, ParamB=0.0, ATR=2.0",2024-05-26T03:00:00+02:00,3757.59,2024-05-28T15:00:00+02:00,3857.01,3083.3456884600287,21.614933542291922,81.58054187569593,108339.00157658543,"Time-based exit (5 bars, optimal=5)",2.8761697713550336,2024-05-26T03:00:00+02:00,2024-05-28T15:00:00+02:00,3757.59,3857.01
XRP/USDC,Long,jma,12h,"ParamA=30.0, ParamB=-50.0, ATR=None",2024-05-24T19:00:00+02:00,0.5313,2024-05-27T07:00:00+02:00,0.5277,3085.9594316262846,4.779396065002018,-20.909945330048508,23876.008734484327,"Time-based exit (5 bars, optimal=5)",4497.83179465652,2024-05-24T19:00:00+02:00,2024-05-27T07:00:00+02:00,0.5313,0.5277
ETH/USDC,Long,jma,12h,"ParamA=30.0, ParamB=0.0, ATR=2.0",2024-05-23T23:00:00+02:00,3841.6,2024-05-24T09:00:00+02:00,3654.10318701688,3104.9020348436284,21.725313251854587,-151.54082573875064,108074.66771145961,ATR stop x2.00,2.827638646899025,2024-05-23T23:00:00+02:00,2024-05-24T09:00:00+02:00,3841.6,3654.10318701688
SUI/USDC,Long,jma,12h,"ParamA=20.0, ParamB=0.0, ATR=None",2024-05-23T13:00:00+02:00,1.1193,2024-05-26T04:00:00+02:00,1.0509,3128.8020234980627,3.300505125400227,-191.19990923547533,16398.378811423943,Trend flip,1474.3612639150483,2024-05-23T13:00:00+02:00,2024-05-26T04:00:00+02:00,1.1193,1.0509
LUNC/USDT,Long,jma,12h,"ParamA=20.0, ParamB=0.0, ATR=None",2024-05-23T05:00:00+02:00,0.00011682,2024-05-25T08:00:00+02:00,0.00011443,3136.8239903454837,29.50797532766811,-64.17573477936735,147208.51940332647,Trend flip,126296761.3750561,2024-05-23T05:00:00+02:00,2024-05-25T08:00:00+02:00,0.00011682,0.00011443
ETH/USDC,Long,jma,12h,"ParamA=30.0, ParamB=0.0, ATR=2.0",2024-05-22T16:00:00+02:00,3743.8,2024-05-23T22:00:00+02:00,3651.2204211964495,3146.5502811366528,21.78353797511785,-77.81032632935128,108626.56625927293,ATR stop x2.00,2.9092817424966406,2024-05-22T16:00:00+02:00,2024-05-23T22:00:00+02:00,3743.8,3651.2204211964495
ICP/USDC,Long,jma,12h,"ParamA=20.0, ParamB=50.0, ATR=None",2024-05-21T19:00:00+02:00,13.562,2024-05-24T15:00:00+02:00,12.167,3187.534376917137,6.531073142079784,-327.87276624387295,32312.938492396148,Trend flip,240.7857669252243,2024-05-21T19:00:00+02:00,2024-05-24T15:00:00+02:00,13.562,12.167
SOL/USDC,Long,jma,12h,"ParamA=20.0, ParamB=0.0, ATR=None",2024-05-21T11:00:00+02:00,183.07,2024-05-24T02:00:00+02:00,174.31,3206.714759622037,13.963852559177152,-153.44306163920368,69471.20993797784,Trend flip,38.1380143092182,2024-05-21T11:00:00+02:00,2024-05-24T02:00:00+02:00,183.07,174.31
XRP/USDC,Long,jma,12h,"ParamA=30.0, ParamB=-50.0, ATR=None",2024-05-21T07:00:00+02:00,0.5362,2024-05-24T03:00:00+02:00,0.5335,3208.734431144811,4.782760945156721,-16.15737218219154,23896.980325010092,"Time-based exit (5 bars, optimal=5)",4459.866603092802,2024-05-21T07:00:00+02:00,2024-05-24T03:00:00+02:00,0.5362,0.5335
SUI/USDC,Long,jma,12h,"ParamA=20.0, ParamB=0.0, ATR=None",2024-05-20T21:00:00+02:00,1.1348,2024-05-23T10:00:00+02:00,1.107,3218.59044259,3.3092739431443907,-78.84809156151053,16502.525627001134,Trend flip,1458.0868625063406,2024-05-20T21:00:00+02:00,2024-05-23T10:00:00+02:00,1.1348,1.107
LUNC/USDT,Long,jma,12h,"ParamA=20.0, ParamB=0.0, ATR=None",2024-05-20T15:00:00+02:00,0.00010443,2024-05-22T15:00:00+02:00,0.00012258,3150.1531172546415,29.00958875936946,547.4986026828667,147539.87663834053,"Time-based exit (4 bars, optimal=4)",138894899.73843464,2024-05-20T15:00:00+02:00,2024-05-22T15:00:00+02:00,0.00010443,0.00012258
ETH/USDC,Long,jma,12h,"ParamA=30.0, ParamB=0.0, ATR=2.0",2024-05-20T02:00:00+02:00,3079.38,2024-05-22T14:00:00+02:00,3666.74,3076.794755839761,21.380012276875505,586.866891319045,108917.68987558925,"Time-based exit (5 bars, optimal=5)",3.471480018197738,2024-05-20T02:00:00+02:00,2024-05-22T14:00:00+02:00,3079.38,3666.74
ICP/USDC,Long,jma,12h,"ParamA=20.0, ParamB=50.0, ATR=None",2024-05-19T04:00:00+02:00,13.412,2024-05-21T16:00:00+02:00,13.516,3073.8153642698603,6.527317160651283,23.835132559205412,32655.365710398917,"Time-based exit (5 bars, optimal=5)",243.33869522260972,2024-05-19T04:00:00+02:00,2024-05-21T16:00:00+02:00,13.412,13.516
SOL/USDC,Long,jma,12h,"ParamA=20.0, ParamB=0.0, ATR=None",2024-05-18T10:00:00+02:00,173.4,2024-05-20T22:00:00+02:00,183.89,3050.745639816519,13.882644692025966,184.5577956267314,69819.26279588576,"Time-based exit (5 bars, optimal=5)",40.03069403698375,2024-05-18T10:00:00+02:00,2024-05-20T22:00:00+02:00,173.4,183.89
LUNC/USDT,Long,jma,12h,"ParamA=20.0, ParamB=0.0, ATR=None",2024-05-18T05:00:00+02:00,0.00010922,2024-05-20T08:00:00+02:00,0.00010388,3069.5049748348515,29.157979971779586,-150.0746801466591,145047.9437968473,Trend flip,133482786.90615083,2024-05-18T05:00:00+02:00,2024-05-20T08:00:00+02:00,0.00010922,0.00010388
SUI/USDC,Long,jma,12h,"ParamA=20.0, ParamB=0.0, ATR=None",2024-05-18T05:00:00+02:00,1.0826,2024-05-20T17:00:00+02:00,1.1156,3057.8537217384437,3.2998751817132908,93.21002477126214,16546.369715721954,"Time-based exit (5 bars, optimal=5)",1524.0509799156155,2024-05-18T05:00:00+02:00,2024-05-20T17:00:00+02:00,1.0826,1.1156
XRP/USDC,Long,jma,12h,"ParamA=30.0, ParamB=-50.0, ATR=None",2024-05-18T05:00:00+02:00,0.5245,2024-05-20T18:00:00+02:00,0.5198,3061.2827085664376,4.788009041244063,-27.431894623950495,23913.8047257836,"Time-based exit (5 bars, optimal=5)",4564.355616057258,2024-05-18T05:00:00+02:00,2024-05-20T18:00:00+02:00,0.5245,0.5198
ETH/USDC,Long,jma,12h,"ParamA=30.0, ParamB=0.0, ATR=2.0",2024-05-18T02:00:00+02:00,3096.92,2024-05-19T23:00:00+02:00,3056.0465682539852,3066.3414402081303,21.412555273072183,-40.46985313354037,106900.0613843775,ATR stop x2.00,3.457072716291054,2024-05-18T02:00:00+02:00,2024-05-19T23:00:00+02:00,3096.92,3056.0465682539852
ICP/USDC,Long,jma,12h,"ParamA=20.0, ParamB=50.0, ATR=None",2024-05-16T07:00:00+02:00,12.405,2024-05-18T19:00:00+02:00,13.388,3036.2663712546505,6.477285158506748,240.60055162783743,32636.585803256417,"Time-based exit (5 bars, optimal=5)",261.0755807540003,2024-05-16T07:00:00+02:00,2024-05-18T19:00:00+02:00,12.405,13.388
LUNC/USDT,Long,jma,12h,"ParamA=20.0, ParamB=0.0, ATR=None",2024-05-16T04:00:00+02:00,0.00010962,2024-05-18T04:00:00+02:00,0.00010861,3039.7672891551783,29.190713407785232,-28.007343204221,145789.89985889793,"Time-based exit (4 bars, optimal=4)",133145016.45587134,2024-05-16T04:00:00+02:00,2024-05-18T04:00:00+02:00,0.00010962,0.00010861
SOL/USDC,Long,jma,12h,"ParamA=20.0, ParamB=0.0, ATR=None",2024-05-15T14:00:00+02:00,148.9,2024-05-18T02:00:00+02:00,170.38,2966.9898199597887,13.687923183326266,428.01169464564293,69413.22346012983,"Time-based exit (5 bars, optimal=5)",45.96347610250593,2024-05-15T14:00:00+02:00,2024-05-18T02:00:00+02:00,148.9,170.38
XRP/USDC,Long,jma,12h,"ParamA=30.0, ParamB=-50.0, ATR=None",2024-05-15T14:00:00+02:00,0.5053,2024-05-18T02:00:00+02:00,0.5232,2899.5338293932937,4.772058673588866,102.71453700007923,23940.045206220315,"Time-based exit (5 bars, optimal=5)",4722.005416177385,2024-05-15T14:00:00+02:00,2024-05-18T02:00:00+02:00,0.5053,0.5232
ETH/USDC,Long,jma,12h,"ParamA=30.0, ParamB=0.0, ATR=2.0",2024-05-15T14:00:00+02:00,2946.49,2024-05-18T02:00:00+02:00,3096.92,3020.491281790494,21.30803093079358,154.20805891747298,107062.77636536091,"Time-based exit (5 bars, optimal=5)",3.6158328945276557,2024-05-15T14:00:00+02:00,2024-05-18T02:00:00+02:00,2946.49,3096.92
SUI/USDC,Long,jma,12h,"ParamA=20.0, ParamB=0.0, ATR=None",2024-05-15T14:00:00+02:00,0.9405,2024-05-18T02:00:00+02:00,1.0816,2912.3731465183037,3.2517407746001528,436.9333875318792,16499.375908566453,"Time-based exit (5 bars, optimal=5)",1728.729811058029,2024-05-15T14:00:00+02:00,2024-05-18T02:00:00+02:00,0.9405,1.0816
LUNC/USDT,Long,jma,12h,"ParamA=20.0, ParamB=0.0, ATR=None",2024-05-14T02:00:00+02:00,0.00010494,2024-05-16T02:00:00+02:00,0.00010888,2885.9894250495076,29.087321754817744,108.35523475028664,145953.56703892615,"Time-based exit (4 bars, optimal=4)",138590250.40412495,2024-05-14T02:00:00+02:00,2024-05-16T02:00:00+02:00,0.00010494,0.00010888
ICP/USDC,Long,jma,12h,"ParamA=20.0, ParamB=50.0, ATR=None",2024-05-13T08:00:00+02:00,11.521,2024-05-15T20:00:00+02:00,12.443,2857.405449865324,6.427135648840828,228.67180147346807,32386.42579253374,"Time-based exit (5 bars, optimal=5)",278.93132752542436,2024-05-13T08:00:00+02:00,2024-05-15T20:00:00+02:00,11.521,12.443
ETH/USDC,Long,jma,12h,"ParamA=30.0, ParamB=0.0, ATR=2.0",2024-05-13T08:00:00+02:00,2918.15,2024-05-14T16:00:00+02:00,2877.622823249128,2862.374520943639,21.341938937226928,-39.752568626518716,106540.15465396791,ATR stop x2.00,3.6567583806910076,2024-05-13T08:00:00+02:00,2024-05-14T16:00:00+02:00,2918.15,2877.622823249128
ETH/USDC,Long,jma,12h,"ParamA=30.0, ParamB=0.0, ATR=2.0",2024-05-13T02:00:00+02:00,2931.55,2024-05-13T04:00:00+02:00,2903.8075632588625,2865.764506212891,21.36643213776018,-27.11988215401708,106709.69468613464,ATR stop x2.00,3.6442209987481333,2024-05-13T02:00:00+02:00,2024-05-13T04:00:00+02:00,2931.55,2903.8075632588625
SOL/USDC,Long,jma,12h,"ParamA=20.0, ParamB=0.0, ATR=None",2024-05-13T02:00:00+02:00,145.11,2024-05-15T14:00:00+02:00,148.9,2856.438905417346,13.654989918481045,74.60480636435614,68439.61591663133,"Time-based exit (5 bars, optimal=5)",47.050478666118956,2024-05-13T02:00:00+02:00,2024-05-15T14:00:00+02:00,145.11,148.9
XRP/USDC,Long,jma,12h,"ParamA=30.0, ParamB=-50.0, ATR=None",2024-05-13T02:00:00+02:00,0.5012,2024-05-15T14:00:00+02:00,0.5053,2853.5210491968487,4.769111187791719,23.342849763980567,23860.293367944327,"Time-based exit (5 bars, optimal=5)",4757.692725251116,2024-05-13T02:00:00+02:00,2024-05-15T14:00:00+02:00,0.5012,0.5053
LUNC/USDT,Long,jma,12h,"ParamA=20.0, ParamB=0.0, ATR=None",2024-05-12T00:00:00+02:00,0.00010566,2024-05-14T00:00:00+02:00,0.00010457,2857.2054542995206,29.123190191179262,-29.47524082137508,145436.6087740887,Trend flip,137815588.63893273,2024-05-12T00:00:00+02:00,2024-05-14T00:00:00+02:00,0.00010566,0.00010457
SUI/USDC,Long,jma,12h,"ParamA=20.0, ParamB=0.0, ATR=None",2024-05-10T03:00:00+02:00,1.0355,2024-05-12T18:00:00+02:00,1.0106,2865.819518278896,3.2602324916965846,-68.91251183500233,16258.703873000764,Trend flip,1574.2310437936187,2024-05-10T03:00:00+02:00,2024-05-12T18:00:00+02:00,1.0355,1.0106
ICP/USDC,Long,jma,12h,"ParamA=20.0, ParamB=50.0, ATR=None",2024-05-10T03:00:00+02:00,12.239,2024-05-12T16:00:00+02:00,11.809,2878.460850964519,6.4510908647410306,-101.1306614849863,32135.67824420414,Trend flip,263.54648520063034,2024-05-10T03:00:00+02:00,2024-05-12T16:00:00+02:00,12.239,11.809
SOL/USDC,Long,jma,12h,"ParamA=20.0, ParamB=0.0, ATR=None",2024-05-09T16:00:00+02:00,144.85,2024-05-12T04:00:00+02:00,146.66,2872.770599452937,13.64067309741787,35.89723703838331,68274.94959240522,"Time-based exit (5 bars, optimal=5)",47.08551293551215,2024-05-09T16:00:00+02:00,2024-05-12T04:00:00+02:00,144.85,146.66
LUNC/USDT,Long,jma,12h,"ParamA=20.0, ParamB=0.0, ATR=None",2024-05-09T16:00:00+02:00,0.00010463,2024-05-11T16:00:00+02:00,0.00010498,2877.2577540827347,29.119273296862335,9.624775054276427,145615.95095589632,"Time-based exit (4 bars, optimal=4)",139153556.80427378,2024-05-09T16:00:00+02:00,2024-05-11T16:00:00+02:00,0.00010463,0.00010498
ETH/USDC,Long,jma,12h,"ParamA=30.0, ParamB=0.0, ATR=2.0",2024-05-09T14:00:00+02:00,2987.4,2024-05-10T16:00:00+02:00,2939.1274518381992,2878.5848788934295,21.405301416680274,-46.51423552393879,106832.1606888009,ATR stop x2.00,3.5825971441186777,2024-05-09T14:00:00+02:00,2024-05-10T16:00:00+02:00,2987.4,2939.1274518381992
ETH/USDC,Long,jma,12h,"ParamA=30.0, ParamB=0.0, ATR=2.0",2024-05-06T02:00:00+02:00,3148.61,2024-05-06T14:00:00+02:00,3108.828759769928,2883.138269759789,21.43667300237698,-36.427126930876845,107026.50708340137,ATR stop x2.00,3.4041486564510977,2024-05-06T02:00:00+02:00,2024-05-06T14:00:00+02:00,3148.61,3108.828759769928
LUNC/USDT,Long,jma,12h,"ParamA=20.0, ParamB=0.0, ATR=None",2024-05-05T22:00:00+02:00,0.00011063,2024-05-08T09:00:00+02:00,0.0001072,2894.3554341128206,29.215697510631355,-89.73731482425177,145596.36648431167,Trend flip,132042382.3132575,2024-05-05T22:00:00+02:00,2024-05-08T09:00:00+02:00,0.00011063,0.0001072
SUI/USDC,Long,jma,12h,"ParamA=20.0, ParamB=0.0, ATR=None",2024-05-05T15:00:00+02:00,1.086,2024-05-08T04:00:00+02:00,1.0754,2897.8910746965894,3.264071231822997,-28.28512467015131,16301.162458482922,"Time-based exit (5 bars, optimal=5)",1502.795226437844,2024-05-05T15:00:00+02:00,2024-05-08T04:00:00+02:00,1.086,1.0754
XRP/USDC,Long,jma,12h,"ParamA=30.0, ParamB=-50.0, ATR=None",2024-05-05T09:00:00+02:00,0.5292,2024-05-07T21:00:00+02:00,0.5353,2893.7216439454396,4.764572059580158,33.35544600919721,23845.55593895859,"Time-based exit (5 bars, optimal=5)",4501.6742815383195,2024-05-05T09:00:00+02:00,2024-05-07T21:00:00+02:00,0.5292,0.5353
SOL/USDC,Long,jma,12h,"ParamA=20.0, ParamB=0.0, ATR=None",2024-05-05T06:00:00+02:00,144.77,2024-05-07T18:00:00+02:00,155.11,2868.115241037099,13.546627481861233,204.85122326672385,68203.36548708935,"Time-based exit (5 bars, optimal=5)",46.78672197921265,2024-05-05T06:00:00+02:00,2024-05-07T18:00:00+02:00,144.77,155.11
ICP/USDC,Long,jma,12h,"ParamA=20.0, ParamB=50.0, ATR=None",2024-05-04T10:00:00+02:00,13.373,2024-05-07T00:00:00+02:00,12.88,2881.3931782696473,6.476261064270758,-106.22349786038525,32255.45432370515,Trend flip,242.13942512042019,2024-05-04T10:00:00+02:00,2024-05-07T00:00:00+02:00,13.373,12.88
LUNC/USDT,Long,jma,12h,"ParamA=20.0, ParamB=0.0, ATR=None",2024-05-03T21:00:00+02:00,0.00010561,2024-05-05T21:00:00+02:00,0.00010756,2874.758178685757,29.1676753814771,53.07999667112211,146078.48755315677,"Time-based exit (4 bars, optimal=4)",138091446.74499148,2024-05-03T21:00:00+02:00,2024-05-05T21:00:00+02:00,0.00010561,0.00010756
ETH/USDC,Long,jma,12h,"ParamA=30.0, ParamB=0.0, ATR=2.0",2024-05-03T14:00:00+02:00,3034.6,2024-05-06T02:00:00+02:00,3148.61,2861.3206921917877,21.360692962604425,107.49989195175192,107183.3650118849,"Time-based exit (5 bars, optimal=5)",3.51952365428795,2024-05-03T14:00:00+02:00,2024-05-06T02:00:00+02:00,3034.6,3148.61
XRP/USDC,Long,jma,12h,"ParamA=30.0, ParamB=-50.0, ATR=None",2024-05-02T09:00:00+02:00,0.5134,2024-05-04T21:00:00+02:00,0.5338,2804.3350663156125,4.7466604890723865,111.43053243638242,23822.86029790079,"Time-based exit (5 bars, optimal=5)",4622.770246467069,2024-05-02T09:00:00+02:00,2024-05-04T21:00:00+02:00,0.5134,0.5338
SOL/USDC,Long,jma,12h,"ParamA=20.0, ParamB=0.0, ATR=None",2024-05-02T09:00:00+02:00,131.4,2024-05-04T21:00:00+02:00,147.46,2818.26388287016,13.385701602594485,344.4544745730196,67733.13740930616,"Time-based exit (5 bars, optimal=5)",50.93493760500184,2024-05-02T09:00:00+02:00,2024-05-04T21:00:00+02:00,131.4,147.46
SUI/USDC,Long,jma,12h,"ParamA=20.0, ParamB=0.0, ATR=None",2024-05-01T19:00:00+02:00,1.1035,2024-05-04T07:00:00+02:00,1.1006,2789.651033547861,3.265582544016227,-7.3312079721690315,16320.356159114986,"Time-based exit (5 bars, optimal=5)",1479.6477317699262,2024-05-01T19:00:00+02:00,2024-05-04T07:00:00+02:00,1.1035,1.1006
ICP/USDC,Long,jma,12h,"ParamA=20.0, ParamB=50.0, ATR=None",2024-05-01T19:00:00+02:00,12.759,2024-05-04T07:00:00+02:00,13.33,2788.73463255134,6.448691153245953,124.80347011417936,32381.30532135379,"Time-based exit (5 bars, optimal=5)",252.71146458366456,2024-05-01T19:00:00+02:00,2024-05-04T07:00:00+02:00,12.759,13.33
LUNC/USDT,Long,jma,12h,"ParamA=20.0, ParamB=0.0, ATR=None",2024-05-01T16:00:00+02:00,9.652e-05,2024-05-03T16:00:00+02:00,0.00010497,2759.4534300922564,28.920272220562993,241.580827644836,145838.3769073855,"Time-based exit (4 bars, optimal=4)",149814920.33030972,2024-05-01T16:00:00+02:00,2024-05-03T16:00:00+02:00,9.652e-05,0.00010497
XRP/USDC,Long,jma,12h,"ParamA=30.0, ParamB=-50.0, ATR=None",2024-04-29T14:00:00+02:00,0.5072,2024-05-02T02:00:00+02:00,0.5156,2753.752640910561,4.739758682738154,45.606313453565875,23733.302445361933,"Time-based exit (5 bars, optimal=5)",4672.475042131461,2024-04-29T14:00:00+02:00,2024-05-02T02:00:00+02:00,0.5072,0.5156
ETH/USDC,Long,jma,12h,"ParamA=30.0, ParamB=0.0, ATR=2.0",2024-04-29T14:00:00+02:00,3170.23,2024-04-30T10:00:00+02:00,3109.8150066569524,2760.328078753498,21.40576703238493,-52.60350274349811,106803.46481302213,ATR stop x2.00,3.376058997672871,2024-04-29T14:00:00+02:00,2024-04-30T10:00:00+02:00,3170.23,3109.8150066569524
ETH/USDC,Long,jma,12h,"ParamA=30.0, ParamB=0.0, ATR=2.0",2024-04-28T15:00:00+02:00,3313.0,2024-04-29T01:00:00+02:00,3263.6499041955512,2765.477360850654,21.441995199530343,-41.19425677724536,107028.83516192465,ATR stop x2.00,3.236039118552723,2024-04-28T15:00:00+02:00,2024-04-29T01:00:00+02:00,3313.0,3263.6499041955512
SUI/USDC,Long,jma,12h,"ParamA=20.0, ParamB=0.0, ATR=None",2024-04-27T19:00:00+02:00,1.2251,2024-04-30T12:00:00+02:00,1.1467,2787.7777625097806,3.2872768539580997,-178.4032132730119,16327.912720081134,Trend flip,1341.6361333597663,2024-04-27T19:00:00+02:00,2024-04-30T12:00:00+02:00,1.2251,1.1467
LUNC/USDT,Long,jma,12h,"ParamA=20.0, ParamB=0.0, ATR=None",2024-04-27T19:00:00+02:00,0.00010695,2024-04-29T20:00:00+02:00,0.00010369,2798.440356669132,29.014515817100648,-85.30075327481393,144601.36110281496,Trend flip,135645235.23656216,2024-04-27T19:00:00+02:00,2024-04-29T20:00:00+02:00,0.00010695,0.00010369
ICP/USDC,Long,jma,12h,"ParamA=20.0, ParamB=50.0, ATR=None",2024-04-27T18:00:00+02:00,12.952,2024-04-30T06:00:00+02:00,13.23,2790.9522782511867,6.436163889719526,59.904627343563256,32243.455766229763,"Time-based exit (5 bars, optimal=5)",248.46216374766547,2024-04-27T18:00:00+02:00,2024-04-30T06:00:00+02:00,12.952,13.23
ICP/USDC,Long,jma,12h,"ParamA=20.0, ParamB=50.0, ATR=None",2024-04-24T19:00:00+02:00,14.126,2024-04-27T09:00:00+02:00,12.92,2821.0580764262722,6.492895228538828,-240.84638540068548,32180.81944859763,Trend flip,229.82072874624197,2024-04-24T19:00:00+02:00,2024-04-27T09:00:00+02:00,14.126,12.92
ETH/USDC,Long,jma,12h,"ParamA=30.0, ParamB=0.0, ATR=2.0",2024-04-24T11:00:00+02:00,3253.91,2024-04-24T16:00:00+02:00,3211.710125819635,2825.6387809107846,21.474139783534287,-36.645635876098304,107209.97599765171,ATR stop x2.00,3.29974396703263,2024-04-24T11:00:00+02:00,2024-04-24T16:00:00+02:00,3253.91,3211.710125819635
LUNC/USDT,Long,jma,12h,"ParamA=20.0, ParamB=0.0, ATR=None",2024-04-24T05:00:00+02:00,0.00011203,2024-04-26T08:00:00+02:00,0.00011322,2821.891959265326,28.9895206037364,29.97457316366829,145072.57908550324,"Time-based exit (4 bars, optimal=4)",129382846.5756333,2024-04-24T05:00:00+02:00,2024-04-26T08:00:00+02:00,0.00011203,0.00011322
XRP/USDC,Long,jma,12h,"ParamA=30.0, ParamB=-50.0, ATR=None",2024-04-23T16:00:00+02:00,0.5497,2024-04-26T09:00:00+02:00,0.5258,2837.31213390612,4.761412759898387,-123.36139712635264,23698.793413690768,Trend flip,4330.919374111686,2024-04-23T16:00:00+02:00,2024-04-26T09:00:00+02:00,0.5497,0.5258
SOL/USDC,Long,jma,12h,"ParamA=20.0, ParamB=0.0, ATR=None",2024-04-23T14:00:00+02:00,154.72,2024-04-26T05:00:00+02:00,143.23,2863.8974017660375,13.48856973162377,-212.68214287934202,66928.50801297242,Trend flip,43.59025895690205,2024-04-23T14:00:00+02:00,2024-04-26T05:00:00+02:00,154.72,143.23
LUNC/USDT,Long,jma,12h,"ParamA=20.0, ParamB=0.0, ATR=None",2024-04-22T04:00:00+02:00,0.00010828,2024-04-24T04:00:00+02:00,0.00011122,2854.210273252735,28.916789590214446,77.49702810641881,144947.60301868198,"Time-based exit (4 bars, optimal=4)",133527842.5850316,2024-04-22T04:00:00+02:00,2024-04-24T04:00:00+02:00,0.00010828,0.00011122
ETH/USDC,Long,jma,12h,"ParamA=30.0, ParamB=0.0, ATR=2.0",2024-04-21T22:00:00+02:00,3149.13,2024-04-24T10:00:00+02:00,3251.89,2842.6155165073683,21.408562712718922,92.75805396293468,107370.69891767144,"Time-based exit (5 bars, optimal=5)",3.3991233630747097,2024-04-21T22:00:00+02:00,2024-04-24T10:00:00+02:00,3149.13,3251.89
SOL/USDC,Long,jma,12h,"ParamA=20.0, ParamB=0.0, ATR=None",2024-04-21T01:00:00+02:00,151.3,2024-04-23T13:00:00+02:00,154.13,2835.984785391491,13.466075244793835,53.04584892701833,67442.84865811885,"Time-based exit (5 bars, optimal=5)",44.50124006871723,2024-04-21T01:00:00+02:00,2024-04-23T13:00:00+02:00,151.3,154.13
SUI/USDC,Long,jma,12h,"ParamA=20.0, ParamB=0.0, ATR=None",2024-04-20T17:00:00+02:00,1.3662,2024-04-23T05:00:00+02:00,1.3758,2833.4959878615296,3.2856252392682155,19.910380239694188,16436.3842697905,"Time-based exit (5 bars, optimal=5)",1202.468613405144,2024-04-20T17:00:00+02:00,2024-04-23T05:00:00+02:00,1.3662,1.3758
XRP/USDC,Long,jma,12h,"ParamA=30.0, ParamB=-50.0, ATR=None",2024-04-20T16:00:00+02:00,0.5178,2024-04-23T04:00:00+02:00,0.5502,2811.5056482029318,4.732745374993128,175.92271726878127,23807.063799491934,"Time-based exit (5 bars, optimal=5)",4570.051540163313,2024-04-20T16:00:00+02:00,2024-04-23T04:00:00+02:00,0.5178,0.5502
LUNC/USDT,Long,jma,12h,"ParamA=20.0, ParamB=0.0, ATR=None",2024-04-20T03:00:00+02:00,0.00010116,2024-04-22T03:00:00+02:00,0.00010782,2788.5571132407636,28.733366413444205,183.58827969734548,144583.94795107222,"Time-based exit (4 bars, optimal=4)",142019406.94663998,2024-04-20T03:00:00+02:00,2024-04-22T03:00:00+02:00,0.00010116,0.00010782
ETH/USDC,Long,jma,12h,"ParamA=30.0, ParamB=0.0, ATR=2.0",2024-04-19T06:00:00+02:00,3007.33,2024-04-21T18:00:00+02:00,3138.0,2773.4934029494334,21.32018945586036,120.5096823306397,107042.81356359461,"Time-based exit (5 bars, optimal=5)",3.5447040158313783,2024-04-19T06:00:00+02:00,2024-04-21T18:00:00+02:00,3007.33,3138.0
SUI/USDC,Long,jma,12h,"ParamA=20.0, ParamB=0.0, ATR=None",2024-04-18T04:00:00+02:00,1.2602,2024-04-20T16:00:00+02:00,1.337,2752.5251113536588,3.266372356228088,167.7463327661966,16428.126196341076,"Time-based exit (5 bars, optimal=5)",1295.9737963133184,2024-04-18T04:00:00+02:00,2024-04-20T16:00:00+02:00,1.2602,1.337
SOL/USDC,Long,jma,12h,"ParamA=20.0, ParamB=0.0, ATR=None",2024-04-18T03:00:00+02:00,133.41,2024-04-20T15:00:00+02:00,142.61,2722.312528309229,13.376505697409096,187.73161877254293,67330.37622396917,"Time-based exit (5 bars, optimal=5)",50.133069850120286,2024-04-18T03:00:00+02:00,2024-04-20T15:00:00+02:00,133.41,142.61
LUNC/USDT,Long,jma,12h,"ParamA=20.0, ParamB=0.0, ATR=None",2024-04-18T03:00:00+02:00,9.921e-05,2024-04-20T03:00:00+02:00,0.00010116,2745.778980655797,28.682726266610146,53.96904558289309,143666.83206722102,"Time-based exit (4 bars, optimal=4)",144555620.73687202,2024-04-18T03:00:00+02:00,2024-04-20T03:00:00+02:00,9.921e-05,0.00010116
ETH/USDC,Long,jma,12h,"ParamA=30.0, ParamB=0.0, ATR=2.0",2024-04-18T02:00:00+02:00,2992.44,2024-04-19T04:00:00+02:00,2906.0354806721857,2732.17371837722,21.38621784140061,-78.88952054392766,106600.94727930178,ATR stop x2.00,3.5733745440845284,2024-04-18T02:00:00+02:00,2024-04-19T04:00:00+02:00,2992.44,2906.0354806721857
XRP/USDC,Long,jma,12h,"ParamA=30.0, ParamB=-50.0, ATR=None",2024-04-17T19:00:00+02:00,0.491,2024-04-20T07:00:00+02:00,0.5124,2717.369313259159,4.713145983001088,118.43524094449273,23663.726874965636,"Time-based exit (5 bars, optimal=5)",4799.537660897237,2024-04-17T19:00:00+02:00,2024-04-20T07:00:00+02:00,0.491,0.5124
SUI/USDC,Long,jma,12h,"ParamA=20.0, ParamB=0.0, ATR=None",2024-04-15T07:00:00+02:00,1.1945,2024-04-17T19:00:00+02:00,1.3135,2683.9463728686846,3.2347932457069386,267.38352312379527,16331.86178114044,"Time-based exit (5 bars, optimal=5)",1354.0365197601252,2024-04-15T07:00:00+02:00,2024-04-17T19:00:00+02:00,1.1945,1.3135
LUNC/USDT,Long,jma,12h,"ParamA=20.0, ParamB=0.0, ATR=None",2024-04-15T03:00:00+02:00,0.00010216,2024-04-17T03:00:00+02:00,0.00010184,2684.9976640448963,28.69745478020682,-8.410329409694192,143413.63133305073,"Time-based exit (4 bars, optimal=4)",140453478.75982195,2024-04-15T03:00:00+02:00,2024-04-17T03:00:00+02:00,0.00010216,0.00010184
ETH/USDC,Long,jma,12h,"ParamA=30.0, ParamB=0.0, ATR=2.0",2024-04-15T03:00:00+02:00,3133.01,2024-04-15T21:00:00+02:00,3026.292981067499,2696.4786424946215,21.463620244896337,-91.84782759779999,106931.08920700305,ATR stop x2.00,3.425399255810919,2024-04-15T03:00:00+02:00,2024-04-15T21:00:00+02:00,3133.01,3026.292981067499
SOL/USDC,Long,jma,12h,"ParamA=20.0, ParamB=0.0, ATR=None",2024-04-14T18:00:00+02:00,139.19,2024-04-17T06:00:00+02:00,141.51,2690.872255870565,13.356913957575726,44.85109299245414,66882.52848704548,"Time-based exit (5 bars, optimal=5)",47.980867726042554,2024-04-14T18:00:00+02:00,2024-04-17T06:00:00+02:00,139.19,141.51
SOL/USDC,Long,jma,12h,"ParamA=20.0, ParamB=0.0, ATR=None",2024-04-12T02:00:00+02:00,173.39,2024-04-14T15:00:00+02:00,137.85,2761.6291477849463,13.639206596424822,-566.0551353150527,66784.56978787863,Trend flip,39.33100696817816,2024-04-12T02:00:00+02:00,2024-04-14T15:00:00+02:00,173.39,137.85
XRP/USDC,Long,jma,12h,"ParamA=30.0, ParamB=-50.0, ATR=None",2024-04-10T08:00:00+02:00,0.613,2024-04-13T09:00:00+02:00,0.5426,2801.851485587839,4.768867830839869,-321.7787024231385,23565.729915005435,Trend flip,3889.77800231637,2024-04-10T08:00:00+02:00,2024-04-13T09:00:00+02:00,0.613,0.5426
LUNC/USDT,Long,jma,12h,"ParamA=20.0, ParamB=0.0, ATR=None",2024-04-09T12:00:00+02:00,0.00013774,2024-04-11T15:00:00+02:00,0.00012905,2824.1231845073326,28.885469956031855,-178.17359135595123,143487.2739010341,Trend flip,104855052.83879721,2024-04-09T12:00:00+02:00,2024-04-11T15:00:00+02:00,0.00013774,0.00012905
ETH/USDC,Long,jma,12h,"ParamA=30.0, ParamB=0.0, ATR=2.0",2024-04-08T07:00:00+02:00,3428.81,2024-04-10T19:00:00+02:00,3516.6,2815.1135420273404,21.413077597939353,72.07713983993868,107318.1012244817,"Time-based exit (5 bars, optimal=5)",3.1225232074596363,2024-04-08T07:00:00+02:00,2024-04-10T19:00:00+02:00,3428.81,3516.6
XRP/USDC,Long,jma,12h,"ParamA=30.0, ParamB=-50.0, ATR=None",2024-04-07T15:00:00+02:00,0.5993,2024-04-10T03:00:00+02:00,0.6113,2808.085129389123,4.760288191781851,56.227301105738675,23844.339154199348,"Time-based exit (5 bars, optimal=5)",3971.5402901567245,2024-04-07T15:00:00+02:00,2024-04-10T03:00:00+02:00,0.5993,0.6113
LUNC/USDT,Long,jma,12h,"ParamA=20.0, ParamB=0.0, ATR=None",2024-04-07T07:00:00+02:00,0.00013627,2024-04-09T07:00:00+02:00,0.00014155,2794.5502123848373,28.77971427390226,108.27933603428453,144427.34978015927,"Time-based exit (4 bars, optimal=4)",105598129.7200494,2024-04-07T07:00:00+02:00,2024-04-09T07:00:00+02:00,0.00013627,0.00014155
SUI/USDC,Long,jma,12h,"ParamA=20.0, ParamB=0.0, ATR=None",2024-04-07T03:00:00+02:00,1.6464,2024-04-10T01:00:00+02:00,1.574,2809.9963170185947,3.2497338100495847,-123.56883707005971,16173.966228534693,Trend flip,986.9211036350779,2024-04-07T03:00:00+02:00,2024-04-10T01:00:00+02:00,1.6464,1.574
SOL/USDC,Long,jma,12h,"ParamA=20.0, ParamB=0.0, ATR=None",2024-04-06T16:00:00+02:00,175.25,2024-04-09T04:00:00+02:00,179.42,2801.6632672152514,13.609545165463631,66.66439842674787,68196.0329821241,"Time-based exit (5 bars, optimal=5)",38.828944837271415,2024-04-06T16:00:00+02:00,2024-04-09T04:00:00+02:00,175.25,179.42
ETH/USDC,Long,jma,12h,"ParamA=30.0, ParamB=0.0, ATR=2.0",2024-04-05T15:00:00+02:00,3284.8,2024-04-08T03:00:00+02:00,3425.2,2786.7741154476835,21.32618973557974,119.11321414054241,107065.38798969676,"Time-based exit (5 bars, optimal=5)",3.2461930308663747,2024-04-05T15:00:00+02:00,2024-04-08T03:00:00+02:00,3284.8,3425.2
XRP/USDC,Long,jma,12h,"ParamA=30.0, ParamB=-50.0, ATR=None",2024-04-05T01:00:00+02:00,0.5936,2024-04-07T13:00:00+02:00,0.596,2785.3664167869083,4.759315803270023,11.261589286200241,23801.44095890925,"Time-based exit (5 bars, optimal=5)",4008.8576510023777,2024-04-05T01:00:00+02:00,2024-04-07T13:00:00+02:00,0.5936,0.596
LUNC/USDT,Long,jma,12h,"ParamA=20.0, ParamB=0.0, ATR=None",2024-04-05T01:00:00+02:00,0.00013974,2024-04-07T06:00:00+02:00,0.00013524,2796.623758019813,28.878486385042653,-90.05872986323948,143898.5713695113,Trend flip,103329348.73709266,2024-04-05T01:00:00+02:00,2024-04-07T06:00:00+02:00,0.00013974,0.00013524
SUI/USDC,Long,jma,12h,"ParamA=20.0, ParamB=0.0, ATR=None",2024-04-01T08:00:00+02:00,1.9134,2024-04-04T08:00:00+02:00,1.6854,2838.90917215508,3.289590358927023,-338.2833130821356,16248.669050247923,Trend flip,859.6190966151936,2024-04-01T08:00:00+02:00,2024-04-04T08:00:00+02:00,1.9134,1.6854
LUNC/USDT,Long,jma,12h,"ParamA=20.0, ParamB=0.0, ATR=None",2024-03-31T10:00:00+02:00,0.00015307,2024-04-02T15:00:00+02:00,0.00013664,2877.517002188692,29.197724118450743,-308.862640268898,144392.43192521326,Trend flip,95373764.02446836,2024-03-31T10:00:00+02:00,2024-04-02T15:00:00+02:00,0.00015307,0.00013664
XRP/USDC,Long,jma,12h,"ParamA=30.0, ParamB=-50.0, ATR=None",2024-03-31T07:00:00+02:00,0.6257,2024-04-02T23:00:00+02:00,0.5879,2899.4120347348357,4.7892063599658155,-175.16026036914965,23796.579016350115,Trend flip,3827.0787597617186,2024-03-31T07:00:00+02:00,2024-04-02T23:00:00+02:00,0.6257,0.5879
SOL/USDC,Long,jma,12h,"ParamA=20.0, ParamB=0.0, ATR=None",2024-03-31T06:00:00+02:00,195.61,2024-04-02T23:00:00+02:00,183.99,2921.102651787756,13.693629412419842,-173.52493642336145,68047.72582731815,Trend flip,35.002375677163336,2024-03-31T06:00:00+02:00,2024-04-02T23:00:00+02:00,195.61,183.99
ETH/USDC,Long,jma,12h,"ParamA=30.0, ParamB=0.0, ATR=2.0",2024-03-31T01:00:00+01:00,3519.72,2024-04-01T17:00:00+02:00,3481.3471371552623,2925.0889076355706,21.353740863139457,-31.890046782517572,106630.94867789869,ATR stop x2.00,3.0334431237626087,2024-03-31T01:00:00+01:00,2024-04-01T17:00:00+02:00,3519.72,3481.3471371552623
XRP/USDC,Long,jma,12h,"ParamA=30.0, ParamB=-50.0, ATR=None",2024-03-28T15:00:00+01:00,0.6243,2024-03-31T04:00:00+02:00,0.6254,2924.444808386567,4.789320358525046,5.152793992031386,23946.031799829074,"Time-based exit (5 bars, optimal=5)",3835.752329428997,2024-03-28T15:00:00+01:00,2024-03-31T04:00:00+02:00,0.6243,0.6254
LUNC/USDT,Long,jma,12h,"ParamA=20.0, ParamB=0.0, ATR=None",2024-03-28T14:00:00+01:00,0.00015466,2024-03-30T14:00:00+01:00,0.00015436,2925.154062733861,29.209231792778933,-5.6740347783536755,145988.62059225372,"Time-based exit (4 bars, optimal=4)",94430466.16054226,2024-03-28T14:00:00+01:00,2024-03-30T14:00:00+01:00,0.00015466,0.00015436
SOL/USDC,Long,jma,12h,"ParamA=20.0, ParamB=0.0, ATR=None",2024-03-28T14:00:00+01:00,185.97,2024-03-31T03:00:00+02:00,197.0,2903.6270647475158,13.615597549421727,172.2159838907625,68468.1470620992,"Time-based exit (5 bars, optimal=5)",36.60697303173019,2024-03-28T14:00:00+01:00,2024-03-31T03:00:00+02:00,185.97,197.0
SUI/USDC,Long,jma,12h,"ParamA=20.0, ParamB=0.0, ATR=None",2024-03-28T05:00:00+01:00,2.0347,2024-03-30T18:00:00+01:00,1.931,2922.2438564065665,3.307106695700584,-148.93433327240413,16447.951794635115,Trend flip,812.6767326142881,2024-03-28T05:00:00+01:00,2024-03-30T18:00:00+01:00,2.0347,1.931
ETH/USDC,Long,jma,12h,"ParamA=30.0, ParamB=0.0, ATR=2.0",2024-03-28T01:00:00+01:00,3512.17,2024-03-30T13:00:00+01:00,3554.38,2917.8604236398637,21.33236964519357,35.06746213362074,106768.70431569728,"Time-based exit (5 bars, optimal=5)",3.036921567747798,2024-03-28T01:00:00+01:00,2024-03-30T13:00:00+01:00,3512.17,3554.38
ETH/USDC,Long,jma,12h,"ParamA=30.0, ParamB=0.0, ATR=2.0",2024-03-26T22:00:00+01:00,3587.8,2024-03-27T15:00:00+01:00,3516.102819497905,2925.1673474968343,21.379369207453806,-58.455390855765614,106661.84822596784,ATR stop x2.00,2.979453872492029,2024-03-26T22:00:00+01:00,2024-03-27T15:00:00+01:00,3587.8,3516.102819497905
SUI/USDC,Long,jma,12h,"ParamA=20.0, ParamB=0.0, ATR=None",2024-03-25T15:00:00+01:00,1.7058,2024-03-28T03:00:00+01:00,1.9981,2863.825442177592,3.2520314141907174,490.7352425539396,16535.53347850292,"Time-based exit (5 bars, optimal=5)",953.227639286762,2024-03-25T15:00:00+01:00,2024-03-28T03:00:00+01:00,1.7058,1.9981
LUNC/USDT,Long,jma,12h,"ParamA=20.0, ParamB=0.0, ATR=None",2024-03-24T23:00:00+01:00,0.00016205,2024-03-27T00:00:00+01:00,0.0001598,2868.8044687548045,29.255703317561245,-39.832212617700165,146046.15896389468,Trend flip,90267520.26399644,2024-03-24T23:00:00+01:00,2024-03-27T00:00:00+01:00,0.00016205,0.0001598
SOL/USDC,Long,jma,12h,"ParamA=20.0, ParamB=0.0, ATR=None",2024-03-24T15:00:00+01:00,176.44,2024-03-27T03:00:00+01:00,191.74,2838.0418579335737,13.501221906718065,246.10088656984647,68077.98774710864,"Time-based exit (5 bars, optimal=5)",38.26009381862975,2024-03-24T15:00:00+01:00,2024-03-27T03:00:00+01:00,176.44,191.74
ETH/USDC,Long,jma,12h,"ParamA=30.0, ParamB=0.0, ATR=2.0",2024-03-24T08:00:00+01:00,3342.41,2024-03-26T20:00:00+01:00,3560.4,2815.0920286440746,21.245059201836458,183.5986343159943,106896.84603726902,"Time-based exit (5 bars, optimal=5)",3.1781049006310504,2024-03-24T08:00:00+01:00,2024-03-26T20:00:00+01:00,3342.41,3560.4
XRP/USDC,Long,jma,12h,"ParamA=30.0, ParamB=-50.0, ATR=None",2024-03-24T06:00:00+01:00,0.6262,2024-03-26T18:00:00+01:00,0.6312,2812.2851327514372,4.786455822938644,22.455167141100603,23946.601792625228,"Time-based exit (5 bars, optimal=5)",3821.8267509890165,2024-03-24T06:00:00+01:00,2024-03-26T18:00:00+01:00,0.6262,0.6312
LUNC/USDT,Long,jma,12h,"ParamA=20.0, ParamB=0.0, ATR=None",2024-03-22T16:00:00+01:00,0.0001376,2024-03-24T16:00:00+01:00,0.00015175,2776.5939944686147,28.96365036977739,285.52910626257903,146278.51658780623,"Time-based exit (4 bars, optimal=4)",105245822.56459807,2024-03-22T16:00:00+01:00,2024-03-24T16:00:00+01:00,0.0001376,0.00015175
SUI/USDC,Long,jma,12h,"ParamA=20.0, ParamB=0.0, ATR=None",2024-03-21T14:00:00+01:00,1.8844,2024-03-24T04:00:00+01:00,1.6539,2819.707355851803,3.292969646386396,-344.90689106550684,16260.157070953588,Trend flip,873.7448647809372,2024-03-21T14:00:00+01:00,2024-03-24T04:00:00+01:00,1.8844,1.6539
XRP/USDC,Long,jma,12h,"ParamA=30.0, ParamB=-50.0, ATR=None",2024-03-21T09:00:00+01:00,0.6081,2024-03-23T21:00:00+01:00,0.6238,2810.636685738726,4.775082473238612,72.56536090461789,23932.27911469322,"Time-based exit (5 bars, optimal=5)",3926.2312721909325,2024-03-21T09:00:00+01:00,2024-03-23T21:00:00+01:00,0.6081,0.6238
ETH/USDC,Long,jma,12h,"ParamA=30.0, ParamB=0.0, ATR=2.0",2024-03-20T18:00:00+01:00,3297.45,2024-03-23T06:00:00+01:00,3332.17,2806.9422765800255,21.226953993152392,29.55527326960506,106225.29600918229,"Time-based exit (5 bars, optimal=5)",3.218692321817221,2024-03-20T18:00:00+01:00,2024-03-23T06:00:00+01:00,3297.45,3332.17
SOL/USDC,Long,jma,12h,"ParamA=20.0, ParamB=0.0, ATR=None",2024-03-20T15:00:00+01:00,174.93,2024-03-23T03:00:00+01:00,175.06,2806.681551860322,13.502919015146961,2.085797757627789,67506.10953359032,"Time-based exit (5 bars, optimal=5)",38.595206697384555,2024-03-20T15:00:00+01:00,2024-03-23T03:00:00+01:00,174.93,175.06
LUNC/USDT,Long,jma,12h,"ParamA=20.0, ParamB=0.0, ATR=None",2024-03-20T15:00:00+01:00,0.00013324,2024-03-22T15:00:00+01:00,0.0001348,2802.579907594479,28.93555916256637,32.813154126744244,144818.25184888695,"Time-based exit (4 bars, optimal=4)",108584355.90876003,2024-03-20T15:00:00+01:00,2024-03-22T15:00:00+01:00,0.00013324,0.0001348
SUI/USDC,Long,jma,12h,"ParamA=20.0, ParamB=0.0, ATR=None",2024-03-19T01:00:00+01:00,1.5508,2024-03-21T13:00:00+01:00,1.8468,2737.2722765446015,3.2319284627613474,522.4610483990213,16464.84823193198,"Time-based exit (5 bars, optimal=5)",1042.0197519865062,2024-03-19T01:00:00+01:00,2024-03-21T13:00:00+01:00,1.5508,1.8468
XRP/USDC,Long,jma,12h,"ParamA=30.0, ParamB=-50.0, ATR=None",2024-03-18T21:00:00+01:00,0.6076,2024-03-21T09:00:00+01:00,0.6081,2736.99073947874,4.775644609681147,2.2522965268914077,23875.41236619306,"Time-based exit (5 bars, optimal=5)",3929.92479401016,2024-03-18T21:00:00+01:00,2024-03-21T09:00:00+01:00,0.6076,0.6081
SOL/USDC,Long,jma,12h,"ParamA=20.0, ParamB=0.0, ATR=None",2024-03-17T06:00:00+01:00,187.7,2024-03-19T19:00:00+01:00,181.2,2748.889903284915,13.552561680345175,-95.1933104493977,67514.5950757348,Trend flip,36.10165604780281,2024-03-17T06:00:00+01:00,2024-03-19T19:00:00+01:00,187.7,181.2
SUI/USDC,Long,jma,12h,"ParamA=20.0, ParamB=0.0, ATR=None",2024-03-16T07:00:00+01:00,1.6417,2024-03-19T00:00:00+01:00,1.5214,2774.301709311455,3.256442210724118,-203.29444821232113,16159.642313806737,Trend flip,991.7896725114571,2024-03-16T07:00:00+01:00,2024-03-19T00:00:00+01:00,1.6417,1.5214
SOL/USDC,Long,jma,12h,"ParamA=20.0, ParamB=0.0, ATR=None",2024-03-14T17:00:00+01:00,169.35,2024-03-17T05:00:00+01:00,183.71,2745.204326576265,13.44127490864363,232.7790618815188,67762.80840172587,"Time-based exit (5 bars, optimal=5)",39.68489787022034,2024-03-14T17:00:00+01:00,2024-03-17T05:00:00+01:00,169.35,183.71
XRP/USDC,Long,jma,12h,"ParamA=30.0, ParamB=-50.0, ATR=None",2024-03-13T17:00:00+01:00,0.6848,2024-03-16T06:00:00+01:00,0.6365,2769.6225452045837,4.810536170336249,-195.34574902654998,23878.223048405736,Trend flip,3512.3657785749483,2024-03-13T17:00:00+01:00,2024-03-16T06:00:00+01:00,0.6848,0.6365
SUI/USDC,Long,jma,12h,"ParamA=20.0, ParamB=0.0, ATR=None",2024-03-12T16:00:00+01:00,1.5553,2024-03-15T09:00:00+01:00,1.3967,2805.3820117922396,3.2906564477562363,-286.0757327012466,16282.21105362059,Trend flip,1057.884796423917,2024-03-12T16:00:00+01:00,2024-03-15T09:00:00+01:00,1.5553,1.3967
SOL/USDC,Long,jma,12h,"ParamA=20.0, ParamB=0.0, ATR=None",2024-03-11T21:00:00+01:00,147.43,2024-03-14T09:00:00+01:00,169.32,2754.2638242516537,13.247233090023478,408.9455003246874,67206.37454321815,"Time-based exit (5 bars, optimal=5)",44.927196262712734,2024-03-11T21:00:00+01:00,2024-03-14T09:00:00+01:00,147.43,169.32
ETH/USDC,Long,jma,12h,"ParamA=30.0, ParamB=0.0, ATR=2.0",2024-03-11T04:00:00+01:00,3869.22,2024-03-13T16:00:00+01:00,3967.54,2745.5430165247503,21.177376048265344,69.76646181522734,106134.76996576195,"Time-based exit (5 bars, optimal=5)",2.7366466688719364,2024-03-11T04:00:00+01:00,2024-03-13T16:00:00+01:00,3869.22,3967.54
XRP/USDC,Long,jma,12h,"ParamA=30.0, ParamB=-50.0, ATR=None",2024-03-11T04:00:00+01:00,0.6086,2024-03-13T16:00:00+01:00,0.6778,2707.067606086615,4.757394371116281,307.8032835050831,24052.68085168124,"Time-based exit (5 bars, optimal=5)",3908.4738507363463,2024-03-11T04:00:00+01:00,2024-03-13T16:00:00+01:00,0.6086,0.6778
SUI/USDC,Long,jma,12h,"ParamA=20.0, ParamB=0.0, ATR=None",2024-03-10T01:00:00+01:00,1.6266,2024-03-12T15:00:00+01:00,1.5111,2731.3103784888235,3.314857228738396,-193.9421792176681,16453.28223878118,Trend flip,1018.9527937840884,2024-03-10T01:00:00+01:00,2024-03-12T15:00:00+01:00,1.6266,1.5111
LUNC/USDT,Long,jma,12h,"ParamA=20.0, ParamB=0.0, ATR=None",2024-03-09T13:00:00+01:00,0.00019422,2024-03-11T14:00:00+01:00,0.00018801,2742.2705655266677,29.034200099289237,-87.68149630275235,144677.79581283184,Trend flip,74745649.51933178,2024-03-09T13:00:00+01:00,2024-03-11T14:00:00+01:00,0.00019422,0.00018801
ETH/USDC,Long,jma,12h,"ParamA=30.0, ParamB=0.0, ATR=2.0",2024-03-08T18:00:00+01:00,3948.59,2024-03-10T23:00:00+01:00,3849.0357958857376,2752.868910062635,21.235162437731596,-69.40697144352366,105886.88024132673,ATR stop x2.00,2.688955100141012,2024-03-08T18:00:00+01:00,2024-03-10T23:00:00+01:00,3948.59,3849.0357958857376
SOL/USDC,Long,jma,12h,"ParamA=20.0, ParamB=0.0, ATR=None",2024-03-08T18:00:00+01:00,149.88,2024-03-11T09:00:00+01:00,149.04,2744.1930386321947,13.257314593146434,-15.379784844215726,66236.16545011739,"Time-based exit (5 bars, optimal=5)",44.22642978765157,2024-03-08T18:00:00+01:00,2024-03-11T09:00:00+01:00,149.88,149.04
XRP/USDC,Long,jma,12h,"ParamA=30.0, ParamB=-50.0, ATR=None",2024-03-07T15:00:00+01:00,0.6248,2024-03-10T03:00:00+01:00,0.623,2753.8606172311324,4.759717552077678,-7.933657347977118,23786.971855581403,"Time-based exit (5 bars, optimal=5)",3808.9929193963494,2024-03-07T15:00:00+01:00,2024-03-10T03:00:00+01:00,0.6248,0.623
SUI/USDC,Long,jma,12h,"ParamA=20.0, ParamB=0.0, ATR=None",2024-03-07T08:00:00+01:00,1.5451,2024-03-09T20:00:00+01:00,1.5982,2742.081079875831,3.304162741787116,94.23629884240958,16574.28614369198,"Time-based exit (5 bars, optimal=5)",1069.2391242596325,2024-03-07T08:00:00+01:00,2024-03-09T20:00:00+01:00,1.5451,1.5982
ETH/USDC,Long,jma,12h,"ParamA=30.0, ParamB=0.0, ATR=2.0",2024-03-06T04:00:00+01:00,3541.22,2024-03-08T16:00:00+01:00,3908.19,2643.9338513924063,21.021524617934233,273.9859159965978,106175.81218865799,"Time-based exit (5 bars, optimal=5)",2.968118984126125,2024-03-06T04:00:00+01:00,2024-03-08T16:00:00+01:00,3541.22,3908.19
SOL/USDC,Long,jma,12h,"ParamA=20.0, ParamB=0.0, ATR=None",2024-03-06T04:00:00+01:00,122.49,2024-03-08T16:00:00+01:00,145.87,2678.182090891981,13.011561682896579,511.191911870802,66286.57296573216,"Time-based exit (5 bars, optimal=5)",53.11275076698742,2024-03-06T04:00:00+01:00,2024-03-08T16:00:00+01:00,122.49,145.87
LUNC/USDT,Long,jma,12h,"ParamA=20.0, ParamB=0.0, ATR=None",2024-03-05T22:00:00+01:00,0.00019856,2024-03-07T23:00:00+01:00,0.00018937,2659.3190891222066,29.175066772413302,-123.08190183840168,145171.00049644618,Trend flip,73466626.64286186,2024-03-05T22:00:00+01:00,2024-03-07T23:00:00+01:00,0.00019856,0.00018937
ETH/USDC,Long,jma,12h,"ParamA=30.0, ParamB=0.0, ATR=2.0",2024-03-04T03:00:00+01:00,3487.65,2024-03-05T20:00:00+01:00,3429.344023716566,2664.8879856459794,21.060946160953854,-44.551172190180495,105107.62308967116,ATR stop x2.00,3.019360624052564,2024-03-04T03:00:00+01:00,2024-03-05T20:00:00+01:00,3487.65,3429.344023716566
LUNC/USDT,Long,jma,12h,"ParamA=20.0, ParamB=0.0, ATR=None",2024-03-03T17:00:00+01:00,0.00018061,2024-03-05T17:00:00+01:00,0.00021242,2607.4825133915465,28.67574927597604,459.24377803546383,145875.3338620665,"Time-based exit (4 bars, optimal=4)",79385829.34493119,2024-03-03T17:00:00+01:00,2024-03-05T17:00:00+01:00,0.00018061,0.00021242
SOL/USDC,Long,jma,12h,"ParamA=20.0, ParamB=0.0, ATR=None",2024-03-03T14:00:00+01:00,128.87,2024-03-06T02:00:00+01:00,122.25,2624.3338852394213,13.08137646224744,-134.81097478299822,65057.80841448289,Trend flip,50.75415714381718,2024-03-03T14:00:00+01:00,2024-03-06T02:00:00+01:00,128.87,122.25
XRP/USDC,Long,jma,12h,"ParamA=30.0, ParamB=-50.0, ATR=None",2024-03-03T04:00:00+01:00,0.6363,2024-03-05T16:00:00+01:00,0.6397,2622.582199816002,4.758126724041732,14.013483387355947,23798.587760388393,"Time-based exit (5 bars, optimal=5)",3738.902030521556,2024-03-03T04:00:00+01:00,2024-03-05T16:00:00+01:00,0.6363,0.6397
SUI/USDC,Long,jma,12h,"ParamA=20.0, ParamB=0.0, ATR=None",2024-03-01T18:00:00+01:00,1.6955,2024-03-04T06:00:00+01:00,1.5367,2653.649699989873,3.3360755360821734,-248.54000139097138,16520.81370893558,Trend flip,983.8028711536932,2024-03-01T18:00:00+01:00,2024-03-04T06:00:00+01:00,1.6955,1.5367
LUNC/USDT,Long,jma,12h,"ParamA=20.0, ParamB=0.0, ATR=None",2024-03-01T13:00:00+01:00,0.00014298,2024-03-03T13:00:00+01:00,0.00017857,2573.574245895404,27.984760942158445,640.6036327557522,143378.7463798802,"Time-based exit (4 bars, optimal=4)",97862501.54622482,2024-03-01T13:00:00+01:00,2024-03-03T13:00:00+01:00,0.00014298,0.00017857
ETH/USDC,Long,jma,12h,"ParamA=30.0, ParamB=0.0, ATR=2.0",2024-03-01T01:00:00+01:00,3379.8,2024-03-03T13:00:00+01:00,3421.44,2569.616953675781,21.039233134519588,31.65833775698538,105304.73080476926,"Time-based exit (5 bars, optimal=5)",3.1124967652700732,2024-03-01T01:00:00+01:00,2024-03-03T13:00:00+01:00,3379.8,3421.44
SOL/USDC,Long,jma,12h,"ParamA=20.0, ParamB=0.0, ATR=None",2024-02-29T20:00:00+01:00,130.21,2024-03-03T10:00:00+01:00,129.96,2570.233801892578,13.08650634057196,-4.93478573437635,65406.882311237205,"Time-based exit (5 bars, optimal=5)",50.25154112806988,2024-02-29T20:00:00+01:00,2024-03-03T10:00:00+01:00,130.21,129.96
XRP/USDC,Long,jma,12h,"ParamA=30.0, ParamB=-50.0, ATR=None",2024-02-29T14:00:00+01:00,0.6033,2024-03-03T02:00:00+01:00,0.6354,2553.252325090941,4.73388574511283,135.85181441309342,23790.63362020866,"Time-based exit (5 bars, optimal=5)",3923.3264918886375,2024-02-29T14:00:00+01:00,2024-03-03T02:00:00+01:00,0.6033,0.6354
LUNC/USDT,Long,jma,12h,"ParamA=20.0, ParamB=0.0, ATR=None",2024-02-28T13:00:00+01:00,0.00013402,2024-03-01T13:00:00+01:00,0.00014298,2532.091731601953,27.804433362239585,169.28474791190487,139923.80471079223,"Time-based exit (4 bars, optimal=4)",103732403.23175491,2024-02-28T13:00:00+01:00,2024-03-01T13:00:00+01:00,0.00013402,0.00014298
SUI/USDC,Long,jma,12h,"ParamA=20.0, ParamB=0.0, ATR=None",2024-02-28T05:00:00+01:00,1.6204,2024-03-01T17:00:00+01:00,1.6784,2520.813099798977,3.324839695434787,90.22905442380907,16680.377680410867,"Time-based exit (5 bars, optimal=5)",1025.9317746959969,2024-02-28T05:00:00+01:00,2024-03-01T17:00:00+01:00,1.6204,1.6784
SOL/USDC,Long,jma,12h,"ParamA=20.0, ParamB=0.0, ATR=None",2024-02-27T06:00:00+01:00,110.33,2024-02-29T18:00:00+01:00,128.58,2469.747110531329,12.876094409117167,408.5279141411836,65432.53170285979,"Time-based exit (5 bars, optimal=5)",58.352643927839964,2024-02-27T06:00:00+01:00,2024-02-29T18:00:00+01:00,110.33,128.58
ETH/USDC,Long,jma,12h,"ParamA=30.0, ParamB=0.0, ATR=2.0",2024-02-27T06:00:00+01:00,3222.64,2024-02-29T18:00:00+01:00,3384.01,2454.3845492958253,20.938573345873973,122.90048988402931,105196.16567259794,"Time-based exit (5 bars, optimal=5)",3.2486677608845502,2024-02-27T06:00:00+01:00,2024-02-29T18:00:00+01:00,3222.64,3384.01
XRP/USDC,Long,jma,12h,"ParamA=30.0, ParamB=-50.0, ATR=None",2024-02-26T15:00:00+01:00,0.537,2024-02-29T03:00:00+01:00,0.5776,2431.406176215207,4.699296472788169,183.82698464494845,23669.428725564147,"Time-based exit (5 bars, optimal=5)",4375.508820100716,2024-02-26T15:00:00+01:00,2024-02-29T03:00:00+01:00,0.537,0.5776
LUNC/USDT,Long,jma,12h,"ParamA=20.0, ParamB=0.0, ATR=None",2024-02-26T13:00:00+01:00,0.000125,2024-02-28T13:00:00+01:00,0.00013402,2409.670944297642,27.610716574751134,173.8818553405177,139022.16681119794,"Time-based exit (4 bars, optimal=4)",110442866.29900452,2024-02-26T13:00:00+01:00,2024-02-28T13:00:00+01:00,0.000125,0.00013402
SUI/USDC,Long,jma,12h,"ParamA=20.0, ParamB=0.0, ATR=None",2024-02-25T15:00:00+01:00,1.6427,2024-02-28T04:00:00+01:00,1.6113,2415.442303060357,3.3318749066045408,-46.17087010171999,16624.198477173933,Trend flip,1014.145889877805,2024-02-25T15:00:00+01:00,2024-02-28T04:00:00+01:00,1.6427,1.6113
ETH/USDC,Long,jma,12h,"ParamA=30.0, ParamB=0.0, ATR=2.0",2024-02-24T17:00:00+01:00,2962.74,2024-02-27T05:00:00+01:00,3212.25,2390.27983847947,20.76782864428824,201.2997166470946,104692.86672936987,"Time-based exit (5 bars, optimal=5)",3.5048348225440367,2024-02-24T17:00:00+01:00,2024-02-27T05:00:00+01:00,2962.74,3212.25
SOL/USDC,Long,jma,12h,"ParamA=20.0, ParamB=0.0, ATR=None",2024-02-24T13:00:00+01:00,102.26,2024-02-27T01:00:00+01:00,110.79,2365.613929499141,12.772110495089533,197.32727184263322,64380.47204558583,"Time-based exit (5 bars, optimal=5)",62.449200543171976,2024-02-24T13:00:00+01:00,2024-02-27T01:00:00+01:00,102.26,110.79
XRP/USDC,Long,jma,12h,"ParamA=30.0, ParamB=-50.0, ATR=None",2024-02-24T01:00:00+01:00,0.5367,2024-02-26T13:00:00+01:00,0.5321,2368.1510766373303,4.704269307050629,-20.297177105518113,23496.482363940846,"Time-based exit (5 bars, optimal=5)",4382.587392445155,2024-02-24T01:00:00+01:00,2024-02-26T13:00:00+01:00,0.5367,0.5321
LUNC/USDT,Long,jma,12h,"ParamA=20.0, ParamB=0.0, ATR=None",2024-02-24T01:00:00+01:00,0.00012165,2024-02-26T01:00:00+01:00,0.00012908,2350.2081598395416,27.44855910682428,143.54333438230825,138053.58287375566,"Time-based exit (4 bars, optimal=4)",112817752.18587866,2024-02-24T01:00:00+01:00,2024-02-26T01:00:00+01:00,0.00012165,0.00012908
SUI/USDC,Long,jma,12h,"ParamA=20.0, ParamB=0.0, ATR=None",2024-02-22T13:00:00+01:00,1.6925,2024-02-25T03:00:00+01:00,1.6329,2360.5989795723713,3.344320521259283,-83.12655786263696,16659.374533022703,Trend flip,987.9824287324323,2024-02-22T13:00:00+01:00,2024-02-25T03:00:00+01:00,1.6925,1.6329
ETH/USDC,Long,jma,12h,"ParamA=30.0, ParamB=0.0, ATR=2.0",2024-02-21T13:00:00+01:00,2921.68,2024-02-24T01:00:00+01:00,2933.34,2359.4219658284997,20.76369489458698,9.416109950973768,103839.14322144119,"Time-based exit (5 bars, optimal=5)",3.553382795957631,2024-02-21T13:00:00+01:00,2024-02-24T01:00:00+01:00,2921.68,2933.34
LUNC/USDT,Long,jma,12h,"ParamA=20.0, ParamB=0.0, ATR=None",2024-02-18T22:00:00+01:00,0.00012917,2024-02-21T01:00:00+01:00,0.0001233,2372.90122785481,27.579406812907592,-107.83409621048067,137242.7955341214,Trend flip,106756239.1147619,2024-02-18T22:00:00+01:00,2024-02-21T01:00:00+01:00,0.00012917,0.0001233
ETH/USDC,Long,jma,12h,"ParamA=30.0, ParamB=0.0, ATR=2.0",2024-02-18T15:00:00+01:00,2810.25,2024-02-21T03:00:00+01:00,3010.26,2351.976981080241,20.621055744488476,167.39397419655174,103818.4744729349,"Time-based exit (5 bars, optimal=5)",3.6689005861557646,2024-02-18T15:00:00+01:00,2024-02-21T03:00:00+01:00,2810.25,3010.26
SOL/USDC,Long,jma,12h,"ParamA=20.0, ParamB=0.0, ATR=None",2024-02-18T04:00:00+01:00,108.42,2024-02-20T20:00:00+01:00,107.35,2354.882030624569,12.787287762553436,-23.24039635462374,63860.552475447665,"Time-based exit (5 bars, optimal=5)",58.97107435230325,2024-02-18T04:00:00+01:00,2024-02-20T20:00:00+01:00,108.42,107.35
XRP/USDC,Long,jma,12h,"ParamA=30.0, ParamB=-50.0, ATR=None",2024-02-18T04:00:00+01:00,0.5499,2024-02-20T16:00:00+01:00,0.5553,2351.9949664268274,4.700593458352755,23.09651358193267,23521.346535253146,"Time-based exit (5 bars, optimal=5)",4274.043879207815,2024-02-18T04:00:00+01:00,2024-02-20T16:00:00+01:00,0.5499,0.5553
ETH/USDC,Long,jma,12h,"ParamA=30.0, ParamB=0.0, ATR=2.0",2024-02-16T21:00:00+01:00,2781.78,2024-02-17T15:00:00+01:00,2727.630743242168,2357.731824929036,20.665415477019582,-45.89486801767009,103105.27872244238,ATR stop x2.00,3.714423045140087,2024-02-16T21:00:00+01:00,2024-02-17T15:00:00+01:00,2781.78,2727.630743242168
LUNC/USDT,Long,jma,12h,"ParamA=20.0, ParamB=0.0, ATR=None",2024-02-16T21:00:00+01:00,0.00012574,2024-02-18T21:00:00+01:00,0.00012846,2351.3737283199316,27.52536917626135,50.86477287283455,137897.03406453796,"Time-based exit (4 bars, optimal=4)",109453511.91451149,2024-02-16T21:00:00+01:00,2024-02-18T21:00:00+01:00,0.00012574,0.00012846
ETH/USDC,Long,jma,12h,"ParamA=30.0, ParamB=0.0, ATR=2.0",2024-02-16T11:00:00+01:00,2829.12,2024-02-16T16:00:00+01:00,2783.0141910566595,2356.173510837465,20.70329603455058,-38.39826014026688,103327.0773850979,ATR stop x2.00,3.6589639242150525,2024-02-16T11:00:00+01:00,2024-02-16T16:00:00+01:00,2829.12,2783.0141910566595
XRP/USDC,Long,jma,12h,"ParamA=30.0, ParamB=-50.0, ATR=None",2024-02-15T08:00:00+01:00,0.5498,2024-02-17T20:00:00+01:00,0.5495,2356.334228432165,4.701790371012499,-1.285740757601986,23502.967291763776,"Time-based exit (5 bars, optimal=5)",4275.90975901464,2024-02-15T08:00:00+01:00,2024-02-17T20:00:00+01:00,0.5498,0.5495
SOL/USDC,Long,jma,12h,"ParamA=20.0, ParamB=0.0, ATR=None",2024-02-15T04:00:00+01:00,117.31,2024-02-18T02:00:00+01:00,108.18,2379.4830222187747,12.89018752205629,-185.190350292877,63936.438812767185,Trend flip,54.940702080199,2024-02-15T04:00:00+01:00,2024-02-18T02:00:00+01:00,117.31,108.18
SUI/USDC,Long,jma,12h,"ParamA=20.0, ParamB=0.0, ATR=None",2024-02-14T19:00:00+01:00,1.9282,2024-02-17T09:00:00+01:00,1.7533,2406.771709333862,3.3756146150448236,-218.30949692069913,16721.602606296416,Trend flip,875.3279263159485,2024-02-14T19:00:00+01:00,2024-02-17T09:00:00+01:00,1.9282,1.7533
LUNC/USDT,Long,jma,12h,"ParamA=20.0, ParamB=0.0, ATR=None",2024-02-14T14:00:00+01:00,0.00011651,2024-02-16T14:00:00+01:00,0.00012733,2379.153436033414,27.277505129181662,220.94618640358362,137626.84588130674,"Time-based exit (4 bars, optimal=4)",117060789.327876,2024-02-14T14:00:00+01:00,2024-02-16T14:00:00+01:00,0.00011651,0.00012733
ETH/USDC,Long,jma,12h,"ParamA=30.0, ParamB=0.0, ATR=2.0",2024-02-13T19:00:00+01:00,2630.51,2024-02-16T07:00:00+01:00,2833.61,2356.4113091790086,20.54875019443811,181.9370148352435,103516.48017275288,"Time-based exit (5 bars, optimal=5)",3.9058490928447545,2024-02-13T19:00:00+01:00,2024-02-16T07:00:00+01:00,2630.51,2833.61
ETH/USDC,Long,jma,12h,"ParamA=30.0, ParamB=0.0, ATR=2.0",2024-02-13T09:00:00+01:00,2664.16,2024-02-13T14:00:00+01:00,2624.36153312459,2360.8196876236548,20.58361568442807,-35.267027557168205,102743.75097219055,ATR stop x2.00,3.8630592164937676,2024-02-13T09:00:00+01:00,2024-02-13T14:00:00+01:00,2664.16,2624.36153312459
XRP/USDC,Long,jma,12h,"ParamA=30.0, ParamB=-50.0, ATR=None",2024-02-12T13:00:00+01:00,0.5189,2024-02-15T01:00:00+01:00,0.5442,2346.518541185997,4.679908529285916,114.40917150126363,23508.951855062493,"Time-based exit (5 bars, optimal=5)",4509.451271233296,2024-02-12T13:00:00+01:00,2024-02-15T01:00:00+01:00,0.5189,0.5442
LUNC/USDT,Long,jma,12h,"ParamA=20.0, ParamB=0.0, ATR=None",2024-02-12T13:00:00+01:00,0.00011289,2024-02-14T13:00:00+01:00,0.00011523,2340.454382210034,27.226514924218353,48.513271807702175,136387.52564590832,"Time-based exit (4 bars, optimal=4)",120588692.19691007,2024-02-12T13:00:00+01:00,2024-02-14T13:00:00+01:00,0.00011289,0.00011523
SOL/USDC,Long,jma,12h,"ParamA=20.0, ParamB=0.0, ATR=None",2024-02-12T13:00:00+01:00,104.55,2024-02-15T01:00:00+01:00,118.11,2303.1154940002734,12.727656985804,298.7111056780843,64450.93761028146,"Time-based exit (5 bars, optimal=5)",60.86875650791009,2024-02-12T13:00:00+01:00,2024-02-15T01:00:00+01:00,104.55,118.11
SUI/USDC,Long,jma,12h,"ParamA=20.0, ParamB=0.0, ATR=None",2024-02-12T01:00:00+01:00,1.7222,2024-02-14T13:00:00+01:00,1.9311,2268.7165502547577,3.3358188501310515,275.19154996412675,16878.073075224118,"Time-based exit (5 bars, optimal=5)",968.4760335997711,2024-02-12T01:00:00+01:00,2024-02-14T13:00:00+01:00,1.7222,1.9311
ETH/USDC,Long,jma,12h,"ParamA=30.0, ParamB=0.0, ATR=2.0",2024-02-10T13:00:00+01:00,2489.4,2024-02-13T01:00:00+01:00,2669.0,2248.4395884325077,20.440235813533793,162.215694578002,102918.07842214036,"Time-based exit (5 bars, optimal=5)",4.105454288891659,2024-02-10T13:00:00+01:00,2024-02-13T01:00:00+01:00,2489.4,2669.0
SUI/USDC,Long,jma,12h,"ParamA=20.0, ParamB=0.0, ATR=None",2024-02-09T13:00:00+01:00,1.5837,2024-02-12T01:00:00+01:00,1.7222,2224.1261552927053,3.3075546604586394,194.50746511841845,16679.094250655256,"Time-based exit (5 bars, optimal=5)",1044.2491192961543,2024-02-09T13:00:00+01:00,2024-02-12T01:00:00+01:00,1.5837,1.7222
LUNC/USDT,Long,jma,12h,"ParamA=20.0, ParamB=0.0, ATR=None",2024-02-09T09:00:00+01:00,0.00011036,2024-02-11T09:00:00+01:00,0.00011902,2202.5220404971437,27.019892562039157,172.8329183644914,136132.57462109177,"Time-based exit (4 bars, optimal=4)",122417055.82656378,2024-02-09T09:00:00+01:00,2024-02-11T09:00:00+01:00,0.00011036,0.00011902
XRP/USDC,Long,jma,12h,"ParamA=30.0, ParamB=-50.0, ATR=None",2024-02-09T09:00:00+01:00,0.5214,2024-02-11T21:00:00+01:00,0.5249,2200.675482147624,4.677704069286098,14.772466796158062,23399.542646429578,"Time-based exit (5 bars, optimal=5)",4485.715448107114,2024-02-09T09:00:00+01:00,2024-02-11T21:00:00+01:00,0.5214,0.5249
SOL/USDC,Long,jma,12h,"ParamA=20.0, ParamB=0.0, ATR=None",2024-02-09T06:00:00+01:00,105.0,2024-02-11T18:00:00+01:00,108.92,2190.4533664375817,12.682844269385505,81.77692568033642,63638.28492902,"Time-based exit (5 bars, optimal=5)",60.39449652088336,2024-02-09T06:00:00+01:00,2024-02-11T18:00:00+01:00,105.0,108.92
ETH/USDC,Long,jma,12h,"ParamA=30.0, ParamB=0.0, ATR=2.0",2024-02-07T16:00:00+01:00,2367.89,2024-02-10T04:00:00+01:00,2512.42,2173.8674470053193,20.320270092668633,132.6873554580995,102201.17906766896,"Time-based exit (5 bars, optimal=5)",4.290796889354792,2024-02-07T16:00:00+01:00,2024-02-10T04:00:00+01:00,2367.89,2512.42
LUNC/USDT,Long,jma,12h,"ParamA=20.0, ParamB=0.0, ATR=None",2024-02-07T08:00:00+01:00,0.00010723,2024-02-09T08:00:00+01:00,0.00010894,2169.542726704721,26.98226032329636,34.5977624047847,135099.46281019578,"Time-based exit (4 bars, optimal=4)",125814885.40192278,2024-02-07T08:00:00+01:00,2024-02-09T08:00:00+01:00,0.00010723,0.00010894
SUI/USDC,Long,jma,12h,"ParamA=20.0, ParamB=0.0, ATR=None",2024-02-07T01:00:00+01:00,1.5249,2024-02-09T13:00:00+01:00,1.5837,2159.1357180303667,3.2955063204712607,83.25606939483636,16537.773302293197,"Time-based exit (5 bars, optimal=5)",1080.5647322681032,2024-02-07T01:00:00+01:00,2024-02-09T13:00:00+01:00,1.5249,1.5837
XRP/USDC,Long,jma,12h,"ParamA=30.0, ParamB=-50.0, ATR=None",2024-02-06T16:00:00+01:00,0.5038,2024-02-09T04:00:00+01:00,0.5193,2150.8639852565784,4.664286699582836,66.17386219030742,23388.52034643049,"Time-based exit (5 bars, optimal=5)",4629.105497799558,2024-02-06T16:00:00+01:00,2024-02-09T04:00:00+01:00,0.5038,0.5193
SOL/USDC,Long,jma,12h,"ParamA=20.0, ParamB=0.0, ATR=None",2024-02-06T15:00:00+01:00,94.15,2024-02-09T03:00:00+01:00,105.62,2118.6011661177436,12.532669214392397,258.10255311067993,63414.22134692752,"Time-based exit (5 bars, optimal=5)",66.5569262580584,2024-02-06T15:00:00+01:00,2024-02-09T03:00:00+01:00,94.15,105.62
LUNC/USDT,Long,jma,12h,"ParamA=20.0, ParamB=0.0, ATR=None",2024-02-05T04:00:00+01:00,0.00010586,2024-02-07T04:00:00+01:00,0.00010896,2102.374128499115,26.908842345618293,61.565839772787115,134911.3016164818,"Time-based exit (4 bars, optimal=4)",127096364.75353435,2024-02-05T04:00:00+01:00,2024-02-07T04:00:00+01:00,0.00010586,0.00010896
ETH/USDC,Long,jma,12h,"ParamA=30.0, ParamB=0.0, ATR=2.0",2024-02-05T04:00:00+01:00,2293.7,2024-02-07T16:00:00+01:00,2367.89,2110.0698584707134,20.258794539074643,68.25046117624028,101601.35046334317,"Time-based exit (5 bars, optimal=5)",4.416182268621582,2024-02-05T04:00:00+01:00,2024-02-07T16:00:00+01:00,2293.7,2367.89
SUI/USDC,Long,jma,12h,"ParamA=20.0, ParamB=0.0, ATR=None",2024-02-04T01:00:00+01:00,1.4534,2024-02-06T13:00:00+01:00,1.5093,2092.31492214266,3.283534050165273,80.47365085164087,16477.531602356303,"Time-based exit (5 bars, optimal=5)",1129.6043932039606,2024-02-04T01:00:00+01:00,2024-02-06T13:00:00+01:00,1.4534,1.5093
XRP/USDC,Long,jma,12h,"ParamA=30.0, ParamB=-50.0, ATR=None",2024-02-02T16:00:00+01:00,0.5027,2024-02-05T04:00:00+01:00,0.5056,2090.8072284479867,4.662529462996285,12.061549557388481,23321.43349791418,"Time-based exit (5 bars, optimal=5)",4637.487033017987,2024-02-02T16:00:00+01:00,2024-02-05T04:00:00+01:00,0.5027,0.5056
LUNC/USDT,Long,jma,12h,"ParamA=20.0, ParamB=0.0, ATR=None",2024-02-02T16:00:00+01:00,9.587e-05,2024-02-04T16:00:00+01:00,0.00011285,2045.5207183336324,26.44573821600299,362.29208091483343,134544.21172809147,"Time-based exit (4 bars, optimal=4)",137924993.3034473,2024-02-02T16:00:00+01:00,2024-02-04T16:00:00+01:00,9.587e-05,0.00011285
SOL/USDC,Long,jma,12h,"ParamA=20.0, ParamB=0.0, ATR=None",2024-02-02T06:00:00+01:00,99.33,2024-02-05T13:00:00+01:00,97.48,2050.2940042339555,12.558570998406891,-38.18628720258538,62663.34607196198,Trend flip,63.21640490489727,2024-02-02T06:00:00+01:00,2024-02-05T13:00:00+01:00,99.33,97.48
ETH/USDC,Long,jma,12h,"ParamA=30.0, ParamB=0.0, ATR=2.0",2024-02-02T00:00:00+01:00,2303.5,2024-02-04T12:00:00+01:00,2304.78,2050.15160169162,20.26172098777125,1.1392203386870776,101293.97269537322,"Time-based exit (5 bars, optimal=5)",4.398029300579823,2024-02-02T00:00:00+01:00,2024-02-04T12:00:00+01:00,2303.5,2304.78
SUI/USDC,Long,jma,12h,"ParamA=20.0, ParamB=0.0, ATR=None",2024-01-31T00:00:00+01:00,1.5429,2024-02-02T18:00:00+01:00,1.469,2062.5,3.3000000000000003,-98.78718646704239,16417.670250826366,Trend flip,1069.4147384794867,2024-01-31T00:00:00+01:00,2024-02-02T18:00:00+01:00,1.5429,1.469
